{
    "ww2l2v_13TeV_top_1j": {
        "Vg": {
            "Wg": 0.6473818517435757, 
            "Zg": 0.12307883062124592, 
            "ZgS": 0.09092986739929983, 
            "WgS": 0.1386094502358785
        }, 
        "Higgs": {
            "qqH_htt": 0.04466773039456972, 
            "qqH_hww": 0.08448860814962486, 
            "ggZH_hww": 0.005675163902289085, 
            "ggH_htt": 0.186037580957406, 
            "WH_hww": 0.11132660212653248, 
            "ggH_hww": 0.4067543930986298, 
            "ttH_hww": 0.161049921370948
        }
    }, 
    "ww2l2v_13TeV_sr_1j_B6": {
        "Vg": {
            "Wg": 0.5882121660489741, 
            "Zg": 0.0325178868302297, 
            "ZgS": 0.021060999132958592, 
            "WgS": 0.3582089479878376
        }, 
        "Higgs": {
            "qqH_htt": 0.0038062394955369976, 
            "qqH_hww": 0.20052052269283868, 
            "ggZH_hww": 0.005029601379246922, 
            "ggH_htt": 0.004073249176946749, 
            "WH_hww": 0.10752479356420074, 
            "ggH_hww": 0.6760063668542878, 
            "ttH_hww": 0.003039226836942062
        }
    }, 
    "ww2l2v_13TeV_sr_1j_B7": {
        "Vg": {
            "Wg": 0.6800273467025558, 
            "Zg": 0.043901289900703196, 
            "ZgS": -0.00035978614969484556, 
            "WgS": 0.2764311495464358
        }, 
        "Higgs": {
            "qqH_htt": 0.00307501408683902, 
            "qqH_hww": 0.23722905416626322, 
            "ggZH_hww": 0.009431597123409402, 
            "ggH_htt": 0.01074122582302698, 
            "WH_hww": 0.1569639676200922, 
            "ggH_hww": 0.5716060042303203, 
            "ttH_hww": 0.01095313695004903
        }
    }, 
    "ww2l2v_13TeV_sr_1j_B4": {
        "Vg": {
            "Wg": 0.5338459809945406, 
            "Zg": 0.057980900212611194, 
            "ZgS": 0.028640565157814272, 
            "WgS": 0.3795325536350339
        }, 
        "Higgs": {
            "qqH_htt": 0.0019909001346224476, 
            "qqH_hww": 0.14228179059556428, 
            "ggZH_hww": 0.0030139028337128814, 
            "ggH_htt": 0.011450458305017869, 
            "WH_hww": 0.0663413349327124, 
            "ggH_hww": 0.7729359098871909, 
            "ttH_hww": 0.001985703311179392
        }
    }, 
    "ww2l2v_13TeV_sr_2j_B6": {
        "Vg": {
            "Wg": 0.6274838244755547, 
            "Zg": 0.06022195337016947, 
            "ZgS": 0.0039440898884028, 
            "WgS": 0.30835013226587293
        }, 
        "Higgs": {
            "qqH_htt": 0.003983120638566185, 
            "qqH_hww": 0.12474194779299329, 
            "ggZH_hww": 0.016464822240355198, 
            "ggH_htt": 0.004888117537239262, 
            "WH_hww": 0.13669606150894226, 
            "ggH_hww": 0.641132389855798, 
            "ttH_hww": 0.07209354042610591
        }
    }, 
    "ww2l2v_13TeV_sr_2j_B1": {
        "Vg": {
            "Wg": 0.5821465730630478, 
            "Zg": 0.11852129704560761, 
            "ZgS": 0.015142024881153376, 
            "WgS": 0.28419010501019115
        }, 
        "Higgs": {
            "qqH_htt": 0.003550411634676583, 
            "qqH_hww": 0.12050920382233743, 
            "ggZH_hww": 0.009570911211757847, 
            "ggH_htt": 0.01242167954568402, 
            "WH_hww": 0.1139886547703801, 
            "ggH_hww": 0.7084472129348012, 
            "ttH_hww": 0.031511926080362795
        }
    }, 
    "ww2l2v_13TeV_top_2j": {
        "Vg": {
            "Wg": 0.557628951667687, 
            "Zg": 0.16572373179524214, 
            "ZgS": 0.03714740554283107, 
            "WgS": 0.23949991099423967
        }, 
        "Higgs": {
            "qqH_htt": 0.005362022615440446, 
            "qqH_hww": 0.007018438717735314, 
            "ggZH_hww": 0.0028927941669085475, 
            "ggH_htt": 0.026967766399488464, 
            "WH_hww": 0.01849997765704584, 
            "ggH_hww": 0.040480768114377425, 
            "ttH_hww": 0.8987782323290041
        }
    }, 
    "ww2l2v_13TeV_sr_2j_B0": {
        "Vg": {
            "Wg": 0.5098285162068301, 
            "Zg": 0.0652958105950008, 
            "ZgS": 0.06372059679822951, 
            "WgS": 0.36115507639993943
        }, 
        "Higgs": {
            "qqH_htt": 0.0015950993014010825, 
            "qqH_hww": 0.13482619932897572, 
            "ggZH_hww": 0.007720222795670185, 
            "ggH_htt": 0.00783578525199006, 
            "WH_hww": 0.12071019163100108, 
            "ggH_hww": 0.7007152329379461, 
            "ttH_hww": 0.026597268753015907
        }
    }, 
    "ww2l2v_13TeV_sr_1j_B0": {
        "Vg": {
            "Wg": 0.5512764455246447, 
            "Zg": 0.10308964744087942, 
            "ZgS": 0.020513439009071904, 
            "WgS": 0.3251204680254039
        }, 
        "Higgs": {
            "qqH_htt": 0.000873325311689738, 
            "qqH_hww": 0.10449815048098547, 
            "ggZH_hww": 0.0011303687846026711, 
            "ggH_htt": 0.003325417894559244, 
            "WH_hww": 0.04186782069075527, 
            "ggH_hww": 0.8477891557363686, 
            "ttH_hww": 0.0005157611010391251
        }
    }, 
    "ww2l2v_13TeV_top_0j": {
        "Vg": {
            "Wg": 0.33540984278445996, 
            "Zg": 0.1313743828906638, 
            "ZgS": -0.02916814237582971, 
            "WgS": 0.562383916700706
        }, 
        "Higgs": {
            "qqH_htt": 0.0040712299197020315, 
            "qqH_hww": 0.019882093087202804, 
            "ggZH_hww": 0.0010597764228990787, 
            "ggH_htt": 0.05605429506182005, 
            "WH_hww": 0.23400024751576787, 
            "ggH_hww": 0.6714663032148339, 
            "ttH_hww": 0.013466054777774314
        }
    }, 
    "ww2l2v_13TeV_sr_1j_B1": {
        "Vg": {
            "Wg": 0.5811908872501697, 
            "Zg": 0.018737325986860613, 
            "ZgS": 0.015610455414842841, 
            "WgS": 0.38446133134812693
        }, 
        "Higgs": {
            "qqH_htt": 0.0019446626024314016, 
            "qqH_hww": 0.10851895095064772, 
            "ggZH_hww": 0.0014770200615496836, 
            "ggH_htt": 0.0036818974843187396, 
            "WH_hww": 0.04608618403414885, 
            "ggH_hww": 0.8378409823093136, 
            "ttH_hww": 0.0004503025575900928
        }
    }, 
    "ww2l2v_13TeV_sr_0j_B7": {
        "Vg": {
            "Wg": 0.6511843757163032, 
            "Zg": 0.06940679638945188, 
            "ZgS": 0.015518359697178675, 
            "WgS": 0.26389046819706624
        }, 
        "Higgs": {
            "qqH_htt": 0.0030164411713980346, 
            "qqH_hww": 0.26774243988985985, 
            "ggZH_hww": 0.02438444693821518, 
            "ggH_htt": 0.00146752128326832, 
            "WH_hww": 0.3945555483308488, 
            "ggH_hww": 0.30173517279972195, 
            "ttH_hww": 0.007098429586687854
        }
    }, 
    "ww2l2v_13TeV_sr_0j_B6": {
        "Vg": {
            "Wg": 0.6444775419749648, 
            "Zg": 0.05780647504744243, 
            "ZgS": 0.024477296871253804, 
            "WgS": 0.27323868610633895
        }, 
        "Higgs": {
            "qqH_htt": 0.002441375200528876, 
            "qqH_hww": 0.2195756295418944, 
            "ggZH_hww": 0.013018154764951833, 
            "ggH_htt": 0.026358152176432535, 
            "WH_hww": 0.2335405386219369, 
            "ggH_hww": 0.5025673753079614, 
            "ttH_hww": 0.002498774386294132
        }
    }, 
    "ww2l2v_13TeV_sr_0j_B5": {
        "Vg": {
            "Wg": 0.6375916082245037, 
            "Zg": 0.03825229696812093, 
            "ZgS": 0.022109201872427382, 
            "WgS": 0.3020468929349481
        }, 
        "Higgs": {
            "qqH_htt": 0.005669847995040137, 
            "qqH_hww": 0.1556745624895297, 
            "ggZH_hww": 0.0059659297910895194, 
            "ggH_htt": 0.01889640837662356, 
            "WH_hww": 0.13935696759203198, 
            "ggH_hww": 0.6735340309022257, 
            "ttH_hww": 0.0009022528534593785
        }
    },