{
    "ww2l2v_13TeV_top_1j": {
        "Vg": {
            "Wg": 0.6659016437453328, 
            "Zg": 0.10689646023649693, 
            "ZgS": 0.13488477050858064, 
            "WgS": 0.09231712550958959
        }, 
        "Higgs": {
            "qqH_htt": 0.03736429396791315, 
            "qqH_hww": 0.08275724462702747, 
            "ggZH_hww": 0.005567908342390003, 
            "WH_htt": 0.0517270447396411, 
            "ggH_htt": 0.11781030333843323, 
            "WH_hww": 0.10460894737788524, 
            "ggH_hww": 0.39242098647914314, 
            "ttH_hww": 0.15385641977699746, 
            "ZH_htt": 0.020665875646094484, 
            "ZH_hww": 0.033220975704474666
        }
    }, 
    "ww2l2v_13TeV_sr_1j_B6": {
        "Vg": {
            "Wg": 0.4434048935961241, 
            "Zg": 0.033073981096824925, 
            "ZgS": 0.04845936255440811, 
            "WgS": 0.4750617627526427
        }, 
        "Higgs": {
            "qqH_htt": 0.0034252370006515624, 
            "qqH_hww": 0.1930022210498603, 
            "ggZH_hww": 0.00488978913096923, 
            "WH_htt": 0.01980857780965233, 
            "ggH_htt": 0.0030118030239407088, 
            "WH_hww": 0.10315148263500776, 
            "ggH_hww": 0.646486697104207, 
            "ttH_hww": 0.002554665709710283, 
            "ZH_htt": 0.0031740759320404645, 
            "ZH_hww": 0.02049545060396026
        }
    }, 
    "ww2l2v_13TeV_sr_1j_B7": {
        "Vg": {
            "Wg": 0.578611250492268, 
            "Zg": 0.040640705928310865, 
            "ZgS": -0.0034851564391615714, 
            "WgS": 0.38423320001858263
        }, 
        "Higgs": {
            "qqH_htt": 0.002276971711723995, 
            "qqH_hww": 0.22237159041540702, 
            "ggZH_hww": 0.00871151411500725, 
            "WH_htt": 0.036999825628480865, 
            "ggH_htt": 0.0077939145304021535, 
            "WH_hww": 0.14618124506549424, 
            "ggH_hww": 0.5330074443765448, 
            "ttH_hww": 0.009649977632683219, 
            "ZH_htt": 0.0042561176933653185, 
            "ZH_hww": 0.028751398830891145
        }
    }, 
    "ww2l2v_13TeV_sr_1j_B4": {
        "Vg": {
            "Wg": 0.27510376253545654, 
            "Zg": 0.019582257908686517, 
            "ZgS": 0.015475049855200611, 
            "WgS": 0.6898389297006563
        }, 
        "Higgs": {
            "qqH_htt": 0.0010862931918717903, 
            "qqH_hww": 0.1423169987613947, 
            "ggZH_hww": 0.0031159442757348133, 
            "WH_htt": 0.01070468178502446, 
            "ggH_htt": 0.010378212820716815, 
            "WH_hww": 0.06389005156230469, 
            "ggH_hww": 0.7473686703075929, 
            "ttH_hww": 0.0017636433396645713, 
            "ZH_htt": 0.0019523023371239253, 
            "ZH_hww": 0.01742320161857132
        }
    }, 
    "ww2l2v_13TeV_sr_2j_B6": {
        "Vg": {
            "Wg": 0.6867805065363922, 
            "Zg": 0.040130266662387844, 
            "ZgS": 0.007551028205108751, 
            "WgS": 0.26553819859611105
        }, 
        "Higgs": {
            "qqH_htt": 0.0025532431546758613, 
            "qqH_hww": 0.11978866087497218, 
            "ggZH_hww": 0.015651928820796485, 
            "WH_htt": 0.013439388386950307, 
            "ggH_htt": 0.0020943824562611067, 
            "WH_hww": 0.12489304398201631, 
            "ggH_hww": 0.5996022965917986, 
            "ttH_hww": 0.06848592432935677, 
            "ZH_htt": 0.0030656265517301556, 
            "ZH_hww": 0.05042550485144191
        }
    }, 
    "ww2l2v_13TeV_sr_2j_B1": {
        "Vg": {
            "Wg": 0.36346836370488733, 
            "Zg": 0.04713078645108991, 
            "ZgS": 0.04114413214925828, 
            "WgS": 0.5482567176947644
        }, 
        "Higgs": {
            "qqH_htt": 0.0031830373412272913, 
            "qqH_hww": 0.11659327149152278, 
            "ggZH_hww": 0.009323254289907414, 
            "WH_htt": 0.007600803447834518, 
            "ggH_htt": 0.004635390741924316, 
            "WH_hww": 0.10670521736623086, 
            "ggH_hww": 0.6803473204342858, 
            "ttH_hww": 0.024003686011333358, 
            "ZH_htt": 0.0019529519428004903, 
            "ZH_hww": 0.045655066932933225
        }
    }, 
    "ww2l2v_13TeV_top_2j": {
        "Vg": {
            "Wg": 0.5431061054664561, 
            "Zg": 0.1616838746335343, 
            "ZgS": 0.031119735701200517, 
            "WgS": 0.2640902841988092
        }, 
        "Higgs": {
            "qqH_htt": 0.004140216392707613, 
            "qqH_hww": 0.006748959739769971, 
            "ggZH_hww": 0.0029269348311439067, 
            "WH_htt": 0.007091249557085688, 
            "ggH_htt": 0.020387355416552563, 
            "WH_hww": 0.018709270688561, 
            "ggH_hww": 0.04115756847665371, 
            "ttH_hww": 0.884913987579195, 
            "ZH_htt": 0.004691542618350568, 
            "ZH_hww": 0.009232914699979949
        }
    }, 
    "ww2l2v_13TeV_sr_2j_B0": {
        "Vg": {
            "Wg": 0.5143558318259911, 
            "Zg": 0.05568173558867645, 
            "ZgS": 0.1158176814748456, 
            "WgS": 0.3141447511104869
        }, 
        "Higgs": {
            "qqH_htt": 0.0012573599849538797, 
            "qqH_hww": 0.1308190587177569, 
            "ggZH_hww": 0.0076518016785675725, 
            "WH_htt": 0.006931857535291687, 
            "ggH_htt": 0.0058403898634397464, 
            "WH_hww": 0.114037165431964, 
            "ggH_hww": 0.6640461393054082, 
            "ttH_hww": 0.022136641655291923, 
            "ZH_htt": 0.001563720193514135, 
            "ZH_hww": 0.04571586563381189
        }
    }, 
    "ww2l2v_13TeV_sr_1j_B0": {
        "Vg": {
            "Wg": 0.3295990326262106, 
            "Zg": 0.0869329499596997, 
            "ZgS": 0.04756425709114354, 
            "WgS": 0.5359037603229462
        }, 
        "Higgs": {
            "qqH_htt": 0.0005952743194284688, 
            "qqH_hww": 0.1041087325404414, 
            "ggZH_hww": 0.001186664197559505, 
            "WH_htt": 0.004765246226928346, 
            "ggH_htt": 0.0028350826289374807, 
            "WH_hww": 0.0403996318943999, 
            "ggH_hww": 0.832026449933374, 
            "ttH_hww": 0.0005028360268015881, 
            "ZH_htt": 0.0005075348647727643, 
            "ZH_hww": 0.013072547367356645
        }
    }, 
    "ww2l2v_13TeV_top_0j": {
        "Vg": {
            "Wg": 0.1960691634346586, 
            "Zg": 0.07276069596143578, 
            "ZgS": 0.021713739366262155, 
            "WgS": 0.7094564012376434
        }, 
        "Higgs": {
            "qqH_htt": 0.00425994697902869, 
            "qqH_hww": 0.015747158183237187, 
            "ggZH_hww": 0.0011039763263824137, 
            "WH_htt": 0.09421943769091412, 
            "ggH_htt": 0.02994427458799856, 
            "WH_hww": 0.20184154076314262, 
            "ggH_hww": 0.6097985902983211, 
            "ttH_hww": 0.013091411899376803, 
            "ZH_htt": 0.008350654701113165, 
            "ZH_hww": 0.02164300857048534
        }
    }, 
    "ww2l2v_13TeV_sr_1j_B1": {
        "Vg": {
            "Wg": 0.4975154086982627, 
            "Zg": 0.025062791435538054, 
            "ZgS": 0.00042081277305552856, 
            "WgS": 0.47700098709314365
        }, 
        "Higgs": {
            "qqH_htt": 0.0010110399501779305, 
            "qqH_hww": 0.10586664032052592, 
            "ggZH_hww": 0.0014422381729181264, 
            "WH_htt": 0.007393402792458614, 
            "ggH_htt": 0.003402305860777395, 
            "WH_hww": 0.043835805388447335, 
            "ggH_hww": 0.8212345025475933, 
            "ttH_hww": 0.00018652418624157067, 
            "ZH_htt": 0.0012018214064338352, 
            "ZH_hww": 0.014425719374425806
        }
    }, 
    "ww2l2v_13TeV_sr_0j_B7": {
        "Vg": {
            "Wg": 0.5838491501749999, 
            "Zg": 0.05116995606088305, 
            "ZgS": 0.029313114658814983, 
            "WgS": 0.33566777910530204
        },