{
    "PS_ISR": {
        "ggWW_B6": [
            0.990613508680533, 
            1.007728039889062
        ], 
        "ggWW_B7": [
            0.9863861505279359, 
            1.011095319287907
        ], 
        "ggWW_B4": [
            0.9984001033279288, 
            1.0013247142470587
        ], 
        "ggWW_B5": [
            0.994597307332952, 
            1.004432291435018
        ], 
        "ggWW_B2": [
            1.0086561937635086, 
            0.9931260619707453
        ], 
        "ggWW_B3": [
            1.0028056273064416, 
            0.9978735349040693
        ], 
        "ggWW_B0": [
            1.0167366766245007, 
            0.9866476371153664
        ], 
        "ggWW_B1": [
            1.0178661888532416, 
            0.9857997353708698
        ], 
        "WW_B6": [
            0.999412578739869, 
            1.0005643734023912
        ], 
        "WW_B7": [
            0.9973683661389562, 
            1.002040790939797
        ], 
        "WW_B4": [
            1.000443899034048, 
            0.9997489831219498
        ], 
        "WW_B5": [
            0.9992847183808938, 
            1.0005395127419243
        ], 
        "WW_B2": [
            1.000582692946615, 
            0.9995215138645882
        ], 
        "WW_B3": [
            1.0000404281319422, 
            0.9999623711000677
        ], 
        "WW_B0": [
            1.0011763501828121, 
            0.9991126575889981
        ], 
        "WW_B1": [
            1.000791989222312, 
            0.9993952220749345
        ]
    }, 
    "PS_FSR": {
        "ggWW_B6": [
            0.9997827581328559, 
            1.0002866154786507
        ], 
        "ggWW_B7": [
            1.0002926645864827, 
            0.9998329115128386
        ], 
        "ggWW_B4": [
            0.9992426789096261, 
            1.0001592230017373
        ], 
        "ggWW_B5": [
            1.000253688427868, 
            0.9997919409701602
        ], 
        "ggWW_B2": [
            1.0002785432035166, 
            0.999733710950674
        ], 
        "ggWW_B3": [
            1.0003937423329916, 
            0.9999803068864921
        ], 
        "ggWW_B0": [
            0.9999673757892286, 
            0.9998075531252179
        ], 
        "ggWW_B1": [
            1.0003610310668831, 
            0.9998989167543334
        ], 
        "WW_B6": [
            1.0000896120909677, 
            0.9982866201845954
        ], 
        "WW_B7": [
            0.9999973170516933, 
            0.9999576356811114
        ], 
        "WW_B4": [
            1.0010821707007038, 
            0.9997349845770332
        ], 
        "WW_B5": [
            0.9979679419519167, 
            1.0002814071144994
        ], 
        "WW_B2": [
            0.9992716301651419, 
            0.9998851738961649
        ], 
        "WW_B3": [
            1.0037649219744602, 
            0.9992749556832956
        ], 
        "WW_B0": [
            0.9998997993965602, 
            0.9995869798933144
        ], 
        "WW_B1": [
            1.001411376987296, 
            1.000513356454565
        ]
    }, 
    "QCDscale_WW": {
        "ggWW_B6": [
            1.0, 
            1.0
        ], 
        "ggWW_B7": [
            1.0, 
            1.0
        ], 
        "ggWW_B4": [
            1.0, 
            1.0
        ], 
        "ggWW_B5": [
            1.0, 
            1.0
        ], 
        "ggWW_B2": [
            1.0, 
            1.0
        ], 
        "ggWW_B3": [
            1.0, 
            1.0
        ], 
        "ggWW_B0": [
            1.0, 
            1.0
        ], 
        "ggWW_B1": [
            1.0, 
            1.0
        ], 
        "WW_B6": [
            0.981002292413692, 
            1.014412495050296
        ], 
        "WW_B7": [
            0.9634912153894968, 
            1.0311302777204499
        ], 
        "WW_B4": [
            0.9887208582167063, 
            1.0071701603485053
        ], 
        "WW_B5": [
            0.9853133719420372, 
            1.0103461315747921
        ], 
        "WW_B2": [
            0.992542626311505, 
            1.0036392378868066
        ], 
        "WW_B3": [
            0.9903540208411672, 
            1.0056321931344339
        ], 
        "WW_B0": [
            0.9958736217736358, 
            1.000572560353212
        ], 
        "WW_B1": [
            0.993886323671112, 
            1.002410392359975
        ]
    }, 
    "CMS_hww_WWresum": {
        "WW_B6": [
            0.9826951547567889, 
            1.0529877727492878
        ], 
        "WW_B7": [
            0.9852547625595123, 
            1.041289516957648
        ], 
        "WW_B4": [
            0.9846038709135165, 
            1.0540487681996542
        ], 
        "WW_B5": [
            0.9834105160166347, 
            1.054164676017583
        ], 
        "WW_B2": [
            0.9877230787301833, 
            1.0511927239572583
        ], 
        "WW_B3": [
            0.9859334063055987, 
            1.0531248073361452
        ], 
        "WW_B0": [
            0.9920728530450169, 
            1.0449328076614899
        ], 
        "WW_B1": [
            0.9902924543055255, 
            1.0475101547734835
        ]
    }, 
    "CMS_hww_WWqscale": {
        "WW_B6": [
            1.0218840643799045, 
            0.9779761281203632
        ], 
        "WW_B7": [
            1.0386983480188117, 
            0.9568576787798644
        ], 
        "WW_B4": [
            1.0087896747086076, 
            0.9932342724930248
        ], 
        "WW_B5": [
            1.0148490414657092, 
            0.986239551945133
        ], 
        "WW_B2": [
            0.9997881515724942, 
            1.0037339221081236
        ], 
        "WW_B3": [
            1.0044214010605537, 
            0.9985011976904336
        ], 
        "WW_B0": [
            0.992624322361404, 
            1.0121242723521338
        ], 
        "WW_B1": [
            0.9953637677276467, 
            1.0088189089184563
        ]
    }, 
    "pdf_WW": {
        "WW_B6": [
            0.9902902300096867, 
            1.0099020635085076
        ], 
        "WW_B7": [
            0.9886874379584645, 
            1.011574435071213
        ], 
        "WW_B4": [
            0.9897119590612843, 
            1.0105041757183515
        ], 
        "WW_B5": [
            0.990193430623376, 
            1.01000275479432
        ], 
        "WW_B2": [
            0.98891629776662, 
            1.0113349690775402
        ], 
        "WW_B3": [
            0.9893551689339785, 
            1.010876385641548
        ], 
        "WW_B0": [
            0.9868764967999725, 
            1.0134772404154677
        ], 
        "WW_B1": [
            0.9881881696963475, 
            1.0120976203817058
        ]
    }
}