{
    "PS_ISR": {
        "ggWW_B6": [
            0.9907152263831813, 
            1.007608296698443
        ], 
        "ggWW_B7": [
            0.9865304372097105, 
            1.0110197132571053
        ], 
        "ggWW_B4": [
            0.9984662009548665, 
            1.0012753411290578
        ], 
        "ggWW_B5": [
            0.9945721570880791, 
            1.0044073050701605
        ], 
        "ggWW_B2": [
            1.0088631164786506, 
            0.9929637417277657
        ], 
        "ggWW_B3": [
            1.00273845254793, 
            0.997957894661954
        ], 
        "ggWW_B0": [
            1.016772257013506, 
            0.9866024487823779
        ], 
        "ggWW_B1": [
            1.01804756523767, 
            0.9856674871107797
        ], 
        "WW_B6": [
            0.9991152497478631, 
            1.0007720196303656
        ], 
        "WW_B7": [
            0.9973517447914054, 
            1.0020734927500576
        ], 
        "WW_B4": [
            1.0009925238902342, 
            0.9992713489226765
        ], 
        "WW_B5": [
            0.999710253572917, 
            1.0001900467070695
        ], 
        "WW_B2": [
            1.000623862761138, 
            0.999419112370459
        ], 
        "WW_B3": [
            1.00002433317724, 
            0.9999936135826101
        ], 
        "WW_B0": [
            1.0011690991430395, 
            0.9990699605487449
        ], 
        "WW_B1": [
            1.0005777322164644, 
            0.9995824234893967
        ]
    }, 
    "PS_FSR": {
        "ggWW_B6": [
            0.9996556716989861, 
            1.0004510368149173
        ], 
        "ggWW_B7": [
            1.000422996335859, 
            0.9997118276687913
        ], 
        "ggWW_B4": [
            0.9989025413850992, 
            1.0000914199199766
        ], 
        "ggWW_B5": [
            0.9996996433432348, 
            0.999789975265106
        ], 
        "ggWW_B2": [
            1.0002886976205263, 
            0.9999162728817869
        ], 
        "ggWW_B3": [
            1.0005242641725984, 
            0.9999035624069457
        ], 
        "ggWW_B0": [
            0.9995712503559188, 
            0.9998822566279498
        ], 
        "ggWW_B1": [
            1.0008433582421137, 
            0.9998549995120217
        ], 
        "WW_B6": [
            1.00090466154108, 
            0.9973582276838749
        ], 
        "WW_B7": [
            1.0000858819421337, 
            1.000133647523451
        ], 
        "WW_B4": [
            0.9975308125437244, 
            1.0012926039947643
        ], 
        "WW_B5": [
            0.9979516302810464, 
            1.000428550743844
        ], 
        "WW_B2": [
            1.0022736166939135, 
            0.9995109705537351
        ], 
        "WW_B3": [
            1.0045685768080603, 
            0.9987267840904209
        ], 
        "WW_B0": [
            1.0003764683797005, 
            0.9990290921484195
        ], 
        "WW_B1": [
            1.0040305877842477, 
            0.9999232857737578
        ]
    }, 
    "QCDscale_WW": {
        "ggWW_B6": [
            1.0, 
            1.0
        ], 
        "ggWW_B7": [
            1.0, 
            1.0
        ], 
        "ggWW_B4": [
            1.0, 
            1.0
        ], 
        "ggWW_B5": [
            1.0, 
            1.0
        ], 
        "ggWW_B2": [
            1.0, 
            1.0
        ], 
        "ggWW_B3": [
            1.0, 
            1.0
        ], 
        "ggWW_B0": [
            1.0, 
            1.0
        ], 
        "ggWW_B1": [
            1.0, 
            1.0
        ], 
        "WW_B6": [
            0.9810310695453521, 
            1.014374127100908
        ], 
        "WW_B7": [
            0.9635475471038893, 
            1.031079463768751
        ], 
        "WW_B4": [
            0.9889210560179423, 
            1.0069947072515155
        ], 
        "WW_B5": [
            0.9852736075997044, 
            1.01039300794858
        ], 
        "WW_B2": [
            0.9927091842359623, 
            1.003498620636387
        ], 
        "WW_B3": [
            0.9907893990711921, 
            1.0052530221726252
        ], 
        "WW_B0": [
            0.9958716541362698, 
            1.0005818817900538
        ], 
        "WW_B1": [
            0.9937810372026621, 
            1.0024788454383746
        ]
    }, 
    "CMS_hww_WWresum": {
        "WW_B6": [
            0.9822365287980823, 
            1.053988877437011
        ], 
        "WW_B7": [
            0.985079290485852, 
            1.0416875197885254
        ], 
        "WW_B4": [
            0.9846552045295457, 
            1.0539962247522963
        ], 
        "WW_B5": [
            0.983618283282188, 
            1.0537445479033454
        ], 
        "WW_B2": [
            0.9876826058543804, 
            1.0512307373621252
        ], 
        "WW_B3": [
            0.9862692814770703, 
            1.0526733193612985
        ], 
        "WW_B0": [
            0.9922060602619621, 
            1.0446982805992338
        ], 
        "WW_B1": [
            0.9902475414264228, 
            1.0475696229534912
        ]
    }, 
    "CMS_hww_WWqscale": {
        "WW_B6": [
            1.0220890796328195, 
            0.9778723595642087
        ], 
        "WW_B7": [
            1.0386336021915066, 
            0.9569771613567899
        ], 
        "WW_B4": [
            1.008563514838644, 
            0.9934147536440002
        ], 
        "WW_B5": [
            1.014711155907133, 
            0.9863863803797216
        ], 
        "WW_B2": [
            0.9997855942406143, 
            1.0037138811019042
        ], 
        "WW_B3": [
            1.0038186061405008, 
            0.9991894139597093
        ], 
        "WW_B0": [
            0.9924289305543703, 
            1.012286626939236
        ], 
        "WW_B1": [
            0.9953771676251576, 
            1.008813156306381
        ]
    }, 
    "pdf_WW": {
        "WW_B6": [
            0.9902196447875554, 
            1.0099754827417036
        ], 
        "WW_B7": [
            0.9886830376250043, 
            1.0115790415296553
        ], 
        "WW_B4": [
            0.9897419198759788, 
            1.0104729447365044
        ], 
        "WW_B5": [
            0.9901619621778047, 
            1.0100354970207037
        ], 
        "WW_B2": [
            0.9888852191969593, 
            1.0113674747840584
        ], 
        "WW_B3": [
            0.9895151237839058, 
            1.010709450746942
        ], 
        "WW_B0": [
            0.9869375206840862, 
            1.01341289052604
        ], 
        "WW_B1": [
            0.9881228028519111, 
            1.0121661978079028
        ]
    }
}