{
    "PS_ISR": {
        "ggWW_B6": [
            0.99061350868031, 
            1.0077280398888373
        ], 
        "ggWW_B7": [
            0.9863861505300576, 
            1.0110953192900674
        ], 
        "ggWW_B4": [
            0.9984001033276112, 
            1.0013247142467367
        ], 
        "ggWW_B5": [
            0.994597307333173, 
            1.0044322914352408
        ], 
        "ggWW_B2": [
            1.0086561937634395, 
            0.9931260619706757
        ], 
        "ggWW_B3": [
            1.0028056273062267, 
            0.9978735349038569
        ], 
        "ggWW_B0": [
            1.0167366766254484, 
            0.9866476371162826
        ], 
        "ggWW_B1": [
            1.0178661888532763, 
            0.9857997353709024
        ], 
        "WW_B6": [
            0.999412578739865, 
            1.0005643734023886
        ], 
        "WW_B7": [
            0.9973683661389549, 
            1.0020407909397944
        ], 
        "WW_B4": [
            1.0004438990340467, 
            0.9997489831219475
        ], 
        "WW_B5": [
            0.9992847183808938, 
            1.0005395127419257
        ], 
        "WW_B2": [
            1.0005826929466122, 
            0.9995215138645878
        ], 
        "WW_B3": [
            1.000040428131942, 
            0.9999623711000682
        ], 
        "WW_B0": [
            1.0011763501828124, 
            0.999112657588998
        ], 
        "WW_B1": [
            1.000791989222313, 
            0.9993952220749337
        ]
    }, 
    "PS_FSR": {
        "ggWW_B6": [
            0.9997827581326393, 
            1.0002866154784305
        ], 
        "ggWW_B7": [
            1.0002926645886139, 
            0.999832911514975
        ], 
        "ggWW_B4": [
            0.9992426789093087, 
            1.0001592230014182
        ], 
        "ggWW_B5": [
            1.0002536884280904, 
            0.9997919409703843
        ], 
        "ggWW_B2": [
            1.0002785432034496, 
            0.9997337109506075
        ], 
        "ggWW_B3": [
            1.0003937423327753, 
            0.9999803068862827
        ], 
        "ggWW_B0": [
            0.9999673757901506, 
            0.9998075531261472
        ], 
        "ggWW_B1": [
            1.0003610310669222, 
            0.9998989167543658
        ], 
        "WW_B6": [
            1.0000896120909661, 
            0.9982866201845948
        ], 
        "WW_B7": [
            0.9999973170516906, 
            0.9999576356811086
        ], 
        "WW_B4": [
            1.0010821707007034, 
            0.9997349845770334
        ], 
        "WW_B5": [
            0.9979679419519139, 
            1.0002814071144983
        ], 
        "WW_B2": [
            0.9992716301651414, 
            0.9998851738961633
        ], 
        "WW_B3": [
            1.00376492197446, 
            0.9992749556832965
        ], 
        "WW_B0": [
            0.9998997993965585, 
            0.9995869798933136
        ], 
        "WW_B1": [
            1.001411376987295, 
            1.0005133564545632
        ]
    }, 
    "QCDscale_WW": {
        "ggWW_B6": [
            1.0, 
            1.0
        ], 
        "ggWW_B7": [
            1.0, 
            1.0
        ], 
        "ggWW_B4": [
            1.0, 
            1.0
        ], 
        "ggWW_B5": [
            1.0, 
            1.0
        ], 
        "ggWW_B2": [
            1.0, 
            1.0
        ], 
        "ggWW_B3": [
            1.0, 
            1.0
        ], 
        "ggWW_B0": [
            1.0, 
            1.0
        ], 
        "ggWW_B1": [
            1.0, 
            1.0
        ], 
        "WW_B6": [
            0.9810022924136885, 
            1.0144124950502933
        ], 
        "WW_B7": [
            0.9634912153894943, 
            1.0311302777204492
        ], 
        "WW_B4": [
            0.9887208582167052, 
            1.0071701603485044
        ], 
        "WW_B5": [
            0.9853133719420384, 
            1.0103461315747908
        ], 
        "WW_B2": [
            0.9925426263115043, 
            1.003639237886805
        ], 
        "WW_B3": [
            0.9903540208411672, 
            1.0056321931344332
        ], 
        "WW_B0": [
            0.9958736217736366, 
            1.0005725603532116
        ], 
        "WW_B1": [
            0.993886323671111, 
            1.0024103923599754
        ]
    }, 
    "CMS_hww_WWresum": {
        "WW_B6": [
            0.9826951547567877, 
            1.0529877727492865
        ], 
        "WW_B7": [
            0.9852547625595109, 
            1.0412895169576482
        ], 
        "WW_B4": [
            0.9846038709135165, 
            1.0540487681996538
        ], 
        "WW_B5": [
            0.9834105160166335, 
            1.0541646760175827
        ], 
        "WW_B2": [
            0.9877230787301825, 
            1.0511927239572558
        ], 
        "WW_B3": [
            0.985933406305598, 
            1.0531248073361452
        ], 
        "WW_B0": [
            0.9920728530450158, 
            1.0449328076614892
        ], 
        "WW_B1": [
            0.9902924543055267, 
            1.0475101547734849
        ]
    }, 
    "CMS_hww_WWqscale": {
        "WW_B6": [
            1.0218840643799039, 
            0.9779761281203607
        ], 
        "WW_B7": [
            1.0386983480188112, 
            0.956857678779867
        ], 
        "WW_B4": [
            1.008789674708607, 
            0.9932342724930244
        ], 
        "WW_B5": [
            1.0148490414657105, 
            0.9862395519451344
        ], 
        "WW_B2": [
            0.9997881515724947, 
            1.0037339221081216
        ], 
        "WW_B3": [
            1.0044214010605523, 
            0.9985011976904331
        ], 
        "WW_B0": [
            0.9926243223614033, 
            1.0121242723521338
        ], 
        "WW_B1": [
            0.9953637677276469, 
            1.0088189089184545
        ]
    }, 
    "pdf_WW": {
        "WW_B6": [
            0.990481328673924, 
            1.0097033982433246
        ], 
        "WW_B7": [
            0.989206296830203, 
            1.0110318522469297
        ], 
        "WW_B4": [
            0.9898448493861828, 
            1.0103656807114973
        ], 
        "WW_B5": [
            0.9903308707626532, 
            1.009859800610053
        ], 
        "WW_B2": [
            0.9889993941021118, 
            1.0112480772272605
        ], 
        "WW_B3": [
            0.9894560039462995, 
            1.0107711377209476
        ], 
        "WW_B0": [
            0.9869174285894174, 
            1.0134340759258529
        ], 
        "WW_B1": [
            0.9882455213317685, 
            1.012037466965564
        ]
    }
}