{
    "ww2l2v_13TeV_sr_2j_B5": {
        "Vg": {
            "Wg": 0.6942061089360536, 
            "Zg": 0.009266917706474332, 
            "ZgS": -0.019697262854294663, 
            "WgS": 0.3162242362117666
        }, 
        "Higgs": {
            "qqH_htt": 0.0, 
            "qqH_hww": 0.07519859109307354, 
            "ggZH_hww": 0.26080760993414615, 
            "WH_htt": 0.01702227536134619, 
            "ggH_htt": 0.02857573965356575, 
            "WH_hww": 0.07407732987638066, 
            "ggH_hww": 0.35106061798717114, 
            "ttH_hww": 0.15859204876089766, 
            "ZH_htt": 0.0062342412055523206, 
            "ZH_hww": 0.028431546127866525
        }
    }, 
    "ww2l2v_13TeV_sr_2j_B4": {
        "Vg": {
            "Wg": 0.6800218363158509, 
            "Zg": 0.11609677747597699, 
            "ZgS": 0.01951956739687943, 
            "WgS": 0.1843618188112927
        }, 
        "Higgs": {
            "qqH_htt": 0.005916666629820916, 
            "qqH_hww": 0.11309312009728852, 
            "ggZH_hww": 0.1900068918050595, 
            "WH_htt": 0.012324764517078101, 
            "ggH_htt": 0.0044423757690496245, 
            "WH_hww": 0.09183998199255138, 
            "ggH_hww": 0.4278354896502904, 
            "ttH_hww": 0.11299984278164059, 
            "ZH_htt": 0.003934370309224637, 
            "ZH_hww": 0.03760649644799627
        }
    }, 
    "ww2l2v_13TeV_sr_2j_B1": {
        "Vg": {
            "Wg": 0.7299391047648714, 
            "Zg": 0.0431649529726567, 
            "ZgS": 0.012847657665849393, 
            "WgS": 0.21404828459662245
        }, 
        "Higgs": {
            "qqH_htt": 0.003194985476567116, 
            "qqH_hww": 0.10447976813473696, 
            "ggZH_hww": 0.08945474318107947, 
            "WH_htt": 0.013380601719192189, 
            "ggH_htt": 0.007832204012444303, 
            "WH_hww": 0.12605027722733345, 
            "ggH_hww": 0.5662578515369976, 
            "ttH_hww": 0.040177493365616705, 
            "ZH_htt": 0.003051330973594171, 
            "ZH_hww": 0.046120744372438
        }
    }, 
    "ww2l2v_13TeV_sr_2j_B0": {
        "Vg": {
            "Wg": 0.6934606483473763, 
            "Zg": 0.04571243220140063, 
            "ZgS": 0.019414121318794872, 
            "WgS": 0.24141279813242814
        }, 
        "Higgs": {
            "qqH_htt": 0.0017325576261967258, 
            "qqH_hww": 0.08364039065809611, 
            "ggZH_hww": 0.057541436254984216, 
            "WH_htt": 0.013775579863231698, 
            "ggH_htt": 0.006483534635237719, 
            "WH_hww": 0.11805171881276885, 
            "ggH_hww": 0.66090968723083, 
            "ttH_hww": 0.016614107176053317, 
            "ZH_htt": 0.0027104083523026485, 
            "ZH_hww": 0.038540579390298764
        }
    }, 
    "ww2l2v_13TeV_sr_2j_B3": {
        "Vg": {
            "Wg": 0.6432917202510235, 
            "Zg": 0.07771349413160719, 
            "ZgS": 0.07972343384864344, 
            "WgS": 0.19927135176872585
        }, 
        "Higgs": {
            "qqH_htt": 0.002526141250353906, 
            "qqH_hww": 0.11985930533861869, 
            "ggZH_hww": 0.18184631583379812, 
            "WH_htt": 0.015343467550501066, 
            "ggH_htt": 0.02153773076515193, 
            "WH_hww": 0.10714858813011639, 
            "ggH_hww": 0.40706005383945754, 
            "ttH_hww": 0.10020156995305453, 
            "ZH_htt": 0.0031979873781205724, 
            "ZH_hww": 0.04127883996082721
        }
    }, 
    "ww2l2v_13TeV_sr_2j_B2": {
        "Vg": {
            "Wg": 0.7115849958611081, 
            "Zg": 0.038799630471346415, 
            "ZgS": 0.021462196855331593, 
            "WgS": 0.22815317681221398
        }, 
        "Higgs": {
            "qqH_htt": 0.002347965896328698, 
            "qqH_hww": 0.11946505601133714, 
            "ggZH_hww": 0.14443932465230028, 
            "WH_htt": 0.012915167064953676, 
            "ggH_htt": 0.015789496776312577, 
            "WH_hww": 0.11365614703601473, 
            "ggH_hww": 0.46689671836264596, 
            "ttH_hww": 0.07589384503132877, 
            "ZH_htt": 0.004262542803610092, 
            "ZH_hww": 0.04433373636516824
        }
    }, 
    "ww2l2v_13TeV_top_2j": {
        "Vg": {
            "Wg": 0.595055482640992, 
            "Zg": 0.1006982260155257, 
            "ZgS": 0.052972592489938186, 
            "WgS": 0.25127369885354417
        }, 
        "Higgs": {
            "qqH_htt": 0.006228605952837427, 
            "qqH_hww": 0.007071755629353898, 
            "ggZH_hww": 0.02671996095480254, 
            "WH_htt": 0.008067546740212657, 
            "ggH_htt": 0.02925239866076587, 
            "WH_hww": 0.01787854377233173, 
            "ggH_hww": 0.03591720652771206, 
            "ttH_hww": 0.8542151275339825, 
            "ZH_htt": 0.00586542567568956, 
            "ZH_hww": 0.00878342855231171
        }
    }
}