{
    "ww2l2v_13TeV_sr_2j_B5": {
        "Vg": {
            "Wg": 0.694895996179015, 
            "Zg": 0.022471958632377744, 
            "ZgS": 0.06872118618870396, 
            "WgS": 0.21391085899990336
        }, 
        "Higgs": {
            "qqH_htt": 0.0, 
            "qqH_hww": 0.0776575517815955, 
            "ggZH_hww": 0.26109602903319773, 
            "WH_htt": 0.01609146789511008, 
            "ggH_htt": 0.020399066024986347, 
            "WH_hww": 0.07595946491548593, 
            "ggH_hww": 0.35936789185013907, 
            "ttH_hww": 0.15727970744986908, 
            "ZH_htt": 0.005473200145115265, 
            "ZH_hww": 0.026675620904500992
        }
    }, 
    "ww2l2v_13TeV_sr_2j_B4": {
        "Vg": {
            "Wg": 0.48608903279734883, 
            "Zg": 0.1114255599371235, 
            "ZgS": 0.023358820003175677, 
            "WgS": 0.379126587262352
        }, 
        "Higgs": {
            "qqH_htt": 0.003279078081058409, 
            "qqH_hww": 0.11616217152846758, 
            "ggZH_hww": 0.1937437217071446, 
            "WH_htt": 0.011791171180774159, 
            "ggH_htt": 0.001355153361097398, 
            "WH_hww": 0.09166095149606347, 
            "ggH_hww": 0.43344454172355357, 
            "ttH_hww": 0.10804303537152896, 
            "ZH_htt": 0.003134653340087395, 
            "ZH_hww": 0.03738552221022442
        }
    }, 
    "ww2l2v_13TeV_sr_2j_B1": {
        "Vg": {
            "Wg": 0.6545158087904743, 
            "Zg": 0.012584282240602374, 
            "ZgS": 0.02008644858586405, 
            "WgS": 0.31281346038305924
        }, 
        "Higgs": {
            "qqH_htt": 0.002659005861610468, 
            "qqH_hww": 0.106112048024799, 
            "ggZH_hww": 0.09073516642440609, 
            "WH_htt": 0.01235025903837059, 
            "ggH_htt": 0.006453365742951159, 
            "WH_hww": 0.12618410947983275, 
            "ggH_hww": 0.5677950888476094, 
            "ttH_hww": 0.039504848053261966, 
            "ZH_htt": 0.002598354769373393, 
            "ZH_hww": 0.045607753757785065
        }
    }, 
    "ww2l2v_13TeV_sr_2j_B0": {
        "Vg": {
            "Wg": 0.6367143110783982, 
            "Zg": 0.05494932341390211, 
            "ZgS": 0.0082531119026779, 
            "WgS": 0.30008325360502197
        }, 
        "Higgs": {
            "qqH_htt": 0.0016975019185822488, 
            "qqH_hww": 0.0845433083872887, 
            "ggZH_hww": 0.060582159349527986, 
            "WH_htt": 0.012247513021194192, 
            "ggH_htt": 0.003963799708723795, 
            "WH_hww": 0.11980216116248134, 
            "ggH_hww": 0.6605548891434262, 
            "ttH_hww": 0.016452689368015833, 
            "ZH_htt": 0.002284174951430093, 
            "ZH_hww": 0.03787180298932949
        }
    }, 
    "ww2l2v_13TeV_sr_2j_B3": {
        "Vg": {
            "Wg": 0.5023171067327095, 
            "Zg": 0.08692300437848027, 
            "ZgS": 0.1262872001167014, 
            "WgS": 0.28447268877210885
        }, 
        "Higgs": {
            "qqH_htt": 0.002919123094940595, 
            "qqH_hww": 0.12182566716657599, 
            "ggZH_hww": 0.1814146374565531, 
            "WH_htt": 0.01468257263310415, 
            "ggH_htt": 0.013582723554415742, 
            "WH_hww": 0.10511237000833838, 
            "ggH_hww": 0.41642584645762026, 
            "ttH_hww": 0.09993254432248484, 
            "ZH_htt": 0.0030530777104401216, 
            "ZH_hww": 0.041051437595526805
        }
    }, 
    "ww2l2v_13TeV_sr_2j_B2": {
        "Vg": {
            "Wg": 0.6914923784418937, 
            "Zg": 0.03406828065417368, 
            "ZgS": 0.009665436685250538, 
            "WgS": 0.2647739042186821
        }, 
        "Higgs": {
            "qqH_htt": 0.0024882463453008595, 
            "qqH_hww": 0.12311971491191429, 
            "ggZH_hww": 0.14925410041658366, 
            "WH_htt": 0.011389387654703377, 
            "ggH_htt": 0.014989350307192728, 
            "WH_hww": 0.11390324157274118, 
            "ggH_hww": 0.46019040952171153, 
            "ttH_hww": 0.07566681934453351, 
            "ZH_htt": 0.0039839860555039765, 
            "ZH_hww": 0.04501474386981491
        }
    }, 
    "ww2l2v_13TeV_top_2j": {
        "Vg": {
            "Wg": 0.5070204409695509, 
            "Zg": 0.12645227941960432, 
            "ZgS": 0.09468343558034342, 
            "WgS": 0.2718438440305012
        }, 
        "Higgs": {
            "qqH_htt": 0.005838633271489789, 
            "qqH_hww": 0.00717748306647734, 
            "ggZH_hww": 0.028004547085960417, 
            "WH_htt": 0.007346926448843965, 
            "ggH_htt": 0.0267942497916737, 
            "WH_hww": 0.017777218952100736, 
            "ggH_hww": 0.03625495440844649, 
            "ttH_hww": 0.8570061063835515, 
            "ZH_htt": 0.00520318631743472, 
            "ZH_hww": 0.008596694274021389
        }
    }
}