{
    "PS_ISR": {
        "ggWW_B4": [
            0.8776264309335848, 
            1.1101634528562732
        ], 
        "ggWW_B5": [
            0.8808955676865229, 
            1.1083498695994514
        ], 
        "ggWW_B2": [
            0.8797130978448169, 
            1.1142454884984072
        ], 
        "ggWW_B3": [
            0.8792381961456006, 
            1.1120688373371141
        ], 
        "ggWW_B0": [
            0.8950342996325702, 
            1.0991272589054486
        ], 
        "ggWW_B1": [
            0.8833081632297046, 
            1.1110097730024362
        ], 
        "WW_B4": [
            0.9440225442847374, 
            1.0466092583591378
        ], 
        "WW_B5": [
            0.9441835494809669, 
            1.0481779749015714
        ], 
        "WW_B2": [
            0.9541944715007236, 
            1.0404122905256712
        ], 
        "WW_B3": [
            0.9487153803378826, 
            1.0445744097701364
        ], 
        "WW_B0": [
            0.9559196506640937, 
            1.038813520948709
        ], 
        "WW_B1": [
            0.9528351882927294, 
            1.0418713796576127
        ]
    }, 
    "PS_FSR": {
        "ggWW_B4": [
            1.0473368522839173, 
            0.9725414218285351
        ], 
        "ggWW_B5": [
            1.0368610963541955, 
            0.9739071007649074
        ], 
        "ggWW_B2": [
            1.036749593213379, 
            0.9785707920722198
        ], 
        "ggWW_B3": [
            1.038197449832399, 
            0.9725552192739753
        ], 
        "ggWW_B0": [
            1.0121499942944077, 
            0.9950035291543577
        ], 
        "ggWW_B1": [
            1.029460390582632, 
            0.9854853913586745
        ], 
        "WW_B4": [
            1.0115359537023803, 
            0.9878461166817016
        ], 
        "WW_B5": [
            1.0151660590242648, 
            0.9980546812768418
        ], 
        "WW_B2": [
            0.9939670242592966, 
            0.9992636266791717
        ], 
        "WW_B3": [
            0.9939912213944451, 
            0.9978542156816961
        ], 
        "WW_B0": [
            1.010945154992448, 
            0.9909144195681729
        ], 
        "WW_B1": [
            1.0257751044837355, 
            0.9902007311620392
        ]
    }, 
    "QCDscale_WW": {
         "WW_B4": [
            0.9350809333358711, 
            1.0595207456882207
        ], 
        "WW_B5": [
            0.9173806251924786, 
            1.0770139736890694
        ], 
        "WW_B2": [
            0.9532471488262484, 
            1.0414798493475317
        ], 
        "WW_B3": [
            0.9455969918671167, 
            1.0488315051051655
        ], 
        "WW_B0": [
            0.9675680448683326, 
            1.0272911693624316
        ], 
        "WW_B1": [
            0.9595399445659321, 
            1.0353252290483395
        ]
    }, 
    "CMS_hww_WWresum": {
        "WW_B4": [
            0.9991996717997897, 
            1.0017165814965359
        ], 
        "WW_B5": [
            0.9995957045741064, 
            1.000783539162091
        ], 
        "WW_B2": [
            0.9965846019440233, 
            1.0071187965591795
        ], 
        "WW_B3": [
            0.9971132412046716, 
            1.0058970973807646
        ], 
        "WW_B0": [
            0.9862679165005835, 
            1.029381922668655
        ], 
        "WW_B1": [
            0.9914304499586204, 
            1.017906266573464
        ]
    }, 
    "CMS_hww_WWqscale": {
        "WW_B4": [
            1.075381927658026, 
            0.9120985511639919
        ], 
        "WW_B5": [
            1.0623150912514387, 
            0.9251978458325837
        ], 
        "WW_B2": [
            1.0726183702438432, 
            0.9169659557243327
        ], 
        "WW_B3": [
            1.0744824120700487, 
            0.9138104412247281
        ], 
        "WW_B0": [
            1.0639253476323647, 
            0.9325809413493759
        ], 
        "WW_B1": [
            1.069214312508978, 
            0.9243417317310905
        ]
    }, 
    "pdf_WW": {
        "WW_B4": [
            0.9870495925243105, 
            1.013294752397358
        ], 
        "WW_B5": [
            0.9833955528653141, 
            1.0171748033636878
        ], 
        "WW_B2": [
            0.9899601491919725, 
            1.0102455789767648
        ], 
        "WW_B3": [
            0.9907898717624697, 
            1.009382964856687
        ], 
        "WW_B0": [
            0.9924656420215363, 
            1.0076496280507363
        ], 
        "WW_B1": [
            0.9920289551752666, 
            1.0081001785981214
        ]
    }
}
