{
    "PS_ISR": {
        "ggWW_B4": [
            0.8810091176281601, 
            1.1070868370325972
        ], 
        "ggWW_B5": [
            0.8858014578961391, 
            1.104578895791592
        ], 
        "ggWW_B2": [
            0.8800211545988083, 
            1.1140937256002421
        ], 
        "ggWW_B3": [
            0.8788500269640456, 
            1.112476571336774
        ], 
        "ggWW_B0": [
            0.8953486038723761, 
            1.0987955421762865
        ], 
        "ggWW_B1": [
            0.8842116431175971, 
            1.1102363760358307
        ], 
        "WW_B4": [
            0.9429200291670791, 
            1.0481488370692218
        ], 
        "WW_B5": [
            0.9475953142515715, 
            1.045688834913782
        ], 
        "WW_B2": [
            0.9547391468073915, 
            1.0401608870979155
        ], 
        "WW_B3": [
            0.9479241174206543, 
            1.0452443195748533
        ], 
        "WW_B0": [
            0.9545984832786119, 
            1.0401153562163394
        ], 
        "WW_B1": [
            0.9532386214373539, 
            1.0416122865919948
        ]
    }, 
    "PS_FSR": {
        "ggWW_B4": [
            1.0391996190079296, 
            0.9747412156716082
        ], 
        "ggWW_B5": [
            1.06491865612916, 
            0.9689415765163395
        ], 
        "ggWW_B2": [
            1.0332231852160119, 
            0.9781815468349322
        ], 
        "ggWW_B3": [
            1.0445942165830064, 
            0.9717168709394411
        ], 
        "ggWW_B0": [
            1.013155818071143, 
            0.9947597901102299
        ], 
        "ggWW_B1": [
            1.029288363873297, 
            0.9855651409491889
        ], 
        "WW_B4": [
            1.0230216196529143, 
            0.9859624450329966
        ], 
        "WW_B5": [
            1.0350378951661057, 
            0.9804211429908537
        ], 
        "WW_B2": [
            0.9975386513000069, 
            0.9993568173594215
        ], 
        "WW_B3": [
            1.0069434432557312, 
            0.9949470066721366
        ], 
        "WW_B0": [
            1.0091394189321685, 
            0.9938527148011068
        ], 
        "WW_B1": [
            1.0089142097014938, 
            0.9958958129929624
        ]
    }, 
    "QCDscale_WW": {
        "ggWW_B4": [
            1.0, 
            1.0
        ], 
        "ggWW_B5": [
            1.0, 
            1.0
        ], 
        "ggWW_B2": [
            1.0, 
            1.0
        ], 
        "ggWW_B3": [
            1.0, 
            1.0
        ], 
        "ggWW_B0": [
            1.0, 
            1.0
        ], 
        "ggWW_B1": [
            1.0, 
            1.0
        ], 
        "WW_B4": [
            0.9372130312757011, 
            1.057252721642526
        ], 
        "WW_B5": [
            0.9186057557765233, 
            1.0757873865647807
        ], 
        "WW_B2": [
            0.9533585992585734, 
            1.041257519048013
        ], 
        "WW_B3": [
            0.9459639419098652, 
            1.0485263235910116
        ], 
        "WW_B0": [
            0.9667229104762424, 
            1.0280976917042266
        ], 
        "WW_B1": [
            0.9599877089404668, 
            1.034824889928255
        ]
    }, 
    "CMS_hww_WWresum": {
        "WW_B4": [
            0.9993735547270317, 
            1.0013213078609693
        ], 
        "WW_B5": [
            0.9997035998945424, 
            1.0005775395070997
        ], 
        "WW_B2": [
            0.9958279665855013, 
            1.0086250590569517
        ], 
        "WW_B3": [
            0.9978088286330552, 
            1.0045401779910499
        ], 
        "WW_B0": [
            0.986600863841152, 
            1.0286636978406856
        ], 
        "WW_B1": [
            0.9921168967411613, 
            1.0164624949726178
        ]
    }, 
    "CMS_hww_WWqscale": {
        "WW_B4": [
            1.0756004808560495, 
            0.9119154179549042
        ], 
        "WW_B5": [
            1.0620528983962918, 
            0.9255124488722996
        ], 
        "WW_B2": [
            1.0725068831412075, 
            0.917021774208683
        ], 
        "WW_B3": [
            1.0746815789702842, 
            0.9133236251565583
        ], 
        "WW_B0": [
            1.0642236307606936, 
            0.9321197184045588
        ], 
        "WW_B1": [
            1.0693021280568702, 
            0.9237988973830764
        ]
    }, 
    "pdf_WW": {
        "WW_B4": [
            0.9876073495894468, 
            1.012707612406773
        ], 
        "WW_B5": [
            0.9834077406728763, 
            1.0171617642117483
        ], 
        "WW_B2": [
            0.9907491315978136, 
            1.0094252519327611
        ], 
        "WW_B3": [
            0.9901554544324, 
            1.0100422687114643
        ], 
        "WW_B0": [
            0.9923734140810757, 
            1.007744717424638
        ], 
        "WW_B1": [
            0.9920581407387274, 
            1.0080700415293906
        ]
    }
}