samples;nom;up;up_ratio;do;do_ratio
;1488688.875;1508749.5;1.0134753643537506;1468235.375;0.9862607289249743
;31866352.0;32835814.0;1.0304227481074708;30899028.0;0.9696443446052438
;3073740.25;3164348.75;1.0294782553600617;2983232.0;0.9705543596274929
;14814330.0;15153401.0;1.0228880415111585;14493684.0;0.978355686689847
