samples;nom;up;up_ratio;do;do_ratio
;1488688.875;1499349.625;1.0071611672385206;1468123.75;0.9861857468371288
;31866352.0;40604468.0;1.274211368781717;25465840.0;0.799145129633916
;3073740.25;3927119.5;1.2776354475626235;2450442.25;0.7972183888993223
;14814330.0;14052564.0;0.9485791122514484;15364052.0;1.0371074493412797
