{
    "PS_ISR": {
        "ggWW_B10": [
            0.9981636487940467, 
            1.001347679416633
        ], 
        "ggWW_B11": [
            0.9974269595922697, 
            1.001988490898088
        ], 
        "ggWW_B6": [
            1.002404250970029, 
            0.997945834753503
        ], 
        "ggWW_B7": [
            1.0020090151019398, 
            0.9982809688361386
        ], 
        "ggWW_B4": [
            1.0028718175371292, 
            0.9976205265922704
        ], 
        "ggWW_B5": [
            1.0026145492525678, 
            0.9977291961027803
        ], 
        "ggWW_B2": [
            1.0016488459530755, 
            0.9986454256378842
        ], 
        "ggWW_B3": [
            1.0023799430422595, 
            0.9980634325718163
        ], 
        "ggWW_B0": [
            1.0012636313377763, 
            0.9990010039671052
        ], 
        "ggWW_B1": [
            1.0015457673378685, 
            0.9987489170736762
        ], 
        "ggWW_B8": [
            1.0007403686196532, 
            0.9992754991339021
        ], 
        "ggWW_B9": [
            0.9990132759492554, 
            1.0006788817879781
        ], 
        "WW_B10": [
            0.9993927298823398, 
            1.0004189340133964
        ], 
        "WW_B11": [
            0.999258830462412, 
            1.0005972828630105
        ], 
        "WW_B8": [
            0.9997563913840294, 
            1.0002565357973745
        ], 
        "WW_B9": [
            0.9990557344880631, 
            1.0007133073018293
        ], 
        "WW_B6": [
            1.0002988226384921, 
            0.9997589658670771
        ], 
        "WW_B7": [
            0.9997107094792277, 
            1.0002573737208231
        ], 
        "WW_B4": [
            0.9998220251873705, 
            1.0002501347749242
        ], 
        "WW_B5": [
            0.999319892344343, 
            1.0005275881805464
        ], 
        "WW_B2": [
            0.999700292687747, 
            1.0002425328889004
        ], 
        "WW_B3": [
            1.0004190469564465, 
            0.9997902940070736
        ], 
        "WW_B0": [
            0.9989818608276209, 
            1.0007251463625773
        ], 
        "WW_B1": [
            0.9996312536859863, 
            1.0003666030213407
        ]
    }, 
    "PS_FSR": {
        "ggWW_B10": [
            1.000258616426618, 
            0.9998758871729037
        ], 
        "ggWW_B11": [
            1.0005431363092456, 
            0.9994069671901438
        ], 
        "ggWW_B6": [
            1.0000986252546584, 
            1.0000564068605504
        ], 
        "ggWW_B7": [
            1.0008994667945577, 
            0.9997189659054305
        ], 
        "ggWW_B4": [
            1.0000668807933626, 
            0.999823413076218
        ], 
        "ggWW_B5": [
            1.0005328683301866, 
            0.9998106774323252
        ], 
        "ggWW_B2": [
            1.0001793669745689, 
            1.0001790482111068
        ], 
        "ggWW_B3": [
            0.9999622342921172, 
            1.0001383116276898
        ], 
        "ggWW_B0": [
            0.9989463990074927, 
            1.0001713421743592
        ], 
        "ggWW_B1": [
            0.9995609156046351, 
            1.0002278401455713
        ], 
        "ggWW_B8": [
            0.999663392493328, 
            1.0000098796067034
        ], 
        "ggWW_B9": [
            1.0000677254702308, 
            0.9999849258906821
        ], 
        "WW_B10": [
            1.0001377602223187, 
            1.0006291497450552
        ], 
        "WW_B11": [
            1.001350606397829, 
            0.9992420502158466
        ], 
        "WW_B8": [
            1.0026079437468793, 
            0.9985707254410534
        ], 
        "WW_B9": [
            1.000452444518589, 
            0.9995126752121567
        ], 
        "WW_B6": [
            0.9990218933562602, 
            1.0004054291798328
        ], 
        "WW_B7": [
            1.0010389245342435, 
            0.9996749838899923
        ], 
        "WW_B4": [
            1.003965740614909, 
            0.9979477019773864
        ], 
        "WW_B5": [
            0.9997554058112106, 
            0.9980004948949522
        ], 
        "WW_B2": [
            1.0022689856073537, 
            0.9989859748745685
        ], 
        "WW_B3": [
            0.9945138511728777, 
            1.0024237686242496
        ], 
        "WW_B0": [
            0.996707668942947, 
            1.0010841812902262
        ], 
        "WW_B1": [
            1.0024338851766548, 
            0.9992436462580948
        ]
    }, 
    "QCDscale_WW": {
        "ggWW_B10": [
            1.0, 
            1.0
        ], 
        "ggWW_B11": [
            1.0, 
            1.0
        ], 
        "ggWW_B6": [
            1.0, 
            1.0
        ], 
        "ggWW_B7": [
            1.0, 
            1.0
        ], 
        "ggWW_B4": [
            1.0, 
            1.0
        ], 
        "ggWW_B5": [
            1.0, 
            1.0
        ], 
        "ggWW_B2": [
            1.0, 
            1.0
        ], 
        "ggWW_B3": [
            1.0, 
            1.0
        ], 
        "ggWW_B0": [
            1.0, 
            1.0
        ], 
        "ggWW_B1": [
            1.0, 
            1.0
        ], 
        "ggWW_B8": [
            1.0, 
            1.0
        ], 
        "ggWW_B9": [
            1.0, 
            1.0
        ], 
        "WW_B10": [
            0.9763897820240851, 
            1.0183797359755875
        ], 
        "WW_B11": [
            0.969818313689162, 
            1.0250947916301494
        ], 
        "WW_B8": [
            0.9848568247406738, 
            1.0106677428122155
        ], 
        "WW_B9": [
            0.9806707938244602, 
            1.0144457009991865
        ], 
        "WW_B6": [
            0.9883151534272274, 
            1.007512414721387
        ], 
        "WW_B7": [
            0.9868715655424157, 
            1.0088175730668165
        ], 
        "WW_B4": [
            0.9900914071185632, 
            1.0058646913833387
        ], 
        "WW_B5": [
            0.9892843504444494, 
            1.0065907874617581
        ], 
        "WW_B2": [
            0.9904537866378127, 
            1.0055516438395187
        ], 
        "WW_B3": [
            0.9897638775118137, 
            1.006188588962328
        ], 
        "WW_B0": [
            0.9902844965009998, 
            1.0057491359265072
        ], 
        "WW_B1": [
            0.9901961946021931, 
            1.0058323541233694
        ]
    }, 
    "CMS_hww_WWresum": {
        "WW_B10": [
            0.9856781158939171, 
            1.0480232881522156
        ], 
        "WW_B11": [
            0.9835784007031131, 
            1.0502892669505333
        ], 
        "WW_B8": [
            0.9872124673596694, 
            1.0470784502643196
        ], 
        "WW_B9": [
            0.9865363399938458, 
            1.0471702575169437
        ], 
        "WW_B6": [
            0.9880755457520471, 
            1.047077306381074
        ], 
        "WW_B7": [
            0.9875022235041555, 
            1.0475105143819115
        ], 
        "WW_B4": [
            0.9884306790989786, 
            1.0471462479455373
        ], 
        "WW_B5": [
            0.9881139339068247, 
            1.0473063398656504
        ], 
        "WW_B2": [
            0.9873169881550987, 
            1.049104027331619
        ], 
        "WW_B3": [
            0.9892334046357208, 
            1.0456281343006921
        ], 
        "WW_B0": [
            0.9863004325095336, 
            1.0503180419384555
        ], 
        "WW_B1": [
            0.9874276589011278, 
            1.0485235141513927
        ]
    }, 
    "CMS_hww_WWqscale": {
        "WW_B10": [
            1.0187628304213496, 
            0.980386770275604
        ],