{
    "PS_ISR": {
        "ggWW_B10": [
            0.9981726863366532, 
            1.0012653689320383
        ], 
        "ggWW_B11": [
            0.9976503133559047, 
            1.001790431858212
        ], 
        "ggWW_B6": [
            1.0027493803007195, 
            0.9977182380245425
        ], 
        "ggWW_B7": [
            1.0024465430105256, 
            0.9979394249652352
        ], 
        "ggWW_B4": [
            1.0031636261665966, 
            0.997416770894476
        ], 
        "ggWW_B5": [
            1.0037401356616653, 
            0.9969816750866309
        ], 
        "ggWW_B2": [
            1.0019024784707418, 
            0.9983739570792829
        ], 
        "ggWW_B3": [
            1.0020845572495527, 
            0.9980786029671657
        ], 
        "ggWW_B0": [
            1.0018852506217475, 
            0.9985435122312891
        ], 
        "ggWW_B1": [
            1.0016112906192036, 
            0.9987124420261588
        ], 
        "ggWW_B8": [
            1.000906693998075, 
            0.9991762252538082
        ], 
        "ggWW_B9": [
            0.9989034302809687, 
            1.0008066878772959
        ], 
        "WW_B10": [
            0.9992759199772887, 
            1.000467487128579
        ], 
        "WW_B11": [
            0.999108593381091, 
            1.0006655965896776
        ], 
        "WW_B8": [
            0.9997667444268582, 
            1.0002866646442155
        ], 
        "WW_B9": [
            0.9994590019013952, 
            1.0004119374793143
        ], 
        "WW_B6": [
            1.0002750028458676, 
            0.9997155614272156
        ], 
        "WW_B7": [
            0.9998244612808941, 
            1.0001270743608044
        ], 
        "WW_B4": [
            0.998453319545181, 
            1.001291169281789
        ], 
        "WW_B5": [
            0.9985239940159594, 
            1.00117840618664
        ], 
        "WW_B2": [
            0.9994208310845877, 
            1.000622409589515
        ], 
        "WW_B3": [
            1.000398167839194, 
            0.9997537307033392
        ], 
        "WW_B0": [
            0.9994914809182501, 
            1.0003768074315416
        ], 
        "WW_B1": [
            0.9996129595464354, 
            1.0003536007028195
        ]
    }, 
    "QCDscale_WW": {
        "WW_B10": [
            0.9761365249380473, 
            1.0186157709869534
        ], 
        "WW_B11": [
            0.9697734815133535, 
            1.0251352043812534
        ], 
        "WW_B8": [
            0.9848349718883325, 
            1.010700612609307
        ], 
        "WW_B9": [
            0.980804067600244, 
            1.0143333335169458
        ], 
        "WW_B6": [
            0.9884742296541881, 
            1.0073534658733778
        ], 
        "WW_B7": [
            0.9869087550241651, 
            1.0087965719572998
        ], 
        "WW_B4": [
            0.9896016777828626, 
            1.0063301219320537
        ], 
        "WW_B5": [
            0.9895401312096114, 
            1.006346721735079
        ], 
        "WW_B2": [
            0.990289605296438, 
            1.0057055639023762
        ], 
        "WW_B3": [
            0.989859865686351, 
            1.006086182354425
        ], 
        "WW_B0": [
            0.9905085333331636, 
            1.0055307589672924
        ], 
        "WW_B1": [
            0.9902924305644603, 
            1.0057377427053404
        ]
    }, 
    "PS_FSR": {
        "ggWW_B10": [
            1.0018721055125517, 
            0.9996340832476573
        ], 
        "ggWW_B11": [
            1.0013298318659707, 
            0.9997925326930978
        ], 
        "ggWW_B6": [
            1.0004818867081897, 
            0.9998343541009566
        ], 
        "ggWW_B7": [
            1.0011465220172857, 
            0.999840811021108
        ], 
        "ggWW_B4": [
            1.0021876774660252, 
            0.998863935071564
        ], 
        "ggWW_B5": [
            0.9991798297429156, 
            1.001235288699224
        ], 
        "ggWW_B2": [
            1.001333721763412, 
            0.9994471885373037
        ], 
        "ggWW_B3": [
            1.0010644475340915, 
            1.0004068795823773
        ], 
        "ggWW_B0": [
            0.9973539352436593, 
            1.0004197896757585
        ], 
        "ggWW_B1": [
            1.0000664213362505, 
            1.0001612761814587
        ], 
        "ggWW_B8": [
            1.0001434642679004, 
            0.9998151671104758
        ], 
        "ggWW_B9": [
            0.999967809252278, 
            0.9999587658036045
        ], 
        "WW_B10": [
            1.0005999652875321, 
            1.000329072055296
        ], 
        "WW_B11": [
            0.9980748158652578, 
            1.0012448331672337
        ], 
        "WW_B8": [
            1.0031771990855278, 
            0.9985304714035919
        ], 
        "WW_B9": [
            1.0012605562966133, 
            0.9993462804974318
        ], 
        "WW_B6": [
            1.002913096739178, 
            0.9987200921446051
        ], 
        "WW_B7": [
            1.0024733374561634, 
            0.9987103148463116
        ], 
        "WW_B4": [
            1.0060696169027283, 
            0.9976520669780874
        ], 
        "WW_B5": [
            0.9969601407830293, 
            0.9998291666931096
        ], 
        "WW_B2": [
            1.008276594546068, 
            0.9953572394201838
        ], 
        "WW_B3": [
            0.9942229596309449, 
            1.0036955858228382
        ], 
        "WW_B0": [
            0.9936818637127643, 
            1.0019280685900085
        ], 
        "WW_B1": [
            1.0043883988463678, 
            0.9976575701221855
        ]
    }, 
    "CMS_hww_WWresum": {
        "WW_B10": [
            0.9856513201165691, 
            1.0480299981675287
        ], 
        "WW_B11": [
            0.9835100055537292, 
            1.0504097896886035
        ], 
        "WW_B8": [
            0.9870598411889079, 
            1.0474506537340234
        ], 
        "WW_B9": [
            0.9866613635108414, 
            1.0469437333754266
        ], 
        "WW_B6": [
            0.9878876731248921, 
            1.0474214252292435
        ], 
        "WW_B7": [
            0.987401584528299, 
            1.047754234222801
        ], 
        "WW_B4": [
            0.9887496277662726, 
            1.0464553918838182
        ], 
        "WW_B5": [
            0.9881899561375114, 
            1.0472250172871438
        ], 
        "WW_B2": [
            0.9874126362427352, 
            1.0488153910492635
        ], 
        "WW_B3": [
            0.9891322114204153, 
            1.0460093827877261
        ], 
        "WW_B0": [
            0.98615888803974, 
            1.0505730699469462
        ], 
        "WW_B1": [
            0.9873671617696553, 
            1.0486771925008436
        ]
    }, 
    "CMS_hww_WWqscale": {
        "WW_B10": [
            1.0187380953844547, 
            0.9803478037523372
        ], 
        "WW_B11": [
            1.0246210108257696, 
            0.973889205712993
        ], 
        "WW_B8": [
            1.0123412388482205, 
            0.9880495314737566
        ], 
        "WW_B9": [
            1.0158203579985923, 
            0.9838141076085313
        ], 
        "WW_B6": [
            1.0080231601497875, 
            0.9931023385446285
        ], 
        "WW_B7": [
            1.0099832735363081, 
            0.9908910190925739
        ], 
        "WW_B4": [
            1.0059428442421336, 
            0.9954111258054265
        ], 
        "WW_B5": [
            1.0069226305121832, 
            0.9943210712460133
        ], 
        "WW_B2": [
            1.007133295434475, 
            0.9940204332438453
        ], 
        "WW_B3": [
            1.004868010406709, 
            0.9964595688091716
        ],