{
    "PS_ISR": {
        "ggWW_B10": [
            0.9981636487946695, 
            1.0013476794172465
        ], 
        "ggWW_B11": [
            0.9974269595929208, 
            1.0019884908987422
        ], 
        "ggWW_B6": [
            1.0024042509707394, 
            0.9979458347542067
        ], 
        "ggWW_B7": [
            1.00200901510265, 
            0.9982809688368516
        ], 
        "ggWW_B4": [
            1.0028718175371296, 
            0.9976205265922711
        ], 
        "ggWW_B5": [
            1.0026145492525667, 
            0.9977291961027759
        ], 
        "ggWW_B2": [
            1.0016488459530692, 
            0.998645425637872
        ], 
        "ggWW_B3": [
            1.0023799430422542, 
            0.998063432571814
        ], 
        "ggWW_B0": [
            1.0012636313381647, 
            0.999001003967495
        ], 
        "ggWW_B1": [
            1.001545767338568, 
            0.9987489170743715
        ], 
        "ggWW_B8": [
            1.0007403686202432, 
            0.9992754991344964
        ], 
        "ggWW_B9": [
            0.9990132759489022, 
            1.000678881787632
        ], 
        "WW_B10": [
            0.9993927298823477, 
            1.0004189340133978
        ], 
        "WW_B11": [
            0.9992588304624143, 
            1.0005972828630127
        ], 
        "WW_B8": [
            0.999756391384039, 
            1.0002565357973772
        ], 
        "WW_B9": [
            0.999055734488064, 
            1.0007133073018348
        ], 
        "WW_B6": [
            1.000298822638495, 
            0.9997589658670818
        ], 
        "WW_B7": [
            0.9997107094792282, 
            1.0002573737208211
        ], 
        "WW_B4": [
            0.9998220251873726, 
            1.0002501347749262
        ], 
        "WW_B5": [
            0.9993198923443434, 
            1.0005275881805475
        ], 
        "WW_B2": [
            0.9997002926877461, 
            1.0002425328888989
        ], 
        "WW_B3": [
            1.0004190469564478, 
            0.9997902940070733
        ], 
        "WW_B0": [
            0.9989818608276209, 
            1.0007251463625793
        ], 
        "WW_B1": [
            0.9996312536859872, 
            1.0003666030213438
        ]
    }, 
    "PS_FSR": {
        "ggWW_B10": [
            1.0002586164272367, 
            0.9998758871735205
        ], 
        "ggWW_B11": [
            1.0005431363099002, 
            0.9994069671907903
        ], 
        "ggWW_B6": [
            1.0000986252553659, 
            1.0000564068612567
        ], 
        "ggWW_B7": [
            1.0008994667952755, 
            0.999718965906144
        ], 
        "ggWW_B4": [
            1.0000668807933641, 
            0.9998234130762174
        ], 
        "ggWW_B5": [
            1.0005328683301868, 
            0.9998106774323218
        ], 
        "ggWW_B2": [
            1.0001793669745613, 
            1.000179048211099
        ], 
        "ggWW_B3": [
            0.9999622342921057, 
            1.0001383116276854
        ], 
        "ggWW_B0": [
            0.9989463990078855, 
            1.0001713421747473
        ], 
        "ggWW_B1": [
            0.999560915605333, 
            1.0002278401462745
        ], 
        "ggWW_B8": [
            0.9996633924939197, 
            1.0000098796072978
        ], 
        "ggWW_B9": [
            1.0000677254698938, 
            0.9999849258903346
        ], 
        "WW_B10": [
            1.0001377602223234, 
            1.000629149745059
        ], 
        "WW_B11": [
            1.0013506063978346, 
            0.9992420502158524
        ], 
        "WW_B8": [
            1.0026079437468869, 
            0.9985707254410539
        ], 
        "WW_B9": [
            1.000452444518592, 
            0.9995126752121564
        ], 
        "WW_B6": [
            0.9990218933562666, 
            1.0004054291798354
        ], 
        "WW_B7": [
            1.0010389245342393, 
            0.9996749838899947
        ], 
        "WW_B4": [
            1.0039657406149105, 
            0.9979477019773865
        ], 
        "WW_B5": [
            0.99975540581121, 
            0.9980004948949497
        ], 
        "WW_B2": [
            1.0022689856073508, 
            0.9989859748745672
        ], 
        "WW_B3": [
            0.9945138511728767, 
            1.0024237686242512
        ], 
        "WW_B0": [
            0.9967076689429499, 
            1.0010841812902274
        ], 
        "WW_B1": [
            1.0024338851766588, 
            0.9992436462580959
        ]
    }, 
    "QCDscale_WW": {
        "ggWW_B10": [
            1.0, 
            1.0
        ], 
        "ggWW_B11": [
            1.0, 
            1.0
        ], 
        "ggWW_B6": [
            1.0, 
            1.0
        ], 
        "ggWW_B7": [
            1.0, 
            1.0
        ], 
        "ggWW_B4": [
            1.0, 
            1.0
        ], 
        "ggWW_B5": [
            1.0, 
            1.0
        ], 
        "ggWW_B2": [
            1.0, 
            1.0
        ], 
        "ggWW_B3": [
            1.0, 
            1.0
        ], 
        "ggWW_B0": [
            1.0, 
            1.0
        ], 
        "ggWW_B1": [
            1.0, 
            1.0
        ], 
        "ggWW_B8": [
            1.0, 
            1.0
        ], 
        "ggWW_B9": [
            1.0, 
            1.0
        ], 
        "WW_B10": [
            0.9763897820240919, 
            1.0183797359755915
        ], 
        "WW_B11": [
            0.9698183136891688, 
            1.0250947916301563
        ], 
        "WW_B8": [
            0.9848568247406776, 
            1.0106677428122237
        ], 
        "WW_B9": [
            0.9806707938244632, 
            1.0144457009991932
        ], 
        "WW_B6": [
            0.9883151534272312, 
            1.0075124147213868
        ], 
        "WW_B7": [
            0.9868715655424156, 
            1.0088175730668132
        ], 
        "WW_B4": [
            0.990091407118565, 
            1.005864691383339
        ], 
        "WW_B5": [
            0.989284350444448, 
            1.0065907874617557
        ], 
        "WW_B2": [
            0.9904537866378116, 
            1.0055516438395184
        ], 
        "WW_B3": [
            0.989763877511816, 
            1.0061885889623312
        ], 
        "WW_B0": [
            0.990284496501001, 
            1.0057491359265096
        ], 
        "WW_B1": [
            0.990196194602195, 
            1.0058323541233685
        ]
    }, 
    "CMS_hww_WWresum": {
        "WW_B10": [
            0.9856781158939147, 
            1.048023288152212
        ], 
        "WW_B11": [
            0.9835784007031114, 
            1.0502892669505306
        ], 
        "WW_B8": [
            0.9872124673596728, 
            1.047078450264317
        ], 
        "WW_B9": [
            0.9865363399938435, 
            1.047170257516949
        ], 
        "WW_B6": [
            0.9880755457520465, 
            1.0470773063810779
        ], 
        "WW_B7": [
            0.9875022235041532, 
            1.0475105143819068
        ], 
        "WW_B4": [
            0.9884306790989811, 
            1.0471462479455382
        ], 
        "WW_B5": [
            0.9881139339068238, 
            1.0473063398656481
        ], 
        "WW_B2": [
            0.9873169881550983, 
            1.0491040273316188
        ], 
        "WW_B3": [
            0.989233404635721, 
            1.0456281343006941
        ], 
        "WW_B0": [
            0.9863004325095343, 
            1.0503180419384572
        ], 
        "WW_B1": [
            0.9874276589011255, 
            1.0485235141513902
        ]
    }, 
    "CMS_hww_WWqscale": {
        "WW_B10": [
            1.0187628304213527, 
            0.9803867702756084
        ], 
        "WW_B11": [
            1.0245378073918459, 
            0.9739955803712694
        ],