{
    "ww2l2v_13TeV_sr_2j_B5": {
        "Vg": {
            "Wg": 0.7157951344764234, 
            "Zg": 0.12042417449253452, 
            "ZgS": 0.0, 
            "WgS": 0.16378069103104217
        }, 
        "Higgs": {
            "qqH_htt": 0.0018855857268833924, 
            "qqH_hww": 0.09999040827746009, 
            "ggZH_hww": 0.025810429345978384, 
            "WH_htt": 0.014234748146371875, 
            "ggH_htt": 0.02737920492501792, 
            "WH_hww": 0.07473434865653279, 
            "ggH_hww": 0.5725602662364472, 
            "ttH_hww": 0.13732199954092125, 
            "ZH_htt": 0.0021941322004817108, 
            "ZH_hww": 0.043888876943905225
        }
    }, 
    "ww2l2v_13TeV_sr_2j_B4": {
        "Vg": {
            "Wg": 0.0, 
            "Zg": -0.08228869583571526, 
            "ZgS": 0.17657267485662434, 
            "WgS": 0.9057160209790909
        }, 
        "Higgs": {
            "qqH_htt": 0.002254778595505463, 
            "qqH_hww": 0.1610356513961713, 
            "ggZH_hww": 0.02446601407240684, 
            "WH_htt": 0.013444490487624727, 
            "ggH_htt": 0.00941845513786567, 
            "WH_hww": 0.1206817313716379, 
            "ggH_hww": 0.5058842878732516, 
            "ttH_hww": 0.11409578641263207, 
            "ZH_htt": 0.004542792333947149, 
            "ZH_hww": 0.04417601231895725
        }
    }, 
    "ww2l2v_13TeV_sr_2j_B7": {
        "Vg": {
            "Wg": 0.4512009619554554, 
            "Zg": 0.4612197733411141, 
            "ZgS": 0.057357793916689936, 
            "WgS": 0.030221470786740614
        }, 
        "Higgs": {
            "qqH_htt": 0.012188030159897396, 
            "qqH_hww": 0.06949183626907607, 
            "ggZH_hww": 0.024137091071837213, 
            "WH_htt": 0.0255547375648037, 
            "ggH_htt": 0.01624734564687459, 
            "WH_hww": 0.1286534189917874, 
            "ggH_hww": 0.4971814787365949, 
            "ttH_hww": 0.17442851687585634, 
            "ZH_htt": 0.007217134038122621, 
            "ZH_hww": 0.04490041064514967
        }
    }, 
    "ww2l2v_13TeV_sr_2j_B6": {
        "Vg": {
            "Wg": 0.7063429168116812, 
            "Zg": 0.05089617558285577, 
            "ZgS": 0.10121817980334208, 
            "WgS": 0.14154272780212093
        }, 
        "Higgs": {
            "qqH_htt": 0.0015872354115827737, 
            "qqH_hww": 0.11123292053707964, 
            "ggZH_hww": 0.03623440081960154, 
            "WH_htt": 0.017424661814379808, 
            "ggH_htt": 0.04157588502091898, 
            "WH_hww": 0.17183847520915532, 
            "ggH_hww": 0.378413668137395, 
            "ttH_hww": 0.18827864601259572, 
            "ZH_htt": 0.0038799987986831014, 
            "ZH_hww": 0.04953410823860816
        }
    }, 
    "ww2l2v_13TeV_sr_2j_B1": {
        "Vg": {
            "Wg": 0.5574715715296964, 
            "Zg": 0.06164251477514451, 
            "ZgS": 0.03042086062377769, 
            "WgS": 0.3504650530713813
        }, 
        "Higgs": {
            "qqH_htt": 0.003316460900556358, 
            "qqH_hww": 0.12664927934676692, 
            "ggZH_hww": 0.011538444331647435, 
            "WH_htt": 0.014950342833125876, 
            "ggH_htt": 0.005866898367440759, 
            "WH_hww": 0.13164815050993453, 
            "ggH_hww": 0.6236757123808373, 
            "ttH_hww": 0.03809159239039962, 
            "ZH_htt": 0.0023525291447806704, 
            "ZH_hww": 0.041910589794510525
        }
    }, 
    "ww2l2v_13TeV_sr_2j_B0": {
        "Vg": {
            "Wg": 0.3471781393310774, 
            "Zg": 0.08337972994228415, 
            "ZgS": 0.08078047098348405, 
            "WgS": 0.4886616597431544
        }, 
        "Higgs": {
            "qqH_htt": 0.002222552007365632, 
            "qqH_hww": 0.10142816245676356, 
            "ggZH_hww": 0.006678945203902911, 
            "WH_htt": 0.0136793906830144, 
            "ggH_htt": 0.0074248440170677, 
            "WH_hww": 0.12698239018760807, 
            "ggH_hww": 0.6932862785612244, 
            "ttH_hww": 0.014981775780674653, 
            "ZH_htt": 0.0027021236905331236, 
            "ZH_hww": 0.03061353741184563
        }
    }, 
    "ww2l2v_13TeV_sr_2j_B3": {
        "Vg": {
            "Wg": 0.3907342170253964, 
            "Zg": 0.12403491756024648, 
            "ZgS": 0.07309715755540319, 
            "WgS": 0.41213370785895387
        }, 
        "Higgs": {
            "qqH_htt": 0.005036958954730223, 
            "qqH_hww": 0.14479139422384515, 
            "ggZH_hww": 0.02048396192146058, 
            "WH_htt": 0.013811673337741161, 
            "ggH_htt": 0.012131947571042226, 
            "WH_hww": 0.11767483171457038, 
            "ggH_hww": 0.5541753048392362, 
            "ttH_hww": 0.0887370328702248, 
            "ZH_htt": 0.0028685250064821666, 
            "ZH_hww": 0.040288369560667135
        }
    }, 
    "ww2l2v_13TeV_sr_2j_B2": {
        "Vg": {
            "Wg": 0.6072960268960447, 
            "Zg": 0.049766853734761446, 
            "ZgS": 0.04126628352807191, 
            "WgS": 0.301670835841122
        }, 
        "Higgs": {
            "qqH_htt": 0.003580906760039132, 
            "qqH_hww": 0.12655313409367855, 
            "ggZH_hww": 0.015405151439370093, 
            "WH_htt": 0.013728415627793965, 
            "ggH_htt": 0.010851892493806537, 
            "WH_hww": 0.12015088698311109, 
            "ggH_hww": 0.6014630612532145, 
            "ttH_hww": 0.06704032188436057, 
            "ZH_htt": 0.0029204050049585787, 
            "ZH_hww": 0.03830582445966698
        }
    }, 
    "ww2l2v_13TeV_top_2j": {
        "Vg": {
            "Wg": 0.7671740021417475, 
            "Zg": 0.12973139303079198, 
            "ZgS": -0.0027121162867088347, 
            "WgS": 0.10580672111416943
        }, 
        "Higgs": {
            "qqH_htt": 0.004583593653020871, 
            "qqH_hww": 0.007274066142996597, 
            "ggZH_hww": 0.0026762953434359854, 
            "WH_htt": 0.008496372271267249, 
            "ggH_htt": 0.020215828440871993, 
            "WH_hww": 0.017981553135826202, 
            "ggH_hww": 0.03928923802699565, 
            "ttH_hww": 0.8875728657601978, 
            "ZH_htt": 0.004910640328426897, 
            "ZH_hww": 0.006999546896960655
        }
    }
}