{
    "ww2l2v_13TeV_top_1j": {
        "Vg": {
            "Wg": 0.6397484401567372, 
            "Zg": 0.11908512197299019, 
            "ZgS": 0.008906898501620554, 
            "WgS": 0.23225953936865212
        }, 
        "Higgs": {
            "qqH_htt": 0.049328559870468296, 
            "qqH_hww": 0.07767918259251118, 
            "ggZH_hww": 0.004219917796073407, 
            "WH_htt": 0.06202379300691483, 
            "ggH_htt": 0.2009385503091721, 
            "WH_hww": 0.09502092328376015, 
            "ggH_hww": 0.3163715653233893, 
            "ttH_hww": 0.14177646562530616, 
            "ZH_htt": 0.019107153563993323, 
            "ZH_hww": 0.03353388862841146
        }
    }, 
    "ww2l2v_13TeV_top_0j": {
        "Vg": {
            "Wg": 0.5029884597713051, 
            "Zg": 0.17792349441228844, 
            "ZgS": 0.0, 
            "WgS": 0.3190880458164065
        }, 
        "Higgs": {
            "qqH_htt": 0.0016958779409235452, 
            "qqH_hww": 0.017864896867865493, 
            "ggZH_hww": 0.0017003870837431331, 
            "WH_htt": 0.11115672236684457, 
            "ggH_htt": 0.049517955442255936, 
            "WH_hww": 0.20305668256774703, 
            "ggH_hww": 0.567098716842212, 
            "ttH_hww": 0.013833605406233082, 
            "ZH_htt": 0.010741730267187126, 
            "ZH_hww": 0.023333425214987904
        }
    }, 
    "ww2l2v_13TeV_sr_3j_B0": {
        "Vg": {
            "Wg": 0.616266946794622, 
            "Zg": 0.06807924461890515, 
            "ZgS": 0.054598696449795314, 
            "WgS": 0.26105511213667754
        }, 
        "Higgs": {
            "qqH_htt": 0.002121108430418979, 
            "qqH_hww": 0.05921951860128317, 
            "ggZH_hww": 0.02339101108118509, 
            "WH_htt": 0.015471135246523255, 
            "ggH_htt": 0.01877368654277743, 
            "WH_hww": 0.13745621520915186, 
            "ggH_hww": 0.5379457099573849, 
            "ttH_hww": 0.14980742742238798, 
            "ZH_htt": 0.004156226509059297, 
            "ZH_hww": 0.05165796099982799
        }
    }, 
    "ww2l2v_13TeV_sr_2j_B0": {
        "Vg": {
            "Wg": 0.6215222067052673, 
            "Zg": 0.06093088339617917, 
            "ZgS": 0.0369546756075014, 
            "WgS": 0.28059223429105234
        }, 
        "Higgs": {
            "qqH_htt": 0.002350015599835917, 
            "qqH_hww": 0.14039407513679486, 
            "ggZH_hww": 0.009608217116290068, 
            "WH_htt": 0.014642276184397921, 
            "ggH_htt": 0.014884883230466078, 
            "WH_hww": 0.11892350071326686, 
            "ggH_hww": 0.6370949217799724, 
            "ttH_hww": 0.017033541934556473, 
            "ZH_htt": 0.003656799534080254, 
            "ZH_hww": 0.04141176877033932
        }
    }, 
    "ww2l2v_13TeV_sr_1j_B0": {
        "Vg": {
            "Wg": 0.5895071246618657, 
            "Zg": 0.05541399137957752, 
            "ZgS": 0.01560425062764324, 
            "WgS": 0.33947463333091354
        }, 
        "Higgs": {
            "qqH_htt": 0.0018185769325194672, 
            "qqH_hww": 0.13989217674641344, 
            "ggZH_hww": 0.0027199172465600975, 
            "WH_htt": 0.013997598866761139, 
            "ggH_htt": 0.008592033231551749, 
            "WH_hww": 0.06658725905650999, 
            "ggH_hww": 0.7446209499946959, 
            "ttH_hww": 0.002672088732456686, 
            "ZH_htt": 0.002158998437945179, 
            "ZH_hww": 0.01694040075458639
        }
    }, 
    "ww2l2v_13TeV_top_3j": {
        "Vg": {
            "Wg": 0.6016809751023255, 
            "Zg": 0.024125535449289148, 
            "ZgS": 0.04929318716610458, 
            "WgS": 0.3249003022822807
        }, 
        "Higgs": {
            "qqH_htt": 0.001516607432656058, 
            "qqH_hww": 0.002121417177250315, 
            "ggZH_hww": 0.001917589308803546, 
            "WH_htt": 0.004627370346969033, 
            "ggH_htt": 0.0013137107605645227, 
            "WH_hww": 0.010189577920937783, 
            "ggH_hww": 0.016904000992972398, 
            "ttH_hww": 0.9533028998995537, 
            "ZH_htt": 0.0033831312227982787, 
            "ZH_hww": 0.004723694937494328
        }
    }, 
    "ww2l2v_13TeV_top_2j": {
        "Vg": {
            "Wg": 0.6622995180413497, 
            "Zg": 0.09982202505056753, 
            "ZgS": 0.013612307238594204, 
            "WgS": 0.22426614966948868
        }, 
        "Higgs": {
            "qqH_htt": 0.02431853828029966, 
            "qqH_hww": 0.03359524360951353, 
            "ggZH_hww": 0.007046474849658432, 
            "WH_htt": 0.02949854794476924, 
            "ggH_htt": 0.10050323126661413, 
            "WH_hww": 0.0657381176410459, 
            "ggH_hww": 0.1251343760674061, 
            "ttH_hww": 0.5596132684809414, 
            "ZH_htt": 0.022480552541135977, 
            "ZH_hww": 0.032071649318615704
        }
    }, 
    "ww2l2v_13TeV_sr_0j_B0": {
        "Vg": {
            "Wg": 0.5822381446924024, 
            "Zg": 0.06894834248146547, 
            "ZgS": 0.020968166058867553, 
            "WgS": 0.3278453467672646
        }, 
        "Higgs": {
            "qqH_htt": 0.0005011396138115587, 
            "qqH_hww": 0.040803728893761444, 
            "ggZH_hww": 0.0010233379790811012, 
            "WH_htt": 0.006203337768070883, 
            "ggH_htt": 0.002391507335609913, 
            "WH_hww": 0.028451248391049115, 
            "ggH_hww": 0.9102602322501531, 
            "ttH_hww": 0.00027051473301250363, 
            "ZH_htt": 0.001776799650887705, 
            "ZH_hww": 0.008318153384562852
        }
    }
}