{
    "ww2l2v_13TeV_top_1j": {
        "Vg": {
            "Wg": 0.5732151165239548, 
            "Zg": 0.12530327821028084, 
            "ZgS": 0.012659795748416138, 
            "WgS": 0.28882180951734815
        }, 
        "Higgs": {
            "qqH_htt": 0.0453388307218732, 
            "qqH_hww": 0.0821915495017671, 
            "ggZH_hww": 0.004600319367154614, 
            "WH_htt": 0.059404007802715895, 
            "ggH_htt": 0.17429141524763583, 
            "WH_hww": 0.10092663951528799, 
            "ggH_hww": 0.3347514495266192, 
            "ttH_hww": 0.14865580635245843, 
            "ZH_htt": 0.015400480937655673, 
            "ZH_hww": 0.03443950102683209
        }
    }, 
    "ww2l2v_13TeV_top_0j": {
        "Vg": {
            "Wg": 0.3718304527508407, 
            "Zg": 0.0, 
            "ZgS": 0.0, 
            "WgS": 0.6281695472491594
        }, 
        "Higgs": {
            "qqH_htt": 0.0, 
            "qqH_hww": 0.018448543267691027, 
            "ggZH_hww": 0.0020829838487568496, 
            "WH_htt": 0.10295879111922293, 
            "ggH_htt": 0.0488372287890486, 
            "WH_hww": 0.2179792284249372, 
            "ggH_hww": 0.5585307636184339, 
            "ttH_hww": 0.014966399570434653, 
            "ZH_htt": 0.010237213348108166, 
            "ZH_hww": 0.025958848013366547
        }
    }, 
    "ww2l2v_13TeV_sr_3j_B0": {
        "Vg": {
            "Wg": 0.5872102587650335, 
            "Zg": 0.0494491317290754, 
            "ZgS": 0.03312798000175951, 
            "WgS": 0.3302126295041316
        }, 
        "Higgs": {
            "qqH_htt": 0.0013513792315532325, 
            "qqH_hww": 0.06001899030521538, 
            "ggZH_hww": 0.024144950907616078, 
            "WH_htt": 0.012882365451591027, 
            "ggH_htt": 0.019959293782399957, 
            "WH_hww": 0.1360575227736222, 
            "ggH_hww": 0.5449342260635038, 
            "ttH_hww": 0.145924218020582, 
            "ZH_htt": 0.0034777746547868106, 
            "ZH_hww": 0.05124927880912948
        }
    }, 
    "ww2l2v_13TeV_sr_2j_B0": {
        "Vg": {
            "Wg": 0.5687531320466859, 
            "Zg": 0.04349279767780241, 
            "ZgS": 0.03018059183243771, 
            "WgS": 0.35757347844307397
        }, 
        "Higgs": {
            "qqH_htt": 0.0017563510736653186, 
            "qqH_hww": 0.14392461236984463, 
            "ggZH_hww": 0.009978304122537985, 
            "WH_htt": 0.01295229895784531, 
            "ggH_htt": 0.01299679834402297, 
            "WH_hww": 0.1173621675768815, 
            "ggH_hww": 0.6406252371165219, 
            "ttH_hww": 0.01634438052950663, 
            "ZH_htt": 0.0031326265711901008, 
            "ZH_hww": 0.04092722333798365
        }
    }, 
    "ww2l2v_13TeV_sr_1j_B0": {
        "Vg": {
            "Wg": 0.4831373714924072, 
            "Zg": 0.047575542466171516, 
            "ZgS": 0.017506479533404645, 
            "WgS": 0.4517806065080166
        }, 
        "Higgs": {
            "qqH_htt": 0.0017323563298478814, 
            "qqH_hww": 0.14301931141135624, 
            "ggZH_hww": 0.00281711304275226, 
            "WH_htt": 0.012693370941773164, 
            "ggH_htt": 0.007240475209045245, 
            "WH_hww": 0.06650091105424763, 
            "ggH_hww": 0.7450119466570164, 
            "ttH_hww": 0.002586062696667679, 
            "ZH_htt": 0.0017736107504616378, 
            "ZH_hww": 0.016624841906831833
        }
    }, 
    "ww2l2v_13TeV_top_3j": {
        "Vg": {
            "Wg": 0.4450906794300579, 
            "Zg": 0.06430189853515603, 
            "ZgS": 0.07953450090066945, 
            "WgS": 0.41107292113411675
        }, 
        "Higgs": {
            "qqH_htt": 0.00133479163106511, 
            "qqH_hww": 0.002180932636497984, 
            "ggZH_hww": 0.0019684064250860816, 
            "WH_htt": 0.0037623638535445275, 
            "ggH_htt": 0.004779969772910833, 
            "WH_hww": 0.00969978423167331, 
            "ggH_hww": 0.017303398824214684, 
            "ttH_hww": 0.9517006160219067, 
            "ZH_htt": 0.0026290260693033326, 
            "ZH_hww": 0.00464071053379734
        }
    }, 
    "ww2l2v_13TeV_top_2j": {
        "Vg": {
            "Wg": 0.6329965916732121, 
            "Zg": 0.1693248096057346, 
            "ZgS": -0.03630624216404629, 
            "WgS": 0.23398484088509952
        }, 
        "Higgs": {
            "qqH_htt": 0.019497460512270928, 
            "qqH_hww": 0.03699279367323934, 
            "ggZH_hww": 0.007808467265201021, 
            "WH_htt": 0.026383023990052424, 
            "ggH_htt": 0.06298919758676362, 
            "WH_hww": 0.07098780021128316, 
            "ggH_hww": 0.13145735163891392, 
            "ttH_hww": 0.5906557523613508, 
            "ZH_htt": 0.019831632564497978, 
            "ZH_hww": 0.03339652019642685
        }
    }, 
    "ww2l2v_13TeV_sr_0j_B0": {
        "Vg": {
            "Wg": 0.5059789454301942, 
            "Zg": 0.047534713019135734, 
            "ZgS": 0.02295046722607836, 
            "WgS": 0.42353587432459167
        }, 
        "Higgs": {
            "qqH_htt": 0.0004953420560444548, 
            "qqH_hww": 0.0430129905091201, 
            "ggZH_hww": 0.0011010389867212812, 
            "WH_htt": 0.005681746246843373, 
            "ggH_htt": 0.0017416609632257805, 
            "WH_hww": 0.029192783561566456, 
            "ggH_hww": 0.9085870076608631, 
            "ttH_hww": 0.0002784841615417989, 
            "ZH_htt": 0.0014665431536475967, 
            "ZH_hww": 0.008442402700425905
        }
    }
}