{
    "PS_ISR": {
        "ggWW_B2": [
            0.8950730866468782, 
            1.09905349343583
        ], 
        "ggWW_B3": [
            0.8560311935264904, 
            1.1384693044421226
        ], 
        "ggWW_B0": [
            1.0360892276875149, 
            0.9723271521612484
        ], 
        "ggWW_B1": [
            0.9518105552150802, 
            1.044941564188674
        ], 
        "WW_B2": [
            0.9623821830053818, 
            1.0333249255563293
        ], 
        "WW_B3": [
            0.9161193680059764, 
            1.0744357950756112
        ], 
        "WW_B0": [
            1.001171020708513, 
            0.999100991033355
        ], 
        "WW_B1": [
            1.015411023394089, 
            0.9879685275836657
        ]
    }, 
    "QCDscale_WW": {
        "WW_B2": [
            0.9594007761346601, 
            1.035191087031104
        ], 
        "WW_B3": [
            0.945954324015089, 
            1.048379315044159
        ], 
        "WW_B0": [
            0.9922618395588019, 
            1.003852947405955
        ], 
        "WW_B1": [
            0.9717304349991278, 
            1.023307523958224
        ]
    }, 
    "PS_FSR": {
        "ggWW_B2": [
            1.0246319177311611, 
            0.9853174986983069
        ], 
        "ggWW_B3": [
            1.019391118112931, 
            0.9940879771967708
        ], 
        "ggWW_B0": [
            0.9926575075315711, 
            1.0048417458816863
        ], 
        "ggWW_B1": [
            1.0140849348822005, 
            0.9913541659819105
        ], 
        "WW_B2": [
            1.0184715540019522, 
            0.9919519144271834
        ], 
        "WW_B3": [
            1.0022077163202483, 
            1.0016152565838785
        ], 
        "WW_B0": [
            0.9962875940582167, 
            1.0024851056377873
        ], 
        "WW_B1": [
            1.006940575351199, 
            0.994832065673251
        ]
    }, 
    "CMS_hww_WWresum": {
        "WW_B2": [
            0.9913672567566554, 
            1.018172937334193
        ], 
        "WW_B3": [
            0.9958219973675092, 
            1.008600621496828
        ], 
        "WW_B0": [
            0.9926330551991268, 
            1.0468482567171922
        ], 
        "WW_B1": [
            0.9713322805661629, 
            1.0631545848509123
        ]
    }, 
    "CMS_hww_WWqscale": {
        "WW_B2": [
            1.068137328839452, 
            0.9250171567163137
        ], 
        "WW_B3": [
            1.0712563549857241, 
            0.9184459144326719
        ], 
        "WW_B0": [
            0.9860637716615069, 
            1.0208475169369253
        ], 
        "WW_B1": [
            1.0588347594328418, 
            0.9400140787368325
        ]
    }, 
    "pdf_WW": {
        "WW_B2": [
            0.9914880559536151, 
            1.0086593600223606
        ], 
        "WW_B3": [
            0.9897330140977274, 
            1.0104822276696908
        ], 
        "WW_B0": [
            0.9882201845419802, 
            1.0120640397826555
        ], 
        "WW_B1": [
            0.9918847231355865, 
            1.0082491653864358
        ]
    }
}