{
    "PS_ISR": {
        "ggWW_B2": [
            0.8953576429828503, 
            1.0988516395530257
        ], 
        "ggWW_B3": [
            0.8561548132461544, 
            1.1382945162791922
        ], 
        "ggWW_B0": [
            1.0359226291300814, 
            0.9724485740363763
        ], 
        "ggWW_B1": [
            0.951727337434056, 
            1.0449547914964772
        ], 
        "WW_B2": [
            0.9626092344160838, 
            1.0331572788624968
        ], 
        "WW_B3": [
            0.9164244813422936, 
            1.0743582940065037
        ], 
        "WW_B0": [
            1.0011414854336238, 
            0.9991174974734262
        ], 
        "WW_B1": [
            1.0153818895052307, 
            0.987998616192161
        ]
    }, 
    "PS_FSR": {
        "ggWW_B2": [
            1.024708222996456, 
            0.9858355384294832
        ], 
        "ggWW_B3": [
            1.0168799975861669, 
            0.9955630901119307
        ], 
        "ggWW_B0": [
            0.9921199669664635, 
            1.0048059147891792
        ], 
        "ggWW_B1": [
            1.0140558823867316, 
            0.9913701715176163
        ], 
        "WW_B2": [
            1.0162193372632886, 
            0.9916591231260142
        ], 
        "WW_B3": [
            1.0042999284738514, 
            1.0022633655468995
        ], 
        "WW_B0": [
            0.9960674201907725, 
            1.0024848521685379
        ], 
        "WW_B1": [
            1.0061858764550977, 
            0.9952331099151215
        ]
    }, 
    "QCDscale_WW": {
        "ggWW_B2": [
            1.0, 
            1.0
        ], 
        "ggWW_B3": [
            1.0, 
            1.0
        ], 
        "ggWW_B0": [
            1.0, 
            1.0
        ], 
        "ggWW_B1": [
            1.0, 
            1.0
        ], 
        "WW_B2": [
            0.9591600191555937, 
            1.0354178371320892
        ], 
        "WW_B3": [
            0.9466225159147127, 
            1.047656320608582
        ], 
        "WW_B0": [
            0.9922830488993771, 
            1.0038375154368642
        ], 
        "WW_B1": [
            0.9716575779492087, 
            1.0233656680801533
        ]
    }, 
    "CMS_hww_WWresum": {
        "WW_B2": [
            0.9913050433274888, 
            1.018295127292396
        ], 
        "WW_B3": [
            0.995838635458887, 
            1.008576591494693
        ], 
        "WW_B0": [
            0.9926671924749307, 
            1.0467867419694163
        ], 
        "WW_B1": [
            0.9713732840480458, 
            1.0630540645143538
        ]
    }, 
    "CMS_hww_WWqscale": {
        "WW_B2": [
            1.0681889233567767, 
            0.9249375748485833
        ], 
        "WW_B3": [
            1.071053878574876, 
            0.9186701214038848
        ], 
        "WW_B0": [
            0.9860883466741313, 
            1.0208362175369223
        ], 
        "WW_B1": [
            1.0588667032368189, 
            0.9399523654630255
        ]
    }, 
    "pdf_WW": {
        "WW_B2": [
            0.9916064428918635, 
            1.0085368664604573
        ], 
        "WW_B3": [
            0.9898616177668271, 
            1.0103482104593045
        ], 
        "WW_B0": [
            0.9882205372756311, 
            1.012063669822352
        ], 
        "WW_B1": [
            0.9918878280713224, 
            1.00824595717329
        ]
    }
}