{
    "PS_ISR": {
        "ggWW_B2": [
            0.8953576429824995, 
            1.0988516395526031
        ], 
        "ggWW_B3": [
            0.8561548132459161, 
            1.138294516278869
        ], 
        "ggWW_B0": [
            1.035922629130327, 
            0.9724485740365776
        ], 
        "ggWW_B1": [
            0.9517273374367077, 
            1.0449547914993869
        ], 
        "WW_B2": [
            0.9626092344160841, 
            1.0331572788624965
        ], 
        "WW_B3": [
            0.9164244813422904, 
            1.074358294006502
        ], 
        "WW_B0": [
            1.0011414854336256, 
            0.9991174974734296
        ], 
        "WW_B1": [
            1.0153818895052396, 
            0.987998616192161
        ]
    }, 
    "PS_FSR": {
        "ggWW_B2": [
            1.024708222996059, 
            0.9858355384290993
        ], 
        "ggWW_B3": [
            1.016879997585881, 
            0.9955630901116521
        ], 
        "ggWW_B0": [
            0.9921199669666814, 
            1.0048059147894184
        ], 
        "ggWW_B1": [
            1.0140558823895522, 
            0.9913701715203689
        ], 
        "WW_B2": [
            1.0162193372632917, 
            0.9916591231260137
        ], 
        "WW_B3": [
            1.0042999284738485, 
            1.0022633655468964
        ], 
        "WW_B0": [
            0.9960674201907698, 
            1.0024848521685317
        ], 
        "WW_B1": [
            1.006185876455109, 
            0.9952331099151213
        ]
    }, 
    "QCDscale_WW": {
        "ggWW_B2": [
            1.0, 
            1.0
        ], 
        "ggWW_B3": [
            1.0, 
            1.0
        ], 
        "ggWW_B0": [
            1.0, 
            1.0
        ], 
        "ggWW_B1": [
            1.0, 
            1.0
        ], 
        "WW_B2": [
            0.9591600191555935, 
            1.0354178371320912
        ], 
        "WW_B3": [
            0.94662251591471, 
            1.0476563206085796
        ], 
        "WW_B0": [
            0.9922830488993735, 
            1.0038375154368624
        ], 
        "WW_B1": [
            0.9716575779492105, 
            1.0233656680801642
        ]
    }, 
    "CMS_hww_WWresum": {
        "WW_B2": [
            0.9913050433274894, 
            1.0182951272923966
        ], 
        "WW_B3": [
            0.9958386354588873, 
            1.0085765914946931
        ], 
        "WW_B0": [
            0.992667192474937, 
            1.046786741969418
        ], 
        "WW_B1": [
            0.9713732840480446, 
            1.0630540645143565
        ]
    }, 
    "CMS_hww_WWqscale": {
        "WW_B2": [
            1.0681889233567794, 
            0.9249375748485831
        ], 
        "WW_B3": [
            1.0710538785748718, 
            0.9186701214038868
        ], 
        "WW_B0": [
            0.9860883466741303, 
            1.0208362175369214
        ], 
        "WW_B1": [
            1.0588667032368262, 
            0.9399523654630313
        ]
    }, 
    "pdf_WW": {
        "WW_B2": [
            0.9915575629384474, 
            1.0085874348174861
        ], 
        "WW_B3": [
            0.9898616177668251, 
            1.0103482104593065
        ], 
        "WW_B0": [
            0.9882063420965291, 
            1.0120785586815864
        ], 
        "WW_B1": [
            0.9918526309982607, 
            1.0082823273560655
        ]
    }
}