{
    "PS_ISR": {
        "ggWW_B10": [
            0.9982461229636929, 
            1.0012877560772524
        ], 
        "ggWW_B11": [
            0.9976879776961302, 
            1.0017230485615265
        ], 
        "ggWW_B6": [
            1.0027753718587729, 
            0.997690993302308
        ], 
        "ggWW_B7": [
            1.0017063911985566, 
            0.9985172409457154
        ], 
        "ggWW_B4": [
            1.002786083023202, 
            0.9976885974226456
        ], 
        "ggWW_B5": [
            1.0025716207993924, 
            0.9978222982085888
        ], 
        "ggWW_B2": [
            1.0019738317441091, 
            0.998418178270735
        ], 
        "ggWW_B3": [
            1.002644844765658, 
            0.9977815611980901
        ], 
        "ggWW_B0": [
            1.0007691274060369, 
            0.9993428643778316
        ], 
        "ggWW_B1": [
            1.0024229722737512, 
            0.9980914143189744
        ], 
        "ggWW_B8": [
            1.0008863628806735, 
            0.9991795813206534
        ], 
        "ggWW_B9": [
            0.999076693363617, 
            1.0006403200330047
        ], 
        "WW_B10": [
            0.9982179311811409, 
            1.001418911442999
        ], 
        "WW_B11": [
            0.9990995840554485, 
            1.0007412209961701
        ], 
        "WW_B8": [
            0.9988897483758431, 
            1.0007937207420028
        ], 
        "WW_B9": [
            0.9995104403148093, 
            1.0003439856713734
        ], 
        "WW_B6": [
            0.9995217284465502, 
            1.0003580970609098
        ], 
        "WW_B7": [
            1.0003384876358647, 
            0.9999126829218202
        ], 
        "WW_B4": [
            1.0011579581680061, 
            0.9992049410364024
        ], 
        "WW_B5": [
            0.9987078232202276, 
            1.0010037691629652
        ], 
        "WW_B2": [
            1.00169095586497, 
            0.9988843509093353
        ], 
        "WW_B3": [
            1.0007635010703184, 
            0.9995219743086193
        ], 
        "WW_B0": [
            0.9988954850522934, 
            1.0007557859166372
        ], 
        "WW_B1": [
            0.9993226770119917, 
            1.0005665057868722
        ]
    }, 
    "PS_FSR": {
        "ggWW_B10": [
            0.9999501758531092, 
            1.0001208497507814
        ], 
        "ggWW_B11": [
            1.0003849933613154, 
            1.0006564698091023
        ], 
        "ggWW_B6": [
            1.0006981397477124, 
            1.0000084147259816
        ], 
        "ggWW_B7": [
            0.998551557337133, 
            1.0006960931056628
        ], 
        "ggWW_B4": [
            1.0004646431482926, 
            0.999549150985701
        ], 
        "ggWW_B5": [
            1.0018007518910677, 
            0.9991632253784789
        ], 
        "ggWW_B2": [
            0.9984614825623809, 
            1.0010451218173886
        ], 
        "ggWW_B3": [
            0.999364875908391, 
            1.0002154641558132
        ], 
        "ggWW_B0": [
            0.9996262560491482, 
            0.9992346100722012
        ], 
        "ggWW_B1": [
            0.9993102952240208, 
            1.0002299357164295
        ], 
        "ggWW_B8": [
            1.0006783231551442, 
            0.9992495800187524
        ], 
        "ggWW_B9": [
            0.9999382988736539, 
            0.9996133526363276
        ], 
        "WW_B10": [
            1.0004704867816674, 
            0.9998503059108883
        ], 
        "WW_B11": [
            1.0029481496005517, 
            0.9981648080737191
        ], 
        "WW_B8": [
            0.9976596851153678, 
            1.000556246669343
        ], 
        "WW_B9": [
            0.999948357010698, 
            0.9998464987587501
        ], 
        "WW_B6": [
            1.005928709446791, 
            0.9958334382473794
        ], 
        "WW_B7": [
            0.9960531849593874, 
            1.0027780832553186
        ], 
        "WW_B4": [
            0.9962421119003921, 
            1.0000657125523638
        ], 
        "WW_B5": [
            1.0028196034476917, 
            0.9989802543811299
        ], 
        "WW_B2": [
            0.9951885536260017, 
            1.0051500132032192
        ], 
        "WW_B3": [
            1.0072832861229861, 
            0.9942963861236244
        ], 
        "WW_B0": [
            1.00907431729746, 
            0.9974088058762662
        ], 
        "WW_B1": [
            0.99863325665962, 
            0.9994648030465695
        ]
    }, 
    "QCDscale_WW": {
        "ggWW_B10": [
            1.0, 
            1.0
        ], 
        "ggWW_B11": [
            1.0, 
            1.0
        ], 
        "ggWW_B6": [
            1.0, 
            1.0
        ], 
        "ggWW_B7": [
            1.0, 
            1.0
        ], 
        "ggWW_B4": [
            1.0, 
            1.0
        ], 
        "ggWW_B5": [
            1.0, 
            1.0
        ], 
        "ggWW_B2": [
            1.0, 
            1.0
        ], 
        "ggWW_B3": [
            1.0, 
            1.0
        ], 
        "ggWW_B0": [
            1.0, 
            1.0
        ], 
        "ggWW_B1": [
            1.0, 
            1.0
        ], 
        "ggWW_B8": [
            1.0, 
            1.0
        ], 
        "ggWW_B9": [
            1.0, 
            1.0
        ], 
        "WW_B10": [
            0.9760253500275053, 
            1.0187131958872209
        ], 
        "WW_B11": [
            0.9701297048450626, 
            1.0247685025772224
        ], 
        "WW_B8": [
            0.9851749693888266, 
            1.0103536404241904
        ], 
        "WW_B9": [
            0.9804503138680913, 
            1.0146246492905469
        ], 
        "WW_B6": [
            0.9901395387053615, 
            1.0057173093272873
        ], 
        "WW_B7": [
            0.9867447664587502, 
            1.0089205566977253
        ], 
        "WW_B4": [
            0.9902161851205062, 
            1.005808725663176
        ], 
        "WW_B5": [
            0.9888640680116446, 
            1.0069710554308489
        ], 
        "WW_B2": [
            0.9910237831579346, 
            1.0050276074006934
        ], 
        "WW_B3": [
            0.9909989945083332, 
            1.0050417210799798
        ], 
        "WW_B0": [
            0.9899845997591268, 
            1.0060553886386934
        ], 
        "WW_B1": [
            0.9903885024325139, 
            1.0056154611891275
        ]
    }, 
    "CMS_hww_WWresum": {
        "WW_B10": [
            0.9852038946000279, 
            1.048704329477294
        ], 
        "WW_B11": [
            0.9840299155695088, 
            1.0495203391352734
        ], 
        "WW_B8": [
            0.9870019063473162, 
            1.0473855772510652
        ], 
        "WW_B9": [
            0.9867879122651833, 
            1.0467225246385585
        ], 
        "WW_B6": [
            0.9881165260693032, 
            1.0472428060853731
        ], 
        "WW_B7": [
            0.9874329231843821, 
            1.047877748953409
        ], 
        "WW_B4": [
            0.9880853910985576, 
            1.047664657302307
        ], 
        "WW_B5": [
            0.9877881228501405, 
            1.0479473361008071
        ], 
        "WW_B2": [
            0.9877650954378693, 
            1.0483911509412962
        ], 
        "WW_B3": [
            0.9885911964135932, 
            1.0468267208051198
        ], 
        "WW_B0": [
            0.9879063237095076, 
            1.0475179091713471
        ], 
        "WW_B1": [
            0.986939007071349, 
            1.0495613841624698
        ]
    }, 
    "CMS_hww_WWqscale": {
        "WW_B10": [
            1.0197931651175536, 
            0.9793479867780822
        ],