{
    "PS_ISR": {
        "ggWW_B10": [
            0.9982461229637443, 
            1.001287756077303
        ], 
        "ggWW_B11": [
            0.9976879776962353, 
            1.0017230485616346
        ], 
        "ggWW_B6": [
            1.002775371859089, 
            0.9976909933026229
        ], 
        "ggWW_B7": [
            1.0017063911987827, 
            0.9985172409459463
        ], 
        "ggWW_B4": [
            1.0027860830231259, 
            0.9976885974225731
        ], 
        "ggWW_B5": [
            1.0025716207993294, 
            0.9978222982085259
        ], 
        "ggWW_B2": [
            1.0019738317440665, 
            0.9984181782706951
        ], 
        "ggWW_B3": [
            1.0026448447656071, 
            0.997781561198038
        ], 
        "ggWW_B0": [
            1.0007691274060708, 
            0.9993428643778626
        ], 
        "ggWW_B1": [
            1.0024229722739566, 
            0.9980914143191807
        ], 
        "ggWW_B8": [
            1.000886362880839, 
            0.9991795813208246
        ], 
        "ggWW_B9": [
            0.9990766933635693, 
            1.0006403200329546
        ], 
        "WW_B10": [
            0.9982179311811457, 
            1.0014189114430052
        ], 
        "WW_B11": [
            0.9990995840554507, 
            1.0007412209961744
        ], 
        "WW_B8": [
            0.9988897483758449, 
            1.000793720742001
        ], 
        "WW_B9": [
            0.9995104403148038, 
            1.0003439856713705
        ], 
        "WW_B6": [
            0.9995217284465531, 
            1.0003580970609105
        ], 
        "WW_B7": [
            1.0003384876358639, 
            0.9999126829218227
        ], 
        "WW_B4": [
            1.001157958168008, 
            0.9992049410364033
        ], 
        "WW_B5": [
            0.998707823220225, 
            1.0010037691629643
        ], 
        "WW_B2": [
            1.001690955864971, 
            0.9988843509093336
        ], 
        "WW_B3": [
            1.0007635010703184, 
            0.9995219743086201
        ], 
        "WW_B0": [
            0.9988954850522921, 
            1.0007557859166363
        ], 
        "WW_B1": [
            0.9993226770119932, 
            1.0005665057868756
        ]
    }, 
    "PS_FSR": {
        "ggWW_B10": [
            0.9999501758531616, 
            1.0001208497508332
        ], 
        "ggWW_B11": [
            1.0003849933614202, 
            1.0006564698092069
        ], 
        "ggWW_B6": [
            1.0006981397480261, 
            1.000008414726298
        ], 
        "ggWW_B7": [
            0.998551557337361, 
            1.0006960931058937
        ], 
        "ggWW_B4": [
            1.0004646431482207, 
            0.9995491509856297
        ], 
        "ggWW_B5": [
            1.001800751891001, 
            0.9991632253784111
        ], 
        "ggWW_B2": [
            0.9984614825623408, 
            1.0010451218173462
        ], 
        "ggWW_B3": [
            0.9993648759083418, 
            1.0002154641557666
        ], 
        "ggWW_B0": [
            0.9996262560491808, 
            0.9992346100722426
        ], 
        "ggWW_B1": [
            0.9993102952242257, 
            1.000229935716638
        ], 
        "ggWW_B8": [
            1.0006783231553096, 
            0.9992495800189228
        ], 
        "ggWW_B9": [
            0.9999382988736046, 
            0.9996133526362855
        ], 
        "WW_B10": [
            1.000470486781671, 
            0.9998503059108909
        ], 
        "WW_B11": [
            1.0029481496005537, 
            0.9981648080737159
        ], 
        "WW_B8": [
            0.997659685115365, 
            1.0005562466693434
        ], 
        "WW_B9": [
            0.9999483570106943, 
            0.999846498758746
        ], 
        "WW_B6": [
            1.005928709446793, 
            0.9958334382473808
        ], 
        "WW_B7": [
            0.9960531849593882, 
            1.0027780832553215
        ], 
        "WW_B4": [
            0.9962421119003942, 
            1.0000657125523653
        ], 
        "WW_B5": [
            1.0028196034476902, 
            0.9989802543811256
        ], 
        "WW_B2": [
            0.9951885536260002, 
            1.005150013203218
        ], 
        "WW_B3": [
            1.0072832861229866, 
            0.9942963861236248
        ], 
        "WW_B0": [
            1.0090743172974619, 
            0.9974088058762661
        ], 
        "WW_B1": [
            0.9986332566596215, 
            0.9994648030465701
        ]
    }, 
    "QCDscale_WW": {
        "ggWW_B10": [
            1.0, 
            1.0
        ], 
        "ggWW_B11": [
            1.0, 
            1.0
        ], 
        "ggWW_B6": [
            1.0, 
            1.0
        ], 
        "ggWW_B7": [
            1.0, 
            1.0
        ], 
        "ggWW_B4": [
            1.0, 
            1.0
        ], 
        "ggWW_B5": [
            1.0, 
            1.0
        ], 
        "ggWW_B2": [
            1.0, 
            1.0
        ], 
        "ggWW_B3": [
            1.0, 
            1.0
        ], 
        "ggWW_B0": [
            1.0, 
            1.0
        ], 
        "ggWW_B1": [
            1.0, 
            1.0
        ], 
        "ggWW_B8": [
            1.0, 
            1.0
        ], 
        "ggWW_B9": [
            1.0, 
            1.0
        ], 
        "WW_B10": [
            0.9760253500275055, 
            1.0187131958872235
        ], 
        "WW_B11": [
            0.9701297048450619, 
            1.0247685025772253
        ], 
        "WW_B8": [
            0.9851749693888272, 
            1.0103536404241922
        ], 
        "WW_B9": [
            0.980450313868081, 
            1.0146246492905413
        ], 
        "WW_B6": [
            0.9901395387053638, 
            1.0057173093272898
        ], 
        "WW_B7": [
            0.9867447664587502, 
            1.0089205566977277
        ], 
        "WW_B4": [
            0.9902161851205106, 
            1.005808725663177
        ], 
        "WW_B5": [
            0.988864068011639, 
            1.006971055430845
        ], 
        "WW_B2": [
            0.9910237831579343, 
            1.0050276074006923
        ], 
        "WW_B3": [
            0.9909989945083323, 
            1.0050417210799802
        ], 
        "WW_B0": [
            0.9899845997591274, 
            1.0060553886386914
        ], 
        "WW_B1": [
            0.990388502432513, 
            1.0056154611891266
        ]
    }, 
    "CMS_hww_WWresum": {
        "WW_B10": [
            0.985203894600031, 
            1.0487043294772977
        ], 
        "WW_B11": [
            0.9840299155695091, 
            1.0495203391352774
        ], 
        "WW_B8": [
            0.9870019063473103, 
            1.0473855772510672
        ], 
        "WW_B9": [
            0.986787912265178, 
            1.046722524638553
        ], 
        "WW_B6": [
            0.9881165260693056, 
            1.0472428060853745
        ], 
        "WW_B7": [
            0.9874329231843851, 
            1.047877748953409
        ], 
        "WW_B4": [
            0.9880853910985581, 
            1.0476646573023074
        ], 
        "WW_B5": [
            0.9877881228501405, 
            1.047947336100807
        ], 
        "WW_B2": [
            0.9877650954378699, 
            1.0483911509412966
        ], 
        "WW_B3": [
            0.9885911964135927, 
            1.0468267208051192
        ], 
        "WW_B0": [
            0.9879063237095078, 
            1.0475179091713491
        ], 
        "WW_B1": [
            0.9869390070713496, 
            1.0495613841624702
        ]
    }, 
    "CMS_hww_WWqscale": {
        "WW_B10": [
            1.0197931651175576, 
            0.9793479867780835
        ], 
        "WW_B11": [
            1.023854022476612, 
            0.9745367785382772
        ],