{
    "ww2l2v_13TeV_top_1j": {
        "Vg": {
            "Wg": 0.0, 
            "Zg": 0.30974580733993606, 
            "ZgS": 0.11319320519675771, 
            "WgS": 0.5770609874633061
        }, 
        "Higgs": {
            "qqH_htt": 0.0505408430784524, 
            "qqH_hww": 0.07612854386090592, 
            "ggZH_hww": 0.0045765831270577735, 
            "WH_htt": 0.061718665936217026, 
            "ggH_htt": 0.1568162424949592, 
            "WH_hww": 0.10143407374124867, 
            "ggH_hww": 0.32968660847198356, 
            "ttH_hww": 0.1630598800940759, 
            "ZH_htt": 0.01844699475784289, 
            "ZH_hww": 0.03759156443725681
        }
    }, 
    "ww2l2v_13TeV_top_0j": {
        "Vg": {
            "Wg": 0.0, 
            "Zg": 0.13942166248481663, 
            "ZgS": 0.0, 
            "WgS": 0.8605783375151834
        }, 
        "Higgs": {
            "qqH_htt": 0.0019120930208973276, 
            "qqH_hww": 0.01691955693018911, 
            "ggZH_hww": 0.0013922378074395756, 
            "WH_htt": 0.13202846581112582, 
            "ggH_htt": 0.07039991428405452, 
            "WH_hww": 0.1733864750791794, 
            "ggH_hww": 0.5350135291413763, 
            "ttH_hww": 0.03193726515598043, 
            "ZH_htt": 0.010061598603081517, 
            "ZH_hww": 0.02694886416667586
        }
    }, 
    "ww2l2v_13TeV_sr_3j_B0": {
        "Vg": {
            "Wg": 0.6413358032575704, 
            "Zg": 0.04214214130527365, 
            "ZgS": 0.10312648937256136, 
            "WgS": 0.21339556606459464
        }, 
        "Higgs": {
            "qqH_htt": 0.0016041419244733456, 
            "qqH_hww": 0.08197143528574395, 
            "ggZH_hww": 0.022301739391274077, 
            "WH_htt": 0.015121115102578856, 
            "ggH_htt": 0.011686261125628788, 
            "WH_hww": 0.1289699912424738, 
            "ggH_hww": 0.5447656626662626, 
            "ttH_hww": 0.14132226895159786, 
            "ZH_htt": 0.003366433802602246, 
            "ZH_hww": 0.04889095050736436
        }
    }, 
    "ww2l2v_13TeV_sr_2j_B0": {
        "Vg": {
            "Wg": 0.3601690788456403, 
            "Zg": 0.11251118010217416, 
            "ZgS": 0.06768226037541909, 
            "WgS": 0.4596374806767664
        }, 
        "Higgs": {
            "qqH_htt": 0.0019080236267458935, 
            "qqH_hww": 0.13877392892959364, 
            "ggZH_hww": 0.008963416777646688, 
            "WH_htt": 0.014174576492727211, 
            "ggH_htt": 0.008576355208686812, 
            "WH_hww": 0.11362564347495212, 
            "ggH_hww": 0.650697488989231, 
            "ttH_hww": 0.017875338601393752, 
            "ZH_htt": 0.002528905225692609, 
            "ZH_hww": 0.04287632267333026
        }
    }, 
    "ww2l2v_13TeV_sr_1j_B0": {
        "Vg": {
            "Wg": 0.5161123798983546, 
            "Zg": 0.05354677089964426, 
            "ZgS": 0.04145596127519994, 
            "WgS": 0.3888848879268013
        }, 
        "Higgs": {
            "qqH_htt": 0.0015509649182984496, 
            "qqH_hww": 0.1349816067108422, 
            "ggZH_hww": 0.002735089233029182, 
            "WH_htt": 0.01450076334893144, 
            "ggH_htt": 0.006199677525257439, 
            "WH_hww": 0.07020789496879865, 
            "ggH_hww": 0.7492795570273151, 
            "ttH_hww": 0.0026971603791473378, 
            "ZH_htt": 0.0017419986341340357, 
            "ZH_hww": 0.016105287254246013
        }
    }, 
    "ww2l2v_13TeV_top_3j": {
        "Vg": {
            "Wg": 0.0, 
            "Zg": 0.10656848306338965, 
            "ZgS": 0.04311729021311325, 
            "WgS": 0.8503142267234971
        }, 
        "Higgs": {
            "qqH_htt": 0.0017654264543287325, 
            "qqH_hww": 0.0036622806839646336, 
            "ggZH_hww": 0.0018448071519697718, 
            "WH_htt": 0.003987416261362873, 
            "ggH_htt": 0.011133695361155613, 
            "WH_hww": 0.008034216364067434, 
            "ggH_hww": 0.01480020348091294, 
            "ttH_hww": 0.9488771261623112, 
            "ZH_htt": 0.0024735213901263976, 
            "ZH_hww": 0.0034213066898004844
        }
    }, 
    "ww2l2v_13TeV_top_2j": {
        "Vg": {
            "Wg": 0.5302151295749109, 
            "Zg": 0.1530729067274857, 
            "ZgS": 0.07615081192605061, 
            "WgS": 0.24056115177155296
        }, 
        "Higgs": {
            "qqH_htt": 0.021378581445740924, 
            "qqH_hww": 0.03524186911414491, 
            "ggZH_hww": 0.006983053473647108, 
            "WH_htt": 0.02900678661169813, 
            "ggH_htt": 0.06281865260227522, 
            "WH_hww": 0.06981723680506786, 
            "ggH_hww": 0.12057723955309499, 
            "ttH_hww": 0.6013072535038737, 
            "ZH_htt": 0.01898719152985215, 
            "ZH_hww": 0.033882135360604984
        }
    }, 
    "ww2l2v_13TeV_sr_0j_B0": {
        "Vg": {
            "Wg": 0.4509846932430798, 
            "Zg": 0.13428041940754204, 
            "ZgS": 0.05385497277391655, 
            "WgS": 0.3608799145754616
        }, 
        "Higgs": {
            "qqH_htt": 0.0005142652037180235, 
            "qqH_hww": 0.04002056197220877, 
            "ggZH_hww": 0.001073526905883745, 
            "WH_htt": 0.006383325181501612, 
            "ggH_htt": 0.0023292154157423346, 
            "WH_hww": 0.028795886923940067, 
            "ggH_hww": 0.9105535913525624, 
            "ttH_hww": 0.00022728785654016064, 
            "ZH_htt": 0.0015352343293332836, 
            "ZH_hww": 0.008567104858569612
        }
    }
}