{
    "QCDscale_WW": {
        "WW_B2": [
            0.9588378677992466, 
            1.035722902886715
        ], 
        "WW_B3": [
            0.947191281974749, 
            1.0470368165851214
        ], 
        "WW_B0": [
            0.9923254890755945, 
            1.00376993648007
        ], 
        "WW_B1": [
            0.9715122005764131, 
            1.0234827912777973
        ]
    }, 
    "pdf_WW_eigen22": {
        "WW_B2": [
            0.9996410691027878, 
            1.000359188745082
        ], 
        "WW_B3": [
            0.9993540274492525, 
            1.0006468081914253
        ], 
        "WW_B0": [
            1.0006888331402097, 
            0.9993121145363962
        ], 
        "WW_B1": [
            0.999880603542892, 
            1.0001194249749448
        ]
    }, 
    "pdf_WW_eigen23": {
        "WW_B2": [
            0.9999616683717618, 
            1.0000383345670865
        ], 
        "WW_B3": [
            0.999933867860389, 
            1.0000661408876903
        ], 
        "WW_B0": [
            1.0000102558436277, 
            0.9999897443667412
        ], 
        "WW_B1": [
            0.9999847712333164, 
            1.0000152292305264
        ]
    }, 
    "pdf_WW_eigen20": {
        "WW_B2": [
            1.0044594280976833, 
            0.9955799933063915
        ], 
        "WW_B3": [
            1.0040946261298553, 
            0.9959386334255451
        ], 
        "WW_B0": [
            1.0058031133271563, 
            0.9942634661845158
        ], 
        "WW_B1": [
            1.0048098992662862, 
            0.9952359301260966
        ]
    }, 
    "pdf_WW_eigen21": {
        "WW_B2": [
            1.0018295746193657, 
            0.998177095659655
        ], 
        "WW_B3": [
            1.0018279083808663, 
            0.9981787497762333
        ], 
        "WW_B0": [
            1.0022807692150524, 
            0.9977295873594612
        ], 
        "WW_B1": [
            1.001853837213532, 
            0.9981530108210082
        ]
    }, 
    "pdf_WW_eigen26": {
        "WW_B2": [
            1.0009323108228385, 
            0.9990694243486571
        ], 
        "WW_B3": [
            1.001136999562607, 
            0.9988655801072405
        ], 
        "WW_B0": [
            1.0009543857496983, 
            0.9990474324840288
        ], 
        "WW_B1": [
            1.0008320615273887, 
            0.9991693208249709
        ]
    }, 
    "pdf_WW_eigen27": {
        "WW_B2": [
            1.0021865142173063, 
            0.9978230058400487
        ], 
        "WW_B3": [
            1.0017800075017935, 
            0.9982263068723561
        ], 
        "WW_B0": [
            1.0026236491235285, 
            0.997390046083084
        ], 
        "WW_B1": [
            1.002484068902543, 
            0.9975282112844208
        ]
    }, 
    "pdf_WW_eigen24": {
        "WW_B2": [
            1.0018532044478565, 
            0.9981536389212631
        ], 
        "WW_B3": [
            1.0013583603510683, 
            0.998645319936308
        ], 
        "WW_B0": [
            1.002527360774659, 
            0.997485350080474
        ], 
        "WW_B1": [
            1.0021865451019227, 
            0.9978229752237956
        ]
    }, 
    "pdf_WW_eigen25": {
        "WW_B2": [
            0.9987888351030847, 
            1.0012141058617063
        ], 
        "WW_B3": [
            0.9990519068598082, 
            1.0009498943167674
        ], 
        "WW_B0": [
            0.9981647404469682, 
            1.0018420207253016
        ], 
        "WW_B1": [
            0.9985248863627936, 
            1.0014794784348369
        ]
    }, 
    "PS_FSR": {
        "ggWW_B2": [
            0.984460370595824, 
            1.035935732106561
        ], 
        "ggWW_B3": [
            1.0063014985544305, 
            1.023431766060174
        ], 
        "ggWW_B0": [
            1.0046991759608457, 
            0.9905990372899386
        ], 
        "ggWW_B1": [
            0.9907942079845052, 
            1.012990941277913
        ], 
        "WW_B2": [
            0.992502206561796, 
            1.0118389229898832
        ], 
        "WW_B3": [
            1.0007657514463664, 
            1.0083734498464603
        ], 
        "WW_B0": [
            1.0035106228852562, 
            0.9938351914660529
        ], 
        "WW_B1": [
            0.9953317278170081, 
            1.004384199804891
        ]
    }, 
    "pdf_WW_eigen28": {
        "WW_B2": [
            1.001761280469035, 
            0.9982449019707184
        ], 
        "WW_B3": [
            1.0014590229904772, 
            0.998545222118277
        ], 
        "WW_B0": [
            1.0021679498993394, 
            0.9978414095326347
        ], 
        "WW_B1": [
            1.001973846902661, 
            0.998033914600492
        ]
    }, 
    "pdf_WW_eigen29": {
        "WW_B2": [
            0.9989856002535658, 
            1.0010164619439026
        ], 
        "WW_B3": [
            0.9995282625937367, 
            1.0004721828989378
        ], 
        "WW_B0": [
            0.9981545647282707, 
            1.001852271767035
        ], 
        "WW_B1": [
            0.9986161399032647, 
            1.0013877008644383
        ]
    }, 
    "pdf_WW_eigen9": {
        "WW_B2": [
            1.0004700855888367, 
            0.9995303559569507
        ], 
        "WW_B3": [
            1.0012350734802098, 
            0.9987679698154093
        ], 
        "WW_B0": [
            1.000254663848283, 
            0.9997454657930333
        ], 
        "WW_B1": [
            1.0000210370326348, 
            0.9999789638524407
        ]
    }, 
    "pdf_WW_eigen8": {
        "WW_B2": [
            0.9978542814680861, 
            1.0021549664347342
        ], 
        "WW_B3": [
            0.998000890191188, 
            1.0020071347744453
        ], 
        "WW_B0": [
            0.9975401367116932, 
            1.002472024975285
        ], 
        "WW_B1": [
            0.9978054038228006, 
            1.00220427114726
        ]
    }, 
    "pdf_WW_eigen3": {
        "WW_B2": [
            1.0000504992573707, 
            0.9999495058424576
        ], 
        "WW_B3": [
            1.0000515251195894, 
            0.9999484801895417
        ], 
        "WW_B0": [
            0.9998951892518155, 
            1.0001048327233788
        ], 
        "WW_B1": [
            0.9999909034537707, 
            1.0000090967117266
        ]
    }, 
    "pdf_WW_eigen2": {
        "WW_B2": [
            0.9954257183427089, 
            1.0046165161475495
        ], 
        "WW_B3": [
            0.9953813671941714, 
            1.0046616941125481
        ], 
        "WW_B0": [
            0.9942618306789947, 
            1.0058047870226272
        ], 
        "WW_B1": [
            0.9952654404434903, 
            1.0047798202437364
        ]
    }, 
    "pdf_WW_eigen1": {
        "WW_B2": [
            0.9946953701750663, 
            1.0053615114924632
        ], 
        "WW_B3": [
            0.9962009578329671, 
            1.0038281286110655
        ], 
        "WW_B0": [
            0.99145794054736, 
            1.0086905294918294
        ], 
        "WW_B1": [
            0.9934591419183613, 
            1.006627557913113
        ]
    }, 
    "pdf_WW_eigen7": {
        "WW_B2": [
            1.0003478986656238, 
            0.9996523432330207
        ], 
        "WW_B3": [
            1.0003865354259611, 
            0.999613763162484
        ], 
        "WW_B0": [
            1.0002640739348179, 
            0.9997360654616405
        ], 
        "WW_B1": [
            1.0002960765149371, 
            0.9997040987039099
        ]
    }, 
    "pdf_WW_eigen6": {
        "WW_B2": [
            0.9994244267878074, 
            1.000576236544825
        ], 
        "WW_B3": [
            0.9994912475932376, 
            1.0005092705920449
        ],