{
    "QCDscale_WW": {
        "WW_B2": [
            0.9601511047257294, 
            1.0343960792660045
        ], 
        "WW_B3": [
            0.9482493626937094, 
            1.0459624906992413
        ], 
        "WW_B0": [
            0.9925548707340148, 
            1.0035522099451069
        ], 
        "WW_B1": [
            0.9732839358729681, 
            1.0217415582881821
        ]
    }, 
    "pdf_WW_eigen22": {
        "WW_B2": [
            0.9996779445271087, 
            1.0003222630460407
        ], 
        "WW_B3": [
            0.9994405764131208, 
            1.0005600501974614
        ], 
        "WW_B0": [
            1.0006934289583787, 
            0.9993075313971873
        ], 
        "WW_B1": [
            0.9999081001749087, 
            1.0000919167193483
        ]
    }, 
    "pdf_WW_eigen23": {
        "WW_B2": [
            0.9999624558502722, 
            1.0000375469690617
        ], 
        "WW_B3": [
            0.9999376442073149, 
            1.0000623635701467
        ], 
        "WW_B0": [
            1.0000098214243713, 
            0.9999901787685556
        ], 
        "WW_B1": [
            0.9999828360135198, 
            1.0000171645757068
        ]
    }, 
    "pdf_WW_eigen20": {
        "WW_B2": [
            1.004473845093922, 
            0.9955658304811651
        ], 
        "WW_B3": [
            1.0041167079308562, 
            0.9959169098483655
        ], 
        "WW_B0": [
            1.0057896233593073, 
            0.9942766487370307
        ], 
        "WW_B1": [
            1.0048586471308592, 
            0.9951881114065529
        ]
    }, 
    "pdf_WW_eigen21": {
        "WW_B2": [
            1.0018383794560615, 
            0.9981683550607844
        ], 
        "WW_B3": [
            1.001795794032512, 
            0.9982106326379526
        ], 
        "WW_B0": [
            1.0022720250028145, 
            0.9977382524909733
        ], 
        "WW_B1": [
            1.0018830220281345, 
            0.9981240429089114
        ]
    }, 
    "pdf_WW_eigen26": {
        "WW_B2": [
            1.0009066279253005, 
            0.999095013047578
        ], 
        "WW_B3": [
            1.001076085677127, 
            0.9989262252700896
        ], 
        "WW_B0": [
            1.0009254687407685, 
            0.9990762410792476
        ], 
        "WW_B1": [
            1.000825820224339, 
            0.9991755414846883
        ]
    }, 
    "pdf_WW_eigen27": {
        "WW_B2": [
            1.002214300810469, 
            0.997795462209155
        ], 
        "WW_B3": [
            1.0018651324926495, 
            0.9981417990891461
        ], 
        "WW_B0": [
            1.0026352977978825, 
            0.9973785189684998
        ], 
        "WW_B1": [
            1.0024869752024734, 
            0.997525333665145
        ]
    }, 
    "pdf_WW_eigen24": {
        "WW_B2": [
            1.0018880979401588, 
            0.9981190050651594
        ], 
        "WW_B3": [
            1.0014055655268637, 
            0.998598374625753
        ], 
        "WW_B0": [
            1.0025288901114935, 
            0.9974838360925625
        ], 
        "WW_B1": [
            1.0022158639246836, 
            0.9977939128531575
        ]
    }, 
    "pdf_WW_eigen25": {
        "WW_B2": [
            0.9987616468094166, 
            1.0012414278428357
        ], 
        "WW_B3": [
            0.9990265873411882, 
            1.0009753114197792
        ], 
        "WW_B0": [
            0.9981599106015668, 
            1.001846886270132
        ], 
        "WW_B1": [
            0.9984988523341755, 
            1.0015056681262084
        ]
    }, 
    "PS_FSR": {
        "ggWW_B2": [
            0.9854076134902715, 
            1.035790082531228
        ], 
        "ggWW_B3": [
            1.0063468833421876, 
            1.025704568333434
        ], 
        "ggWW_B0": [
            1.0049735684075627, 
            0.9902160903354635
        ], 
        "ggWW_B1": [
            0.9916921388316424, 
            1.0119408466106046
        ], 
        "WW_B2": [
            0.9930890675044647, 
            1.0106033361132616
        ], 
        "WW_B3": [
            1.0010328959312527, 
            1.0091383980134667
        ], 
        "WW_B0": [
            1.003695324577634, 
            0.9936180509282847
        ], 
        "WW_B1": [
            0.9949703618549326, 
            1.0051909933103003
        ]
    }, 
    "pdf_WW_eigen28": {
        "WW_B2": [
            1.001777024964931, 
            0.9982292683039228
        ], 
        "WW_B3": [
            1.0014972821722767, 
            0.9985071881488684
        ], 
        "WW_B0": [
            1.0021714071169394, 
            0.9978379821250652
        ], 
        "WW_B1": [
            1.0019877905936059, 
            0.9980200807361674
        ]
    }, 
    "pdf_WW_eigen29": {
        "WW_B2": [
            0.9989419297009291, 
            1.0010603140727208
        ], 
        "WW_B3": [
            0.9994713692414416, 
            1.0005291902510485
        ], 
        "WW_B0": [
            0.9981451033422601, 
            1.0018618035641658
        ], 
        "WW_B1": [
            0.9985781998347778, 
            1.0014258547261905
        ]
    }, 
    "pdf_WW_eigen9": {
        "WW_B2": [
            1.000406085230942, 
            0.9995942443118353
        ], 
        "WW_B3": [
            1.0010728834332916, 
            0.9989294137951175
        ], 
        "WW_B0": [
            1.000209872867742, 
            0.9997902151885408
        ], 
        "WW_B1": [
            1.0000343688797202, 
            0.9999656334825566
        ]
    }, 
    "pdf_WW_eigen8": {
        "WW_B2": [
            0.9978486848966593, 
            1.0021606114152746
        ], 
        "WW_B3": [
            0.9979852013572625, 
            1.002022950317849
        ], 
        "WW_B0": [
            0.9975481218776577, 
            1.0024639607854435
        ], 
        "WW_B1": [
            0.9977912659555486, 
            1.002218534349138
        ]
    }, 
    "pdf_WW_eigen3": {
        "WW_B2": [
            1.0000448230537058, 
            0.9999551809641403
        ], 
        "WW_B3": [
            1.0000418120609968, 
            0.9999581914352085
        ], 
        "WW_B0": [
            0.9998990197571451, 
            1.000101000641001
        ], 
        "WW_B1": [
            0.9999896104815089, 
            1.000010389734376
        ]
    }, 
    "pdf_WW_eigen2": {
        "WW_B2": [
            0.9954063349576485, 
            1.004636259892332
        ], 
        "WW_B3": [
            0.9954513769461719, 
            1.004590382896769
        ], 
        "WW_B0": [
            0.9942854309550327, 
            1.0057806367405375
        ], 
        "WW_B1": [
            0.9951958418168945, 
            1.0048507658762629
        ]
    }, 
    "pdf_WW_eigen1": {
        "WW_B2": [
            0.9945724514652101, 
            1.0054871116645314
        ], 
        "WW_B3": [
            0.996015509584414, 
            1.0040164978096429
        ], 
        "WW_B0": [
            0.9914446285676413, 
            1.0087043086189527
        ], 
        "WW_B1": [
            0.993340265168828, 
            1.006749636408543
        ]
    }, 
    "pdf_WW_eigen7": {
        "WW_B2": [
            1.0003388567976572, 
            0.9996613726946667
        ], 
        "WW_B3": [
            1.0003715833459967, 
            0.9996286925973001
        ], 
        "WW_B0": [
            1.0002579396713627, 
            0.9997421933257739
        ], 
        "WW_B1": [
            1.0002922583051261, 
            0.9997079124249091
        ]
    }, 
    "pdf_WW_eigen6": {
        "WW_B2": [
            0.9994166538747288, 
            1.0005840275056312
        ], 
        "WW_B3": [
            0.9994840735347212, 
            1.0005164593754017
        ],