{
    "QCDscale_WW": {
        "WW_B2": [
            0.958837867799247, 
            1.035722902886715
        ], 
        "WW_B3": [
            0.947191281974749, 
            1.0470368165851212
        ], 
        "WW_B0": [
            0.9923254890755944, 
            1.0037699364800698
        ], 
        "WW_B1": [
            0.9715122005764135, 
            1.0234827912777975
        ]
    }, 
    "pdf_WW_eigen22": {
        "WW_B2": [
            0.999641069102788, 
            1.000359188745082
        ], 
        "WW_B3": [
            0.9993540274492525, 
            1.0006468081914253
        ], 
        "WW_B0": [
            1.0006888331402097, 
            0.9993121145363961
        ], 
        "WW_B1": [
            0.9998806035428923, 
            1.000119424974945
        ]
    }, 
    "pdf_WW_eigen23": {
        "WW_B2": [
            0.9999616683717619, 
            1.0000383345670867
        ], 
        "WW_B3": [
            0.999933867860389, 
            1.0000661408876903
        ], 
        "WW_B0": [
            1.0000102558436277, 
            0.9999897443667413
        ], 
        "WW_B1": [
            0.999984771233317, 
            1.0000152292305267
        ]
    }, 
    "pdf_WW_eigen20": {
        "WW_B2": [
            1.0044594280976835, 
            0.9955799933063916
        ], 
        "WW_B3": [
            1.0040946261298553, 
            0.9959386334255451
        ], 
        "WW_B0": [
            1.0058031133271559, 
            0.9942634661845158
        ], 
        "WW_B1": [
            1.0048098992662864, 
            0.9952359301260969
        ]
    }, 
    "pdf_WW_eigen21": {
        "WW_B2": [
            1.001829574619366, 
            0.9981770956596552
        ], 
        "WW_B3": [
            1.0018279083808663, 
            0.9981787497762333
        ], 
        "WW_B0": [
            1.0022807692150524, 
            0.9977295873594613
        ], 
        "WW_B1": [
            1.0018538372135322, 
            0.9981530108210084
        ]
    }, 
    "pdf_WW_eigen26": {
        "WW_B2": [
            1.0009323108228387, 
            0.999069424348657
        ], 
        "WW_B3": [
            1.001136999562607, 
            0.9988655801072402
        ], 
        "WW_B0": [
            1.0009543857496983, 
            0.9990474324840286
        ], 
        "WW_B1": [
            1.000832061527389, 
            0.9991693208249711
        ]
    }, 
    "pdf_WW_eigen27": {
        "WW_B2": [
            1.002186514217306, 
            0.9978230058400488
        ], 
        "WW_B3": [
            1.0017800075017933, 
            0.9982263068723561
        ], 
        "WW_B0": [
            1.0026236491235287, 
            0.9973900460830842
        ], 
        "WW_B1": [
            1.0024840689025432, 
            0.9975282112844212
        ]
    }, 
    "pdf_WW_eigen24": {
        "WW_B2": [
            1.0018532044478565, 
            0.9981536389212633
        ], 
        "WW_B3": [
            1.0013583603510683, 
            0.998645319936308
        ], 
        "WW_B0": [
            1.0025273607746592, 
            0.997485350080474
        ], 
        "WW_B1": [
            1.0021865451019227, 
            0.9978229752237959
        ]
    }, 
    "pdf_WW_eigen25": {
        "WW_B2": [
            0.9987888351030848, 
            1.0012141058617066
        ], 
        "WW_B3": [
            0.9990519068598082, 
            1.0009498943167674
        ], 
        "WW_B0": [
            0.9981647404469683, 
            1.0018420207253018
        ], 
        "WW_B1": [
            0.9985248863627938, 
            1.0014794784348373
        ]
    }, 
    "PS_FSR": {
        "ggWW_B2": [
            0.9844603705958238, 
            1.035935732106561
        ], 
        "ggWW_B3": [
            1.0063014985544305, 
            1.023431766060174
        ], 
        "ggWW_B0": [
            1.0046991759608457, 
            0.9905990372899386
        ], 
        "ggWW_B1": [
            0.9907942079845055, 
            1.0129909412779132
        ], 
        "WW_B2": [
            0.9925022065617962, 
            1.0118389229898832
        ], 
        "WW_B3": [
            1.0007657514463664, 
            1.0083734498464603
        ], 
        "WW_B0": [
            1.0035106228852562, 
            0.9938351914660529
        ], 
        "WW_B1": [
            0.9953317278170084, 
            1.0043841998048912
        ]
    }, 
    "pdf_WW_eigen28": {
        "WW_B2": [
            1.001761280469035, 
            0.9982449019707187
        ], 
        "WW_B3": [
            1.0014590229904772, 
            0.998545222118277
        ], 
        "WW_B0": [
            1.0021679498993394, 
            0.9978414095326348
        ], 
        "WW_B1": [
            1.0019738469026611, 
            0.9980339146004922
        ]
    }, 
    "pdf_WW_eigen29": {
        "WW_B2": [
            0.9989856002535659, 
            1.0010164619439028
        ], 
        "WW_B3": [
            0.9995282625937367, 
            1.000472182898938
        ], 
        "WW_B0": [
            0.9981545647282706, 
            1.0018522717670348
        ], 
        "WW_B1": [
            0.998616139903265, 
            1.0013877008644385
        ]
    }, 
    "pdf_WW_eigen9": {
        "WW_B2": [
            1.0004700855888367, 
            0.9995303559569508
        ], 
        "WW_B3": [
            1.00123507348021, 
            0.9987679698154093
        ], 
        "WW_B0": [
            1.000254663848283, 
            0.9997454657930333
        ], 
        "WW_B1": [
            1.000021037032635, 
            0.9999789638524409
        ]
    }, 
    "pdf_WW_eigen8": {
        "WW_B2": [
            0.9978542814680862, 
            1.0021549664347342
        ], 
        "WW_B3": [
            0.9980008901911879, 
            1.0020071347744453
        ], 
        "WW_B0": [
            0.9975401367116932, 
            1.002472024975285
        ], 
        "WW_B1": [
            0.9978054038228006, 
            1.0022042711472605
        ]
    }, 
    "pdf_WW_eigen3": {
        "WW_B2": [
            1.0000504992573707, 
            0.9999495058424577
        ], 
        "WW_B3": [
            1.0000515251195894, 
            0.9999484801895417
        ], 
        "WW_B0": [
            0.9998951892518153, 
            1.0001048327233788
        ], 
        "WW_B1": [
            0.999990903453771, 
            1.000009096711727
        ]
    }, 
    "pdf_WW_eigen2": {
        "WW_B2": [
            0.9954257183427089, 
            1.0046165161475495
        ], 
        "WW_B3": [
            0.9953813671941713, 
            1.0046616941125484
        ], 
        "WW_B0": [
            0.9942618306789947, 
            1.0058047870226272
        ], 
        "WW_B1": [
            0.9952654404434907, 
            1.0047798202437366
        ]
    }, 
    "pdf_WW_eigen1": {
        "WW_B2": [
            0.9946953701750665, 
            1.0053615114924634
        ], 
        "WW_B3": [
            0.9962009578329671, 
            1.0038281286110653
        ], 
        "WW_B0": [
            0.99145794054736, 
            1.0086905294918291
        ], 
        "WW_B1": [
            0.9934591419183616, 
            1.0066275579131132
        ]
    }, 
    "pdf_WW_eigen7": {
        "WW_B2": [
            1.0003478986656238, 
            0.9996523432330208
        ], 
        "WW_B3": [
            1.0003865354259611, 
            0.999613763162484
        ], 
        "WW_B0": [
            1.0002640739348179, 
            0.9997360654616405
        ], 
        "WW_B1": [
            1.0002960765149373, 
            0.99970409870391
        ]
    }, 
    "pdf_WW_eigen6": {
        "WW_B2": [
            0.9994244267878076, 
            1.000576236544825
        ], 
        "WW_B3": [
            0.9994912475932374, 
            1.0005092705920449
        ],