{
    "ww2l2v_13TeV_sr_2j_B5": {
        "Vg": {
            "Wg": 0.0, 
            "Zg": 0.09399821718644864, 
            "ZgS": 0.04017810692069529, 
            "WgS": 0.8658236758928561
        }, 
        "Higgs": {
            "qqH_htt": 0.004486932590533346, 
            "qqH_hww": 0.16676451031698286, 
            "ggZH_hww": 0.024721738681281195, 
            "WH_htt": 0.013176048177625209, 
            "ggH_htt": 0.00397300440475541, 
            "WH_hww": 0.0843019874793205, 
            "ggH_hww": 0.5230539506600604, 
            "ttH_hww": 0.13123525672743566, 
            "ZH_htt": 0.004659564397532733, 
            "ZH_hww": 0.043627006564472694
        }
    }, 
    "ww2l2v_13TeV_sr_2j_B4": {
        "Vg": {
            "Wg": 0.4166857634899604, 
            "Zg": 0.048173364527475955, 
            "ZgS": 0.010497483295725016, 
            "WgS": 0.5246433886868386
        }, 
        "Higgs": {
            "qqH_htt": 0.00457736911084239, 
            "qqH_hww": 0.14182932095355405, 
            "ggZH_hww": 0.024088825880062267, 
            "WH_htt": 0.01421806965636089, 
            "ggH_htt": 0.017082172547356046, 
            "WH_hww": 0.10736328732421747, 
            "ggH_hww": 0.509388540867705, 
            "ttH_hww": 0.13282893175909605, 
            "ZH_htt": 0.0032861387352593435, 
            "ZH_hww": 0.04533734316554657
        }
    }, 
    "ww2l2v_13TeV_sr_2j_B7": {
        "Vg": {
            "Wg": 0.8317929553477855, 
            "Zg": 0.01556305887425577, 
            "ZgS": 0.11449450003041965, 
            "WgS": 0.038149485747539076
        }, 
        "Higgs": {
            "qqH_htt": 0.008953603416126544, 
            "qqH_hww": 0.10218888397729481, 
            "ggZH_hww": 0.05731867978822731, 
            "WH_htt": 0.02862839311755062, 
            "ggH_htt": 0.04655348475088495, 
            "WH_hww": 0.117503050409189, 
            "ggH_hww": 0.456499595434592, 
            "ttH_hww": 0.14947585496716417, 
            "ZH_htt": 0.00800421050364333, 
            "ZH_hww": 0.024874243635327246
        }
    }, 
    "ww2l2v_13TeV_sr_2j_B6": {
        "Vg": {
            "Wg": 0.48871198699299273, 
            "Zg": 0.030245042885865565, 
            "ZgS": 0.024368300231379446, 
            "WgS": 0.4566746698897623
        }, 
        "Higgs": {
            "qqH_htt": 0.0031299775348701993, 
            "qqH_hww": 0.1546591775431237, 
            "ggZH_hww": 0.03591474928531554, 
            "WH_htt": 0.014115049490711476, 
            "ggH_htt": 0.016801742865378683, 
            "WH_hww": 0.09578503083410246, 
            "ggH_hww": 0.4795081930963631, 
            "ttH_hww": 0.13796581336439406, 
            "ZH_htt": 0.004503863574316934, 
            "ZH_hww": 0.05761640241142398
        }
    }, 
    "ww2l2v_13TeV_sr_2j_B1": {
        "Vg": {
            "Wg": 0.16448912861670867, 
            "Zg": 0.1962897402011453, 
            "ZgS": 0.15575775784180598, 
            "WgS": 0.48346337334034
        }, 
        "Higgs": {
            "qqH_htt": 0.001124024850281226, 
            "qqH_hww": 0.11799157988252246, 
            "ggZH_hww": 0.010121918528947976, 
            "WH_htt": 0.014577736404046334, 
            "ggH_htt": 0.008961411956129576, 
            "WH_hww": 0.12123093647992382, 
            "ggH_hww": 0.6327213631108464, 
            "ttH_hww": 0.03831400178880256, 
            "ZH_htt": 0.00293041172222051, 
            "ZH_hww": 0.052026615276279276
        }
    }, 
    "ww2l2v_13TeV_sr_2j_B0": {
        "Vg": {
            "Wg": 0.5203698746627325, 
            "Zg": 0.09192253536207236, 
            "ZgS": 0.0657459030420499, 
            "WgS": 0.3219616869331452
        }, 
        "Higgs": {
            "qqH_htt": 0.0011034801024853483, 
            "qqH_hww": 0.09950033045109495, 
            "ggZH_hww": 0.005871292285947731, 
            "WH_htt": 0.014227590014275936, 
            "ggH_htt": 0.006705942611287956, 
            "WH_hww": 0.12058348537641524, 
            "ggH_hww": 0.6944718829426418, 
            "ttH_hww": 0.017195290267238393, 
            "ZH_htt": 0.0021276672840439327, 
            "ZH_hww": 0.038213038664568745
        }
    }, 
    "ww2l2v_13TeV_sr_2j_B3": {
        "Vg": {
            "Wg": 0.0, 
            "Zg": -0.04269270595525525, 
            "ZgS": 0.1553349690057198, 
            "WgS": 0.8873577369495355
        }, 
        "Higgs": {
            "qqH_htt": 0.002376709727904366, 
            "qqH_hww": 0.15903049297228286, 
            "ggZH_hww": 0.02146646257771889, 
            "WH_htt": 0.015403613996734502, 
            "ggH_htt": 0.011535908081045801, 
            "WH_hww": 0.12665282788409787, 
            "ggH_hww": 0.5092749049119192, 
            "ttH_hww": 0.10765732113035757, 
            "ZH_htt": 0.003102973674436549, 
            "ZH_hww": 0.04349878504350255
        }
    }, 
    "ww2l2v_13TeV_sr_2j_B2": {
        "Vg": {
            "Wg": 0.5597383524061365, 
            "Zg": 0.10347835922760566, 
            "ZgS": 0.07833468467097256, 
            "WgS": 0.2584486036952854
        }, 
        "Higgs": {
            "qqH_htt": 0.002237905100745907, 
            "qqH_hww": 0.14491088594082888, 
            "ggZH_hww": 0.016364645733950384, 
            "WH_htt": 0.013587734578311429, 
            "ggH_htt": 0.010399933519903317, 
            "WH_hww": 0.1148380997533282, 
            "ggH_hww": 0.5752035681279916, 
            "ttH_hww": 0.07310068469621349, 
            "ZH_htt": 0.0026727987104081105, 
            "ZH_hww": 0.046683743838318865
        }
    }, 
    "ww2l2v_13TeV_top_2j": {
        "Vg": {
            "Wg": 0.29866831624555346, 
            "Zg": 0.1327642612277377, 
            "ZgS": 0.061724956723070906, 
            "WgS": 0.5068424658036379
        }, 
        "Higgs": {
            "qqH_htt": 0.004821976065202648, 
            "qqH_hww": 0.008583700963878301, 
            "ggZH_hww": 0.0026455607687118983, 
            "WH_htt": 0.007886480269275522, 
            "ggH_htt": 0.019188372745418944, 
            "WH_hww": 0.01766259421404831, 
            "ggH_hww": 0.0312846884394721, 
            "ttH_hww": 0.8947112074464896, 
            "ZH_htt": 0.005047041665766897, 
            "ZH_hww": 0.008168377421735831
        }
    }
}