{
    "ww2l2v_13TeV_sr_2j_B11": {
        "Vg": {
            "Wg": 0.5714136430471599, 
            "Zg": 0.1677372224189028, 
            "ZgS": 0.09284627651708142, 
            "WgS": 0.16800285801685577
        }, 
        "Higgs": {
            "qqH_htt": 0.009459077599559728, 
            "qqH_hww": 0.3004359282844301, 
            "ggZH_hww": 0.014185600040536673, 
            "WH_htt": 0.011784816050983929, 
            "ggH_htt": 0.015083106369161907, 
            "WH_hww": 0.05774088186469888, 
            "ggH_hww": 0.50869014249733, 
            "ttH_hww": 0.06225597100948711, 
            "ZH_htt": 0.0025165970956464692, 
            "ZH_hww": 0.017847879188165185
        }
    }, 
    "ww2l2v_13TeV_sr_2j_B10": {
        "Vg": {
            "Wg": 0.6712431084636636, 
            "Zg": 0.04123260945844213, 
            "ZgS": 0.061513899104859854, 
            "WgS": 0.22601038297303436
        }, 
        "Higgs": {
            "qqH_htt": 0.0037027378790348443, 
            "qqH_hww": 0.19281897904920103, 
            "ggZH_hww": 0.013103243305196731, 
            "WH_htt": 0.012008952206834683, 
            "ggH_htt": 0.004708006199276151, 
            "WH_hww": 0.08292280474550885, 
            "ggH_hww": 0.5845335613639788, 
            "ttH_hww": 0.07793517177058104, 
            "ZH_htt": 0.003216514516503295, 
            "ZH_hww": 0.025050028963884495
        }
    }, 
    "ww2l2v_13TeV_sr_2j_B9": {
        "Vg": {
            "Wg": 0.4619438358149956, 
            "Zg": 0.00586636363608876, 
            "ZgS": 0.1814372947665798, 
            "WgS": 0.3507525057823358
        }, 
        "Higgs": {
            "qqH_htt": 0.003378188836761476, 
            "qqH_hww": 0.16445098039168876, 
            "ggZH_hww": 0.01341228839155955, 
            "WH_htt": 0.01605465468348715, 
            "ggH_htt": 0.02529645207280528, 
            "WH_hww": 0.08571075064210837, 
            "ggH_hww": 0.592310884314461, 
            "ttH_hww": 0.070710880265703, 
            "ZH_htt": 0.0036735210851574006, 
            "ZH_hww": 0.02500139931626804
        }
    }, 
    "ww2l2v_13TeV_sr_2j_B5": {
        "Vg": {
            "Wg": 0.7191397634162868, 
            "Zg": 0.02634185546506839, 
            "ZgS": 0.024969185225203944, 
            "WgS": 0.22954919589344083
        }, 
        "Higgs": {
            "qqH_htt": 0.0018355072159189092, 
            "qqH_hww": 0.0640064471312953, 
            "ggZH_hww": 0.011229597563270848, 
            "WH_htt": 0.018659367899172868, 
            "ggH_htt": 0.012728784152557368, 
            "WH_hww": 0.10231080612690198, 
            "ggH_hww": 0.6697524196479244, 
            "ttH_hww": 0.07075220136181144, 
            "ZH_htt": 0.002649208775122529, 
            "ZH_hww": 0.0460756601260245
        }
    }, 
    "ww2l2v_13TeV_sr_2j_B4": {
        "Vg": {
            "Wg": 0.7152747683384462, 
            "Zg": 0.12303957323282941, 
            "ZgS": 0.037928452372046534, 
            "WgS": 0.12375720605667793
        }, 
        "Higgs": {
            "qqH_htt": 0.0018340904585853952, 
            "qqH_hww": 0.05542309503429144, 
            "ggZH_hww": 0.02419916253896852, 
            "WH_htt": 0.015677657058105907, 
            "ggH_htt": 0.005431340252576982, 
            "WH_hww": 0.20143503177795213, 
            "ggH_hww": 0.5582270417238948, 
            "ttH_hww": 0.040914516061848066, 
            "ZH_htt": 0.0033222146511879664, 
            "ZH_hww": 0.09353585044258879
        }
    }, 
    "ww2l2v_13TeV_sr_2j_B7": {
        "Vg": {
            "Wg": 0.05561837813382968, 
            "Zg": 0.058483706001742686, 
            "ZgS": 0.036057596371164, 
            "WgS": 0.8498403194932636
        }, 
        "Higgs": {
            "qqH_htt": 0.002987354026619829, 
            "qqH_hww": 0.08430623233059599, 
            "ggZH_hww": 0.008068857103263813, 
            "WH_htt": 0.013731288219759807, 
            "ggH_htt": 0.0037671479795548485, 
            "WH_hww": 0.08585287313042644, 
            "ggH_hww": 0.7230943483702696, 
            "ttH_hww": 0.055082615045878615, 
            "ZH_htt": 0.0023268375172940574, 
            "ZH_hww": 0.020782446276336696
        }
    }, 
    "ww2l2v_13TeV_sr_2j_B6": {
        "Vg": {
            "Wg": 0.15270637243057528, 
            "Zg": 0.24086552851342669, 
            "ZgS": 0.25193880720987777, 
            "WgS": 0.35448929184612027
        }, 
        "Higgs": {
            "qqH_htt": 0.0008257862300522014, 
            "qqH_hww": 0.08584612027844607, 
            "ggZH_hww": 0.007096855079695595, 
            "WH_htt": 0.01814365292805669, 
            "ggH_htt": 0.0037292640050305783, 
            "WH_hww": 0.09542916884639274, 
            "ggH_hww": 0.7155273694064651, 
            "ttH_hww": 0.04725635155922297, 
            "ZH_htt": 0.002620246339267424, 
            "ZH_hww": 0.023525185327370877
        }
    }, 
    "ww2l2v_13TeV_sr_2j_B1": {
        "Vg": {
            "Wg": 0.0, 
            "Zg": 0.0743489099857287, 
            "ZgS": -0.019195194036100306, 
            "WgS": 0.9448462840503716
        }, 
        "Higgs": {
            "qqH_htt": 0.0018106869954773667, 
            "qqH_hww": 0.08111543567121297, 
            "ggZH_hww": 0.007341158097489886, 
            "WH_htt": 0.010410594979120094, 
            "ggH_htt": 0.00287719726877341, 
            "WH_hww": 0.08571731558509406, 
            "ggH_hww": 0.767598004451724, 
            "ttH_hww": 0.020272187794292004, 
            "ZH_htt": 0.0025088506167714455, 
            "ZH_hww": 0.020348568540044836
        }
    }, 
    "ww2l2v_13TeV_sr_2j_B0": {
        "Vg": {
            "Wg": 0.10609274402847454, 
            "Zg": 0.21986260525738724, 
            "ZgS": 0.1982873334847457, 
            "WgS": 0.4757573172293926
        }, 
        "Higgs": {
            "qqH_htt": 0.003012874980353921, 
            "qqH_hww": 0.10314937428113857, 
            "ggZH_hww": 0.0033644134259407563, 
            "WH_htt": 0.007002188464985594, 
            "ggH_htt": 0.004258851230177389, 
            "WH_hww": 0.14252646487536985, 
            "ggH_hww": 0.7115126042556438, 
            "ttH_hww": 0.008838176194668852, 
            "ZH_htt": 0.002501165047796698, 
            "ZH_hww": 0.01383388724392453
        }
    }, 
    "ww2l2v_13TeV_sr_2j_B3": {
        "Vg": {
            "Wg": 0.8231142693365325, 
            "Zg": 0.012551932544103306, 
            "ZgS": 0.020761506468833936, 
            "WgS": 0.1435722916505304
        }, 
        "Higgs": {
            "qqH_htt": 0.002706779460277671, 
            "qqH_hww": 0.05393435860268642, 
            "ggZH_hww": 0.021079818398596618, 
            "WH_htt": 0.01441408076930857, 
            "ggH_htt": 0.011400732975609701, 
            "WH_hww": 0.2595315843178158, 
            "ggH_hww": 0.5220505922930362, 
            "ttH_hww": 0.041859166547566766, 
            "ZH_htt": 0.0032284984778497656, 
            "ZH_hww": 0.0697943881572524
        }
    }, 
    "ww2l2v_13TeV_sr_2j_B2": {
        "Vg": {
            "Wg": 0.20414751306093556, 
            "Zg": 0.007534098028777495, 
            "ZgS": -0.062073853174029976, 
            "WgS": 0.850392242084317
        }, 
        "Higgs": {
            "qqH_htt": 0.0002965240959817427, 
            "qqH_hww": 0.09015691682993036, 
            "ggZH_hww": 0.011149472057511425, 
            "WH_htt": 0.012690871518685221, 
            "ggH_htt": 0.012102753011317396, 
            "WH_hww": 0.15713318459490355, 
            "ggH_hww": 0.6477202808878723, 
            "ttH_hww": 0.031055606980484395, 
            "ZH_htt": 0.0028565309295744456, 
            "ZH_hww": 0.03483785909373923
        }
    }, 
    "ww2l2v_13TeV_top_2j": {
        "Vg": {
            "Wg": 0.7671740021417475, 
            "Zg": 0.12973139303079198, 
            "ZgS": -0.0027121162867088347, 
            "WgS": 0.10580672111416944
        },