{
  "ggWW": {
    "CMS_PU_2016": [
      0.9985943496457729, 
      1.0013677446520328
    ]
  }, 
  "Vg": {
    "CMS_PU_2016": [
      0.9967483546341074, 
      1.0031985696176036
    ]
  }, 
  "VVV": {
    "CMS_PU_2016": [
      0.9973210715009425, 
      1.0025700046163946
    ]
  }, 
  "top": {
    "CMS_PU_2016": [
      0.998057279188234, 
      1.0018943944769423
    ]
  }, 
  "Wjets_HT": {
    "CMS_PU_2016": [
      0.9976023508503975, 
      1.002400654916957
    ]
  }, 
  "VBS": {
    "QCDscale_VBS": [
      1.051090663883214, 
      1.0569991733658741
    ], 
    "CMS_PU_2016": [
      0.9982469104689934, 
      1.0017239864353633
    ]
  }, 
  "VBF-V": {
    "CMS_PU_2016": [
      0.9980253176139439, 
      1.001912606210892
    ]
  }, 
  "VV": {
    "CMS_PU_2016": [
      0.9980076754381956, 
      1.0019387338500314
    ]
  }, 
  "DY": {
    "CMS_PU_2016": [
      0.9940928369285682, 
      1.0058793216647928
    ]
  }, 
  "VgS": {
    "CMS_PU_2016": [
      0.9963266367506513, 
      1.0038280718561263
    ]
  }
}