{
  "VBS": {
    "pdf_weight_34": 0.9713862409719456, 
    "pdf_weight_35": 0.9706282570315051, 
    "pdf_weight_36": 0.9699586729532889, 
    "pdf_weight_37": 0.9707722144222009, 
    "pdf_weight_30": 0.9696494633267846, 
    "pdf_weight_31": 0.9712167306660205, 
    "pdf_weight_32": 0.9705859657639982, 
    "pdf_weight_33": 0.9698155178505218, 
    "pdf_weight_38": 0.9701712532564547, 
    "pdf_weight_39": 0.9718597409362193, 
    "pdf_weight_41": 0.9700834654039134, 
    "pdf_weight_40": 0.9713293871727517, 
    "pdf_weight_43": 0.9713856973155393, 
    "pdf_weight_42": 0.9716023514499629, 
    "pdf_weight_45": 0.9716333951154553, 
    "pdf_weight_44": 0.9707996423097804, 
    "pdf_weight_47": 0.9709272605658245, 
    "pdf_weight_46": 0.9725879200338476, 
    "pdf_weight_49": 0.971596309316769, 
    "pdf_weight_48": 0.9698760450358715, 
    "pdf_weight_52": 0.9701043065729792, 
    "pdf_weight_53": 0.9700184057714158, 
    "pdf_weight_50": 0.9711045713854299, 
    "pdf_weight_51": 0.9701629591651951, 
    "pdf_weight_56": 0.9704317384357853, 
    "pdf_weight_57": 0.9705252452857172, 
    "pdf_weight_54": 0.9705409042059895, 
    "pdf_weight_55": 0.9704911256629251, 
    "pdf_weight_58": 0.9700436884362308, 
    "pdf_weight_59": 0.9700193854747283, 
    "pdf_weight_69": 0.9704458572882256, 
    "pdf_weight_68": 0.9700858085609756, 
    "pdf_weight_67": 0.9702220498645164, 
    "pdf_weight_66": 0.9708519261765352, 
    "pdf_weight_65": 0.970013675624267, 
    "pdf_weight_64": 0.9699815637207129, 
    "pdf_weight_63": 0.9704346688509391, 
    "pdf_weight_62": 0.9700002324366865, 
    "pdf_weight_61": 0.9706553114480664, 
    "pdf_weight_60": 0.970364023570399, 
    "pdf_weight_78": 0.970403830521447, 
    "pdf_weight_79": 0.9707576096916684, 
    "pdf_weight_70": 0.9706672981399314, 
    "pdf_weight_71": 0.9706949834672228, 
    "pdf_weight_72": 0.9704093274578008, 
    "pdf_weight_73": 0.9702075467759161, 
    "pdf_weight_74": 0.9705725199999649, 
    "pdf_weight_75": 0.9706904324421999, 
    "pdf_weight_76": 0.9707333520827193, 
    "pdf_weight_77": 0.9699406811479635, 
    "pdf_weight_85": 0.9703563369975097, 
    "pdf_weight_84": 0.9703797081032071, 
    "pdf_weight_87": 0.9704792993687118, 
    "pdf_weight_86": 0.970535854181251, 
    "pdf_weight_81": 0.970410324696169, 
    "pdf_weight_80": 0.9704656886893182, 
    "pdf_weight_83": 0.9704207842799067, 
    "pdf_weight_82": 0.9704717009042966, 
    "pdf_weight_89": 0.9704389547698505, 
    "pdf_weight_88": 0.9702898427467656, 
    "pdf_weight_96": 0.970589552266913, 
    "pdf_weight_97": 0.9703721154095901, 
    "pdf_weight_94": 0.9704683284179603, 
    "pdf_weight_95": 0.9703461714707409, 
    "pdf_weight_92": 0.9702440603457452, 
    "pdf_weight_93": 0.9704967920511592, 
    "pdf_weight_90": 0.9702770208970225, 
    "pdf_weight_91": 0.9703544420870535, 
    "pdf_weight_98": 0.9705754188949747, 
    "pdf_weight_99": 0.9705357341954516, 
    "pdf_weight_18": 0.9723522727780475, 
    "pdf_weight_19": 0.9719383996207998, 
    "pdf_weight_16": 0.9695233362333481, 
    "pdf_weight_17": 0.9693378570987858, 
    "pdf_weight_14": 0.9687546902770058, 
    "pdf_weight_15": 0.9691491515587146, 
    "pdf_weight_12": 0.9698821743119955, 
    "pdf_weight_13": 0.9691520684200199, 
    "pdf_weight_10": 0.9710343505827228, 
    "pdf_weight_11": 0.9701256857677693, 
    "pdf_weight_8": 0.9705427565985725, 
    "pdf_weight_9": 0.9700529039489348, 
    "pdf_weight_4": 0.9692478299492056, 
    "pdf_weight_5": 0.9711007433930351, 
    "pdf_weight_6": 0.9694829625735071, 
    "pdf_weight_7": 0.9704762236540373, 
    "pdf_weight_0": 0.970440562455491, 
    "pdf_weight_1": 0.9703861970297888, 
    "pdf_weight_2": 0.971132817075264, 
    "pdf_weight_3": 0.9703866485068032, 
    "pdf_weight_102": 0.9504706760797884, 
    "pdf_weight_101": 0.9934098694190379, 
    "pdf_weight_100": 0.970440562455491, 
    "pdf_weight_29": 0.9711384033823283, 
    "pdf_weight_28": 0.9705201190773676, 
    "pdf_weight_23": 0.9699952238391306, 
    "pdf_weight_22": 0.9701872239138613, 
    "pdf_weight_21": 0.9717496278982518, 
    "pdf_weight_20": 0.9705991891091207, 
    "pdf_weight_27": 0.9707961287381549, 
    "pdf_weight_26": 0.9704306389626284, 
    "pdf_weight_25": 0.9704112144663215, 
    "pdf_weight_24": 0.9715879857710724
  }
}