{
    "ww2l2v_13TeV_sr_2j_B11": {
        "Vg": {
            "Wg": 0.6184552503507107, 
            "Zg": 0.041211738416998794, 
            "ZgS": 0.08248298497570891, 
            "WgS": 0.2578500262565815
        }, 
        "Higgs": {
            "qqH_htt": 0.0022125842670902957, 
            "qqH_hww": 0.10598740909212251, 
            "ggZH_hww": 0.01737166772234731, 
            "WH_htt": 0.01045557749033211, 
            "ggH_htt": 0.014720722368903283, 
            "WH_hww": 0.11823048550618373, 
            "ggH_hww": 0.6356549717826797, 
            "ttH_hww": 0.04546850081477908, 
            "ZH_htt": 0.0025934199162180606, 
            "ZH_hww": 0.04730466103934406
        }
    }, 
    "ww2l2v_13TeV_sr_2j_B10": {
        "Vg": {
            "Wg": 0.5973981132100867, 
            "Zg": 0.048275025704716784, 
            "ZgS": 0.017064217414435316, 
            "WgS": 0.33726264367076114
        }, 
        "Higgs": {
            "qqH_htt": 0.0010016932804738914, 
            "qqH_hww": 0.10639310857068923, 
            "ggZH_hww": 0.01287118212073795, 
            "WH_htt": 0.009934783517689167, 
            "ggH_htt": 0.003024836928918071, 
            "WH_hww": 0.1094505300940208, 
            "ggH_hww": 0.6679264181573586, 
            "ttH_hww": 0.03586004028235159, 
            "ZH_htt": 0.002862334654854959, 
            "ZH_hww": 0.050675072392905814
        }
    }, 
    "ww2l2v_13TeV_sr_2j_B13": {
        "Vg": {
            "Wg": 0.4500530137876531, 
            "Zg": 0.017852526076157362, 
            "ZgS": 0.0784842684472663, 
            "WgS": 0.4536101916889233
        }, 
        "Higgs": {
            "qqH_htt": 0.0010652891792471174, 
            "qqH_hww": 0.1245224136612587, 
            "ggZH_hww": 0.01572347358593086, 
            "WH_htt": 0.008958461602312623, 
            "ggH_htt": 0.005740232160135604, 
            "WH_hww": 0.12284243618963613, 
            "ggH_hww": 0.631778394083564, 
            "ttH_hww": 0.04015955086272139, 
            "ZH_htt": 0.0018937810083321366, 
            "ZH_hww": 0.04731596766686147
        }
    }, 
    "ww2l2v_13TeV_sr_2j_B12": {
        "Vg": {
            "Wg": 0.6112530381982084, 
            "Zg": 0.041871722796020173, 
            "ZgS": -0.011030643262756195, 
            "WgS": 0.35790588226852754
        }, 
        "Higgs": {
            "qqH_htt": 0.003742357731515572, 
            "qqH_hww": 0.11353325742620184, 
            "ggZH_hww": 0.018370093952202297, 
            "WH_htt": 0.009402063563614301, 
            "ggH_htt": 0.008881899973202377, 
            "WH_hww": 0.13318373206204517, 
            "ggH_hww": 0.6340424909459086, 
            "ttH_hww": 0.035142501289827446, 
            "ZH_htt": 0.0022731248568020205, 
            "ZH_hww": 0.041428478198680375
        }
    }, 
    "ww2l2v_13TeV_top_2j": {
        "Vg": {
            "Wg": 0.5431061054664561, 
            "Zg": 0.16168387463353434, 
            "ZgS": 0.031119735701200517, 
            "WgS": 0.2640902841988091
        }, 
        "Higgs": {
            "qqH_htt": 0.004140216392707613, 
            "qqH_hww": 0.006748959739769971, 
            "ggZH_hww": 0.0029269348311439067, 
            "WH_htt": 0.007091249557085688, 
            "ggH_htt": 0.020387355416552563, 
            "WH_hww": 0.018709270688561, 
            "ggH_hww": 0.04115756847665371, 
            "ttH_hww": 0.884913987579195, 
            "ZH_htt": 0.004691542618350568, 
            "ZH_hww": 0.009232914699979949
        }
    }, 
    "ww2l2v_13TeV_sr_2j_B5": {
        "Vg": {
            "Wg": 0.6168082899541077, 
            "Zg": 0.10988239573283573, 
            "ZgS": -0.01575340398374873, 
            "WgS": 0.2890627182968053
        }, 
        "Higgs": {
            "qqH_htt": 0.002796543113326586, 
            "qqH_hww": 0.1179983798174366, 
            "ggZH_hww": 0.012810739864026345, 
            "WH_htt": 0.016088405245560464, 
            "ggH_htt": 0.0058459875664513975, 
            "WH_hww": 0.12983318331513713, 
            "ggH_hww": 0.5874428980570316, 
            "ttH_hww": 0.07757588021148458, 
            "ZH_htt": 0.0034495352766851202, 
            "ZH_hww": 0.0461584475328602
        }
    }, 
    "ww2l2v_13TeV_sr_2j_B4": {
        "Vg": {
            "Wg": 0.2602978173402637, 
            "Zg": 0.05568400250074025, 
            "ZgS": 0.05934425367336076, 
            "WgS": 0.6246739264856354
        }, 
        "Higgs": {
            "qqH_htt": 0.0006742814690608232, 
            "qqH_hww": 0.10668985051319456, 
            "ggZH_hww": 0.008982837047462708, 
            "WH_htt": 0.012045465969138797, 
            "ggH_htt": 0.007743434472014435, 
            "WH_hww": 0.10307994984770112, 
            "ggH_hww": 0.6693454878244637, 
            "ttH_hww": 0.05032056266738815, 
            "ZH_htt": 0.0025010453610127656, 
            "ZH_hww": 0.03861708482856287
        }
    }, 
    "ww2l2v_13TeV_sr_2j_B7": {
        "Vg": {
            "Wg": 0.49445673183860434, 
            "Zg": 0.1326744576371381, 
            "ZgS": 0.08507877681502075, 
            "WgS": 0.2877900337092368
        }, 
        "Higgs": {
            "qqH_htt": 0.0011753287295785016, 
            "qqH_hww": 0.14083468079102957, 
            "ggZH_hww": 0.012149567453817855, 
            "WH_htt": 0.018291752292871964, 
            "ggH_htt": 0.006170335649280052, 
            "WH_hww": 0.1544787537829698, 
            "ggH_hww": 0.5014680246628729, 
            "ttH_hww": 0.101675821325148, 
            "ZH_htt": 0.006586466689792764, 
            "ZH_hww": 0.05716926862263877
        }
    }, 
    "ww2l2v_13TeV_sr_2j_B6": {
        "Vg": {
            "Wg": 0.6534728553344277, 
            "Zg": 0.04233812280530608, 
            "ZgS": 0.05418173246599421, 
            "WgS": 0.25000728939427214
        }, 
        "Higgs": {
            "qqH_htt": 0.0011605013971910435, 
            "qqH_hww": 0.1447680177608481, 
            "ggZH_hww": 0.012987026536099807, 
            "WH_htt": 0.018110557126521033, 
            "ggH_htt": 0.028664929434447945, 
            "WH_hww": 0.14561214093271985, 
            "ggH_hww": 0.48893169093814354, 
            "ttH_hww": 0.10258314818115816, 
            "ZH_htt": 0.004386172492916084, 
            "ZH_hww": 0.052795815199954445
        }
    }, 
    "ww2l2v_13TeV_sr_2j_B1": {
        "Vg": {
            "Wg": 0.6412138586462298, 
            "Zg": -0.007959056177986043, 
            "ZgS": 0.004232999680552788, 
            "WgS": 0.3625121978512035
        }, 
        "Higgs": {
            "qqH_htt": 0.002580232861443095, 
            "qqH_hww": 0.11278526945178953, 
            "ggZH_hww": 0.01905004817867632, 
            "WH_htt": 0.009804999387975624, 
            "ggH_htt": 0.009383431308989915, 
            "WH_hww": 0.13830460933892227, 
            "ggH_hww": 0.6096615076274242, 
            "ttH_hww": 0.04616240097863592, 
            "ZH_htt": 0.0024483439384192823, 
            "ZH_hww": 0.049819156927723755
        }
    }, 
    "ww2l2v_13TeV_sr_2j_B0": {
        "Vg": {
            "Wg": 0.5191732031846962, 
            "Zg": 0.05721538898206804, 
            "ZgS": 0.036123819605376674, 
            "WgS": 0.38748758822785895
        }, 
        "Higgs": {
            "qqH_htt": 0.006529649962377084, 
            "qqH_hww": 0.12124020030796873, 
            "ggZH_hww": 0.01616395540855016, 
            "WH_htt": 0.010289556138198907, 
            "ggH_htt": 0.004045486722061989, 
            "WH_hww": 0.11873601753970749, 
            "ggH_hww": 0.6361097913461596, 
            "ttH_hww": 0.04110938586880312, 
            "ZH_htt": 0.001849833790794622, 
            "ZH_hww": 0.04392612291537814
        }
    }, 
    "ww2l2v_13TeV_sr_2j_B3": {
        "Vg": {
            "Wg": 0.4671903210375657, 
            "Zg": 0.04031156576363975, 
            "ZgS": 0.21055914432603992, 
            "WgS": 0.2819389688727546
        },