{
    "ww2l2v_13TeV_sr_2j_B11": {
        "Vg": {
            "Wg": 0.6734884552831262, 
            "Zg": -0.00799685041924873, 
            "ZgS": 0.05741822684825243, 
            "WgS": 0.2770901682878701
        }, 
        "Higgs": {
            "qqH_htt": 0.004581088307455835, 
            "qqH_hww": 0.10654147194294881, 
            "ggZH_hww": 0.017720274091026063, 
            "WH_htt": 0.011879852638417697, 
            "ggH_htt": 0.02136880105782184, 
            "WH_hww": 0.1268853979237911, 
            "ggH_hww": 0.6584803104770942, 
            "ttH_hww": 0.049161142797480344, 
            "ZH_htt": 0.0033816607639641618
        }
    }, 
    "ww2l2v_13TeV_sr_2j_B10": {
        "Vg": {
            "Wg": 0.6108854691125616, 
            "Zg": 0.09733703706085092, 
            "ZgS": -0.0033106713222753707, 
            "WgS": 0.2950881651488629
        }, 
        "Higgs": {
            "qqH_htt": 0.0009100031917097785, 
            "qqH_hww": 0.1106202449350231, 
            "ggZH_hww": 0.012604666830680643, 
            "WH_htt": 0.011850228048284155, 
            "ggH_htt": 0.00945313223623563, 
            "WH_hww": 0.11518054585849125, 
            "ggH_hww": 0.6992852415220686, 
            "ttH_hww": 0.036651889595136995, 
            "ZH_htt": 0.003444047782369758
        }
    }, 
    "ww2l2v_13TeV_sr_2j_B13": {
        "Vg": {
            "Wg": 0.5578214760674772, 
            "Zg": 0.009482412177681185, 
            "ZgS": 0.06228541303928415, 
            "WgS": 0.37041069871555726
        }, 
        "Higgs": {
            "qqH_htt": 0.0012401852617015391, 
            "qqH_hww": 0.1291720064761287, 
            "ggZH_hww": 0.016060973620104908, 
            "WH_htt": 0.010451094393304591, 
            "ggH_htt": 0.008083494596252717, 
            "WH_hww": 0.13031898249561272, 
            "ggH_hww": 0.6583867001988039, 
            "ttH_hww": 0.04322505337781238, 
            "ZH_htt": 0.003061509580278766
        }
    }, 
    "ww2l2v_13TeV_sr_2j_B12": {
        "Vg": {
            "Wg": 0.6291751365128158, 
            "Zg": 0.039771621207827935, 
            "ZgS": -0.001653368696210364, 
            "WgS": 0.3327066109755666
        }, 
        "Higgs": {
            "qqH_htt": 0.003973517999502171, 
            "qqH_hww": 0.11576335903660262, 
            "ggZH_hww": 0.01879060460231854, 
            "WH_htt": 0.010740353654765167, 
            "ggH_htt": 0.009943677983514287, 
            "WH_hww": 0.1362811618508588, 
            "ggH_hww": 0.6635292914629936, 
            "ttH_hww": 0.038305875381286755, 
            "ZH_htt": 0.0026721580281580596
        }
    }, 
    "ww2l2v_13TeV_top_2j": {
        "Vg": {
            "Wg": 0.5576289516676871, 
            "Zg": 0.1657237317952421, 
            "ZgS": 0.03714740554283107, 
            "WgS": 0.23949991099423967
        }, 
        "Higgs": {
            "qqH_htt": 0.005287007031719744, 
            "qqH_hww": 0.006920249598632608, 
            "ggZH_hww": 0.0028523234978014085, 
            "WH_htt": 0.008145351610775118, 
            "ggH_htt": 0.026590482884817017, 
            "WH_hww": 0.018241159908167465, 
            "ggH_hww": 0.03991443546952472, 
            "ttH_hww": 0.8862041761250128, 
            "ZH_htt": 0.005844813873549115
        }
    }, 
    "ww2l2v_13TeV_sr_2j_B5": {
        "Vg": {
            "Wg": 0.701386734903989, 
            "Zg": 0.08253460258645375, 
            "ZgS": 0.01818791999938267, 
            "WgS": 0.19789074251017463
        }, 
        "Higgs": {
            "qqH_htt": 0.0030711024270251392, 
            "qqH_hww": 0.12220289136034763, 
            "ggZH_hww": 0.012838114599164762, 
            "WH_htt": 0.018968739548229183, 
            "ggH_htt": 0.007090716632080249, 
            "WH_hww": 0.13601323025903014, 
            "ggH_hww": 0.6163361124962762, 
            "ttH_hww": 0.07906164076662807, 
            "ZH_htt": 0.004417451911218624
        }
    }, 
    "ww2l2v_13TeV_sr_2j_B4": {
        "Vg": {
            "Wg": 0.5654946482739442, 
            "Zg": 0.05025347465929433, 
            "ZgS": -0.0023296989788022257, 
            "WgS": 0.38658157604556365
        }, 
        "Higgs": {
            "qqH_htt": 0.0016762985308618834, 
            "qqH_hww": 0.10934009289210203, 
            "ggZH_hww": 0.008959577583596518, 
            "WH_htt": 0.013584135842405004, 
            "ggH_htt": 0.008722500190785994, 
            "WH_hww": 0.10695879899029888, 
            "ggH_hww": 0.697026953606429, 
            "ttH_hww": 0.05053327627474643, 
            "ZH_htt": 0.0031983660887742625
        }
    }, 
    "ww2l2v_13TeV_sr_2j_B7": {
        "Vg": {
            "Wg": 0.6382483118839618, 
            "Zg": 0.08784177950159057, 
            "ZgS": 0.054032897603713936, 
            "WgS": 0.2198770110107337
        }, 
        "Higgs": {
            "qqH_htt": 0.0016909216363233353, 
            "qqH_hww": 0.14332818295895636, 
            "ggZH_hww": 0.012276054541546446, 
            "WH_htt": 0.022658294427715518, 
            "ggH_htt": 0.010561464772999051, 
            "WH_hww": 0.16473774035379546, 
            "ggH_hww": 0.5270364336980129, 
            "ttH_hww": 0.10997505408049563, 
            "ZH_htt": 0.007735853530155245
        }
    }, 
    "ww2l2v_13TeV_sr_2j_B6": {
        "Vg": {
            "Wg": 0.630616964982676, 
            "Zg": 0.05680606167744816, 
            "ZgS": 0.03882203339207608, 
            "WgS": 0.27375493994779976
        }, 
        "Higgs": {
            "qqH_htt": 0.0009853204527919149, 
            "qqH_hww": 0.14774955306475254, 
            "ggZH_hww": 0.013126774690433954, 
            "WH_htt": 0.02201642713388274, 
            "ggH_htt": 0.02511573448558293, 
            "WH_hww": 0.1520801875021397, 
            "ggH_hww": 0.524072569232957, 
            "ttH_hww": 0.10892839514546385, 
            "ZH_htt": 0.005925038291995433
        }
    }, 
    "ww2l2v_13TeV_sr_2j_B1": {
        "Vg": {
            "Wg": 0.6846912209666239, 
            "Zg": 0.017863742804531853, 
            "ZgS": 0.009043106910476675, 
            "WgS": 0.28840192931836756
        }, 
        "Higgs": {
            "qqH_htt": 0.0023212637665825163, 
            "qqH_hww": 0.11548352240626471, 
            "ggZH_hww": 0.0193304420252753, 
            "WH_htt": 0.012183124854238008, 
            "ggH_htt": 0.014713653032964635, 
            "WH_hww": 0.1409183194685237, 
            "ggH_hww": 0.6453031123250523, 
            "ttH_hww": 0.04655032449856461, 
            "ZH_htt": 0.003196237622534263
        }
    }, 
    "ww2l2v_13TeV_sr_2j_B0": {
        "Vg": {
            "Wg": 0.6076074203203149, 
            "Zg": 0.04603705621855637, 
            "ZgS": 0.025578562582283457, 
            "WgS": 0.32077696087884533
        }, 
        "Higgs": {
            "qqH_htt": 0.007032505709724318, 
            "qqH_hww": 0.12758073469154155, 
            "ggZH_hww": 0.01611664030276204, 
            "WH_htt": 0.012219310407195634, 
            "ggH_htt": 0.004390059975387094, 
            "WH_hww": 0.12685635297647452, 
            "ggH_hww": 0.6590953491233643, 
            "ttH_hww": 0.04375246390289533, 
            "ZH_htt": 0.0029565829106552536
        }
    }, 
    "ww2l2v_13TeV_sr_2j_B3": {
        "Vg": {
            "Wg": 0.49933382464353854, 
            "Zg": 0.065331851241742, 
            "ZgS": 0.16843557624233585, 
            "WgS": 0.2668987478723836
        }, 
        "Higgs": {
            "qqH_htt": 0.0014392022749778542, 
            "qqH_hww": 0.09705656975071696, 
            "ggZH_hww": 0.010857287113266521, 
            "WH_htt": 0.012278690607296834, 
            "ggH_htt": 0.011388742240729683, 
            "WH_hww": 0.10269947920677777, 
            "ggH_hww": 0.7141714986322087, 
            "ttH_hww": 0.04712123559092972, 
            "ZH_htt": 0.0029872945830959623
        }
    },