{
    "PS_ISR": {
        "ggWW_B10": [
            0.8854992757613694, 
            1.1090605208368172
        ], 
        "ggWW_B11": [
            0.8875433276118307, 
            1.1064088462129422
        ], 
        "ggWW_B12": [
            0.8940476775979994, 
            1.0993020026662879
        ], 
        "ggWW_B13": [
            0.8936121308319335, 
            1.0998186883377297
        ], 
        "ggWW_B6": [
            0.8908764987570404, 
            1.1019926985459374
        ], 
        "ggWW_B7": [
            0.8897330626667174, 
            1.1029453946876595
        ], 
        "ggWW_B4": [
            0.8838622434755432, 
            1.1109093479787848
        ], 
        "ggWW_B5": [
            0.8827079123477729, 
            1.1120283760820078
        ], 
        "ggWW_B2": [
            0.8890105054228928, 
            1.105414772431401
        ], 
        "ggWW_B3": [
            0.8845536014840488, 
            1.1099116132705182
        ], 
        "ggWW_B0": [
            0.8938569297263151, 
            1.0997187845445633
        ], 
        "ggWW_B1": [
            0.8931996284756063, 
            1.1002857595035374
        ], 
        "ggWW_B8": [
            0.8809815916369304, 
            1.1137788633408703
        ], 
        "ggWW_B9": [
            0.88463698416233, 
            1.1101618192406328
        ], 
        "WW_B10": [
            0.9431615683041495, 
            1.0506395063217198
        ], 
        "WW_B11": [
            0.9454154139301113, 
            1.0479145783227766
        ], 
        "WW_B12": [
            0.9619056225564058, 
            1.0329389052102653
        ], 
        "WW_B13": [
            0.9632770711171504, 
            1.0317862074702195
        ], 
        "WW_B8": [
            0.9369626773085388, 
            1.0565814710083168
        ], 
        "WW_B9": [
            0.944203942410039, 
            1.049845329464206
        ], 
        "WW_B6": [
            0.9502422879721554, 
            1.043600182567069
        ], 
        "WW_B7": [
            0.9432507629002783, 
            1.049582001700539
        ], 
        "WW_B4": [
            0.9455994345517209, 
            1.0481806710883965
        ], 
        "WW_B5": [
            0.9477628276938068, 
            1.0465687850589809
        ], 
        "WW_B2": [
            0.9494029738977402, 
            1.044112617914384
        ], 
        "WW_B3": [
            0.9462799570658322, 
            1.0481013888519026
        ], 
        "WW_B0": [
            0.9628247020702262, 
            1.0314556850771528
        ], 
        "WW_B1": [
            0.959183980499741, 
            1.0346637805726775
        ]
    }, 
    "PS_FSR": {
        "ggWW_B10": [
            1.02900749008093, 
            0.9845918622492287
        ], 
        "ggWW_B11": [
            1.0181954641169018, 
            0.9912002756197479
        ], 
        "ggWW_B12": [
            1.0154375660457673, 
            0.996670756719926
        ], 
        "ggWW_B13": [
            1.0055597197673802, 
            1.0002879057189624
        ], 
        "ggWW_B6": [
            1.0383966354318235, 
            0.977918549887111
        ], 
        "ggWW_B7": [
            1.0390397344182163, 
            0.9752037374333762
        ], 
        "ggWW_B4": [
            1.0356517920754404, 
            0.9827441826215387
        ], 
        "ggWW_B5": [
            1.0245083619456503, 
            0.9838313656058085
        ], 
        "ggWW_B2": [
            1.0276512430698725, 
            0.9858428459559334
        ], 
        "ggWW_B3": [
            1.0326460525114713, 
            0.9860207155726607
        ], 
        "ggWW_B0": [
            1.014359885090893, 
            0.9947725812730348
        ], 
        "ggWW_B1": [
            1.0108642208150207, 
            0.9962005760348943
        ], 
        "ggWW_B8": [
            1.0385630262495242, 
            0.9795518709046505
        ], 
        "ggWW_B9": [
            1.0343801821414162, 
            0.9833331279779256
        ], 
        "WW_B10": [
            0.9951250549904186, 
            0.9915468313454474
        ], 
        "WW_B11": [
            1.021728699024097, 
            0.9906160883532915
        ], 
        "WW_B12": [
            1.0087065619758413, 
            1.005000496666392
        ], 
        "WW_B13": [
            0.9963891902139543, 
            1.0115450524791205
        ], 
        "WW_B8": [
            1.0270817011058604, 
            0.9876519760503417
        ], 
        "WW_B9": [
            1.0181793990596324, 
            0.9928401078851747
        ], 
        "WW_B6": [
            1.0214424161424407, 
            0.9904783809002772
        ], 
        "WW_B7": [
            1.0382499701234298, 
            0.9781622559689387
        ], 
        "WW_B4": [
            1.0498344618463278, 
            0.978990854455408
        ], 
        "WW_B5": [
            1.0177915551615262, 
            0.987794447196369
        ], 
        "WW_B2": [
            0.9886137304901275, 
            1.0066356429728824
        ], 
        "WW_B3": [
            1.0289163836513915, 
            0.9863504762155945
        ], 
        "WW_B0": [
            0.9939548243402225, 
            1.006972195437541
        ], 
        "WW_B1": [
            0.986639790461113, 
            1.00414223224109
        ]
    }, 
    "QCDscale_WW": {
        "ggWW_B10": [
            1.0, 
            1.0
        ], 
        "ggWW_B11": [
            1.0, 
            1.0
        ], 
        "ggWW_B12": [
            1.0, 
            1.0
        ], 
        "ggWW_B13": [
            1.0, 
            1.0
        ], 
        "ggWW_B6": [
            1.0, 
            1.0
        ], 
        "ggWW_B7": [
            1.0, 
            1.0
        ], 
        "ggWW_B4": [
            1.0, 
            1.0
        ], 
        "ggWW_B5": [
            1.0, 
            1.0
        ], 
        "ggWW_B2": [
            1.0, 
            1.0
        ], 
        "ggWW_B3": [
            1.0, 
            1.0
        ], 
        "ggWW_B0": [
            1.0, 
            1.0
        ], 
        "ggWW_B1": [
            1.0, 
            1.0
        ], 
        "ggWW_B8": [
            1.0, 
            1.0
        ], 
        "ggWW_B9": [
            1.0, 
            1.0
        ], 
        "WW_B10": [
            0.955094988220171, 
            1.0393622861373975
        ], 
        "WW_B11": [
            0.9552975368557064, 
            1.039143212186578
        ], 
        "WW_B12": [
            0.9557055304437417, 
            1.0387210140544003
        ], 
        "WW_B13": [
            0.9570147651764661, 
            1.0374778977848438
        ], 
        "WW_B8": [
            0.9560286723935636, 
            1.0382032501911054
        ], 
        "WW_B9": [
            0.9566168445901959, 
            1.037949404306473
        ], 
        "WW_B6": [
            0.9542759204377341, 
            1.040294613528861
        ], 
        "WW_B7": [
            0.9592254831318656, 
            1.0352398720419183
        ], 
        "WW_B4": [
            0.9566695053214826, 
            1.0376454671866902
        ], 
        "WW_B5": [
            0.9548998084118677, 
            1.0395656677031655
        ], 
        "WW_B2": [
            0.9555361404095651, 
            1.0388658579715362
        ], 
        "WW_B3": [
            0.9560464809060327, 
            1.0383528992328528
        ], 
        "WW_B0": [
            0.9558954283838189, 
            1.0385267369078997
        ], 
        "WW_B1": [
            0.9583343180552374, 
            1.0360144906459665
        ]
    }, 
    "CMS_hww_WWresum": {
        "WW_B13": [
            0.9991184937298137, 
            1.0017719332294985
        ], 
        "WW_B12": [
            0.9983412001870067, 
            1.00330380628353
        ],