{
    "PS_ISR": {
        "ggWW_B10": [
            0.8839409622139128, 
            1.1105529062327708
        ], 
        "ggWW_B11": [
            0.8882531803545325, 
            1.1058347402586421
        ], 
        "ggWW_B12": [
            0.8921776352331713, 
            1.1008424580770422
        ], 
        "ggWW_B13": [
            0.8929453198638199, 
            1.100265696045401
        ], 
        "ggWW_B6": [
            0.8904428227114518, 
            1.102482026880579
        ], 
        "ggWW_B7": [
            0.8889167893197168, 
            1.1038831852616886
        ], 
        "ggWW_B4": [
            0.8847991790791134, 
            1.109565697853335
        ], 
        "ggWW_B5": [
            0.8841541476337871, 
            1.1110064883956847
        ], 
        "ggWW_B2": [
            0.888071868880637, 
            1.1058288326582053
        ], 
        "ggWW_B3": [
            0.8836335870677817, 
            1.1108528955386172
        ], 
        "ggWW_B0": [
            0.8953067760614402, 
            1.098337298743728
        ], 
        "ggWW_B1": [
            0.8947527912290689, 
            1.0986364396322776
        ], 
        "ggWW_B8": [
            0.8830057472324694, 
            1.11154482694376
        ], 
        "ggWW_B9": [
            0.8851766442125001, 
            1.109552497215803
        ], 
        "WW_B10": [
            0.9424235874665615, 
            1.0511879519070806
        ], 
        "WW_B11": [
            0.9381103786876052, 
            1.0546569901038239
        ], 
        "WW_B12": [
            0.9611953315042687, 
            1.0332592699526357
        ], 
        "WW_B13": [
            0.9612991760455533, 
            1.033194893291149
        ], 
        "WW_B8": [
            0.9451393166918352, 
            1.0495435437289489
        ], 
        "WW_B9": [
            0.9449912251986616, 
            1.049157570523651
        ], 
        "WW_B6": [
            0.9525864551838434, 
            1.0423337217346185
        ], 
        "WW_B7": [
            0.9357001126710753, 
            1.056751844383287
        ], 
        "WW_B4": [
            0.9477648327564078, 
            1.0470454869729675
        ], 
        "WW_B5": [
            0.9447467788712215, 
            1.0499181025725322
        ], 
        "WW_B2": [
            0.9564161676547734, 
            1.0377966455332412
        ], 
        "WW_B3": [
            0.9456159943610785, 
            1.0493881021505203
        ], 
        "WW_B0": [
            0.9605084801823547, 
            1.0334801228517576
        ], 
        "WW_B1": [
            0.9627079538116473, 
            1.0323694614311276
        ]
    }, 
    "PS_FSR": {
        "ggWW_B10": [
            1.0270017015631563, 
            0.9831220251111612
        ], 
        "ggWW_B11": [
            1.021847655730237, 
            0.9941437493866508
        ], 
        "ggWW_B12": [
            1.0095856084544939, 
            0.9974128086281538
        ], 
        "ggWW_B13": [
            1.0098009066552256, 
            1.0002662434885814
        ], 
        "ggWW_B6": [
            1.03113805594655, 
            0.9823009639473839
        ], 
        "ggWW_B7": [
            1.0386571295236837, 
            0.975270799898387
        ], 
        "ggWW_B4": [
            1.0239711275463141, 
            0.9812916551632733
        ], 
        "ggWW_B5": [
            1.022331048802803, 
            0.988001513850818
        ], 
        "ggWW_B2": [
            1.0210361609273706, 
            0.9902855877700328
        ], 
        "ggWW_B3": [
            1.0345333833629116, 
            0.9795812328522151
        ], 
        "ggWW_B0": [
            1.0141740796939547, 
            0.9965082919081846
        ], 
        "ggWW_B1": [
            1.013807738115555, 
            0.9942307272889384
        ], 
        "ggWW_B8": [
            1.0296455596858163, 
            0.9821859460586599
        ], 
        "ggWW_B9": [
            1.035629780962373, 
            0.9813843333024569
        ], 
        "WW_B10": [
            0.9868392079894247, 
            0.9846120348569068
        ], 
        "WW_B11": [
            1.0215508917790208, 
            0.9855790506352867
        ], 
        "WW_B12": [
            1.0224484707013062, 
            0.9985638500930245
        ], 
        "WW_B13": [
            1.0160580037034277, 
            1.0078800297354644
        ], 
        "WW_B8": [
            0.9837418866381924, 
            0.9852655819729614
        ], 
        "WW_B9": [
            1.0469839659158333, 
            0.9772225381269383
        ], 
        "WW_B6": [
            1.0105022010308369, 
            0.989703922922489
        ], 
        "WW_B7": [
            1.046808358846682, 
            0.9748277464880895
        ], 
        "WW_B4": [
            1.0206893384365172, 
            0.9943313469465188
        ], 
        "WW_B5": [
            0.9934495014831854, 
            0.9990394053620377
        ], 
        "WW_B2": [
            0.9890841784379875, 
            0.9964356846293921
        ], 
        "WW_B3": [
            1.0366815440908566, 
            0.9854824825658253
        ], 
        "WW_B0": [
            0.9849880294239622, 
            1.0166980228767475
        ], 
        "WW_B1": [
            0.9749052882242554, 
            1.0006416489126262
        ]
    }, 
    "QCDscale_WW": {
        "ggWW_B10": [
            1.0, 
            1.0
        ], 
        "ggWW_B11": [
            1.0, 
            1.0
        ], 
        "ggWW_B12": [
            1.0, 
            1.0
        ], 
        "ggWW_B13": [
            1.0, 
            1.0
        ], 
        "ggWW_B6": [
            1.0, 
            1.0
        ], 
        "ggWW_B7": [
            1.0, 
            1.0
        ], 
        "ggWW_B4": [
            1.0, 
            1.0
        ], 
        "ggWW_B5": [
            1.0, 
            1.0
        ], 
        "ggWW_B2": [
            1.0, 
            1.0
        ], 
        "ggWW_B3": [
            1.0, 
            1.0
        ], 
        "ggWW_B0": [
            1.0, 
            1.0
        ], 
        "ggWW_B1": [
            1.0, 
            1.0
        ], 
        "ggWW_B8": [
            1.0, 
            1.0
        ], 
        "ggWW_B9": [
            1.0, 
            1.0
        ], 
        "WW_B10": [
            0.9541334765741831, 
            1.0404360640822305
        ], 
        "WW_B11": [
            0.9551324905781106, 
            1.0392438672254931
        ], 
        "WW_B12": [
            0.9548066487475392, 
            1.039546929546679
        ], 
        "WW_B13": [
            0.9562874440972704, 
            1.0381172230005173
        ], 
        "WW_B8": [
            0.9571220855084897, 
            1.0373193293296321
        ], 
        "WW_B9": [
            0.953348504338735, 
            1.0410580059383896
        ], 
        "WW_B6": [
            0.9565550009856442, 
            1.0379306364317604
        ], 
        "WW_B7": [
            0.9567541973612178, 
            1.037557173890277
        ], 
        "WW_B4": [
            0.9574412424021393, 
            1.0371193308035838
        ], 
        "WW_B5": [
            0.9553974389867681, 
            1.0390564949357304
        ], 
        "WW_B2": [
            0.9541846808602639, 
            1.0401988520107435
        ], 
        "WW_B3": [
            0.9594644807294584, 
            1.0347701815691719
        ], 
        "WW_B0": [
            0.9573071950143753, 
            1.0368314959898903
        ], 
        "WW_B1": [
            0.9603659442482785, 
            1.0342117753885731
        ]
    }, 
    "CMS_hww_WWresum": {
        "WW_B13": [
            0.9992382981818492, 
            1.0015442923250202
        ], 
        "WW_B12": [
            0.9990346974309857, 
            1.0019624920204828
        ],