{
    "ww2l2v_13TeV_sr_1j_B10": {
        "Vg": {
            "Wg": 0.2741128552420274, 
            "Zg": 0.043920158969577364, 
            "ZgS": 0.0, 
            "WgS": 0.6819669857883952
        }, 
        "Higgs": {
            "qqH_htt": 0.0, 
            "qqH_hww": 0.2548011702132176, 
            "ggZH_hww": 0.005070953244588115, 
            "WH_htt": 0.004507570119274666, 
            "ggH_htt": 0.027094223831458576, 
            "WH_hww": 0.030683044435169223, 
            "ggH_hww": 0.6620109423740232, 
            "ttH_hww": 0.005702522602267067, 
            "ZH_htt": 0.002197994086538926, 
            "ZH_hww": 0.007931579093462577
        }
    }, 
    "ww2l2v_13TeV_top_1j": {
        "Vg": {
            "Wg": 0.6397484401567372, 
            "Zg": 0.11908512197299022, 
            "ZgS": 0.008906898501620554, 
            "WgS": 0.23225953936865212
        }, 
        "Higgs": {
            "qqH_htt": 0.04932855987046831, 
            "qqH_hww": 0.07767918259251118, 
            "ggZH_hww": 0.004219917796073407, 
            "WH_htt": 0.06202379300691483, 
            "ggH_htt": 0.2009385503091721, 
            "WH_hww": 0.09502092328376012, 
            "ggH_hww": 0.3163715653233893, 
            "ttH_hww": 0.14177646562530613, 
            "ZH_htt": 0.019107153563993323, 
            "ZH_hww": 0.03353388862841146
        }
    }, 
    "ww2l2v_13TeV_sr_2j_B10": {
        "Vg": {
            "Wg": 0.7516151731456394, 
            "Zg": 0.07622275133869588, 
            "ZgS": 0.0, 
            "WgS": 0.17216207551566484
        }, 
        "Higgs": {
            "qqH_htt": 0.007523763663781303, 
            "qqH_hww": 0.13121218429213272, 
            "ggZH_hww": 0.026415024234456748, 
            "WH_htt": 0.015224485141344845, 
            "ggH_htt": 0.019694167686953687, 
            "WH_hww": 0.0822637560586723, 
            "ggH_hww": 0.5919293617626439, 
            "ttH_hww": 0.08237420368709494, 
            "ZH_htt": 0.0066209560660631765, 
            "ZH_hww": 0.036742097406856467
        }
    }, 
    "ww2l2v_13TeV_sr_1j_B6": {
        "Vg": {
            "Wg": 0.6419457012510081, 
            "Zg": 3.085044177289893e-05, 
            "ZgS": 0.0018571438970520643, 
            "WgS": 0.3561663044101669
        }, 
        "Higgs": {
            "qqH_htt": 0.004551626881670532, 
            "qqH_hww": 0.2991409701666798, 
            "ggZH_hww": 0.005361027954556549, 
            "WH_htt": 0.010016846160710698, 
            "ggH_htt": -9.153405089315367e-05, 
            "WH_hww": 0.04085288019597083, 
            "ggH_hww": 0.6174976717465519, 
            "ttH_hww": 0.005376974830061573, 
            "ZH_htt": 0.0013427144196463611, 
            "ZH_hww": 0.015950821695044828
        }
    }, 
    "ww2l2v_13TeV_sr_1j_B7": {
        "Vg": {
            "Wg": 0.5498509266020601, 
            "Zg": 0.02481428183590949, 
            "ZgS": 0.020617551276421012, 
            "WgS": 0.4047172402856093
        }, 
        "Higgs": {
            "qqH_htt": 0.00274558662535857, 
            "qqH_hww": 0.2745500788100191, 
            "ggZH_hww": 0.005376988047515785, 
            "WH_htt": 0.009176711601010851, 
            "ggH_htt": 0.008577156332367697, 
            "WH_hww": 0.034960256883847664, 
            "ggH_hww": 0.6452224526623591, 
            "ttH_hww": 0.003420660071732284, 
            "ZH_htt": 0.0012447110093219854, 
            "ZH_hww": 0.014725397956467127
        }
    }, 
    "ww2l2v_13TeV_sr_1j_B4": {
        "Vg": {
            "Wg": 0.6096683591204938, 
            "Zg": 0.061216531462272114, 
            "ZgS": 0.010624629326302325, 
            "WgS": 0.3184904800909318
        }, 
        "Higgs": {
            "qqH_htt": 0.0026611523922546333, 
            "qqH_hww": 0.2330534464870911, 
            "ggZH_hww": 0.0045105248220948845, 
            "WH_htt": 0.012749801830129125, 
            "ggH_htt": 0.011519247073486023, 
            "WH_hww": 0.0590844066778196, 
            "ggH_hww": 0.6516523018416145, 
            "ttH_hww": 0.003438437344656316, 
            "ZH_htt": 0.0024792863766316653, 
            "ZH_hww": 0.018851395154222298
        }
    }, 
    "ww2l2v_13TeV_sr_2j_B6": {
        "Vg": {
            "Wg": 0.503551302932562, 
            "Zg": 0.03105785769803468, 
            "ZgS": 0.0, 
            "WgS": 0.46539083936940334
        }, 
        "Higgs": {
            "qqH_htt": 0.0029718266487360106, 
            "qqH_hww": 0.14345651388547467, 
            "ggZH_hww": 0.0188582601490402, 
            "WH_htt": 0.014562685248030054, 
            "ggH_htt": 0.026893299232035896, 
            "WH_hww": 0.10455644789955282, 
            "ggH_hww": 0.5724021232442766, 
            "ttH_hww": 0.07693515205368301, 
            "ZH_htt": 0.0031330620656828162, 
            "ZH_hww": 0.03623062957348781
        }
    }, 
    "ww2l2v_13TeV_sr_2j_B1": {
        "Vg": {
            "Wg": 0.6048922039499895, 
            "Zg": 0.06934346630872229, 
            "ZgS": 0.0698252851852211, 
            "WgS": 0.25593904455606703
        }, 
        "Higgs": {
            "qqH_htt": 0.0005649842843097676, 
            "qqH_hww": 0.0714290631027267, 
            "ggZH_hww": 0.00450121360118851, 
            "WH_htt": 0.015356949320904076, 
            "ggH_htt": 0.004907074712379411, 
            "WH_hww": 0.14721094208728472, 
            "ggH_hww": 0.6871326879013226, 
            "ttH_hww": 0.0204774109735851, 
            "ZH_htt": 0.003922725729697602, 
            "ZH_hww": 0.04449694828660144
        }
    }, 
    "ww2l2v_13TeV_top_2j": {
        "Vg": {
            "Wg": 0.6382413889158575, 
            "Zg": 0.06977979980266152, 
            "ZgS": 0.027773241747869663, 
            "WgS": 0.26420556953361124
        }, 
        "Higgs": {
            "qqH_htt": 0.005287119997762647, 
            "qqH_hww": 0.0073259087980595316, 
            "ggZH_hww": 0.0027656985108707654, 
            "WH_htt": 0.008740052218872625, 
            "ggH_htt": 0.017715625839331072, 
            "WH_hww": 0.019375048589516466, 
            "ggH_hww": 0.0348009059468142, 
            "ttH_hww": 0.888202636595779, 
            "ZH_htt": 0.00654106848359688, 
            "ZH_hww": 0.009245935019396693
        }
    }, 
    "ww2l2v_13TeV_sr_2j_B0": {
        "Vg": {
            "Wg": 0.5246109475918582, 
            "Zg": 0.10021239184130346, 
            "ZgS": 0.10068021182348633, 
            "WgS": 0.274496448743352
        }, 
        "Higgs": {
            "qqH_htt": 0.0, 
            "qqH_hww": 0.05015276364736594, 
            "ggZH_hww": 0.002406820886259349, 
            "WH_htt": 0.013688214214715302, 
            "ggH_htt": 0.01837305043853998, 
            "WH_hww": 0.12756852846657366, 
            "ggH_hww": 0.7457510813871795, 
            "ttH_hww": 0.00963889277682069, 
            "ZH_htt": 0.0024035334580678586, 
            "ZH_hww": 0.030017114724477576
        }
    }, 
    "ww2l2v_13TeV_sr_2j_B3": {
        "Vg": {
            "Wg": 0.6053032913979504, 
            "Zg": 0.04681870276719563, 
            "ZgS": 0.04680918285494958, 
            "WgS": 0.3010688229799043
        }, 
        "Higgs": {
            "qqH_htt": 0.002628393033718269, 
            "qqH_hww": 0.1290331568465622, 
            "ggZH_hww": 0.013567491212758702, 
            "WH_htt": 0.014890662368999977, 
            "ggH_htt": 0.021877654549130956, 
            "WH_hww": 0.12994105646752038, 
            "ggH_hww": 0.5762254269207512, 
            "ttH_hww": 0.056754811201100965, 
            "ZH_htt": 0.004073360649306038, 
            "ZH_hww": 0.05100798675015122
        }
    }, 
    "ww2l2v_13TeV_sr_1j_B1": {
        "Vg": {
            "Wg": 0.5745258463170835, 
            "Zg": 0.0710449497724523, 
            "ZgS": 0.025493262652259936, 
            "WgS": 0.32893594125820413
        }, 
        "Higgs": {
            "qqH_htt": 0.0015932396816457988, 
            "qqH_hww": 0.10000500230479124,