{
    "ww2l2v_13TeV_sr_1j_B10": {
        "Vg": {
            "Wg": 0.33157511661590067, 
            "Zg": 0.0, 
            "ZgS": 0.0, 
            "WgS": 0.6684248833840993
        }, 
        "Higgs": {
            "qqH_htt": 0.0, 
            "qqH_hww": 0.26704392984194497, 
            "ggZH_hww": 0.0049100115293899465, 
            "WH_htt": 0.004056273832858308, 
            "ggH_htt": 0.0, 
            "WH_hww": 0.03245283333775715, 
            "ggH_hww": 0.6780694981410623, 
            "ttH_hww": 0.005223701093137372, 
            "ZH_htt": 0.0011042128112346637, 
            "ZH_hww": 0.0071395394126152435
        }
    }, 
    "ww2l2v_13TeV_top_1j": {
        "Vg": {
            "Wg": 0.573215116523955, 
            "Zg": 0.1253032782102808, 
            "ZgS": 0.012659795748416138, 
            "WgS": 0.28882180951734815
        }, 
        "Higgs": {
            "qqH_htt": 0.04533883072187319, 
            "qqH_hww": 0.08219154950176707, 
            "ggZH_hww": 0.004600319367154613, 
            "WH_htt": 0.059404007802715895, 
            "ggH_htt": 0.1742914152476358, 
            "WH_hww": 0.10092663951528796, 
            "ggH_hww": 0.3347514495266192, 
            "ttH_hww": 0.1486558063524584, 
            "ZH_htt": 0.01540048093765567, 
            "ZH_hww": 0.03443950102683208
        }
    }, 
    "ww2l2v_13TeV_sr_2j_B10": {
        "Vg": {
            "Wg": 0.7015653852545254, 
            "Zg": 0.0, 
            "ZgS": 0.0, 
            "WgS": 0.2984346147454746
        }, 
        "Higgs": {
            "qqH_htt": 0.0029815026557297774, 
            "qqH_hww": 0.135363583910711, 
            "ggZH_hww": 0.026275764714396643, 
            "WH_htt": 0.0119573802592434, 
            "ggH_htt": 0.022720368215336156, 
            "WH_hww": 0.08012940937884112, 
            "ggH_hww": 0.5977535413340334, 
            "ttH_hww": 0.08388614913037497, 
            "ZH_htt": 0.0063545173400499505, 
            "ZH_hww": 0.03257778306128357
        }
    }, 
    "ww2l2v_13TeV_sr_1j_B6": {
        "Vg": {
            "Wg": 0.5694821701884982, 
            "Zg": 0.00032978288740747577, 
            "ZgS": 0.004294172179628469, 
            "WgS": 0.42589387474446583
        }, 
        "Higgs": {
            "qqH_htt": 0.005016900153551822, 
            "qqH_hww": 0.29140824437773644, 
            "ggZH_hww": 0.00529180192392089, 
            "WH_htt": 0.008048092645757867, 
            "ggH_htt": 0.01581674997953923, 
            "WH_hww": 0.039327076725938104, 
            "ggH_hww": 0.6147431593146043, 
            "ttH_hww": 0.0047868869258526625, 
            "ZH_htt": 0.0009085163980539422, 
            "ZH_hww": 0.014652571555044682
        }
    }, 
    "ww2l2v_13TeV_sr_1j_B7": {
        "Vg": {
            "Wg": 0.5196357452841872, 
            "Zg": 0.0, 
            "ZgS": 0.018782672021217788, 
            "WgS": 0.461581582694595
        }, 
        "Higgs": {
            "qqH_htt": 0.0013568046394231965, 
            "qqH_hww": 0.2711745401991734, 
            "ggZH_hww": 0.005129115597267673, 
            "WH_htt": 0.008891485380287788, 
            "ggH_htt": 0.018908816699662413, 
            "WH_hww": 0.035243258312140396, 
            "ggH_hww": 0.6404916907980244, 
            "ttH_hww": 0.0034632369705951617, 
            "ZH_htt": 0.0006821362628818282, 
            "ZH_hww": 0.01465891514054369
        }
    }, 
    "ww2l2v_13TeV_sr_1j_B4": {
        "Vg": {
            "Wg": 0.5193651795477385, 
            "Zg": 0.054528507548717, 
            "ZgS": 0.004322689137011969, 
            "WgS": 0.4217836237665325
        }, 
        "Higgs": {
            "qqH_htt": 0.0024345402341605193, 
            "qqH_hww": 0.23345862354862904, 
            "ggZH_hww": 0.004544564531024013, 
            "WH_htt": 0.01104894603659893, 
            "ggH_htt": 0.011327939769824696, 
            "WH_hww": 0.0578650631164819, 
            "ggH_hww": 0.655591928358298, 
            "ttH_hww": 0.003397550332356755, 
            "ZH_htt": 0.002277599038703397, 
            "ZH_hww": 0.018053245033922638
        }
    }, 
    "ww2l2v_13TeV_sr_2j_B6": {
        "Vg": {
            "Wg": 0.5400256247951096, 
            "Zg": 0.015429452937967261, 
            "ZgS": 0.0, 
            "WgS": 0.44454492226692294
        }, 
        "Higgs": {
            "qqH_htt": 0.0030004275847109736, 
            "qqH_hww": 0.14583757667563096, 
            "ggZH_hww": 0.019016258464528313, 
            "WH_htt": 0.012867113516151394, 
            "ggH_htt": 0.020671245996529423, 
            "WH_hww": 0.10366290133848621, 
            "ggH_hww": 0.5835256687162447, 
            "ttH_hww": 0.07424174977102267, 
            "ZH_htt": 0.002064352684769492, 
            "ZH_hww": 0.0351127052519258
        }
    }, 
    "ww2l2v_13TeV_sr_1j_B2": {
        "Vg": {
            "Wg": 0.46264906378406573, 
            "Zg": 0.06285299071211974, 
            "ZgS": 0.028812396885835055, 
            "WgS": 0.4456855486179795
        }, 
        "Higgs": {
            "qqH_htt": 0.0019660702305646757, 
            "qqH_hww": 0.15411276944140093, 
            "ggZH_hww": 0.0028654893155022464, 
            "WH_htt": 0.015351115988862568, 
            "ggH_htt": 0.004447900918977106, 
            "WH_hww": 0.07430858313240607, 
            "ggH_hww": 0.7213393372444702, 
            "ttH_hww": 0.00313645714727668, 
            "ZH_htt": 0.0018198261377861927, 
            "ZH_hww": 0.020652450442753264
        }
    }, 
    "ww2l2v_13TeV_top_2j": {
        "Vg": {
            "Wg": 0.5602862759373075, 
            "Zg": 0.12868612542445065, 
            "ZgS": 0.00851840918815802, 
            "WgS": 0.3025091894500839
        }, 
        "Higgs": {
            "qqH_htt": 0.004171366454018588, 
            "qqH_hww": 0.0076177133873245075, 
            "ggZH_hww": 0.0028804843609850474, 
            "WH_htt": 0.00729517037231567, 
            "ggH_htt": 0.013870860057828923, 
            "WH_hww": 0.019271507650384337, 
            "ggH_hww": 0.035131518172349684, 
            "ttH_hww": 0.8953140366642914, 
            "ZH_htt": 0.005315662091388072, 
            "ZH_hww": 0.009131680789113803
        }
    }, 
    "ww2l2v_13TeV_sr_2j_B0": {
        "Vg": {
            "Wg": 0.6570433130065758, 
            "Zg": 0.03601609713843589, 
            "ZgS": 0.10710800970778322, 
            "WgS": 0.19983258014720512
        }, 
        "Higgs": {
            "qqH_htt": 0.0, 
            "qqH_hww": 0.04952919651481983, 
            "ggZH_hww": 0.0023988762405679565, 
            "WH_htt": 0.013180679974900161, 
            "ggH_htt": 0.015009294264020758, 
            "WH_hww": 0.1287955289764697, 
            "ggH_hww": 0.7504270801219298, 
            "ttH_hww": 0.010511520289071789, 
            "ZH_htt": 0.002016180945292901, 
            "ZH_hww": 0.028131642672927133
        }
    }, 
    "ww2l2v_13TeV_sr_1j_B0": {
        "Vg": {
            "Wg": 0.442490381411113, 
            "Zg": 0.03545652157255314, 
            "ZgS": 0.015944317048888476, 
            "WgS": 0.5061087799674455
        }, 
        "Higgs": {
            "qqH_htt": 0.0005996174107486002, 
            "qqH_hww": 0.06286977320007019, 
            "ggZH_hww": 0.001593033367108734, 
            "WH_htt": 0.011736050559353344, 
            "ggH_htt": 0.008517696697304502, 
            "WH_hww": 0.06882705193157256, 
            "ggH_hww": 0.8290996003927075, 
            "ttH_hww": 0.001697905831255534, 
            "ZH_htt": 0.0017780949746483716, 
            "ZH_hww": 0.013281175635230624
        }
    }, 
    "ww2l2v_13TeV_sr_1j_B1": {
        "Vg": {
            "Wg": 0.396291389187482, 
            "Zg": 0.07631998467636801, 
            "ZgS": 0.03858915727279189, 
            "WgS": 0.48879946886335796
        }, 
        "Higgs": {
            "qqH_htt": 0.0015303718127015436, 
            "qqH_hww": 0.10246631187640133, 
            "ggZH_hww": 0.0018679215003786368,