{
    "PS_ISR": {
        "ggWW_B10": [
            0.9332611817934012, 
            1.064034235927283
        ], 
        "ggWW_B6": [
            0.9264008626987248, 
            1.0627341688680279
        ], 
        "ggWW_B7": [
            0.9271579753332373, 
            1.0637823283201437
        ], 
        "ggWW_B4": [
            0.9222519291608128, 
            1.0697174787985266
        ], 
        "ggWW_B5": [
            0.9231646810674734, 
            1.0670568323357434
        ], 
        "ggWW_B2": [
            0.9309373157094196, 
            1.0643110148951527
        ], 
        "ggWW_B3": [
            0.9252493497428717, 
            1.0691061866408127
        ], 
        "ggWW_B0": [
            0.9513409238032158, 
            1.044697220624071
        ], 
        "ggWW_B1": [
            0.940531356542063, 
            1.0549595776756024
        ], 
        "ggWW_B8": [
            0.9292449254088543, 
            1.0647152261566026
        ], 
        "ggWW_B9": [
            0.9335226463384925, 
            1.0623593934674243
        ], 
        "WW_B10": [
            0.996415828299097, 
            1.0021650605891577
        ], 
        "WW_B8": [
            1.0016424547873648, 
            0.9984017614185565
        ], 
        "WW_B9": [
            0.9988467273580356, 
            1.0011125567195291
        ], 
        "WW_B6": [
            0.9990513505687288, 
            1.0004489699437356
        ], 
        "WW_B7": [
            1.0010205900468, 
            0.9987809804075753
        ], 
        "WW_B4": [
            0.9994774323507177, 
            1.0004386354138388
        ], 
        "WW_B5": [
            0.9979693993088977, 
            1.0013600364547772
        ], 
        "WW_B2": [
            0.9966126734657402, 
            1.002848915703332
        ], 
        "WW_B3": [
            0.9997316981731036, 
            1.0004236754393536
        ], 
        "WW_B0": [
            0.9925106619199364, 
            1.0058737512220037
        ], 
        "WW_B1": [
            0.9943543877454335, 
            1.0044719818655328
        ]
    }, 
    "PS_FSR": {
        "ggWW_B10": [
            1.0533282267148862, 
            0.9560992579978398
        ], 
        "ggWW_B6": [
            1.0292502918637758, 
            0.9819678315963363
        ], 
        "ggWW_B7": [
            1.028535951080893, 
            0.9842703893268835
        ], 
        "ggWW_B4": [
            1.0328008889974616, 
            0.9805812590143828
        ], 
        "ggWW_B5": [
            1.0275093103274884, 
            0.982782886268122
        ], 
        "ggWW_B2": [
            1.0193514901025837, 
            0.9872866289482851
        ], 
        "ggWW_B3": [
            1.0282902185058018, 
            0.9824561285751496
        ], 
        "ggWW_B0": [
            1.0075060703186038, 
            0.9966585920859004
        ], 
        "ggWW_B1": [
            1.0123947702592933, 
            0.9930124154665154
        ], 
        "ggWW_B8": [
            1.0151197177979576, 
            0.9869756958903465
        ], 
        "ggWW_B9": [
            1.0000472798704236, 
            0.9910590624914122
        ], 
        "WW_B10": [
            0.9973121349853388, 
            0.9996471808464648
        ], 
        "WW_B8": [
            1.0238646814855414, 
            0.9878713748410415
        ], 
        "WW_B9": [
            1.0258209514969576, 
            0.9920534078999884
        ], 
        "WW_B6": [
            0.9964447788373685, 
            0.9965606208756637
        ], 
        "WW_B7": [
            1.0058056047164894, 
            0.9955816803833649
        ], 
        "WW_B4": [
            1.0097134605484293, 
            0.99305172671729
        ], 
        "WW_B5": [
            1.0053119713601462, 
            0.9950338108660339
        ], 
        "WW_B2": [
            1.0053294929805736, 
            0.998083924135448
        ], 
        "WW_B3": [
            1.0141060961851538, 
            0.9917153854662711
        ], 
        "WW_B0": [
            1.0124744118742124, 
            0.9935317452448731
        ], 
        "WW_B1": [
            1.0070340226303434, 
            0.996130384137552
        ]
    }, 
    "QCDscale_WW": {
        "ggWW_B10": [
            1.0, 
            1.0
        ], 
        "ggWW_B6": [
            1.0, 
            1.0
        ], 
        "ggWW_B7": [
            1.0, 
            1.0
        ], 
        "ggWW_B4": [
            1.0, 
            1.0
        ], 
        "ggWW_B5": [
            1.0, 
            1.0
        ], 
        "ggWW_B2": [
            1.0, 
            1.0
        ], 
        "ggWW_B3": [
            1.0, 
            1.0
        ], 
        "ggWW_B0": [
            1.0, 
            1.0
        ], 
        "ggWW_B1": [
            1.0, 
            1.0
        ], 
        "ggWW_B8": [
            1.0, 
            1.0
        ], 
        "ggWW_B9": [
            1.0, 
            1.0
        ], 
        "WW_B10": [
            0.9218687669379129, 
            1.0727384142433216
        ], 
        "WW_B8": [
            0.9367689495450497, 
            1.0577817630361666
        ], 
        "WW_B9": [
            0.9302850137503074, 
            1.0642112642954187
        ], 
        "WW_B6": [
            0.9494231538893821, 
            1.0454621392785386
        ], 
        "WW_B7": [
            0.9424343941135997, 
            1.0522730386293837
        ], 
        "WW_B4": [
            0.9625674219486323, 
            1.0326795136771292
        ], 
        "WW_B5": [
            0.9559877924998942, 
            1.0390741391534928
        ], 
        "WW_B2": [
            0.9757035943640537, 
            1.0199262950010268
        ], 
        "WW_B3": [
            0.968919970010952, 
            1.0264976087670423
        ], 
        "WW_B0": [
            0.9860441857746985, 
            1.00986275226704
        ], 
        "WW_B1": [
            0.9810884813089068, 
            1.014695134715488
        ]
    }, 
    "CMS_hww_WWresum": {
        "WW_B10": [
            1.0, 
            1.0
        ], 
        "WW_B8": [
            0.9999643385740049, 
            1.000074335879723
        ], 
        "WW_B9": [
            1.0, 
            1.0
        ], 
        "WW_B6": [
            0.9996722955235274, 
            1.0006731638790267
        ], 
        "WW_B7": [
            0.9998302769927329, 
            1.0003360887351764
        ], 
        "WW_B4": [
            0.9979609141309381, 
            1.0041225843901274
        ], 
        "WW_B5": [
            0.9990975087497661, 
            1.0018236541536907
        ], 
        "WW_B2": [
            0.9858897890667758, 
            1.0294653584305062
        ], 
        "WW_B3": [
            0.9948625580795832, 
            1.010439517835764
        ], 
        "WW_B0": [
            0.9344057432083229, 
            1.1662967375982936
        ], 
        "WW_B1": [
            0.9571354707343082, 
            1.0983421750038231
        ]
    }, 
    "CMS_hww_WWqscale": {
        "WW_B10": [
            1.079052751201756, 
            0.9082059535250527
        ], 
        "WW_B8": [
            1.0812149995848015, 
            0.9059503407620476
        ], 
        "WW_B9": [
            1.0808734748613527, 
            0.9063858722838601
        ], 
        "WW_B6": [
            1.0788639931240454, 
            0.907495190800866
        ], 
        "WW_B7": [
            1.0808476263242988, 
            0.9062949959255755
        ], 
        "WW_B4": [
            1.0728357814629499, 
            0.920525597007316
        ], 
        "WW_B5": [
            1.0736928230040546, 
            0.9105275101043567
        ], 
        "WW_B2": [
            1.0600607171590577, 
            0.9417543192847124
        ], 
        "WW_B3": [
            1.06782312469093, 
            0.9329045913821626
        ],