{
    "PS_ISR": {
        "ggWW_B10": [
            0.9326540747893554, 
            1.064198595860689
        ], 
        "ggWW_B6": [
            0.9263697591898487, 
            1.063025166935868
        ], 
        "ggWW_B7": [
            0.930215612188391, 
            1.0611502748492407
        ], 
        "ggWW_B4": [
            0.9220189486531961, 
            1.0699143099878634
        ], 
        "ggWW_B5": [
            0.922609559042387, 
            1.0672791443924805
        ], 
        "ggWW_B2": [
            0.9310733528813755, 
            1.064185815543926
        ], 
        "ggWW_B3": [
            0.9257703488148517, 
            1.0685516670999229
        ], 
        "ggWW_B0": [
            0.9513866831086861, 
            1.044567636431952
        ], 
        "ggWW_B1": [
            0.9400691498957036, 
            1.0553936395175145
        ], 
        "ggWW_B8": [
            0.9278165431594402, 
            1.0658293928144713
        ], 
        "ggWW_B9": [
            0.9314842259148653, 
            1.06432268519408
        ], 
        "WW_B10": [
            0.995219766322432, 
            1.0032373429147383
        ], 
        "WW_B8": [
            1.0019878665412831, 
            0.9983556226849524
        ], 
        "WW_B9": [
            1.0011874580385893, 
            0.9992608823625606
        ], 
        "WW_B6": [
            0.9990931477770963, 
            1.0005172141825105
        ], 
        "WW_B7": [
            1.0001514296962646, 
            0.9996307471197328
        ], 
        "WW_B4": [
            0.9994674975163562, 
            1.0005456280465486
        ], 
        "WW_B5": [
            0.9987363182651826, 
            1.000844188321029
        ], 
        "WW_B2": [
            0.9968262047935185, 
            1.002603476844097
        ], 
        "WW_B3": [
            0.9992717841072716, 
            1.00072110280343
        ], 
        "WW_B0": [
            0.9925647252077646, 
            1.0058161068431382
        ], 
        "WW_B1": [
            0.9942076514042836, 
            1.0046658077953594
        ]
    }, 
    "PS_FSR": {
        "ggWW_B10": [
            1.021932134355853, 
            0.9895389986344153
        ], 
        "ggWW_B6": [
            1.0289245566928007, 
            0.980918559002779
        ], 
        "ggWW_B7": [
            1.0197016467321942, 
            0.9861065806407123
        ], 
        "ggWW_B4": [
            1.0311515242164944, 
            0.9805362565456087
        ], 
        "ggWW_B5": [
            1.0276074807931863, 
            0.9821081167825867
        ], 
        "ggWW_B2": [
            1.0201994938713967, 
            0.9874486961674659
        ], 
        "ggWW_B3": [
            1.0273174788834716, 
            0.9826375083257914
        ], 
        "ggWW_B0": [
            1.0078395146094057, 
            0.9967760272207054
        ], 
        "ggWW_B1": [
            1.0120020851816123, 
            0.9932737507590195
        ], 
        "ggWW_B8": [
            1.012014255629884, 
            0.9865837792371398
        ], 
        "ggWW_B9": [
            1.007016239359627, 
            0.9861907652561758
        ], 
        "WW_B10": [
            1.009659919329788, 
            0.9935535362728621
        ], 
        "WW_B8": [
            1.023509324497792, 
            0.9875894126777833
        ], 
        "WW_B9": [
            1.013925181267537, 
            0.9948074684809259
        ], 
        "WW_B6": [
            1.0018326342169568, 
            0.9943504334731645
        ], 
        "WW_B7": [
            1.013791715473815, 
            0.9926648527788917
        ], 
        "WW_B4": [
            1.009110734315151, 
            0.9930636983513695
        ], 
        "WW_B5": [
            1.0051315031485122, 
            0.9953788073554338
        ], 
        "WW_B2": [
            1.0073790711886357, 
            0.9964381436644941
        ], 
        "WW_B3": [
            1.0067584698845706, 
            0.9949553343634944
        ], 
        "WW_B0": [
            1.0064567078614453, 
            0.9967737528066063
        ], 
        "WW_B1": [
            1.008769165439313, 
            0.9950452765834823
        ]
    }, 
    "QCDscale_WW": {
        "ggWW_B10": [
            1.0, 
            1.0
        ], 
        "ggWW_B6": [
            1.0, 
            1.0
        ], 
        "ggWW_B7": [
            1.0, 
            1.0
        ], 
        "ggWW_B4": [
            1.0, 
            1.0
        ], 
        "ggWW_B5": [
            1.0, 
            1.0
        ], 
        "ggWW_B2": [
            1.0, 
            1.0
        ], 
        "ggWW_B3": [
            1.0, 
            1.0
        ], 
        "ggWW_B0": [
            1.0, 
            1.0
        ], 
        "ggWW_B1": [
            1.0, 
            1.0
        ], 
        "ggWW_B8": [
            1.0, 
            1.0
        ], 
        "ggWW_B9": [
            1.0, 
            1.0
        ], 
        "WW_B10": [
            0.9232106430179948, 
            1.0712813269270067
        ], 
        "WW_B8": [
            0.936359184905107, 
            1.0582488928222473
        ], 
        "WW_B9": [
            0.9288582588736042, 
            1.0657309630528349
        ], 
        "WW_B6": [
            0.9491583314790226, 
            1.045755926926543
        ], 
        "WW_B7": [
            0.9433389781863499, 
            1.0512649068163102
        ], 
        "WW_B4": [
            0.9626666990351795, 
            1.0325743954380378
        ], 
        "WW_B5": [
            0.9562374703183815, 
            1.0387690593614862
        ], 
        "WW_B2": [
            0.9753065883495148, 
            1.0202927327105349
        ], 
        "WW_B3": [
            0.9692383282365215, 
            1.0261898185876142
        ], 
        "WW_B0": [
            0.9859080669372865, 
            1.009978796142993
        ], 
        "WW_B1": [
            0.9811189830190603, 
            1.0146470662039628
        ]
    }, 
    "CMS_hww_WWresum": {
        "WW_B10": [
            1.0, 
            1.0
        ], 
        "WW_B8": [
            0.999927763917877, 
            1.0001503624530248
        ], 
        "WW_B9": [
            0.9999593895426858, 
            1.0000798216018172
        ], 
        "WW_B6": [
            0.999641893545058, 
            1.0007295815440107
        ], 
        "WW_B7": [
            0.9998252536614904, 
            1.0003515558307063
        ], 
        "WW_B4": [
            0.9979597578671326, 
            1.0041322277680829
        ], 
        "WW_B5": [
            0.9991377820232066, 
            1.0017444624652028
        ], 
        "WW_B2": [
            0.9858054028045776, 
            1.029653446744144
        ], 
        "WW_B3": [
            0.9948864348084964, 
            1.0103891978930888
        ], 
        "WW_B0": [
            0.9343622462870433, 
            1.166422516340303
        ], 
        "WW_B1": [
            0.9569255967247626, 
            1.0988966999725838
        ]
    }, 
    "CMS_hww_WWqscale": {
        "WW_B10": [
            1.0789972514665147, 
            0.9083067923732686
        ], 
        "WW_B8": [
            1.0812097011698774, 
            0.9059476905970135
        ], 
        "WW_B9": [
            1.080791130007818, 
            0.9064777732830042
        ], 
        "WW_B6": [
            1.0789039938930944, 
            0.9074877848346549
        ], 
        "WW_B7": [
            1.0807734955348103, 
            0.9063563186038772
        ], 
        "WW_B4": [
            1.072801297623319, 
            0.9206417190427229
        ], 
        "WW_B5": [
            1.073753709639596, 
            0.9104373960059381
        ], 
        "WW_B2": [
            1.0600255903101492, 
            0.9417973999012964
        ], 
        "WW_B3": [
            1.0678456125738014, 
            0.9327921695520206
        ],