{
    "ww2l2v_13TeV_sr_1j_B10": {
        "Vg": {
            "Wg": 0.8070013132434775, 
            "Zg": 0.00048536449968693735, 
            "ZgS": 0.0, 
            "WgS": 0.1925133222568355
        }, 
        "Higgs": {
            "qqH_htt": 0.0, 
            "qqH_hww": 0.26823040477069326, 
            "ggZH_hww": 0.00807917585227638, 
            "WH_htt": 0.008536936697359375, 
            "ggH_htt": 0.0050638552819942334, 
            "WH_hww": 0.034975193429151494, 
            "ggH_hww": 0.6635428616302272, 
            "ttH_hww": 0.0008206556868591398, 
            "ZH_htt": 0.001632003442689804, 
            "ZH_hww": 0.009118913208749005
        }
    }, 
    "ww2l2v_13TeV_top_1j": {
        "Vg": {
            "Wg": 0.6659016437453328, 
            "Zg": 0.10689646023649693, 
            "ZgS": 0.13488477050858064, 
            "WgS": 0.09231712550958959
        }, 
        "Higgs": {
            "qqH_htt": 0.03736429396791315, 
            "qqH_hww": 0.08275724462702747, 
            "ggZH_hww": 0.005567908342390003, 
            "WH_htt": 0.0517270447396411, 
            "ggH_htt": 0.11781030333843323, 
            "WH_hww": 0.10460894737788524, 
            "ggH_hww": 0.39242098647914314, 
            "ttH_hww": 0.15385641977699746, 
            "ZH_htt": 0.020665875646094484, 
            "ZH_hww": 0.033220975704474666
        }
    }, 
    "ww2l2v_13TeV_sr_2j_B10": {
        "Vg": {
            "Wg": 0.7642745925292944, 
            "Zg": 0.05165759683264295, 
            "ZgS": 0.0, 
            "WgS": 0.18406781063806255
        }, 
        "Higgs": {
            "qqH_htt": 0.011541116373267764, 
            "qqH_hww": 0.11966113054073164, 
            "ggZH_hww": 0.0228364001194483, 
            "WH_htt": 0.011462563858180041, 
            "ggH_htt": 0.015940451115821447, 
            "WH_hww": 0.0841115954996608, 
            "ggH_hww": 0.6418881634505501, 
            "ttH_hww": 0.060897647237661584, 
            "ZH_htt": 0.0023773912345010136, 
            "ZH_hww": 0.029283540570177194
        }
    }, 
    "ww2l2v_13TeV_sr_1j_B6": {
        "Vg": {
            "Wg": 0.3891424096662127, 
            "Zg": 0.09977755951376688, 
            "ZgS": 0.0, 
            "WgS": 0.5110800308200204
        }, 
        "Higgs": {
            "qqH_htt": 0.0018681675131536023, 
            "qqH_hww": 0.2584598753338185, 
            "ggZH_hww": 0.00599203935541969, 
            "WH_htt": 0.007225333856529995, 
            "ggH_htt": 0.008663605655362385, 
            "WH_hww": 0.03856691697569672, 
            "ggH_hww": 0.6620933608857446, 
            "ttH_hww": 0.002409677150954536, 
            "ZH_htt": 0.001155201256575235, 
            "ZH_hww": 0.013565822016744725
        }
    }, 
    "ww2l2v_13TeV_sr_1j_B7": {
        "Vg": {
            "Wg": 0.573698679368236, 
            "Zg": 0.028232544259512354, 
            "ZgS": 0.0, 
            "WgS": 0.39806877637225163
        }, 
        "Higgs": {
            "qqH_htt": 0.004927507865218246, 
            "qqH_hww": 0.2990804532150252, 
            "ggZH_hww": 0.005370269016507109, 
            "WH_htt": 0.007649326526951352, 
            "ggH_htt": 0.0048537592043378834, 
            "WH_hww": 0.028884571189401572, 
            "ggH_hww": 0.6373385807286498, 
            "ttH_hww": 0.0019000187367832818, 
            "ZH_htt": 0.001496361608601608, 
            "ZH_hww": 0.00849915190852386
        }
    }, 
    "ww2l2v_13TeV_sr_1j_B4": {
        "Vg": {
            "Wg": 0.5862322185327035, 
            "Zg": 0.013865140704081869, 
            "ZgS": 0.016795035730095356, 
            "WgS": 0.38310760503311936
        }, 
        "Higgs": {
            "qqH_htt": 0.0018720998529909356, 
            "qqH_hww": 0.24142410038758566, 
            "ggZH_hww": 0.005110574872901705, 
            "WH_htt": 0.011425093853249435, 
            "ggH_htt": 0.006384433666086262, 
            "WH_hww": 0.06333663359886212, 
            "ggH_hww": 0.6426497382523404, 
            "ttH_hww": 0.00398785374363803, 
            "ZH_htt": 0.0016939945760515401, 
            "ZH_hww": 0.022115477196294094
        }
    }, 
    "ww2l2v_13TeV_sr_2j_B6": {
        "Vg": {
            "Wg": 0.5679085246692662, 
            "Zg": 0.07894643014956024, 
            "ZgS": 0.09018316895456414, 
            "WgS": 0.26296187622660944
        }, 
        "Higgs": {
            "qqH_htt": 0.0016297559981323553, 
            "qqH_hww": 0.14666385452167868, 
            "ggZH_hww": 0.019427367852217717, 
            "WH_htt": 0.010050126580411432, 
            "ggH_htt": 0.01119622827900923, 
            "WH_hww": 0.09726417377148958, 
            "ggH_hww": 0.5873486492721087, 
            "ttH_hww": 0.0812344277485562, 
            "ZH_htt": 0.002130746159539385, 
            "ZH_hww": 0.04305466981685681
        }
    }, 
    "ww2l2v_13TeV_sr_1j_B2": {
        "Vg": {
            "Wg": 0.4338745715938516, 
            "Zg": 0.005968445600593074, 
            "ZgS": 0.012065214193948114, 
            "WgS": 0.5480917686116072
        }, 
        "Higgs": {
            "qqH_htt": 0.0020927958363913717, 
            "qqH_hww": 0.15356491750977863, 
            "ggZH_hww": 0.0031042903841136476, 
            "WH_htt": 0.015376518937461099, 
            "ggH_htt": 0.00582226362749184, 
            "WH_hww": 0.07644349352390986, 
            "ggH_hww": 0.7172716191810078, 
            "ttH_hww": 0.0036765457391209166, 
            "ZH_htt": 0.001952786949913942, 
            "ZH_hww": 0.020694768310810987
        }
    }, 
    "ww2l2v_13TeV_top_2j": {
        "Vg": {
            "Wg": 0.5431061054664561, 
            "Zg": 0.1616838746335343, 
            "ZgS": 0.031119735701200517, 
            "WgS": 0.2640902841988092
        }, 
        "Higgs": {
            "qqH_htt": 0.004140216392707613, 
            "qqH_hww": 0.006748959739769971, 
            "ggZH_hww": 0.0029269348311439067, 
            "WH_htt": 0.007091249557085688, 
            "ggH_htt": 0.020387355416552563, 
            "WH_hww": 0.018709270688560996, 
            "ggH_hww": 0.04115756847665371, 
            "ttH_hww": 0.884913987579195, 
            "ZH_htt": 0.004691542618350568, 
            "ZH_hww": 0.009232914699979949
        }
    }, 
    "ww2l2v_13TeV_sr_2j_B0": {
        "Vg": {
            "Wg": 0.5344015508949976, 
            "Zg": -0.008690706921084812, 
            "ZgS": 0.22667000972529813, 
            "WgS": 0.24761914630078907
        }, 
        "Higgs": {
            "qqH_htt": 0.0008763631801612313, 
            "qqH_hww": 0.049684774947196794, 
            "ggZH_hww": 0.0035209207187524125, 
            "WH_htt": 0.01136044109243676, 
            "ggH_htt": 0.016457049046161087, 
            "WH_hww": 0.1255841341278662, 
            "ggH_hww": 0.74593046558104, 
            "ttH_hww": 0.008589153485116236, 
            "ZH_htt": 0.00249538344028202, 
            "ZH_hww": 0.03550131438098718
        }
    }, 
    "ww2l2v_13TeV_sr_1j_B0": {
        "Vg": {
            "Wg": 0.5741547515375374, 
            "Zg": 0.07162390670803619, 
            "ZgS": 0.015835033898028254, 
            "WgS": 0.33838630785639817
        }, 
        "Higgs": {
            "qqH_htt": 0.00040913932185817893, 
            "qqH_hww": 0.061087259112106114, 
            "ggZH_hww": 0.0015237513257808023, 
            "WH_htt": 0.01196709652348627, 
            "ggH_htt": 0.006660839485191757, 
            "WH_hww": 0.06972316976588072, 
            "ggH_hww": 0.8303055463454926, 
            "ttH_hww": 0.0012973704965729062, 
            "ZH_htt": 0.0016529426389766122, 
            "ZH_hww": 0.015372884984654034
        }
    }, 
    "ww2l2v_13TeV_sr_1j_B1": {
        "Vg": {
            "Wg": 0.33424205224649417, 
            "Zg": 0.028732050574256596, 
            "ZgS": 0.028194833177201943, 
            "WgS": 0.6088310640020472
        }, 
        "Higgs": {
            "qqH_htt": 0.0008293385659837424,