{
    "ww2l2v_13TeV_sr_1j_B10": {
        "Vg": {
            "Wg": 0.8984847820012712, 
            "Zg": 0.0005311001064274678, 
            "ZgS": 0.0, 
            "WgS": 0.10098411789230125
        }, 
        "Higgs": {
            "qqH_htt": 0.0, 
            "qqH_hww": 0.25700941004976946, 
            "ggZH_hww": 0.0076384004530271115, 
            "WH_htt": 0.009954969086778545, 
            "ggH_htt": 0.004506916232202605, 
            "WH_hww": 0.03251490521630212, 
            "ggH_hww": 0.6818912491372549, 
            "ttH_hww": 0.003919738032275551, 
            "ZH_htt": 0.002564411792389881
        }
    }, 
    "ww2l2v_13TeV_top_1j": {
        "Vg": {
            "Wg": 0.6473818517435757, 
            "Zg": 0.1230788306212459, 
            "ZgS": 0.09092986739929981, 
            "WgS": 0.1386094502358785
        }, 
        "Higgs": {
            "qqH_htt": 0.04113618010745048, 
            "qqH_hww": 0.07780871271429764, 
            "ggZH_hww": 0.00522647025854366, 
            "WH_htt": 0.05630943952870757, 
            "ggH_htt": 0.17132895200667317, 
            "WH_hww": 0.10252482307415955, 
            "ggH_hww": 0.3745953023849205, 
            "ttH_hww": 0.14831688364921844, 
            "ZH_htt": 0.022753236276028918
        }
    }, 
    "ww2l2v_13TeV_sr_2j_B10": {
        "Vg": {
            "Wg": 0.7629762674600163, 
            "Zg": 0.041861430305356134, 
            "ZgS": 0.0, 
            "WgS": 0.19516230223462752
        }, 
        "Higgs": {
            "qqH_htt": 0.01012585613026095, 
            "qqH_hww": 0.1199452647800261, 
            "ggZH_hww": 0.02303071647798545, 
            "WH_htt": 0.01492470454568462, 
            "ggH_htt": 0.015096963906399667, 
            "WH_hww": 0.08617273337275462, 
            "ggH_hww": 0.6635365201954019, 
            "ttH_hww": 0.06345649982460495, 
            "ZH_htt": 0.003710740766881776
        }
    }, 
    "ww2l2v_13TeV_sr_1j_B6": {
        "Vg": {
            "Wg": 0.6070769844855118, 
            "Zg": 0.050874323695395365, 
            "ZgS": -0.01247036178700427, 
            "WgS": 0.35451905360609715
        }, 
        "Higgs": {
            "qqH_htt": 0.00309944780859303, 
            "qqH_hww": 0.26324511501049364, 
            "ggZH_hww": 0.00604521380449455, 
            "WH_htt": 0.008700881108844195, 
            "ggH_htt": 0.011274768384847523, 
            "WH_hww": 0.03975902191719503, 
            "ggH_hww": 0.6637173869645387, 
            "ttH_hww": 0.002892818747610819, 
            "ZH_htt": 0.0012653462533822686
        }
    }, 
    "ww2l2v_13TeV_sr_1j_B7": {
        "Vg": {
            "Wg": 0.6197609987486482, 
            "Zg": 0.039995910284584636, 
            "ZgS": 0.0, 
            "WgS": 0.3402430909667671
        }, 
        "Higgs": {
            "qqH_htt": 0.0075761246935427745, 
            "qqH_hww": 0.29589446654126805, 
            "ggZH_hww": 0.005126598468490899, 
            "WH_htt": 0.010646084590791284, 
            "ggH_htt": 0.010609959504871503, 
            "WH_hww": 0.030955340281875007, 
            "ggH_hww": 0.6358128715203983, 
            "ttH_hww": 0.00188311517289994, 
            "ZH_htt": 0.0014954392258623459
        }
    }, 
    "ww2l2v_13TeV_sr_1j_B4": {
        "Vg": {
            "Wg": 0.6863693405267566, 
            "Zg": 0.035299084893768824, 
            "ZgS": 0.02037963149440837, 
            "WgS": 0.25795194308506625
        }, 
        "Higgs": {
            "qqH_htt": 0.002553259754039466, 
            "qqH_hww": 0.2464993597448937, 
            "ggZH_hww": 0.005226359567848624, 
            "WH_htt": 0.013463221796741006, 
            "ggH_htt": 0.007868658569483775, 
            "WH_hww": 0.0661921730488247, 
            "ggH_hww": 0.6518225102579497, 
            "ttH_hww": 0.0040977071108554836, 
            "ZH_htt": 0.002276750149363556
        }
    }, 
    "ww2l2v_13TeV_sr_2j_B6": {
        "Vg": {
            "Wg": 0.5895169555944361, 
            "Zg": 0.09735817070930218, 
            "ZgS": 0.0554730403470854, 
            "WgS": 0.2576518333491764
        }, 
        "Higgs": {
            "qqH_htt": 0.002702580652634179, 
            "qqH_hww": 0.15316538675072602, 
            "ggZH_hww": 0.019941761799283864, 
            "WH_htt": 0.011660094382513642, 
            "ggH_htt": 0.014536888042233343, 
            "WH_hww": 0.10271267838357707, 
            "ggH_hww": 0.6032015384865915, 
            "ttH_hww": 0.08922034501526509, 
            "ZH_htt": 0.0028587264871752006
        }
    }, 
    "ww2l2v_13TeV_sr_2j_B1": {
        "Vg": {
            "Wg": 0.6355698128490513, 
            "Zg": 0.08012211007015159, 
            "ZgS": 0.028343349668089823, 
            "WgS": 0.2559647274127072
        }, 
        "Higgs": {
            "qqH_htt": 0.0022952799120421934, 
            "qqH_hww": 0.06855849924932915, 
            "ggZH_hww": 0.004180562817586422, 
            "WH_htt": 0.01399743661209466, 
            "ggH_htt": 0.005688407711916285, 
            "WH_hww": 0.15174078956228929, 
            "ggH_hww": 0.7309422206259658, 
            "ttH_hww": 0.01948581537178478, 
            "ZH_htt": 0.00311098813699143
        }
    }, 
    "ww2l2v_13TeV_top_2j": {
        "Vg": {
            "Wg": 0.5576289516676871, 
            "Zg": 0.16572373179524214, 
            "ZgS": 0.03714740554283107, 
            "WgS": 0.23949991099423967
        }, 
        "Higgs": {
            "qqH_htt": 0.005287007031719744, 
            "qqH_hww": 0.006920249598632608, 
            "ggZH_hww": 0.0028523234978014085, 
            "WH_htt": 0.008145351610775118, 
            "ggH_htt": 0.026590482884817017, 
            "WH_hww": 0.018241159908167465, 
            "ggH_hww": 0.03991443546952472, 
            "ttH_hww": 0.8862041761250128, 
            "ZH_htt": 0.005844813873549115
        }
    }, 
    "ww2l2v_13TeV_sr_2j_B0": {
        "Vg": {
            "Wg": 0.554444580122041, 
            "Zg": 0.014381758955044848, 
            "ZgS": 0.1436766678606812, 
            "WgS": 0.28749699306223303
        }, 
        "Higgs": {
            "qqH_htt": 0.000773175048464476, 
            "qqH_hww": 0.05114244131226472, 
            "ggZH_hww": 0.003367830478967545, 
            "WH_htt": 0.012663460171347295, 
            "ggH_htt": 0.016273517228292397, 
            "WH_hww": 0.12705981123710064, 
            "ggH_hww": 0.7752231440127654, 
            "ttH_hww": 0.010448169654094487, 
            "ZH_htt": 0.003048450856703081
        }
    }, 
    "ww2l2v_13TeV_sr_2j_B3": {
        "Vg": {
            "Wg": 0.5145389990502006, 
            "Zg": 0.04484214194965945, 
            "ZgS": 0.05464180419795578, 
            "WgS": 0.385977054802184
        }, 
        "Higgs": {
            "qqH_htt": 0.0027192878995081935, 
            "qqH_hww": 0.1376861486318668, 
            "ggZH_hww": 0.01636756502874752, 
            "WH_htt": 0.015407508373351808, 
            "ggH_htt": 0.011460088017910517, 
            "WH_hww": 0.1396556709659612, 
            "ggH_hww": 0.6118049727513112, 
            "ttH_hww": 0.05989930702272623, 
            "ZH_htt": 0.004999451308616601
        }
    }, 
    "ww2l2v_13TeV_sr_1j_B1": {
        "Vg": {
            "Wg": 0.5301368221675266, 
            "Zg": 0.04459680798736684, 
            "ZgS": 0.015382630968626231, 
            "WgS": 0.40988373887648033
        }, 
        "Higgs": {
            "qqH_htt": 0.0011869506058175073, 
            "qqH_hww": 0.0986955853883843, 
            "ggZH_hww": 0.002125388121352653, 
            "WH_htt": 0.015107762784422909, 
            "ggH_htt": 0.008394449613831265, 
            "WH_hww": 0.07404753765754905, 
            "ggH_hww": 0.7957234624905207, 
            "ttH_hww": 0.0024940116070015523, 
            "ZH_htt": 0.00222485173112006
        }
    }, 
    "ww2l2v_13TeV_sr_2j_B5": {
        "Vg": {
            "Wg": 0.6050955563034808, 
            "Zg": 0.08003213808788787,