{
    "PS_ISR": {
        "ggWW_B10": [
            0.943641966676216, 
            1.0534936560003438
        ], 
        "ggWW_B6": [
            0.9260061916752458, 
            1.0635471197039066
        ], 
        "ggWW_B7": [
            0.9269349600741618, 
            1.0641096145363527
        ], 
        "ggWW_B4": [
            0.9224021874566437, 
            1.0696152830866428
        ], 
        "ggWW_B5": [
            0.9226782115128851, 
            1.067029369751701
        ], 
        "ggWW_B2": [
            0.9313611709670729, 
            1.0640072909410008
        ], 
        "ggWW_B3": [
            0.9253345897770756, 
            1.0688567751982345
        ], 
        "ggWW_B0": [
            0.9512688172767524, 
            1.0446380551269887
        ], 
        "ggWW_B1": [
            0.9396189710848177, 
            1.0558640627568754
        ], 
        "ggWW_B8": [
            0.9289248533049177, 
            1.0641481783397428
        ], 
        "ggWW_B9": [
            0.9309021020717181, 
            1.0631256181956965
        ], 
        "WW_B10": [
            0.997920456332722, 
            1.002097586797132
        ], 
        "WW_B8": [
            1.000280034644398, 
            1.0002673069054668
        ], 
        "WW_B9": [
            0.9992239011346655, 
            1.0005514824104254
        ], 
        "WW_B6": [
            1.0010233442547416, 
            0.9991614774175597
        ], 
        "WW_B7": [
            1.0001454789250936, 
            0.999877443761107
        ], 
        "WW_B4": [
            1.0002912015032626, 
            0.9994841862069771
        ], 
        "WW_B5": [
            0.9986831942658326, 
            1.0009305927923944
        ], 
        "WW_B2": [
            0.9953459706779718, 
            1.0033847858961362
        ], 
        "WW_B3": [
            0.9983605978872998, 
            1.0013157364000589
        ], 
        "WW_B0": [
            0.9928607603753653, 
            1.005772354958807
        ], 
        "WW_B1": [
            0.9951386876556226, 
            1.0038194775439035
        ]
    }, 
    "PS_FSR": {
        "ggWW_B10": [
            0.9901855141347614, 
            1.0022760805043978
        ], 
        "ggWW_B6": [
            1.0196942129062347, 
            0.9874098402576125
        ], 
        "ggWW_B7": [
            1.0241938698571804, 
            0.9824825622718276
        ], 
        "ggWW_B4": [
            1.025933862736565, 
            0.9827362052827312
        ], 
        "ggWW_B5": [
            1.029229787738037, 
            0.9824195132795714
        ], 
        "ggWW_B2": [
            1.0203946955302285, 
            0.9872763493147864
        ], 
        "ggWW_B3": [
            1.030509302563814, 
            0.9818221605663165
        ], 
        "ggWW_B0": [
            1.0067245032915382, 
            0.9971685667353498
        ], 
        "ggWW_B1": [
            1.013318441568113, 
            0.9928579932299918
        ], 
        "ggWW_B8": [
            1.0295186939263703, 
            0.9920911432558399
        ], 
        "ggWW_B9": [
            1.0149705473676625, 
            0.9843030210050969
        ], 
        "WW_B10": [
            1.026999395028389, 
            0.9922613976657921
        ], 
        "WW_B8": [
            0.9930084481701636, 
            0.9991018644137001
        ], 
        "WW_B9": [
            1.0110993050352064, 
            0.9911355699159736
        ], 
        "WW_B6": [
            0.9928983298292574, 
            1.0005923222796018
        ], 
        "WW_B7": [
            1.0093978051561026, 
            0.9931495052537188
        ], 
        "WW_B4": [
            1.0170444507818779, 
            0.9912201686716823
        ], 
        "WW_B5": [
            1.0112931445352416, 
            0.9927727317890145
        ], 
        "WW_B2": [
            1.0063553253609747, 
            0.9949374620357332
        ], 
        "WW_B3": [
            1.005299357636375, 
            0.9974656776944851
        ], 
        "WW_B0": [
            1.0108630570811186, 
            0.9953476345660368
        ], 
        "WW_B1": [
            1.0098226129576737, 
            0.994971329344538
        ]
    }, 
    "QCDscale_WW": {
        "ggWW_B10": [
            1.0, 
            1.0
        ], 
        "ggWW_B6": [
            1.0, 
            1.0
        ], 
        "ggWW_B7": [
            1.0, 
            1.0
        ], 
        "ggWW_B4": [
            1.0, 
            1.0
        ], 
        "ggWW_B5": [
            1.0, 
            1.0
        ], 
        "ggWW_B2": [
            1.0, 
            1.0
        ], 
        "ggWW_B3": [
            1.0, 
            1.0
        ], 
        "ggWW_B0": [
            1.0, 
            1.0
        ], 
        "ggWW_B1": [
            1.0, 
            1.0
        ], 
        "ggWW_B8": [
            1.0, 
            1.0
        ], 
        "ggWW_B9": [
            1.0, 
            1.0
        ], 
        "WW_B10": [
            0.9231181297331932, 
            1.0714271618692794
        ], 
        "WW_B8": [
            0.9361954004351527, 
            1.0582892062785305
        ], 
        "WW_B9": [
            0.9311342135847706, 
            1.063223135245745
        ], 
        "WW_B6": [
            0.949125321341732, 
            1.0458056749494786
        ], 
        "WW_B7": [
            0.9435365820159475, 
            1.0511881888203725
        ], 
        "WW_B4": [
            0.9627956475269618, 
            1.0324502548642207
        ], 
        "WW_B5": [
            0.9555072704317316, 
            1.0395743044465489
        ], 
        "WW_B2": [
            0.9756390002467339, 
            1.0199808780719781
        ], 
        "WW_B3": [
            0.9694869495498668, 
            1.025956129695148
        ], 
        "WW_B0": [
            0.9857265498764619, 
            1.0101232061885932
        ], 
        "WW_B1": [
            0.9809409389934103, 
            1.014824416676119
        ]
    }, 
    "CMS_hww_WWresum": {
        "WW_B10": [
            1.0, 
            1.0
        ], 
        "WW_B8": [
            0.9999222523793544, 
            1.000158652760398
        ], 
        "WW_B9": [
            1.0, 
            1.0
        ], 
        "WW_B6": [
            0.9994976596034159, 
            1.0009931362545859
        ], 
        "WW_B7": [
            0.9998335450353792, 
            1.0003405462693102
        ], 
        "WW_B4": [
            0.9980633513040018, 
            1.0039334934199173
        ], 
        "WW_B5": [
            0.9991591260956489, 
            1.0016903849012289
        ], 
        "WW_B2": [
            0.9859238714216148, 
            1.029406634250805
        ], 
        "WW_B3": [
            0.9948934042621306, 
            1.0104008463294103
        ], 
        "WW_B0": [
            0.934602490261972, 
            1.1657515885804817
        ], 
        "WW_B1": [
            0.9571418474862167, 
            1.0983057007635466
        ]
    }, 
    "CMS_hww_WWqscale": {
        "WW_B10": [
            1.0786816718312553, 
            0.9085803373477563
        ], 
        "WW_B8": [
            1.0811479729543216, 
            0.906139990502458
        ], 
        "WW_B9": [
            1.0807679377067312, 
            0.9065069661831763
        ], 
        "WW_B6": [
            1.0787156246570444, 
            0.9075041743681277
        ], 
        "WW_B7": [
            1.080661643612575, 
            0.9063970292311048
        ], 
        "WW_B4": [
            1.0728706369175458, 
            0.9206746829532838
        ], 
        "WW_B5": [
            1.0737746224936338, 
            0.9103756796663642
        ], 
        "WW_B2": [
            1.0599431950299765, 
            0.9418915360411151
        ], 
        "WW_B3": [
            1.0678055174512746, 
            0.9327907169308676
        ],