{
    "PS_ISR": {
        "ggWW_B10": [
            0.9381053060452074, 
            1.0589740617913757
        ], 
        "ggWW_B6": [
            0.9246735675259014, 
            1.0646491569053802
        ], 
        "ggWW_B7": [
            0.9265859623617202, 
            1.0642795836552361
        ], 
        "ggWW_B4": [
            0.9223634009046768, 
            1.069655818604007
        ], 
        "ggWW_B5": [
            0.9229166332389726, 
            1.0668885510514996
        ], 
        "ggWW_B2": [
            0.9313618257463181, 
            1.0639662994163714
        ], 
        "ggWW_B3": [
            0.9249374260503673, 
            1.069205631261504
        ], 
        "ggWW_B0": [
            0.9513352066752137, 
            1.0445727647128908
        ], 
        "ggWW_B1": [
            0.9395782884418483, 
            1.0558223281449555
        ], 
        "ggWW_B8": [
            0.931032514954267, 
            1.0622305965726992
        ], 
        "ggWW_B9": [
            0.9332969980755681, 
            1.0619714385952097
        ], 
        "WW_B10": [
            0.9972017838469059, 
            1.0023521822117205
        ], 
        "WW_B8": [
            0.999201927262689, 
            1.0009282292569848
        ], 
        "WW_B9": [
            0.999373423765585, 
            1.000441981405984
        ], 
        "WW_B6": [
            1.0010979792951291, 
            0.9992441916363471
        ], 
        "WW_B7": [
            0.99892803987338, 
            1.0007935455926578
        ], 
        "WW_B4": [
            1.0004282285265944, 
            0.9994553470652859
        ], 
        "WW_B5": [
            0.9989383206030611, 
            1.000892150116106
        ], 
        "WW_B2": [
            0.9962794041880082, 
            1.0028513542151694
        ], 
        "WW_B3": [
            0.9983557833564665, 
            1.0012743047996362
        ], 
        "WW_B0": [
            0.9924006504894901, 
            1.0061416163323769
        ], 
        "WW_B1": [
            0.994486588122159, 
            1.0043501291473909
        ]
    }, 
    "PS_FSR": {
        "ggWW_B10": [
            1.004630493737827, 
            0.9955068198890201
        ], 
        "ggWW_B6": [
            1.0171000758809838, 
            0.9870467104840731
        ], 
        "ggWW_B7": [
            1.019920798835289, 
            0.9879598340199904
        ], 
        "ggWW_B4": [
            1.0266810401301047, 
            0.982392372837631
        ], 
        "ggWW_B5": [
            1.0259010243306041, 
            0.9842264429274528
        ], 
        "ggWW_B2": [
            1.0215390390600438, 
            0.9871979584603143
        ], 
        "ggWW_B3": [
            1.0285249883459433, 
            0.9828151650334418
        ], 
        "ggWW_B0": [
            1.0073797555148984, 
            0.9967728282992613
        ], 
        "ggWW_B1": [
            1.0134081645113768, 
            0.9928482636321055
        ], 
        "ggWW_B8": [
            1.0283789771373744, 
            0.9862408102977774
        ], 
        "ggWW_B9": [
            1.0179636891120605, 
            0.9852211460943225
        ], 
        "WW_B10": [
            1.014962617511399, 
            0.9917660298095203
        ], 
        "WW_B8": [
            0.9932971511938132, 
            0.999653920223026
        ], 
        "WW_B9": [
            1.0094720254357972, 
            0.9924206640280772
        ], 
        "WW_B6": [
            1.002621693567212, 
            0.9968995564539631
        ], 
        "WW_B7": [
            1.0034018140710985, 
            0.9957792753150062
        ], 
        "WW_B4": [
            1.0162844647982772, 
            0.9911385067128593
        ], 
        "WW_B5": [
            1.0100784201644082, 
            0.9920478182655501
        ], 
        "WW_B2": [
            1.0052871292099586, 
            0.9947823505109415
        ], 
        "WW_B3": [
            1.0074173073637664, 
            0.9949762333019785
        ], 
        "WW_B0": [
            1.0084018385691689, 
            0.9968359544214193
        ], 
        "WW_B1": [
            1.003291438025975, 
            0.9986901608269825
        ]
    }, 
    "QCDscale_WW": {
        "ggWW_B10": [
            1.0, 
            1.0
        ], 
        "ggWW_B6": [
            1.0, 
            1.0
        ], 
        "ggWW_B7": [
            1.0, 
            1.0
        ], 
        "ggWW_B4": [
            1.0, 
            1.0
        ], 
        "ggWW_B5": [
            1.0, 
            1.0
        ], 
        "ggWW_B2": [
            1.0, 
            1.0
        ], 
        "ggWW_B3": [
            1.0, 
            1.0
        ], 
        "ggWW_B0": [
            1.0, 
            1.0
        ], 
        "ggWW_B1": [
            1.0, 
            1.0
        ], 
        "ggWW_B8": [
            1.0, 
            1.0
        ], 
        "ggWW_B9": [
            1.0, 
            1.0
        ], 
        "WW_B10": [
            0.9224327669988323, 
            1.072149712344691
        ], 
        "WW_B8": [
            0.9365005188577896, 
            1.0580218832958006
        ], 
        "WW_B9": [
            0.9295758380768735, 
            1.0648957280257139
        ], 
        "WW_B6": [
            0.9493058296674839, 
            1.0455786963226312
        ], 
        "WW_B7": [
            0.9439521696492219, 
            1.0506909405446274
        ], 
        "WW_B4": [
            0.9625520665509256, 
            1.0327094813467896
        ], 
        "WW_B5": [
            0.9554837425336998, 
            1.0395870184305327
        ], 
        "WW_B2": [
            0.9755700957702712, 
            1.0200431366891645
        ], 
        "WW_B3": [
            0.9693508586660499, 
            1.0261150039118654
        ], 
        "WW_B0": [
            0.985622538997176, 
            1.0102417138514244
        ], 
        "WW_B1": [
            0.9811052934802299, 
            1.0146647385962664
        ]
    }, 
    "CMS_hww_WWresum": {
        "WW_B10": [
            0.9999405080676824, 
            1.0001228638574948
        ], 
        "WW_B8": [
            0.9999416883772357, 
            1.000123877952443
        ], 
        "WW_B9": [
            0.999973276687565, 
            1.0000555109423916
        ], 
        "WW_B6": [
            0.9995642169383429, 
            1.0008670974013643
        ], 
        "WW_B7": [
            0.9998382329182625, 
            1.0003313094578798
        ], 
        "WW_B4": [
            0.998011119079056, 
            1.0040372709809675
        ], 
        "WW_B5": [
            0.9991557363431073, 
            1.0016992077763942
        ], 
        "WW_B2": [
            0.9860029230486079, 
            1.0292489309251953
        ], 
        "WW_B3": [
            0.9949844099177042, 
            1.010233669201258
        ], 
        "WW_B0": [
            0.9347217388323771, 
            1.1654061589279028
        ], 
        "WW_B1": [
            0.9573293115340689, 
            1.0978247395226621
        ]
    }, 
    "CMS_hww_WWqscale": {
        "WW_B10": [
            1.0791051774183051, 
            0.9081885261111392
        ], 
        "WW_B8": [
            1.0812116178732538, 
            0.9060451873562613
        ], 
        "WW_B9": [
            1.0808427007744001, 
            0.9064171704208226
        ], 
        "WW_B6": [
            1.0788176204667872, 
            0.9074554183605772
        ], 
        "WW_B7": [
            1.0806571420207554, 
            0.906406112980126
        ], 
        "WW_B4": [
            1.0728331663231152, 
            0.9207515082429603
        ], 
        "WW_B5": [
            1.073701223422278, 
            0.910487825446426
        ], 
        "WW_B2": [
            1.0600000383754413, 
            0.9418624288570635
        ],