{
    "ww2l2v_13TeV_top_1j": {
        "Vg": {
            "Wg": 0.0, 
            "Zg": 0.3294463953800364, 
            "ZgS": 0.12297867849360924, 
            "WgS": 0.5475749261263544
        }, 
        "Higgs": {
            "qqH_htt": 0.026960175085830786, 
            "qqH_hww": 0.030063101781725415, 
            "ggZH_hww": 0.004131689311469639, 
            "WH_htt": 0.07358386416376318, 
            "ggH_htt": 0.1705337014559879, 
            "WH_hww": 0.1192340947016831, 
            "ggH_hww": 0.37644149462546944, 
            "ttH_hww": 0.13375041968715973, 
            "ZH_htt": 0.019250168979576758, 
            "ZH_hww": 0.04605129020733411
        }
    }, 
    "ww2l2v_13TeV_top_0j": {
        "Vg": {
            "Wg": 0.0, 
            "Zg": 0.13942166248481663, 
            "ZgS": 0.0, 
            "WgS": 0.8605783375151834
        }, 
        "Higgs": {
            "qqH_htt": 0.0019120930208973276, 
            "qqH_hww": 0.01691955693018911, 
            "ggZH_hww": 0.0013922378074395756, 
            "WH_htt": 0.13202846581112582, 
            "ggH_htt": 0.07039991428405452, 
            "WH_hww": 0.1733864750791794, 
            "ggH_hww": 0.5350135291413763, 
            "ttH_hww": 0.03193726515598043, 
            "ZH_htt": 0.010061598603081517, 
            "ZH_hww": 0.02694886416667586
        }
    }, 
    "ww2l2v_13TeV_sr_2j_B0": {
        "Vg": {
            "Wg": 0.4606036352541468, 
            "Zg": 0.09230907048668605, 
            "ZgS": 0.06439551315363043, 
            "WgS": 0.3826917811055368
        }, 
        "Higgs": {
            "qqH_htt": 0.002973857438530663, 
            "qqH_hww": 0.21780120744100168, 
            "ggZH_hww": 0.009426677329697248, 
            "WH_htt": 0.011729638582009991, 
            "ggH_htt": 0.008800668495468148, 
            "WH_hww": 0.09063111195615216, 
            "ggH_hww": 0.586193780339565, 
            "ttH_hww": 0.03679724872639667, 
            "ZH_htt": 0.002243369799687621, 
            "ZH_hww": 0.03340243989149068
        }
    }, 
    "ww2l2v_13TeV_sr_1j_B0": {
        "Vg": {
            "Wg": 0.5166731224853719, 
            "Zg": 0.06052640873440946, 
            "ZgS": 0.0532860344343551, 
            "WgS": 0.36951443434586356
        }, 
        "Higgs": {
            "qqH_htt": 0.0009455873223178016, 
            "qqH_hww": 0.09146579440726949, 
            "ggZH_hww": 0.0023639079220852894, 
            "WH_htt": 0.013789408797392327, 
            "ggH_htt": 0.00501087178502941, 
            "WH_hww": 0.06482828624354306, 
            "ggH_hww": 0.8037251153547095, 
            "ttH_hww": 0.001410528269188959, 
            "ZH_htt": 0.0017142154384420483, 
            "ZH_hww": 0.01474628446002227
        }
    }, 
    "ww2l2v_13TeV_top_2j": {
        "Vg": {
            "Wg": 0.2902832436387119, 
            "Zg": 0.13133512459944907, 
            "ZgS": 0.059992036906589344, 
            "WgS": 0.5183895948552497
        }, 
        "Higgs": {
            "qqH_htt": 0.007445046860207841, 
            "qqH_hww": 0.013242088262253137, 
            "ggZH_hww": 0.00271791530408445, 
            "WH_htt": 0.008210962144430888, 
            "ggH_htt": 0.021176935586579626, 
            "WH_hww": 0.01821385994246263, 
            "ggH_hww": 0.03440965761700489, 
            "ttH_hww": 0.8810977316981629, 
            "ZH_htt": 0.005277788894237092, 
            "ZH_hww": 0.008208013690576518
        }
    }, 
    "ww2l2v_13TeV_sr_0j_B0": {
        "Vg": {
            "Wg": 0.4349263011842234, 
            "Zg": 0.137873698084191, 
            "ZgS": 0.048802884988415146, 
            "WgS": 0.37839711574317036
        }, 
        "Higgs": {
            "qqH_htt": 0.00016879810985057675, 
            "qqH_hww": 0.010996137006855908, 
            "ggZH_hww": 0.0009491393025765672, 
            "WH_htt": 0.006513657697041744, 
            "ggH_htt": 0.0021554169608414375, 
            "WH_hww": 0.02919889911428393, 
            "ggH_hww": 0.9397245259954672, 
            "ttH_hww": 0.00010781736616462918, 
            "ZH_htt": 0.0015862379722467903, 
            "ZH_hww": 0.008599370474671499
        }
    }
}