{
    "QCDscale_WW": {
        "WW_B0": [
            0.9825343711513242, 
            1.012760254097262
        ]
    }, 
    "pdf_WW_eigen22": {
        "WW_B0": [
            1.000346125662371, 
            0.9996541137778207
        ]
    }, 
    "pdf_WW_eigen23": {
        "WW_B0": [
            0.9999973425560015, 
            1.0000026574581222
        ]
    }, 
    "pdf_WW_eigen20": {
        "WW_B0": [
            1.0053756340910043, 
            0.9946815460338982
        ]
    }, 
    "pdf_WW_eigen21": {
        "WW_B0": [
            1.002114348037622, 
            0.9978945552483373
        ]
    }, 
    "pdf_WW_eigen26": {
        "WW_B0": [
            1.0009231325900514, 
            0.9990785686166307
        ]
    }, 
    "pdf_WW_eigen27": {
        "WW_B0": [
            1.0025284823078102, 
            0.9974842398024903
        ]
    }, 
    "pdf_WW_eigen24": {
        "WW_B0": [
            1.0023490005970865, 
            0.9976619834076521
        ]
    }, 
    "pdf_WW_eigen25": {
        "WW_B0": [
            0.9983373408553524, 
            1.001668206462106
        ]
    }, 
    "PS_FSR": {
        "ggWW_B0": [
            0.9998131061774618, 
            0.9993258985197758
        ], 
        "WW_B0": [
            1.0002558582446763, 
            0.9985504745922342
        ]
    }, 
    "pdf_WW_eigen28": {
        "WW_B0": [
            1.002063466909685, 
            0.9979450138820268
        ]
    }, 
    "pdf_WW_eigen29": {
        "WW_B0": [
            0.9983840756335685, 
            1.0016211637223529
        ]
    }, 
    "pdf_WW_eigen9": {
        "WW_B0": [
            1.0002314922103264, 
            0.9997686149173629
        ]
    }, 
    "pdf_WW_eigen8": {
        "WW_B0": [
            0.9976506441145679, 
            1.0023604469452814
        ]
    }, 
    "pdf_WW_eigen3": {
        "WW_B0": [
            0.9999382670913884, 
            1.0000617405314567
        ]
    }, 
    "pdf_WW_eigen2": {
        "WW_B0": [
            0.9946624909900059, 
            1.0053951018191323
        ]
    }, 
    "pdf_WW_eigen1": {
        "WW_B0": [
            0.9923922229962515, 
            1.0077253220587588
        ]
    }, 
    "pdf_WW_eigen7": {
        "WW_B0": [
            1.0002828078148915, 
            0.9997173520552026
        ]
    }, 
    "pdf_WW_eigen6": {
        "WW_B0": [
            0.9993106228586153, 
            1.000690328935358
        ]
    }, 
    "pdf_WW_eigen5": {
        "WW_B0": [
            1.004624220730439, 
            0.9954181542022031
        ]
    }, 
    "pdf_WW_eigen4": {
        "WW_B0": [
            1.0068992815419215, 
            0.9931946228835276
        ]
    }, 
    "CMS_hww_WWresum": {
        "WW_B0": [
            0.9866203196622944, 
            1.0478940009768578
        ]
    }, 
    "pdf_WW_eigen19": {
        "WW_B0": [
            0.998203419704928, 
            1.0018030589755296
        ]
    }, 
    "pdf_WW_eigen18": {
        "WW_B0": [
            0.9991115008025512, 
            1.000890080869728
        ]
    }, 
    "pdf_WW_eigen13": {
        "WW_B0": [
            0.9989103640223481, 
            1.0010920157770118
        ]
    }, 
    "pdf_WW_eigen12": {
        "WW_B0": [
            1.0006150782124494, 
            0.9993856775003213
        ]
    }, 
    "pdf_WW_eigen11": {
        "WW_B0": [
            0.9975854615481375, 
            1.0024262550239602
        ]
    }, 
    "pdf_WW_eigen10": {
        "WW_B0": [
            1.0024826623666947, 
            0.997529603951904
        ]
    }, 
    "pdf_WW_eigen17": {
        "WW_B0": [
            1.0005280965917436, 
            0.9994724605917829
        ]
    }, 
    "pdf_WW_eigen16": {
        "WW_B0": [
            0.9998326498411707, 
            1.0001674061897334
        ]
    }, 
    "pdf_WW_eigen15": {
        "WW_B0": [
            0.9977848031068922, 
            1.0022250547618996
        ]
    }, 
    "pdf_WW_eigen14": {
        "WW_B0": [
            0.9994626202470219, 
            1.0005379579283749
        ]
    }, 
    "pdf_WW_eigen31": {
        "WW_B0": [
            1.0103330096165155, 
            0.9898762088461811
        ]
    }, 
    "pdf_WW_eigen30": {
        "WW_B0": [
            0.9980066295816469, 
            1.002001349279253
        ]
    }, 
    "PS_ISR": {
        "ggWW_B0": [
            0.9986073384456146, 
            1.0008509438808
        ], 
        "WW_B0": [
            1.0001832046681367, 
            0.9989192013125084
        ]
    }, 
    "pdf_WW_eigen32": {
        "WW_B0": [
            0.9923888929794361, 
            1.0077287557955554
        ]
    }, 
    "CMS_hww_WWqscale": {
        "WW_B0": [
            1.013707419013083, 
            0.9862993436008217
        ]
    }
}