{
    "QCDscale_WW": {
        "WW_B0": [
            0.983093768188857, 
            1.012231396489492
        ]
    }, 
    "pdf_WW_eigen22": {
        "WW_B0": [
            1.000352617187832, 
            0.999647631314674
        ]
    }, 
    "pdf_WW_eigen23": {
        "WW_B0": [
            0.9999963870798798, 
            1.0000036129462284
        ]
    }, 
    "pdf_WW_eigen20": {
        "WW_B0": [
            1.00537179229067, 
            0.9946853065677431
        ]
    }, 
    "pdf_WW_eigen21": {
        "WW_B0": [
            1.0021124535327481, 
            0.9978964338387925
        ]
    }, 
    "pdf_WW_eigen26": {
        "WW_B0": [
            1.000898769467655, 
            0.9991028432066167
        ]
    }, 
    "pdf_WW_eigen27": {
        "WW_B0": [
            1.0025391975848201, 
            0.9974736323086609
        ]
    }, 
    "pdf_WW_eigen24": {
        "WW_B0": [
            1.002358572627839, 
            0.9976525008665607
        ]
    }, 
    "pdf_WW_eigen25": {
        "WW_B0": [
            0.9983281910448206, 
            1.0016774175987069
        ]
    }, 
    "PS_FSR": {
        "ggWW_B0": [
            1.0001829425100073, 
            0.9990055369384224
        ], 
        "WW_B0": [
            1.0002185317931833, 
            0.9986911784609268
        ]
    }, 
    "pdf_WW_eigen28": {
        "WW_B0": [
            1.0020696251789696, 
            0.9979389062042666
        ]
    }, 
    "pdf_WW_eigen29": {
        "WW_B0": [
            0.9983676755103447, 
            1.0016376709103216
        ]
    }, 
    "pdf_WW_eigen9": {
        "WW_B0": [
            1.0001961288792978, 
            0.999803948023614
        ]
    }, 
    "pdf_WW_eigen8": {
        "WW_B0": [
            0.9976536108757598, 
            1.0023574521242944
        ]
    }, 
    "pdf_WW_eigen3": {
        "WW_B0": [
            0.9999406284445607, 
            1.0000593786062422
        ]
    }, 
    "pdf_WW_eigen2": {
        "WW_B0": [
            0.9946685358058346, 
            1.0053889259253999
        ]
    }, 
    "pdf_WW_eigen1": {
        "WW_B0": [
            0.992358338127806, 
            1.0077602645069972
        ]
    }, 
    "pdf_WW_eigen7": {
        "WW_B0": [
            1.0002772535580817, 
            0.9997229000957888
        ]
    }, 
    "pdf_WW_eigen6": {
        "WW_B0": [
            0.9993099925022733, 
            1.0006909610343144
        ]
    }, 
    "pdf_WW_eigen5": {
        "WW_B0": [
            1.004649580394531, 
            0.995393258435988
        ]
    }, 
    "pdf_WW_eigen4": {
        "WW_B0": [
            1.0069175318988899, 
            0.9931768665871762
        ]
    }, 
    "pdf_WW_eigen19": {
        "WW_B0": [
            0.9981974679618786, 
            1.0018090537929674
        ]
    }, 
    "pdf_WW_eigen18": {
        "WW_B0": [
            0.9991089466721464, 
            1.0008926441148747
        ]
    }, 
    "pdf_WW_eigen13": {
        "WW_B0": [
            0.9989115379392357, 
            1.0010908367295577
        ]
    }, 
    "pdf_WW_eigen12": {
        "WW_B0": [
            1.0006195249206318, 
            0.9993812417516801
        ]
    }, 
    "pdf_WW_eigen11": {
        "WW_B0": [
            0.9976010363528316, 
            1.0024105291909682
        ]
    }, 
    "pdf_WW_eigen10": {
        "WW_B0": [
            1.002477247862696, 
            0.997534965141971
        ]
    }, 
    "pdf_WW_eigen17": {
        "WW_B0": [
            1.0005102167366182, 
            0.9994903033748817
        ]
    }, 
    "pdf_WW_eigen16": {
        "WW_B0": [
            0.9998386483846023, 
            1.000161403700894
        ]
    }, 
    "pdf_WW_eigen15": {
        "WW_B0": [
            0.9977999324402471, 
            1.0022097909384702
        ]
    }, 
    "pdf_WW_eigen14": {
        "WW_B0": [
            0.999459092333457, 
            1.0005414934624741
        ]
    }, 
    "pdf_WW_eigen31": {
        "WW_B0": [
            1.0103703989798243, 
            0.9898403208722995
        ]
    }, 
    "pdf_WW_eigen30": {
        "WW_B0": [
            0.9980081984195814, 
            1.0019997678619956
        ]
    }, 
    "PS_ISR": {
        "ggWW_B0": [
            1.0005686276318293, 
            0.9985438128943055
        ], 
        "WW_B0": [
            1.0002580992079242, 
            0.9987836768736224
        ]
    }, 
    "pdf_WW_eigen32": {
        "WW_B0": [
            0.992363187115981, 
            1.0077552638822909
        ]
    }
}