{
  "ggWW": {
    "PS_FSR": [
      1.0000800212865668, 
      0.9987268766843457
    ], 
    "PS_ISR": [
      1.0013266269266317, 
      0.9970917217912912
    ], 
    "CMS_PU_2018": [
      0.9997873005928255, 
      1.00025929151312
    ]
  }, 
  "Vg": {
    "PS_FSR": [
      0.9980134050501803, 
      1.0018934202049012
    ], 
    "PS_ISR": [
      0.9864873535279304, 
      1.0167678744118882
    ], 
    "CMS_PU_2018": [
      0.9974536631187608, 
      1.00264232751166
    ]
  }, 
  "VVV": {
    "PS_FSR": [
      0.9989434924816613, 
      0.99978363788587
    ], 
    "PS_ISR": [
      0.9990762937981442, 
      0.9987002129900294
    ], 
    "CMS_PU_2018": [
      0.9992157699597868, 
      1.0010870450389544
    ]
  }, 
  "top": {
    "PS_FSR": [
      0.9985318306104272, 
      1.0012279052691975
    ], 
    "PS_ISR": [
      0.9991394780151941, 
      1.0002299757580166
    ], 
    "CMS_PU_2018": [
      0.9996443324616585, 
      1.0004152202937597
    ]
  }, 
  "Wjets_HT": {
    "PS_FSR": [
      0.9980598857495039, 
      1.0024864419470183
    ], 
    "PS_ISR": [
      0.9689926665159951, 
      1.0414518501338985
    ], 
    "CMS_PU_2018": [
      0.9985993379348241, 
      1.001482083753473
    ]
  }, 
  "Wjets": {
    "PS_FSR": [
      0.9980598857495039, 
      1.0024864419470183
    ], 
    "PS_ISR": [
      0.9689926665159951, 
      1.0414518501338985
    ], 
    "CMS_PU_2018": [
      0.9985993379348241, 
      1.001482083753473
    ]
  }, 
  "VBS": {
    "QCDscale_VBS": [
      1.0502075470721792, 
      0.9670063474721412
    ], 
    "PS_FSR": [
      0.9986524367857212, 
      1.0005567371987394
    ], 
    "PS_ISR": [
      0.9987929288972172, 
      1.000151947558529
    ], 
    "CMS_PU_2018": [
      0.9995651380512749, 
      1.0005498758878066
    ]
  }, 
  "VBS_dipoleRecoil": {
    "QCDscale_VBS": [
      1.0502075470721792, 
      0.9670063474721412
    ], 
    "PS_FSR": [
      0.9986524367857212, 
      1.0005567371987394
    ], 
    "PS_ISR": [
      0.9987929288972172, 
      1.000151947558529
    ], 
    "CMS_PU_2018": [
      0.9995651380512749, 
      1.0005498758878066
    ]
  }, 
  "VBF-V": {
    "PS_FSR": [
      0.9997704570710527, 
      0.9990394924540484
    ], 
    "PS_ISR": [
      0.9996554064831806, 
      0.9993286515755128
    ], 
    "CMS_PU_2018": [
      0.9993013002061146, 
      1.0007666300705786
    ]
  }, 
  "VBF-V_dipole": {
    "PS_FSR": [
      0.9997704570710527, 
      0.9990394924540484
    ], 
    "PS_ISR": [
      0.9996554064831806, 
      0.9993286515755128
    ], 
    "CMS_PU_2018": [
      0.9993013002061146, 
      1.0007666300705786
    ]
  },
  "VV": {
    "PS_FSR": [
      0.9987225296862138, 
      1.0003004332196217
    ], 
    "PS_ISR": [
      0.9991713350031254, 
      0.9996658069233717
    ], 
    "CMS_PU_2018": [
      0.9992393628207061, 
      1.0008817938569827
    ]
  }, 
  "DY": {
    "PS_FSR": [
      0.9974734462982716, 
      1.002708182146582
    ], 
    "PS_ISR": [
      0.9922681704897054, 
      1.0088040025044804
    ], 
    "CMS_PU_2018": [
      0.9967654376890177, 
      1.0032697679660842
    ]
  }, 
  "VgS": {
    "PS_FSR": [
      0.9994998656530036, 
      1.001052285221785
    ], 
    "PS_ISR": [
      0.9995401612676742, 
      1.000279689433115
    ], 
    "CMS_PU_2018": [
      0.9975796087448477, 
      1.0025453433021525
    ]
  }
}