{
    "ww2l2v_13TeV_top_1j": {
        "Vg": {
            "Wg": 0.556043133057917, 
            "Zg": 0.07576004972100363, 
            "ZgS": 0.0021839713129313135, 
            "WgS": 0.366012845908148
        }, 
        "Higgs": {
            "qqH_htt": 0.05262506418170388, 
            "qqH_hww": 0.08126883883345008, 
            "ggZH_hww": 0.033018719333953596, 
            "WH_htt": 0.059263448863320856, 
            "ggH_htt": 0.16625211434635578, 
            "WH_hww": 0.10268661836811453, 
            "ggH_hww": 0.30893304292584356, 
            "ttH_hww": 0.14071114047441893, 
            "ZH_htt": 0.020222332540654267, 
            "ZH_hww": 0.035018680132184614
        }
    }, 
    "ww2l2v_13TeV_sr_1j_B6": {
        "Vg": {
            "Wg": 0.7241446007423505, 
            "Zg": 0.07561957589709414, 
            "ZgS": 0.004121823977832839, 
            "WgS": 0.19611399938272261
        }, 
        "Higgs": {
            "qqH_htt": 0.0007922094646295992, 
            "qqH_hww": 0.20971165332497746, 
            "ggZH_hww": 0.07161262185344448, 
            "WH_htt": 0.049020643298251544, 
            "ggH_htt": 0.0033271650043156216, 
            "WH_hww": 0.17307988139760064, 
            "ggH_hww": 0.4456488347753806, 
            "ttH_hww": 0.01656183879345482, 
            "ZH_htt": 0.005049480019059772, 
            "ZH_hww": 0.025195672068885507
        }
    }, 
    "ww2l2v_13TeV_sr_1j_B5": {
        "Vg": {
            "Wg": 0.66180477416003, 
            "Zg": 0.032545116153572, 
            "ZgS": 0.027140367345556245, 
            "WgS": 0.2785097423408418
        }, 
        "Higgs": {
            "qqH_htt": 0.00393457857391355, 
            "qqH_hww": 0.20189703127289732, 
            "ggZH_hww": 0.053276837075214425, 
            "WH_htt": 0.02858002428368051, 
            "ggH_htt": 0.0034160162295640193, 
            "WH_hww": 0.11662439787080388, 
            "ggH_hww": 0.5598481889428064, 
            "ttH_hww": 0.006703319010316412, 
            "ZH_htt": 0.004363268106036246, 
            "ZH_hww": 0.021356338634767373
        }
    }, 
    "ww2l2v_13TeV_sr_1j_B2": {
        "Vg": {
            "Wg": 0.5853304847684775, 
            "Zg": 0.06296271667745187, 
            "ZgS": 0.033852393355270016, 
            "WgS": 0.31785440519880054
        }, 
        "Higgs": {
            "qqH_htt": 0.0029281918602742274, 
            "qqH_hww": 0.14456009739818249, 
            "ggZH_hww": 0.026541731367554885, 
            "WH_htt": 0.013233392004354572, 
            "ggH_htt": 0.006491204966474409, 
            "WH_hww": 0.07162379946659787, 
            "ggH_hww": 0.7144280142243014, 
            "ttH_hww": 0.0013232688623052162, 
            "ZH_htt": 0.0021563982544226023, 
            "ZH_hww": 0.016713901595532377
        }
    }, 
    "ww2l2v_13TeV_top_2j": {
        "Vg": {
            "Wg": 0.595055482640992, 
            "Zg": 0.1006982260155257, 
            "ZgS": 0.05297259248993819, 
            "WgS": 0.2512736988535441
        }, 
        "Higgs": {
            "qqH_htt": 0.006228605952837427, 
            "qqH_hww": 0.007071755629353899, 
            "ggZH_hww": 0.02671996095480254, 
            "WH_htt": 0.008067546740212657, 
            "ggH_htt": 0.02925239866076587, 
            "WH_hww": 0.01787854377233173, 
            "ggH_hww": 0.03591720652771206, 
            "ttH_hww": 0.8542151275339825, 
            "ZH_htt": 0.00586542567568956, 
            "ZH_hww": 0.00878342855231171
        }
    }, 
    "ww2l2v_13TeV_sr_1j_B3": {
        "Vg": {
            "Wg": 0.6838307277724788, 
            "Zg": 0.05750227081407087, 
            "ZgS": 0.022250478218903136, 
            "WgS": 0.23641652319454742
        }, 
        "Higgs": {
            "qqH_htt": 0.0043584508427414554, 
            "qqH_hww": 0.16855258443094223, 
            "ggZH_hww": 0.034553542992259365, 
            "WH_htt": 0.017405559040303005, 
            "ggH_htt": 0.0160776985285049, 
            "WH_hww": 0.08560194836659457, 
            "ggH_hww": 0.6475055372191763, 
            "ttH_hww": 0.0036245996132987287, 
            "ZH_htt": 0.003193817105008362, 
            "ZH_hww": 0.019126261861171227
        }
    }, 
    "ww2l2v_13TeV_sr_2j_B3": {
        "Vg": {
            "Wg": 0.5605429122160124, 
            "Zg": 0.04663903750047804, 
            "ZgS": 0.06651508687464633, 
            "WgS": 0.32630296340886317
        }, 
        "Higgs": {
            "qqH_htt": 0.001993110272166789, 
            "qqH_hww": 0.10422870872322121, 
            "ggZH_hww": 0.1278878018316541, 
            "WH_htt": 0.013914611453171124, 
            "ggH_htt": 0.005450233001996765, 
            "WH_hww": 0.12040493325055555, 
            "ggH_hww": 0.5337340237458461, 
            "ttH_hww": 0.05406626429568769, 
            "ZH_htt": 0.005199020292123552, 
            "ZH_hww": 0.03312129313357694
        }
    }, 
    "ww2l2v_13TeV_top_0j": {
        "Vg": {
            "Wg": 0.48742913857500964, 
            "Zg": 0.017279560509661295, 
            "ZgS": 0.14260717150746813, 
            "WgS": 0.35268412940786087
        }, 
        "Higgs": {
            "qqH_htt": 0.0, 
            "qqH_hww": 0.018116658236818847, 
            "ggZH_hww": 0.023072001863913297, 
            "WH_htt": 0.10196341311154167, 
            "ggH_htt": 0.028202527822919855, 
            "WH_hww": 0.20180787402113254, 
            "ggH_hww": 0.572060410394364, 
            "ttH_hww": 0.018665641160343416, 
            "ZH_htt": 0.012643977872728444, 
            "ZH_hww": 0.02346749551623788
        }
    }, 
    "ww2l2v_13TeV_sr_2j_B2": {
        "Vg": {
            "Wg": 0.7533687912380422, 
            "Zg": 0.02806675641787235, 
            "ZgS": 0.028252492844277353, 
            "WgS": 0.19031195949980814
        }, 
        "Higgs": {
            "qqH_htt": 0.0018252412577479098, 
            "qqH_hww": 0.09662552874826867, 
            "ggZH_hww": 0.10726855869404008, 
            "WH_htt": 0.010992599270733535, 
            "ggH_htt": 0.013434738607102509, 
            "WH_hww": 0.11383275185266316, 
            "ggH_hww": 0.56145893496823, 
            "ttH_hww": 0.04837444710033088, 
            "ZH_htt": 0.0021102708511958903, 
            "ZH_hww": 0.04407692864968732
        }
    }, 
    "ww2l2v_13TeV_sr_0j_B6": {
        "Vg": {
            "Wg": 0.7028695023374404, 
            "Zg": 0.06161594515073253, 
            "ZgS": 0.01207289506080933, 
            "WgS": 0.22344165745101777
        }, 
        "Higgs": {
            "qqH_htt": 0.0, 
            "qqH_hww": 0.13549297039084204, 
            "ggZH_hww": 0.11620297948154543, 
            "WH_htt": 0.13661254220093408, 
            "ggH_htt": 0.017888630221053574, 
            "WH_hww": 0.3781538612192573, 
            "ggH_hww": 0.13247731087221587, 
            "ttH_hww": 0.004327685814898645, 
            "ZH_htt": 0.013599799264648672, 
            "ZH_hww": 0.06524422053460424
        }
    }, 
    "ww2l2v_13TeV_sr_0j_B5": {
        "Vg": {
            "Wg": 0.6694450981419785, 
            "Zg": 0.07721532521549324, 
            "ZgS": 0.008221187197176896, 
            "WgS": 0.24511838944535144
        }, 
        "Higgs": {
            "qqH_htt": 0.0, 
            "qqH_hww": 0.19337491410497865, 
            "ggZH_hww": 0.13834077654032056, 
            "WH_htt": 0.07035828218596016, 
            "ggH_htt": 0.0, 
            "WH_hww": 0.269816192780953, 
            "ggH_hww": 0.251864147589674, 
            "ttH_hww": 0.0, 
            "ZH_htt": 0.014192596922446265, 
            "ZH_hww": 0.062053089875667315
        }
    }, 
    "ww2l2v_13TeV_sr_0j_B4": {
        "Vg": {
            "Wg": 0.7674148196096446, 
            "Zg": 0.057262724495335496, 
            "ZgS": 0.006872668958059277, 
            "WgS": 0.16844978693696044
        }, 
        "Higgs": {
            "qqH_htt": 0.0022946545919091737, 
            "qqH_hww": 0.1777270265698031,