{
    "ww2l2v_13TeV_top_1j": {
        "Vg": {
            "Wg": 0.3917150326507643, 
            "Zg": 0.0780042931462109, 
            "ZgS": 0.0021598653789576257, 
            "WgS": 0.5281208088240672
        }, 
        "Higgs": {
            "qqH_htt": 0.04187459834307681, 
            "qqH_hww": 0.08267038133918504, 
            "ggZH_hww": 0.03746355707039964, 
            "WH_htt": 0.05525401056697344, 
            "ggH_htt": 0.16402395130204098, 
            "WH_hww": 0.09760281184965192, 
            "ggH_hww": 0.3167883527963851, 
            "ttH_hww": 0.14894680196698148, 
            "ZH_htt": 0.018296307948638835, 
            "ZH_hww": 0.037079226816666734
        }
    }, 
    "ww2l2v_13TeV_sr_1j_B6": {
        "Vg": {
            "Wg": 0.6804070865023194, 
            "Zg": 0.09006910483579315, 
            "ZgS": 0.005527216887073723, 
            "WgS": 0.22399659177481368
        }, 
        "Higgs": {
            "qqH_htt": 0.0008877380363036949, 
            "qqH_hww": 0.20992227774622785, 
            "ggZH_hww": 0.07430740311621856, 
            "WH_htt": 0.04701229268057037, 
            "ggH_htt": 0.0017056395535471592, 
            "WH_hww": 0.17921085264399444, 
            "ggH_hww": 0.4387962680429961, 
            "ttH_hww": 0.01734614984357558, 
            "ZH_htt": 0.004894295026562842, 
            "ZH_hww": 0.025917083310003253
        }
    }, 
    "ww2l2v_13TeV_sr_1j_B5": {
        "Vg": {
            "Wg": 0.6296519838664358, 
            "Zg": 0.030956450588483335, 
            "ZgS": 0.034006917621444935, 
            "WgS": 0.3053846479236359
        }, 
        "Higgs": {
            "qqH_htt": 0.0033666785317638987, 
            "qqH_hww": 0.20173896119255932, 
            "ggZH_hww": 0.053649225920755834, 
            "WH_htt": 0.027000983766366365, 
            "ggH_htt": 0.0036464909006539183, 
            "WH_hww": 0.11236174196464578, 
            "ggH_hww": 0.5678106253534295, 
            "ttH_hww": 0.006231280767176823, 
            "ZH_htt": 0.004002296210652672, 
            "ZH_hww": 0.020191715391995865
        }
    }, 
    "ww2l2v_13TeV_sr_1j_B2": {
        "Vg": {
            "Wg": 0.5782815875988846, 
            "Zg": 0.03168219828707206, 
            "ZgS": 0.048925044971098966, 
            "WgS": 0.3411111691429444
        }, 
        "Higgs": {
            "qqH_htt": 0.002907787011973746, 
            "qqH_hww": 0.14241725278355827, 
            "ggZH_hww": 0.026847546941045707, 
            "WH_htt": 0.012345221615792506, 
            "ggH_htt": 0.004136638239355488, 
            "WH_hww": 0.068532870907623, 
            "ggH_hww": 0.7236649055666036, 
            "ttH_hww": 0.0011422706051971083, 
            "ZH_htt": 0.0017856069435718655, 
            "ZH_hww": 0.016219899385278524
        }
    }, 
    "ww2l2v_13TeV_top_2j": {
        "Vg": {
            "Wg": 0.5070204409695509, 
            "Zg": 0.12645227941960432, 
            "ZgS": 0.09468343558034342, 
            "WgS": 0.2718438440305012
        }, 
        "Higgs": {
            "qqH_htt": 0.005838633271489789, 
            "qqH_hww": 0.00717748306647734, 
            "ggZH_hww": 0.028004547085960417, 
            "WH_htt": 0.007346926448843965, 
            "ggH_htt": 0.0267942497916737, 
            "WH_hww": 0.017777218952100736, 
            "ggH_hww": 0.03625495440844649, 
            "ttH_hww": 0.8570061063835515, 
            "ZH_htt": 0.00520318631743472, 
            "ZH_hww": 0.008596694274021389
        }
    }, 
    "ww2l2v_13TeV_sr_1j_B3": {
        "Vg": {
            "Wg": 0.5909762334099025, 
            "Zg": 0.05579722518298749, 
            "ZgS": 0.008085793298189987, 
            "WgS": 0.34514074810892015
        }, 
        "Higgs": {
            "qqH_htt": 0.004829041685543513, 
            "qqH_hww": 0.1695638858447725, 
            "ggZH_hww": 0.03472526393804008, 
            "WH_htt": 0.0157965596115089, 
            "ggH_htt": 0.012414708713548682, 
            "WH_hww": 0.08334208795203715, 
            "ggH_hww": 0.6531748675062989, 
            "ttH_hww": 0.003799036130852142, 
            "ZH_htt": 0.003267065336196238, 
            "ZH_hww": 0.019087483281201887
        }
    }, 
    "ww2l2v_13TeV_sr_2j_B3": {
        "Vg": {
            "Wg": 0.5060795609376932, 
            "Zg": 0.028769142089338992, 
            "ZgS": 0.07005784903261798, 
            "WgS": 0.3950934479403498
        }, 
        "Higgs": {
            "qqH_htt": 0.002233106029688265, 
            "qqH_hww": 0.10495681569876504, 
            "ggZH_hww": 0.13222718132559694, 
            "WH_htt": 0.012962386273019778, 
            "ggH_htt": 0.0032191624515331483, 
            "WH_hww": 0.11903218654970373, 
            "ggH_hww": 0.5352127764385322, 
            "ttH_hww": 0.052947127371457854, 
            "ZH_htt": 0.004393012284322688, 
            "ZH_hww": 0.03281624557738041
        }
    }, 
    "ww2l2v_13TeV_top_0j": {
        "Vg": {
            "Wg": 0.5947015284800096, 
            "Zg": -0.035029720269340446, 
            "ZgS": 0.17986264052060674, 
            "WgS": 0.260465551268724
        }, 
        "Higgs": {
            "qqH_htt": 0.0, 
            "qqH_hww": 0.018945240519389298, 
            "ggZH_hww": 0.021789025148442994, 
            "WH_htt": 0.09980387115108963, 
            "ggH_htt": 0.012979032576476287, 
            "WH_hww": 0.2062010278096684, 
            "ggH_hww": 0.5839427378112737, 
            "ttH_hww": 0.019572459605788576, 
            "ZH_htt": 0.012683725588306887, 
            "ZH_hww": 0.024082879789564277
        }
    }, 
    "ww2l2v_13TeV_sr_2j_B2": {
        "Vg": {
            "Wg": 0.5865203861766626, 
            "Zg": 0.007820977608875082, 
            "ZgS": 0.10358132760908183, 
            "WgS": 0.3020773086053805
        }, 
        "Higgs": {
            "qqH_htt": 0.0016382034632368898, 
            "qqH_hww": 0.09718158481775138, 
            "ggZH_hww": 0.10874314651503877, 
            "WH_htt": 0.009853521847331582, 
            "ggH_htt": 0.011887266696430716, 
            "WH_hww": 0.11398250044966335, 
            "ggH_hww": 0.5646407137839917, 
            "ttH_hww": 0.046970910750799545, 
            "ZH_htt": 0.0020865171160502943, 
            "ZH_hww": 0.04301563455970593
        }
    }, 
    "ww2l2v_13TeV_sr_0j_B6": {
        "Vg": {
            "Wg": 0.6382046222655953, 
            "Zg": 0.05065531009076932, 
            "ZgS": 0.0154801476075067, 
            "WgS": 0.2956599200361287
        }, 
        "Higgs": {
            "qqH_htt": 0.0, 
            "qqH_hww": 0.13688380978717096, 
            "ggZH_hww": 0.12123682057479487, 
            "WH_htt": 0.13086551751055595, 
            "ggH_htt": 0.02004684466359674, 
            "WH_hww": 0.3708542474405829, 
            "ggH_hww": 0.13554069898324111, 
            "ttH_hww": 0.004015970864540754, 
            "ZH_htt": 0.01189228225488833, 
            "ZH_hww": 0.06866380792062844
        }
    }, 
    "ww2l2v_13TeV_sr_0j_B5": {
        "Vg": {
            "Wg": 0.5192438297966561, 
            "Zg": 0.13477175102380728, 
            "ZgS": 0.009993588099326134, 
            "WgS": 0.3359908310802105
        }, 
        "Higgs": {
            "qqH_htt": 0.0, 
            "qqH_hww": 0.1984974389356645, 
            "ggZH_hww": 0.15048113869473068, 
            "WH_htt": 0.0692036983562303, 
            "ggH_htt": 0.0, 
            "WH_hww": 0.2671034826165289, 
            "ggH_hww": 0.24147851267856987, 
            "ttH_hww": 0.0, 
            "ZH_htt": 0.013270312147050538, 
            "ZH_hww": 0.05996541657122547
        }
    }, 
    "ww2l2v_13TeV_sr_0j_B4": {
        "Vg": {
            "Wg": 0.6827289129434415, 
            "Zg": 0.034782913642139805, 
            "ZgS": 0.008024946592482537, 
            "WgS": 0.2744632268219362
        }, 
        "Higgs": {
            "qqH_htt": 0.002539900111753554, 
            "qqH_hww": 0.1779213864187112,