{
    "PS_ISR": {
        "ggWW_B6": [
            0.9925013371597016, 
            1.0057706589654134
        ], 
        "ggWW_B4": [
            0.9862651252088006, 
            1.011400792000895
        ], 
        "ggWW_B5": [
            0.9859411162715993, 
            1.0113700352021207
        ], 
        "ggWW_B2": [
            1.0016508196596603, 
            0.9986826809108392
        ], 
        "ggWW_B3": [
            0.9919204718076612, 
            1.00686292958122
        ], 
        "ggWW_B0": [
            1.0065589619852542, 
            0.9946737555775969
        ], 
        "ggWW_B1": [
            1.0069549812380922, 
            0.9943579568903808
        ], 
        "WW_B6": [
            0.9980269013983661, 
            1.0015742101487397
        ], 
        "WW_B4": [
            0.9976222266589105, 
            1.0016077491830016
        ], 
        "WW_B5": [
            0.9991591698154532, 
            1.0007512482051504
        ], 
        "WW_B2": [
            0.9989814730230513, 
            1.0008436118705655
        ], 
        "WW_B3": [
            1.000139536019036, 
            0.999946429416059
        ], 
        "WW_B0": [
            1.0002576675936259, 
            0.9998274680958489
        ], 
        "WW_B1": [
            0.9994940194718079, 
            1.00037943724924
        ]
    }, 
    "PS_FSR": {
        "ggWW_B6": [
            1.0003661069674996, 
            1.0003289177046626
        ], 
        "ggWW_B4": [
            1.0009412799939719, 
            0.9994241433347109
        ], 
        "ggWW_B5": [
            0.9999928454758799, 
            0.9996438885475766
        ], 
        "ggWW_B2": [
            0.9995198271031274, 
            0.9997191311239882
        ], 
        "ggWW_B3": [
            0.9999578426761797, 
            0.9999693046125231
        ], 
        "ggWW_B0": [
            0.9998081853744569, 
            1.0000106329867422
        ], 
        "ggWW_B1": [
            1.000182953467784, 
            0.999814883575948
        ], 
        "WW_B6": [
            1.0037266145230364, 
            0.9992990104999764
        ], 
        "WW_B4": [
            1.0054738552854245, 
            0.9972060868832961
        ], 
        "WW_B5": [
            1.0007432151992042, 
            0.9989383779708522
        ], 
        "WW_B2": [
            0.9991984478606079, 
            1.0000780604490258
        ], 
        "WW_B3": [
            1.0013384283721578, 
            1.00003330595951
        ], 
        "WW_B0": [
            0.9994036136921436, 
            0.9998123248993858
        ], 
        "WW_B1": [
            0.9989539813518012, 
            0.9991674678589584
        ]
    }, 
    "QCDscale_WW": {
        "ggWW_B6": [
            1.0, 
            1.0
        ], 
        "ggWW_B4": [
            1.0, 
            1.0
        ], 
        "ggWW_B5": [
            1.0, 
            1.0
        ], 
        "ggWW_B2": [
            1.0, 
            1.0
        ], 
        "ggWW_B3": [
            1.0, 
            1.0
        ], 
        "ggWW_B0": [
            1.0, 
            1.0
        ], 
        "ggWW_B1": [
            1.0, 
            1.0
        ], 
        "WW_B6": [
            0.9709226904304679, 
            1.0237613524445717
        ], 
        "WW_B4": [
            0.9816025967705173, 
            1.013600897441644
        ], 
        "WW_B5": [
            0.9785893060924109, 
            1.0163346250423726
        ], 
        "WW_B2": [
            0.9853835744611935, 
            1.0101453639227096
        ], 
        "WW_B3": [
            0.9832975310068739, 
            1.0120344224888629
        ], 
        "WW_B0": [
            0.9860366946263356, 
            1.009565396415486
        ], 
        "WW_B1": [
            0.9867419261497028, 
            1.008907413790914
        ]
    }, 
    "CMS_hww_WWresum": {
        "WW_B6": [
            0.985641836932757, 
            1.0446385614875107
        ], 
        "WW_B4": [
            0.98583474871372, 
            1.047655463429424
        ], 
        "WW_B5": [
            0.9863756468364235, 
            1.045434561731409
        ], 
        "WW_B2": [
            0.9861232242151046, 
            1.0497908062885994
        ], 
        "WW_B3": [
            0.9865226776926492, 
            1.0475735460495836
        ], 
        "WW_B0": [
            0.9872654593197304, 
            1.048798500910842
        ], 
        "WW_B1": [
            0.9872502958500936, 
            1.048777859881651
        ]
    }, 
    "CMS_hww_WWqscale": {
        "WW_B6": [
            1.027607456285682, 
            0.9694338146955096
        ], 
        "WW_B4": [
            1.0184826334508397, 
            0.9807460783704119
        ], 
        "WW_B5": [
            1.0211931756715409, 
            0.9770243320289433
        ], 
        "WW_B2": [
            1.011597695276631, 
            0.9891325465499068
        ], 
        "WW_B3": [
            1.0150043994195994, 
            0.9847318245786785
        ], 
        "WW_B0": [
            1.0079519384906273, 
            0.9933887661674965
        ], 
        "WW_B1": [
            1.0082461652721553, 
            0.9930596301507705
        ]
    }, 
    "pdf_WW": {
        "WW_B6": [
            0.9882695053939909, 
            1.0120123154082126
        ], 
        "WW_B4": [
            0.9908279579704441, 
            1.0093434388573563
        ], 
        "WW_B5": [
            0.9904327076859345, 
            1.0097539297075107
        ], 
        "WW_B2": [
            0.9899716798013299, 
            1.0102335712573596
        ], 
        "WW_B3": [
            0.9905060446790754, 
            1.009677714906792
        ], 
        "WW_B0": [
            0.9892123517188703, 
            1.011025527302435
        ], 
        "WW_B1": [
            0.9900606283727811, 
            1.0101409611910899
        ]
    }
}