{
    "PS_ISR": {
        "ggWW_B6": [
            0.9925013371600366, 
            1.00577065896575
        ], 
        "ggWW_B4": [
            0.9862651252087721, 
            1.011400792000865
        ], 
        "ggWW_B5": [
            0.985941116271599, 
            1.0113700352021207
        ], 
        "ggWW_B2": [
            1.0016508196598883, 
            0.9986826809110698
        ], 
        "ggWW_B3": [
            0.9919204718078583, 
            1.0068629295814222
        ], 
        "ggWW_B0": [
            1.0065589619830122, 
            0.9946737555753646
        ], 
        "ggWW_B1": [
            1.006954981238086, 
            0.9943579568903653
        ], 
        "WW_B6": [
            0.9980269013983701, 
            1.0015742101487417
        ], 
        "WW_B4": [
            0.9976222266589112, 
            1.001607749183006
        ], 
        "WW_B5": [
            0.9991591698154552, 
            1.0007512482051522
        ], 
        "WW_B2": [
            0.998981473023054, 
            1.0008436118705684
        ], 
        "WW_B3": [
            1.0001395360190373, 
            0.9999464294160577
        ], 
        "WW_B0": [
            1.0002576675936214, 
            0.9998274680958423
        ], 
        "WW_B1": [
            0.9994940194718063, 
            1.000379437249243
        ]
    }, 
    "PS_FSR": {
        "ggWW_B6": [
            1.0003661069678382, 
            1.0003289177050014
        ], 
        "ggWW_B4": [
            1.0009412799939437, 
            0.9994241433346803
        ], 
        "ggWW_B5": [
            0.9999928454758837, 
            0.9996438885475741
        ], 
        "ggWW_B2": [
            0.9995198271033578, 
            0.999719131124218
        ], 
        "ggWW_B3": [
            0.9999578426763794, 
            0.9999693046127245
        ], 
        "ggWW_B0": [
            0.9998081853722205, 
            1.0000106329845164
        ], 
        "ggWW_B1": [
            1.0001829534677735, 
            0.999814883575942
        ], 
        "WW_B6": [
            1.0037266145230366, 
            0.9992990104999726
        ], 
        "WW_B4": [
            1.0054738552854283, 
            0.9972060868832978
        ], 
        "WW_B5": [
            1.000743215199202, 
            0.9989383779708522
        ], 
        "WW_B2": [
            0.9991984478606076, 
            1.0000780604490291
        ], 
        "WW_B3": [
            1.0013384283721574, 
            1.0000333059595112
        ], 
        "WW_B0": [
            0.9994036136921359, 
            0.9998123248993901
        ], 
        "WW_B1": [
            0.9989539813518056, 
            0.9991674678589583
        ]
    }, 
    "QCDscale_WW": {
        "ggWW_B6": [
            1.0, 
            1.0
        ], 
        "ggWW_B4": [
            1.0, 
            1.0
        ], 
        "ggWW_B5": [
            1.0, 
            1.0
        ], 
        "ggWW_B2": [
            1.0, 
            1.0
        ], 
        "ggWW_B3": [
            1.0, 
            1.0
        ], 
        "ggWW_B0": [
            1.0, 
            1.0
        ], 
        "ggWW_B1": [
            1.0, 
            1.0
        ], 
        "WW_B6": [
            0.9709226904304689, 
            1.0237613524445728
        ], 
        "WW_B4": [
            0.9816025967705202, 
            1.0136008974416477
        ], 
        "WW_B5": [
            0.9785893060924081, 
            1.0163346250423737
        ], 
        "WW_B2": [
            0.9853835744611898, 
            1.0101453639227098
        ], 
        "WW_B3": [
            0.9832975310068731, 
            1.0120344224888604
        ], 
        "WW_B0": [
            0.9860366946263354, 
            1.0095653964154867
        ], 
        "WW_B1": [
            0.9867419261497019, 
            1.0089074137909138
        ]
    }, 
    "CMS_hww_WWresum": {
        "WW_B6": [
            0.9856418369327564, 
            1.0446385614875127
        ], 
        "WW_B4": [
            0.9858347487137208, 
            1.0476554634294262
        ], 
        "WW_B5": [
            0.9863756468364253, 
            1.0454345617314098
        ], 
        "WW_B2": [
            0.9861232242151065, 
            1.0497908062885979
        ], 
        "WW_B3": [
            0.9865226776926519, 
            1.0475735460495836
        ], 
        "WW_B0": [
            0.9872654593197292, 
            1.0487985009108405
        ], 
        "WW_B1": [
            0.9872502958500914, 
            1.0487778598816524
        ]
    }, 
    "CMS_hww_WWqscale": {
        "WW_B6": [
            1.0276074562856803, 
            0.969433814695512
        ], 
        "WW_B4": [
            1.0184826334508432, 
            0.9807460783704134
        ], 
        "WW_B5": [
            1.021193175671542, 
            0.9770243320289427
        ], 
        "WW_B2": [
            1.0115976952766268, 
            0.9891325465499089
        ], 
        "WW_B3": [
            1.0150043994196019, 
            0.9847318245786802
        ], 
        "WW_B0": [
            1.007951938490617, 
            0.9933887661674893
        ], 
        "WW_B1": [
            1.0082461652721528, 
            0.9930596301507699
        ]
    }, 
    "pdf_WW": {
        "WW_B6": [
            0.9877379810772796, 
            1.0125702932706178
        ], 
        "WW_B4": [
            0.9903276106131986, 
            1.0098631906274924
        ], 
        "WW_B5": [
            0.9899152467159557, 
            1.010292344800091
        ], 
        "WW_B2": [
            0.9896367869835557, 
            1.0105825514870805
        ], 
        "WW_B3": [
            0.9899852265100406, 
            1.0102194647390597
        ], 
        "WW_B0": [
            0.9888279409899958, 
            1.011427394051349
        ], 
        "WW_B1": [
            0.9896964647112413, 
            1.0105203284394084
        ]
    }
}