{
    "PS_ISR": {
        "ggWW_B6": [
            0.9924430821674818, 
            1.0057517290650602
        ], 
        "ggWW_B4": [
            0.9856282005106602, 
            1.0118682316485288
        ], 
        "ggWW_B5": [
            0.9859513165678658, 
            1.0113020170628866
        ], 
        "ggWW_B2": [
            1.001781402264364, 
            0.9986162942712128
        ], 
        "ggWW_B3": [
            0.9920286918197272, 
            1.0067509104508106
        ], 
        "ggWW_B0": [
            1.006740637349234, 
            0.9945334935646051
        ], 
        "ggWW_B1": [
            1.0072791675317048, 
            0.9941022242026629
        ], 
        "WW_B6": [
            0.9987107140874574, 
            1.0010368545579214
        ], 
        "WW_B4": [
            0.9974141908121592, 
            1.0018421379742322
        ], 
        "WW_B5": [
            0.9985155346754794, 
            1.0011119750080923
        ], 
        "WW_B2": [
            0.9992174078886377, 
            1.000662832770913
        ], 
        "WW_B3": [
            1.0006498307694984, 
            0.9996137768242996
        ], 
        "WW_B0": [
            1.0003259445012966, 
            0.9998095388402756
        ], 
        "WW_B1": [
            0.9994141645823424, 
            1.0003672676134314
        ]
    }, 
    "PS_FSR": {
        "ggWW_B6": [
            1.0021347466972428, 
            1.0002966682601877
        ], 
        "ggWW_B4": [
            1.0010677097362493, 
            0.9989189730436343
        ], 
        "ggWW_B5": [
            1.000378543267052, 
            0.9993864229788363
        ], 
        "ggWW_B2": [
            0.9988757256469717, 
            1.0003519538291745
        ], 
        "ggWW_B3": [
            1.000300166312, 
            0.9998839689718155
        ], 
        "ggWW_B0": [
            0.999278010993655, 
            1.000587343734733
        ], 
        "ggWW_B1": [
            1.0005437171380889, 
            0.9996313375896124
        ], 
        "WW_B6": [
            1.0071283337249126, 
            0.9974078715975627
        ], 
        "WW_B4": [
            1.0091807700058932, 
            0.9960040603076898
        ], 
        "WW_B5": [
            1.0000327464263346, 
            0.9995907720555482
        ], 
        "WW_B2": [
            1.001544101032004, 
            0.9974476305685119
        ], 
        "WW_B3": [
            1.0021525380010758, 
            1.0015919021466138
        ], 
        "WW_B0": [
            0.99810960135565, 
            0.9999440955298108
        ], 
        "WW_B1": [
            0.9945224012181767, 
            1.0013723130549124
        ]
    }, 
    "QCDscale_WW": {
        "ggWW_B6": [
            1.0, 
            1.0
        ], 
        "ggWW_B4": [
            1.0, 
            1.0
        ], 
        "ggWW_B5": [
            1.0, 
            1.0
        ], 
        "ggWW_B2": [
            1.0, 
            1.0
        ], 
        "ggWW_B3": [
            1.0, 
            1.0
        ], 
        "ggWW_B0": [
            1.0, 
            1.0
        ], 
        "ggWW_B1": [
            1.0, 
            1.0
        ], 
        "WW_B6": [
            0.9708072813960424, 
            1.0238738814244706
        ], 
        "WW_B4": [
            0.9813141778465048, 
            1.013849853363749
        ], 
        "WW_B5": [
            0.9782266746175446, 
            1.01664657024731
        ], 
        "WW_B2": [
            0.9854622962637066, 
            1.0100537013924034
        ], 
        "WW_B3": [
            0.9830348186253267, 
            1.0122734943230733
        ], 
        "WW_B0": [
            0.9866381765942671, 
            1.0089901972509367
        ], 
        "WW_B1": [
            0.98723323002906, 
            1.0084584010772082
        ]
    }, 
    "CMS_hww_WWresum": {
        "WW_B6": [
            0.9857931256040865, 
            1.044457504442236
        ], 
        "WW_B4": [
            0.9857781401947822, 
            1.047883937712302
        ], 
        "WW_B5": [
            0.9864524500262913, 
            1.0452084618996698
        ], 
        "WW_B2": [
            0.9861422433221988, 
            1.0498515606390655
        ], 
        "WW_B3": [
            0.9864662970846564, 
            1.0476739460813471
        ], 
        "WW_B0": [
            0.9874058273466424, 
            1.0485995296758497
        ], 
        "WW_B1": [
            0.9868508832628419, 
            1.0496215995165872
        ]
    }, 
    "CMS_hww_WWqscale": {
        "WW_B6": [
            1.0272355255515198, 
            0.9698068128299712
        ], 
        "WW_B4": [
            1.0184990361485773, 
            0.9808219154708618
        ], 
        "WW_B5": [
            1.0213598779436912, 
            0.9769203967918543
        ], 
        "WW_B2": [
            1.0112875628856897, 
            0.9894762410868421
        ], 
        "WW_B3": [
            1.0149184135593596, 
            0.9848247543247707
        ], 
        "WW_B0": [
            1.0076522381626474, 
            0.9937280049815308
        ], 
        "WW_B1": [
            1.0085079404530315, 
            0.9929853988732079
        ]
    }, 
    "pdf_WW": {
        "WW_B6": [
            0.9875101034887213, 
            1.0128098847817701
        ], 
        "WW_B4": [
            0.9904918823098435, 
            1.009692431244102
        ], 
        "WW_B5": [
            0.9897527413566264, 
            1.010461665426301
        ], 
        "WW_B2": [
            0.9896089648774324, 
            1.0106115654205479
        ], 
        "WW_B3": [
            0.9897655017440092, 
            1.010448365819506
        ], 
        "WW_B0": [
            0.9886219568894402, 
            1.0116429920413237
        ], 
        "WW_B1": [
            0.98950003959471, 
            1.0107251885147792
        ]
    }
}