{
    "ww2l2v_13TeV_top_1j": {
        "Vg": {
            "Wg": 0.3917150326507643, 
            "Zg": 0.0780042931462109, 
            "ZgS": 0.002159865378957625, 
            "WgS": 0.5281208088240672
        }, 
        "Higgs": {
            "qqH_htt": 0.04187459834307681, 
            "qqH_hww": 0.08267038133918506, 
            "ggZH_hww": 0.03746355707039964, 
            "WH_htt": 0.05525401056697344, 
            "ggH_htt": 0.16402395130204098, 
            "WH_hww": 0.09760281184965192, 
            "ggH_hww": 0.3167883527963851, 
            "ttH_hww": 0.14894680196698148, 
            "ZH_htt": 0.018296307948638835, 
            "ZH_hww": 0.03707922681666674
        }
    }, 
    "ww2l2v_13TeV_sr_1j_B6": {
        "Vg": {
            "Wg": 0.618753990453661, 
            "Zg": 0.05105466695295784, 
            "ZgS": 0.011870318808823012, 
            "WgS": 0.3183210237845582
        }, 
        "Higgs": {
            "qqH_htt": 0.002353675582809764, 
            "qqH_hww": 0.1765286037356882, 
            "ggZH_hww": 0.03315402475226096, 
            "WH_htt": 0.009555675566062866, 
            "ggH_htt": 0.004329361556758811, 
            "WH_hww": 0.05643953392006497, 
            "ggH_hww": 0.6974916918747819, 
            "ttH_hww": 0.002959461751981038, 
            "ZH_htt": 0.0015310940153430547, 
            "ZH_hww": 0.01565687724424861
        }
    }, 
    "ww2l2v_13TeV_sr_1j_B5": {
        "Vg": {
            "Wg": 0.5868388661764241, 
            "Zg": 0.06737568206312648, 
            "ZgS": 0.031496352239831125, 
            "WgS": 0.31428909952061834
        }, 
        "Higgs": {
            "qqH_htt": 0.0004841134804275244, 
            "qqH_hww": 0.08235457242488675, 
            "ggZH_hww": 0.016056420274042478, 
            "WH_htt": 0.01374820194808904, 
            "ggH_htt": 0.007830531568351186, 
            "WH_hww": 0.06562369620454607, 
            "ggH_hww": 0.7916354823781134, 
            "ttH_hww": 0.0021613316975959986, 
            "ZH_htt": 0.0019006467754688332, 
            "ZH_hww": 0.018205003248478856
        }
    }, 
    "ww2l2v_13TeV_sr_1j_B2": {
        "Vg": {
            "Wg": 0.4996579270583657, 
            "Zg": 0.1425743118142032, 
            "ZgS": 0.03601967371901764, 
            "WgS": 0.32174808740841354
        }, 
        "Higgs": {
            "qqH_htt": 0.0028187444684992418, 
            "qqH_hww": 0.07512043322869691, 
            "ggZH_hww": 0.017715670210500217, 
            "WH_htt": 0.017262145794850407, 
            "ggH_htt": 0.011199972902001297, 
            "WH_hww": 0.07906031680601677, 
            "ggH_hww": 0.777815560220212, 
            "ttH_hww": 0.0025559634578698935, 
            "ZH_htt": 0.0018819849780073166, 
            "ZH_hww": 0.014569207933345844
        }
    }, 
    "ww2l2v_13TeV_top_2j": {
        "Vg": {
            "Wg": 0.5070204409695509, 
            "Zg": 0.12645227941960435, 
            "ZgS": 0.09468343558034344, 
            "WgS": 0.27184384403050127
        }, 
        "Higgs": {
            "qqH_htt": 0.005838633271489789, 
            "qqH_hww": 0.00717748306647734, 
            "ggZH_hww": 0.028004547085960417, 
            "WH_htt": 0.007346926448843965, 
            "ggH_htt": 0.0267942497916737, 
            "WH_hww": 0.017777218952100736, 
            "ggH_hww": 0.03625495440844649, 
            "ttH_hww": 0.8570061063835515, 
            "ZH_htt": 0.00520318631743472, 
            "ZH_hww": 0.008596694274021389
        }
    }, 
    "ww2l2v_13TeV_sr_1j_B3": {
        "Vg": {
            "Wg": 0.6035511407596604, 
            "Zg": 0.1109367800933394, 
            "ZgS": 0.05918709055075821, 
            "WgS": 0.22632498859624195
        }, 
        "Higgs": {
            "qqH_htt": 0.0, 
            "qqH_hww": 0.06969633193195135, 
            "ggZH_hww": 0.019136024552935373, 
            "WH_htt": 0.013473605707407138, 
            "ggH_htt": 0.011785243377315216, 
            "WH_hww": 0.06946342193368465, 
            "ggH_hww": 0.7956732655819451, 
            "ttH_hww": 0.0025663695852298613, 
            "ZH_htt": 0.0023157144610221497, 
            "ZH_hww": 0.01589002286850915
        }
    }, 
    "ww2l2v_13TeV_sr_2j_B3": {
        "Vg": {
            "Wg": 0.4914004717782107, 
            "Zg": 0.10637970225825591, 
            "ZgS": 0.03558319097267763, 
            "WgS": 0.36663663499085575
        }, 
        "Higgs": {
            "qqH_htt": 0.004904310625665208, 
            "qqH_hww": 0.0984213195218679, 
            "ggZH_hww": 0.04270418451198241, 
            "WH_htt": 0.02200594542961186, 
            "ggH_htt": 0.0, 
            "WH_hww": 0.16361062711933652, 
            "ggH_hww": 0.5503896531315325, 
            "ttH_hww": 0.05371279323339466, 
            "ZH_htt": 0.00505727733214356, 
            "ZH_hww": 0.05919388909446547
        }
    }, 
    "ww2l2v_13TeV_top_0j": {
        "Vg": {
            "Wg": 0.5947015284800096, 
            "Zg": -0.035029720269340446, 
            "ZgS": 0.17986264052060674, 
            "WgS": 0.26046555126872395
        }, 
        "Higgs": {
            "qqH_htt": 0.0, 
            "qqH_hww": 0.01894524051938929, 
            "ggZH_hww": 0.02178902514844299, 
            "WH_htt": 0.09980387115108962, 
            "ggH_htt": 0.012979032576476285, 
            "WH_hww": 0.2062010278096684, 
            "ggH_hww": 0.5839427378112737, 
            "ttH_hww": 0.019572459605788572, 
            "ZH_htt": 0.012683725588306886, 
            "ZH_hww": 0.024082879789564273
        }
    }, 
    "ww2l2v_13TeV_sr_2j_B2": {
        "Vg": {
            "Wg": 0.10629695522097782, 
            "Zg": 0.22573780791980738, 
            "ZgS": 0.14957523435558978, 
            "WgS": 0.5183900025036251
        }, 
        "Higgs": {
            "qqH_htt": 0.006325189318485149, 
            "qqH_hww": 0.09443300424384002, 
            "ggZH_hww": 0.053981621287527086, 
            "WH_htt": 0.024130332301929056, 
            "ggH_htt": 0.013200041182685253, 
            "WH_hww": 0.16011292864613882, 
            "ggH_hww": 0.5276314926232794, 
            "ttH_hww": 0.05361530122051921, 
            "ZH_htt": 0.008351255470579333, 
            "ZH_hww": 0.0582188337050167
        }
    }, 
    "ww2l2v_13TeV_sr_0j_B6": {
        "Vg": {
            "Wg": 0.5941365542293408, 
            "Zg": 0.08363738324074727, 
            "ZgS": 0.019970840749182237, 
            "WgS": 0.3022552217807298
        }, 
        "Higgs": {
            "qqH_htt": 0.002017503582109459, 
            "qqH_hww": 0.22805177967701293, 
            "ggZH_hww": 0.019364309865279438, 
            "WH_htt": 0.004489840391258125, 
            "ggH_htt": 0.004146674671549467, 
            "WH_hww": 0.02860152297046012, 
            "ggH_hww": 0.7046798817106106, 
            "ttH_hww": 0.0006907169556440127, 
            "ZH_htt": 0.0009687111229228516, 
            "ZH_hww": 0.006989059053153195
        }
    }, 
    "ww2l2v_13TeV_sr_0j_B5": {
        "Vg": {
            "Wg": 0.5829293154215714, 
            "Zg": 0.03362059669185412, 
            "ZgS": 0.026392987884630948, 
            "WgS": 0.35705710000194346
        }, 
        "Higgs": {
            "qqH_htt": 0.0, 
            "qqH_hww": 0.069541949003582, 
            "ggZH_hww": 0.011085255186908395, 
            "WH_htt": 0.006392230303469879, 
            "ggH_htt": 0.003934052724616944, 
            "WH_hww": 0.038460177665661774, 
            "ggH_hww": 0.8616801329599694, 
            "ttH_hww": 0.00014043355883232802, 
            "ZH_htt": 0.0015893016696766668, 
            "ZH_hww": 0.007176466927282421
        }
    }, 
    "ww2l2v_13TeV_sr_0j_B4": {
        "Vg": {
            "Wg": 0.6330673707651732, 
            "Zg": 0.0439212593334481, 
            "ZgS": 0.01060926666904991, 
            "WgS": 0.3124021032323289
        }, 
        "Higgs": {
            "qqH_htt": 0.0002610218625711138,