{
    "ww2l2v_13TeV_top_1j": {
        "Vg": {
            "Wg": 0.5560431330579171, 
            "Zg": 0.07576004972100364, 
            "ZgS": 0.0021839713129313118, 
            "WgS": 0.36601284590814803
        }, 
        "Higgs": {
            "qqH_htt": 0.05262506418170388, 
            "qqH_hww": 0.08126883883345008, 
            "ggZH_hww": 0.03301871933395359, 
            "WH_htt": 0.059263448863320856, 
            "ggH_htt": 0.16625211434635578, 
            "WH_hww": 0.10268661836811455, 
            "ggH_hww": 0.30893304292584356, 
            "ttH_hww": 0.14071114047441893, 
            "ZH_htt": 0.020222332540654267, 
            "ZH_hww": 0.03501868013218461
        }
    }, 
    "ww2l2v_13TeV_sr_1j_B6": {
        "Vg": {
            "Wg": 0.6808017616342422, 
            "Zg": 0.04937719591772037, 
            "ZgS": 0.00745923805023753, 
            "WgS": 0.2623618043977998
        }, 
        "Higgs": {
            "qqH_htt": 0.0023325495047156223, 
            "qqH_hww": 0.1737495945694614, 
            "ggZH_hww": 0.03185119055749827, 
            "WH_htt": 0.010477292192650887, 
            "ggH_htt": 0.006399384523429045, 
            "WH_hww": 0.05709433360059348, 
            "ggH_hww": 0.6975485619089262, 
            "ttH_hww": 0.0029580904275919944, 
            "ZH_htt": 0.0017689946621176923, 
            "ZH_hww": 0.015820008053015304
        }
    }, 
    "ww2l2v_13TeV_sr_1j_B5": {
        "Vg": {
            "Wg": 0.6303873936723273, 
            "Zg": 0.08723148594757783, 
            "ZgS": 0.03009978853532206, 
            "WgS": 0.2522813318447729
        }, 
        "Higgs": {
            "qqH_htt": 0.0008713423659994616, 
            "qqH_hww": 0.08258983555411817, 
            "ggZH_hww": 0.01576621396703368, 
            "WH_htt": 0.013951120765204229, 
            "ggH_htt": 0.007741763402281832, 
            "WH_hww": 0.06386262164302148, 
            "ggH_hww": 0.7923452674176337, 
            "ttH_hww": 0.0026427264351848736, 
            "ZH_htt": 0.0020305592231700254, 
            "ZH_hww": 0.018198549226352605
        }
    }, 
    "ww2l2v_13TeV_sr_1j_B2": {
        "Vg": {
            "Wg": 0.6077759052065248, 
            "Zg": 0.11208657103932965, 
            "ZgS": 0.04738199707733977, 
            "WgS": 0.2327555266768058
        }, 
        "Higgs": {
            "qqH_htt": 0.0022978431525216125, 
            "qqH_hww": 0.07559094169226273, 
            "ggZH_hww": 0.01650500195897546, 
            "WH_htt": 0.01864387461397631, 
            "ggH_htt": 0.013608125277520188, 
            "WH_hww": 0.07912789485136668, 
            "ggH_hww": 0.7729240953787222, 
            "ttH_hww": 0.0020788840080848033, 
            "ZH_htt": 0.0031745385952086135, 
            "ZH_hww": 0.01604880047136128
        }
    }, 
    "ww2l2v_13TeV_top_2j": {
        "Vg": {
            "Wg": 0.5950554826409921, 
            "Zg": 0.1006982260155257, 
            "ZgS": 0.052972592489938186, 
            "WgS": 0.25127369885354417
        }, 
        "Higgs": {
            "qqH_htt": 0.006228605952837427, 
            "qqH_hww": 0.007071755629353899, 
            "ggZH_hww": 0.02671996095480254, 
            "WH_htt": 0.008067546740212657, 
            "ggH_htt": 0.02925239866076587, 
            "WH_hww": 0.01787854377233173, 
            "ggH_hww": 0.03591720652771206, 
            "ttH_hww": 0.8542151275339825, 
            "ZH_htt": 0.00586542567568956, 
            "ZH_hww": 0.00878342855231171
        }
    }, 
    "ww2l2v_13TeV_sr_1j_B3": {
        "Vg": {
            "Wg": 0.6315397600993451, 
            "Zg": 0.12099957347774969, 
            "ZgS": 0.04048227048261803, 
            "WgS": 0.2069783959402872
        }, 
        "Higgs": {
            "qqH_htt": 0.0, 
            "qqH_hww": 0.0702803004249753, 
            "ggZH_hww": 0.017736788791028215, 
            "WH_htt": 0.013864067382389456, 
            "ggH_htt": 0.009702228402612425, 
            "WH_hww": 0.06962109529448761, 
            "ggH_hww": 0.798141842076915, 
            "ttH_hww": 0.0021020903955150535, 
            "ZH_htt": 0.0021642087158095093, 
            "ZH_hww": 0.016387378516267623
        }
    }, 
    "ww2l2v_13TeV_sr_2j_B3": {
        "Vg": {
            "Wg": 0.4658425514129668, 
            "Zg": 0.04900917246401845, 
            "ZgS": 0.10473073622648577, 
            "WgS": 0.380417539896529
        }, 
        "Higgs": {
            "qqH_htt": 0.007322087764556628, 
            "qqH_hww": 0.09905315368203534, 
            "ggZH_hww": 0.04440458529305383, 
            "WH_htt": 0.02109932433915614, 
            "ggH_htt": 0.0, 
            "WH_hww": 0.16155958653392252, 
            "ggH_hww": 0.5440261335098681, 
            "ttH_hww": 0.06042314517355327, 
            "ZH_htt": 0.00551362930423808, 
            "ZH_hww": 0.05659835439961602
        }
    }, 
    "ww2l2v_13TeV_top_0j": {
        "Vg": {
            "Wg": 0.48742913857500964, 
            "Zg": 0.01727956050966129, 
            "ZgS": 0.14260717150746813, 
            "WgS": 0.3526841294078609
        }, 
        "Higgs": {
            "qqH_htt": 0.0, 
            "qqH_hww": 0.018116658236818847, 
            "ggZH_hww": 0.023072001863913297, 
            "WH_htt": 0.10196341311154167, 
            "ggH_htt": 0.028202527822919855, 
            "WH_hww": 0.20180787402113257, 
            "ggH_hww": 0.572060410394364, 
            "ttH_hww": 0.018665641160343416, 
            "ZH_htt": 0.012643977872728444, 
            "ZH_hww": 0.02346749551623788
        }
    }, 
    "ww2l2v_13TeV_sr_2j_B2": {
        "Vg": {
            "Wg": 0.46857966562658515, 
            "Zg": 0.16272727543985288, 
            "ZgS": 0.06229196746604769, 
            "WgS": 0.3064010914675143
        }, 
        "Higgs": {
            "qqH_htt": 0.005148018592673841, 
            "qqH_hww": 0.09373126832304572, 
            "ggZH_hww": 0.0541592609801316, 
            "WH_htt": 0.02412133935434803, 
            "ggH_htt": 0.01067310876215272, 
            "WH_hww": 0.16666257808889132, 
            "ggH_hww": 0.5158588817989824, 
            "ttH_hww": 0.05477349568858251, 
            "ZH_htt": 0.008514230126958195, 
            "ZH_hww": 0.06635781828423369
        }
    }, 
    "ww2l2v_13TeV_sr_0j_B6": {
        "Vg": {
            "Wg": 0.6912162862652873, 
            "Zg": 0.0798855970448531, 
            "ZgS": 0.020955062392256796, 
            "WgS": 0.20794305429760268
        }, 
        "Higgs": {
            "qqH_htt": 0.0018534964973218166, 
            "qqH_hww": 0.2171733228792921, 
            "ggZH_hww": 0.01778688984199696, 
            "WH_htt": 0.005116703433969262, 
            "ggH_htt": 0.004099719728544264, 
            "WH_hww": 0.03032800964581493, 
            "ggH_hww": 0.7140977232863713, 
            "ttH_hww": 0.0006148307097441064, 
            "ZH_htt": 0.0011027669298848423, 
            "ZH_hww": 0.007826537047060404
        }
    }, 
    "ww2l2v_13TeV_sr_0j_B5": {
        "Vg": {
            "Wg": 0.571096066183244, 
            "Zg": 0.09745527365570321, 
            "ZgS": 0.0132125183645784, 
            "WgS": 0.3182361417964744
        }, 
        "Higgs": {
            "qqH_htt": 0.0005094791720991449, 
            "qqH_hww": 0.06457939504027407, 
            "ggZH_hww": 0.00966941623881898, 
            "WH_htt": 0.0064428035423079975, 
            "ggH_htt": 0.003770202265753153, 
            "WH_hww": 0.03702610924703081, 
            "ggH_hww": 0.868721238636086, 
            "ttH_hww": 0.00019882242051314354, 
            "ZH_htt": 0.0016944660299271338, 
            "ZH_hww": 0.007388067407189528
        }
    }, 
    "ww2l2v_13TeV_sr_0j_B4": {
        "Vg": {
            "Wg": 0.6616875549829782, 
            "Zg": 0.05921843629657306, 
            "ZgS": 0.010497819354987132, 
            "WgS": 0.26859618936546154
        }, 
        "Higgs": {
            "qqH_htt": 0.00020584548273001177,