{
    "PS_ISR": {
        "ggWW_B6": [
            0.9212346963188122, 
            1.0734173725306915
        ], 
        "ggWW_B4": [
            0.9595000408510058, 
            1.0391479964834223
        ], 
        "ggWW_B5": [
            0.9471344931535267, 
            1.050318842938747
        ], 
        "ggWW_B2": [
            0.9844049003204259, 
            1.0176658999442754
        ], 
        "ggWW_B3": [
            0.9726743238476975, 
            1.0276227678171113
        ], 
        "ggWW_B0": [
            1.1068245817329248, 
            0.9229396090413432
        ], 
        "ggWW_B1": [
            1.0105118451789623, 
            0.9962607843836997
        ], 
        "WW_B6": [
            0.9936937528557364, 
            1.0049664780737229
        ], 
        "WW_B4": [
            0.997700007454133, 
            1.00161133133718
        ], 
        "WW_B5": [
            0.9955779161827211, 
            1.0032627668979905
        ], 
        "WW_B2": [
            1.00154956403502, 
            0.9983579832649033
        ], 
        "WW_B3": [
            1.001798902605234, 
            0.9985995094471303
        ], 
        "WW_B0": [
            1.001993885510093, 
            0.9986086693111005
        ], 
        "WW_B1": [
            1.0056017149197451, 
            0.9955774827137255
        ]
    }, 
    "PS_FSR": {
        "ggWW_B6": [
            1.0006321014251796, 
            0.9994971478170536
        ], 
        "ggWW_B4": [
            0.9981102289640104, 
            1.0006350103597477
        ], 
        "ggWW_B5": [
            0.9997359023031483, 
            0.9996970031778536
        ], 
        "ggWW_B2": [
            0.9980460121093687, 
            1.0011414125440266
        ], 
        "ggWW_B3": [
            1.0024067062393545, 
            0.9993945052675135
        ], 
        "ggWW_B0": [
            1.0004217117945926, 
            0.9998095101680738
        ], 
        "ggWW_B1": [
            0.9992482837037565, 
            1.0000901767977586
        ], 
        "WW_B6": [
            0.9994902058731368, 
            1.0000146397610432
        ], 
        "WW_B4": [
            0.998944640118504, 
            1.0013009959999986
        ], 
        "WW_B5": [
            1.0107872579999486, 
            0.9942889893930167
        ], 
        "WW_B2": [
            0.995874805901237, 
            1.0015205537367378
        ], 
        "WW_B3": [
            1.0060492004236021, 
            0.9969559743356851
        ], 
        "WW_B0": [
            1.0006493115941102, 
            0.9993924538413899
        ], 
        "WW_B1": [
            0.9997968603502955, 
            0.999693531479227
        ]
    }, 
    "QCDscale_WW": {
        "ggWW_B6": [
            1.0, 
            1.0
        ], 
        "ggWW_B4": [
            1.0, 
            1.0
        ], 
        "ggWW_B5": [
            1.0, 
            1.0
        ], 
        "ggWW_B2": [
            1.0, 
            1.0
        ], 
        "ggWW_B3": [
            1.0, 
            1.0
        ], 
        "ggWW_B0": [
            1.0, 
            1.0
        ], 
        "ggWW_B1": [
            1.0, 
            1.0
        ], 
        "WW_B6": [
            0.9618378565367204, 
            1.0327410367427703
        ], 
        "WW_B4": [
            0.9868870151972604, 
            1.0089445322912254
        ], 
        "WW_B5": [
            0.9818704987535164, 
            1.0138985568264403
        ], 
        "WW_B2": [
            0.988306933053251, 
            1.0076116712798597
        ], 
        "WW_B3": [
            0.9877117485809416, 
            1.0083008616544304
        ], 
        "WW_B0": [
            0.9941063384516892, 
            1.0021379982825551
        ], 
        "WW_B1": [
            0.9912662210463135, 
            1.0048413043158102
        ]
    }, 
    "CMS_hww_WWresum": {
        "WW_B6": [
            0.99991203485692, 
            1.00018332129652
        ], 
        "WW_B4": [
            0.8766651358606776, 
            1.3807808084708613
        ], 
        "WW_B5": [
            0.9974379815508213, 
            1.0050227787194161
        ], 
        "WW_B2": [
            0.917018472467995, 
            1.2284528612475862
        ], 
        "WW_B3": [
            0.8816982375889647, 
            1.3606100762084365
        ], 
        "WW_B0": [
            1.0307053631196885, 
            0.9843849801135881
        ], 
        "WW_B1": [
            0.9272452101236954, 
            1.1964971761907308
        ]
    }, 
    "CMS_hww_WWqscale": {
        "WW_B6": [
            1.0700319631752553, 
            0.9247455990572577
        ], 
        "WW_B4": [
            1.0471135137330272, 
            0.9577400008011077
        ], 
        "WW_B5": [
            1.0523811526454374, 
            0.9487720019639273
        ], 
        "WW_B2": [
            1.0360106231269668, 
            0.9725982171432497
        ], 
        "WW_B3": [
            1.045757640490882, 
            0.9600018194942261
        ], 
        "WW_B0": [
            0.9599028810280578, 
            1.0519939532710847
        ], 
        "WW_B1": [
            1.0330357903869596, 
            0.9763795512365885
        ]
    }, 
    "pdf_WW": {
        "WW_B6": [
            0.9913373848508418, 
            1.0088153429967353
        ], 
        "WW_B4": [
            0.9911061282993127, 
            1.0090549386254724
        ], 
        "WW_B5": [
            0.9917514982771094, 
            1.0083868597775398
        ], 
        "WW_B2": [
            0.9903353614205305, 
            1.0098551311407262
        ], 
        "WW_B3": [
            0.9907117620257666, 
            1.00946404660843
        ], 
        "WW_B0": [
            0.9875057747379012, 
            1.012814438217492
        ], 
        "WW_B1": [
            0.9898548709790387, 
            1.0103552395025541
        ]
    }
}