{
    "PS_ISR": {
        "ggWW_B6": [
            0.9212623126469056, 
            1.0733770422676074
        ], 
        "ggWW_B4": [
            0.9595176869826325, 
            1.0390893552947102
        ], 
        "ggWW_B5": [
            0.9466517535202672, 
            1.0506557460014756
        ], 
        "ggWW_B2": [
            0.9843000042086814, 
            1.0177750059702046
        ], 
        "ggWW_B3": [
            0.9730583312701001, 
            1.0274058903233014
        ], 
        "ggWW_B0": [
            1.106969588752, 
            0.922853455375269
        ], 
        "ggWW_B1": [
            1.0103958609573003, 
            0.9963436842856322
        ], 
        "WW_B6": [
            0.9933463194748977, 
            1.0052897532042153
        ], 
        "WW_B4": [
            0.9979974686474963, 
            1.0011528718586797
        ], 
        "WW_B5": [
            0.9972923194109166, 
            1.0020570700323166
        ], 
        "WW_B2": [
            1.001423332052417, 
            0.9982591818286042
        ], 
        "WW_B3": [
            1.001777746490619, 
            0.9984142327384056
        ], 
        "WW_B0": [
            1.0019652073177778, 
            0.9986375519191978
        ], 
        "WW_B1": [
            1.006771138109812, 
            0.994726312045674
        ]
    }, 
    "PS_FSR": {
        "ggWW_B6": [
            1.0006172589003504, 
            0.9997098179771664
        ], 
        "ggWW_B4": [
            0.9982867865713874, 
            1.0006029249525386
        ], 
        "ggWW_B5": [
            0.9981633802028675, 
            1.0002977930045702
        ], 
        "ggWW_B2": [
            0.9981169061404956, 
            1.0014385914135377
        ], 
        "ggWW_B3": [
            1.0050241955181667, 
            0.9983011235445168
        ], 
        "ggWW_B0": [
            1.0003933844570585, 
            1.0000365239961275
        ], 
        "ggWW_B1": [
            0.9992034443977955, 
            1.0006503941215668
        ], 
        "WW_B6": [
            0.998794846792523, 
            0.9997333113002616
        ], 
        "WW_B4": [
            0.9977927763781218, 
            1.0025953715632303
        ], 
        "WW_B5": [
            1.0078498032407288, 
            0.9934186837967218
        ], 
        "WW_B2": [
            1.0044634323390174, 
            0.9971904947628137
        ], 
        "WW_B3": [
            1.0144698112008366, 
            0.9928239758186639
        ], 
        "WW_B0": [
            0.9991531018408782, 
            1.0000397844161848
        ], 
        "WW_B1": [
            1.002039207284979, 
            0.999775001866236
        ]
    }, 
    "QCDscale_WW": {
        "ggWW_B6": [
            1.0, 
            1.0
        ], 
        "ggWW_B4": [
            1.0, 
            1.0
        ], 
        "ggWW_B5": [
            1.0, 
            1.0
        ], 
        "ggWW_B2": [
            1.0, 
            1.0
        ], 
        "ggWW_B3": [
            1.0, 
            1.0
        ], 
        "ggWW_B0": [
            1.0, 
            1.0
        ], 
        "ggWW_B1": [
            1.0, 
            1.0
        ], 
        "WW_B6": [
            0.9620174702125176, 
            1.0325760959262649
        ], 
        "WW_B4": [
            0.9886965083430146, 
            1.0070388799753667
        ], 
        "WW_B5": [
            0.9822615374343653, 
            1.0135429376786247
        ], 
        "WW_B2": [
            0.9871796406191373, 
            1.0085776234092794
        ], 
        "WW_B3": [
            0.9877630395439536, 
            1.0082547925646164
        ], 
        "WW_B0": [
            0.9942262219208635, 
            1.002029045856101
        ], 
        "WW_B1": [
            0.9912268999771866, 
            1.0048671462800502
        ]
    }, 
    "CMS_hww_WWresum": {
        "WW_B6": [
            0.9999129381572244, 
            1.0001847919697593
        ], 
        "WW_B4": [
            0.8768710965936023, 
            1.3798418615370016
        ], 
        "WW_B5": [
            0.9971997985199815, 
            1.0055069745122596
        ], 
        "WW_B2": [
            0.9172078414925111, 
            1.2278551109522993
        ], 
        "WW_B3": [
            0.8818010872571497, 
            1.3601533476448007
        ], 
        "WW_B0": [
            1.0307499757564693, 
            0.9843446735516415
        ], 
        "WW_B1": [
            0.9272419032778952, 
            1.196511712633102
        ]
    }, 
    "CMS_hww_WWqscale": {
        "WW_B6": [
            1.0699464065016404, 
            0.9249174128059069
        ], 
        "WW_B4": [
            1.0470846647310612, 
            0.9577815700846575
        ], 
        "WW_B5": [
            1.0523560935208285, 
            0.9488011114320198
        ], 
        "WW_B2": [
            1.0359510125328113, 
            0.9726835802229806
        ], 
        "WW_B3": [
            1.0457300315960132, 
            0.9600202477395489
        ], 
        "WW_B0": [
            0.9598694123406272, 
            1.0520393534120416
        ], 
        "WW_B1": [
            1.0330256610367372, 
            0.97638466344992
        ]
    }, 
    "pdf_WW": {
        "WW_B6": [
            0.9909797153413756, 
            1.0091860054262654
        ], 
        "WW_B4": [
            0.9906559435938421, 
            1.0095220047042706
        ], 
        "WW_B5": [
            0.9916472015371114, 
            1.008494707624465
        ], 
        "WW_B2": [
            0.9901676806177492, 
            1.010029546796985
        ], 
        "WW_B3": [
            0.9904717312587565, 
            1.0097133719784317
        ], 
        "WW_B0": [
            0.9873620608992738, 
            1.0129656574799926
        ], 
        "WW_B1": [
            0.9895150983720515, 
            1.0107094772590444
        ]
    }
}