{
    "PS_ISR": {
        "ggWW_B6": [
            0.9212346963187908, 
            1.0734173725306695
        ], 
        "ggWW_B4": [
            0.9595000408511222, 
            1.039147996483551
        ], 
        "ggWW_B5": [
            0.9471344931536201, 
            1.05031884293885
        ], 
        "ggWW_B2": [
            0.9844049003203109, 
            1.0176658999441537
        ], 
        "ggWW_B3": [
            0.9726743238475033, 
            1.0276227678169123
        ], 
        "ggWW_B0": [
            1.1068245817323008, 
            0.9229396090408172
        ], 
        "ggWW_B1": [
            1.0105118451789479, 
            0.996260784383675
        ], 
        "WW_B6": [
            0.9936937528557599, 
            1.0049664780737264
        ], 
        "WW_B4": [
            0.9977000074541236, 
            1.001611331337176
        ], 
        "WW_B5": [
            0.9955779161827174, 
            1.003262766897987
        ], 
        "WW_B2": [
            1.001549564035014, 
            0.998357983264892
        ], 
        "WW_B3": [
            1.0017989026052303, 
            0.9985995094471158
        ], 
        "WW_B0": [
            1.001993885510097, 
            0.9986086693110979
        ], 
        "WW_B1": [
            1.0056017149197374, 
            0.9955774827137225
        ]
    }, 
    "PS_FSR": {
        "ggWW_B6": [
            1.0006321014251598, 
            0.9994971478170254
        ], 
        "ggWW_B4": [
            0.9981102289641313, 
            1.0006350103598654
        ], 
        "ggWW_B5": [
            0.9997359023032502, 
            0.9996970031779533
        ], 
        "ggWW_B2": [
            0.9980460121092539, 
            1.0011414125439102
        ], 
        "ggWW_B3": [
            1.0024067062391566, 
            0.9993945052673101
        ], 
        "ggWW_B0": [
            1.0004217117940213, 
            0.999809510167509
        ], 
        "ggWW_B1": [
            0.9992482837037396, 
            1.0000901767977364
        ], 
        "WW_B6": [
            0.9994902058731394, 
            1.0000146397610714
        ], 
        "WW_B4": [
            0.9989446401185054, 
            1.0013009960000037
        ], 
        "WW_B5": [
            1.0107872579999537, 
            0.9942889893930206
        ], 
        "WW_B2": [
            0.9958748059012237, 
            1.00152055373673
        ], 
        "WW_B3": [
            1.006049200423598, 
            0.9969559743356753
        ], 
        "WW_B0": [
            1.000649311594107, 
            0.9993924538413934
        ], 
        "WW_B1": [
            0.9997968603502922, 
            0.9996935314792196
        ]
    }, 
    "QCDscale_WW": {
        "ggWW_B6": [
            1.0, 
            1.0
        ], 
        "ggWW_B4": [
            1.0, 
            1.0
        ], 
        "ggWW_B5": [
            1.0, 
            1.0
        ], 
        "ggWW_B2": [
            1.0, 
            1.0
        ], 
        "ggWW_B3": [
            1.0, 
            1.0
        ], 
        "ggWW_B0": [
            1.0, 
            1.0
        ], 
        "ggWW_B1": [
            1.0, 
            1.0
        ], 
        "WW_B6": [
            0.9618378565367426, 
            1.0327410367427814
        ], 
        "WW_B4": [
            0.9868870151972602, 
            1.0089445322912258
        ], 
        "WW_B5": [
            0.9818704987535137, 
            1.0138985568264454
        ], 
        "WW_B2": [
            0.9883069330532449, 
            1.0076116712798517
        ], 
        "WW_B3": [
            0.98771174858094, 
            1.008300861654422
        ], 
        "WW_B0": [
            0.9941063384516875, 
            1.0021379982825616
        ], 
        "WW_B1": [
            0.9912662210463083, 
            1.0048413043158007
        ]
    }, 
    "CMS_hww_WWresum": {
        "WW_B6": [
            0.9999120348569206, 
            1.00018332129652
        ], 
        "WW_B4": [
            0.8766651358606764, 
            1.3807808084708493
        ], 
        "WW_B5": [
            0.997437981550821, 
            1.0050227787194146
        ], 
        "WW_B2": [
            0.917018472467993, 
            1.2284528612475811
        ], 
        "WW_B3": [
            0.8816982375889654, 
            1.3606100762084266
        ], 
        "WW_B0": [
            1.0307053631196856, 
            0.9843849801135848
        ], 
        "WW_B1": [
            0.9272452101236908, 
            1.196497176190731
        ]
    }, 
    "CMS_hww_WWqscale": {
        "WW_B6": [
            1.070031963175322, 
            0.9247455990572805
        ], 
        "WW_B4": [
            1.047113513733027, 
            0.9577400008011007
        ], 
        "WW_B5": [
            1.0523811526454374, 
            0.9487720019639286
        ], 
        "WW_B2": [
            1.0360106231269537, 
            0.9725982171432427
        ], 
        "WW_B3": [
            1.0457576404908755, 
            0.9600018194942214
        ], 
        "WW_B0": [
            0.9599028810280582, 
            1.051993953271098
        ], 
        "WW_B1": [
            1.0330357903869571, 
            0.9763795512365804
        ]
    }, 
    "pdf_WW": {
        "WW_B6": [
            0.9911441926944204, 
            1.009015486121292
        ], 
        "WW_B4": [
            0.9910561304233355, 
            1.0091067690866156
        ], 
        "WW_B5": [
            0.9916637843740765, 
            1.0084775571140918
        ], 
        "WW_B2": [
            0.9902518738902629, 
            1.009941957011182
        ], 
        "WW_B3": [
            0.9906735293115413, 
            1.0095037434580432
        ], 
        "WW_B0": [
            0.9874976836478883, 
            1.0128229494944043
        ], 
        "WW_B1": [
            0.989796079065578, 
            1.0104164992029838
        ]
    }
}