{
    "ww2l2v_13TeV_sr_2j_B11": {
        "Vg": {
            "Wg": 0.5992326986639569, 
            "Zg": -0.01602254703188814, 
            "ZgS": -0.017358734925882056, 
            "WgS": 0.4341485832938133
        }, 
        "Higgs": {
            "qqH_htt": 0.0007696965850338591, 
            "qqH_hww": 0.10657630524209885, 
            "ggZH_hww": 0.01675842922977249, 
            "WH_htt": 0.010594367190192504, 
            "ggH_htt": 0.015924220235656133, 
            "WH_hww": 0.11656119122009663, 
            "ggH_hww": 0.6464418545229915, 
            "ttH_hww": 0.0403448459205116, 
            "ZH_htt": 0.002829055803475113, 
            "ZH_hww": 0.043200034050171414
        }
    }, 
    "ww2l2v_13TeV_sr_2j_B10": {
        "Vg": {
            "Wg": 0.6521479298838246, 
            "Zg": 0.033538654511852034, 
            "ZgS": -0.029507166854271523, 
            "WgS": 0.34382058245859487
        }, 
        "Higgs": {
            "qqH_htt": 0.0013714629553662747, 
            "qqH_hww": 0.11637620821261296, 
            "ggZH_hww": 0.011846713586011337, 
            "WH_htt": 0.01237748283504006, 
            "ggH_htt": 0.004184096139757663, 
            "WH_hww": 0.09707827423451533, 
            "ggH_hww": 0.6749212469683586, 
            "ttH_hww": 0.04278377213242192, 
            "ZH_htt": 0.0019417431367938975, 
            "ZH_hww": 0.03711899979912198
        }
    }, 
    "ww2l2v_13TeV_sr_2j_B13": {
        "Vg": {
            "Wg": 0.7211831137151374, 
            "Zg": -0.03911366764050416, 
            "ZgS": 0.07595319721613987, 
            "WgS": 0.24197735670922674
        }, 
        "Higgs": {
            "qqH_htt": 0.0, 
            "qqH_hww": 0.12012515587592563, 
            "ggZH_hww": 0.015435247041146806, 
            "WH_htt": 0.00925447886945995, 
            "ggH_htt": 0.033092816227174617, 
            "WH_hww": 0.11694570611215899, 
            "ggH_hww": 0.6245214191109335, 
            "ttH_hww": 0.036088630529560524, 
            "ZH_htt": 0.002277940067063901, 
            "ZH_hww": 0.04225860616657619
        }
    }, 
    "ww2l2v_13TeV_sr_2j_B12": {
        "Vg": {
            "Wg": 0.4427643877044975, 
            "Zg": 0.04250214026263945, 
            "ZgS": 0.0, 
            "WgS": 0.5147334720328631
        }, 
        "Higgs": {
            "qqH_htt": 0.002210255588302445, 
            "qqH_hww": 0.11589421976765253, 
            "ggZH_hww": 0.01775136400527863, 
            "WH_htt": 0.010143591242110221, 
            "ggH_htt": 0.01058187128572813, 
            "WH_hww": 0.1315134310277292, 
            "ggH_hww": 0.6236376122311219, 
            "ttH_hww": 0.03967575345838923, 
            "ZH_htt": 0.0020565264291305878, 
            "ZH_hww": 0.04653537496455719
        }
    }, 
    "ww2l2v_13TeV_top_2j": {
        "Vg": {
            "Wg": 0.5602862759373075, 
            "Zg": 0.1286861254244506, 
            "ZgS": 0.008518409188158016, 
            "WgS": 0.3025091894500838
        }, 
        "Higgs": {
            "qqH_htt": 0.004171366454018588, 
            "qqH_hww": 0.0076177133873245075, 
            "ggZH_hww": 0.0028804843609850474, 
            "WH_htt": 0.00729517037231567, 
            "ggH_htt": 0.013870860057828923, 
            "WH_hww": 0.019271507650384337, 
            "ggH_hww": 0.035131518172349684, 
            "ttH_hww": 0.8953140366642914, 
            "ZH_htt": 0.005315662091388072, 
            "ZH_hww": 0.009131680789113803
        }
    }, 
    "ww2l2v_13TeV_sr_2j_B5": {
        "Vg": {
            "Wg": 0.6296824550830463, 
            "Zg": -0.005038240787680926, 
            "ZgS": 0.02485508382715424, 
            "WgS": 0.35050070187748045
        }, 
        "Higgs": {
            "qqH_htt": 0.0015177078782850515, 
            "qqH_hww": 0.12460217379270741, 
            "ggZH_hww": 0.01176469830300931, 
            "WH_htt": 0.01549197310005816, 
            "ggH_htt": 0.017073596636981353, 
            "WH_hww": 0.1264752563168569, 
            "ggH_hww": 0.5817836350070308, 
            "ttH_hww": 0.07347681096051302, 
            "ZH_htt": 0.0040547796008329855, 
            "ZH_hww": 0.04375936840372504
        }
    }, 
    "ww2l2v_13TeV_sr_2j_B4": {
        "Vg": {
            "Wg": 0.5158037922228066, 
            "Zg": 0.0469362452111212, 
            "ZgS": 0.09458014939814417, 
            "WgS": 0.34267981316792795
        }, 
        "Higgs": {
            "qqH_htt": 0.0013726088518705433, 
            "qqH_hww": 0.11240937557593243, 
            "ggZH_hww": 0.009798839274177488, 
            "WH_htt": 0.013125699516966679, 
            "ggH_htt": 0.02564208589012531, 
            "WH_hww": 0.10171179468123961, 
            "ggH_hww": 0.6440840560235145, 
            "ttH_hww": 0.05219472017868146, 
            "ZH_htt": 0.002609119824169822, 
            "ZH_hww": 0.03705170018332197
        }
    }, 
    "ww2l2v_13TeV_sr_2j_B7": {
        "Vg": {
            "Wg": 0.5774343755786691, 
            "Zg": 0.048396690445385596, 
            "ZgS": 0.07363586122893406, 
            "WgS": 0.30053307274701135
        }, 
        "Higgs": {
            "qqH_htt": 0.0013601191684931018, 
            "qqH_hww": 0.14659807857233953, 
            "ggZH_hww": 0.013972454278496162, 
            "WH_htt": 0.022711855319363494, 
            "ggH_htt": 0.032737595869680385, 
            "WH_hww": 0.15031250196878537, 
            "ggH_hww": 0.47735897521740067, 
            "ttH_hww": 0.09776487226063142, 
            "ZH_htt": 0.006621954496930481, 
            "ZH_hww": 0.05056159284787943
        }
    }, 
    "ww2l2v_13TeV_sr_2j_B6": {
        "Vg": {
            "Wg": 0.6154158103992097, 
            "Zg": 0.08153174694730209, 
            "ZgS": 0.042905379469732455, 
            "WgS": 0.2601470631837557
        }, 
        "Higgs": {
            "qqH_htt": 0.0013813169784106319, 
            "qqH_hww": 0.148536381603244, 
            "ggZH_hww": 0.014926113818574747, 
            "WH_htt": 0.021409805803640426, 
            "ggH_htt": -0.0078510897603278, 
            "WH_hww": 0.16815315207188192, 
            "ggH_hww": 0.4804253541238601, 
            "ttH_hww": 0.10678784361862252, 
            "ZH_htt": 0.005821926748850841, 
            "ZH_hww": 0.06040919499324252
        }
    }, 
    "ww2l2v_13TeV_sr_2j_B1": {
        "Vg": {
            "Wg": 0.5638540512262641, 
            "Zg": 0.030099727664139226, 
            "ZgS": 0.015036840996230113, 
            "WgS": 0.39100938011336644
        }, 
        "Higgs": {
            "qqH_htt": 0.000348121893975754, 
            "qqH_hww": 0.11474710084525538, 
            "ggZH_hww": 0.018608761707638043, 
            "WH_htt": 0.009686923633805865, 
            "ggH_htt": 0.020261402469033518, 
            "WH_hww": 0.14173927363623876, 
            "ggH_hww": 0.6008835176991318, 
            "ttH_hww": 0.04442815030097805, 
            "ZH_htt": 0.00232191284562586, 
            "ZH_hww": 0.046974834968317086
        }
    }, 
    "ww2l2v_13TeV_sr_2j_B0": {
        "Vg": {
            "Wg": 0.4433619894889477, 
            "Zg": 0.06124209260004398, 
            "ZgS": -0.02704912992310841, 
            "WgS": 0.5224450478341167
        }, 
        "Higgs": {
            "qqH_htt": 0.002418098273089116, 
            "qqH_hww": 0.12006715793944198, 
            "ggZH_hww": 0.016160768339556795, 
            "WH_htt": 0.009719709589716642, 
            "ggH_htt": 0.027387613125256702, 
            "WH_hww": 0.1269613363238037, 
            "ggH_hww": 0.6140242048906617, 
            "ttH_hww": 0.036250643167258026, 
            "ZH_htt": 0.002083220065081122, 
            "ZH_hww": 0.04492724828613434
        }
    }, 
    "ww2l2v_13TeV_sr_2j_B3": {
        "Vg": {
            "Wg": 0.6386587085638892, 
            "Zg": 0.05355907939623358, 
            "ZgS": 0.05824295010951429, 
            "WgS": 0.24953926193036297
        },