{
    "ww2l2v_13TeV_sr_2j_B11": {
        "Vg": {
            "Wg": 0.6504006228739395, 
            "Zg": 0.02802431274998124, 
            "ZgS": 0.02710410939651672, 
            "WgS": 0.29447095497956255
        }, 
        "Higgs": {
            "qqH_htt": 0.0014349743266783843, 
            "qqH_hww": 0.10437207681273515, 
            "ggZH_hww": 0.016331939434476243, 
            "WH_htt": 0.012542379094782216, 
            "ggH_htt": 0.013023961135306667, 
            "WH_hww": 0.11861638983130202, 
            "ggH_hww": 0.6450953528809764, 
            "ttH_hww": 0.041381106768550564, 
            "ZH_htt": 0.003259030943216376, 
            "ZH_hww": 0.04394278877197609
        }
    }, 
    "ww2l2v_13TeV_sr_2j_B10": {
        "Vg": {
            "Wg": 0.6501281385576759, 
            "Zg": 0.06847848182367908, 
            "ZgS": -0.0059138467000105655, 
            "WgS": 0.28730722631865563
        }, 
        "Higgs": {
            "qqH_htt": 0.0021271366686901943, 
            "qqH_hww": 0.11205374742447675, 
            "ggZH_hww": 0.011187438208169425, 
            "WH_htt": 0.014196689890956623, 
            "ggH_htt": -0.000525800022203868, 
            "WH_hww": 0.09872311260374923, 
            "ggH_hww": 0.6765860990426453, 
            "ttH_hww": 0.044991801096952125, 
            "ZH_htt": 0.0024301830777927256, 
            "ZH_hww": 0.038229592008771386
        }
    }, 
    "ww2l2v_13TeV_sr_2j_B13": {
        "Vg": {
            "Wg": 0.7097237722108438, 
            "Zg": -0.00800084949326284, 
            "ZgS": 0.06971784719282421, 
            "WgS": 0.2285592300895948
        }, 
        "Higgs": {
            "qqH_htt": 0.0008553678868179071, 
            "qqH_hww": 0.11795769915956703, 
            "ggZH_hww": 0.014988933518739908, 
            "WH_htt": 0.011124773786071221, 
            "ggH_htt": 0.028272780620093516, 
            "WH_hww": 0.1185856074724877, 
            "ggH_hww": 0.6266782735976594, 
            "ttH_hww": 0.03645409158740809, 
            "ZH_htt": 0.0027474204216336976, 
            "ZH_hww": 0.0423350519495216
        }
    }, 
    "ww2l2v_13TeV_sr_2j_B12": {
        "Vg": {
            "Wg": 0.6169089656701822, 
            "Zg": 0.05459214132775976, 
            "ZgS": 0.0199355204292859, 
            "WgS": 0.3085633725727722
        }, 
        "Higgs": {
            "qqH_htt": 0.004642902898183029, 
            "qqH_hww": 0.11359160482922638, 
            "ggZH_hww": 0.01695859325705906, 
            "WH_htt": 0.011017229634305367, 
            "ggH_htt": 0.013427454616422642, 
            "WH_hww": 0.1317006174929414, 
            "ggH_hww": 0.6191570765535396, 
            "ttH_hww": 0.04118293826291572, 
            "ZH_htt": 0.0023104686974726963, 
            "ZH_hww": 0.04601111375793406
        }
    }, 
    "ww2l2v_13TeV_sr_2j_B9": {
        "Vg": {
            "Wg": 0.5304422897275815, 
            "Zg": 0.1258913898803443, 
            "ZgS": 0.04175018882857737, 
            "WgS": 0.3019161315634969
        }, 
        "Higgs": {
            "qqH_htt": 0.002595473325642442, 
            "qqH_hww": 0.10829424026521155, 
            "ggZH_hww": 0.009077628977009615, 
            "WH_htt": 0.014268927037716164, 
            "ggH_htt": 0.0028305142154199502, 
            "WH_hww": 0.10191600362668465, 
            "ggH_hww": 0.6682095094022661, 
            "ttH_hww": 0.048950919337012705, 
            "ZH_htt": 0.0037968189397975705, 
            "ZH_hww": 0.04005996487323908
        }
    }, 
    "ww2l2v_13TeV_sr_2j_B5": {
        "Vg": {
            "Wg": 0.6313241466399181, 
            "Zg": 0.029433959216332763, 
            "ZgS": 0.05298700904899943, 
            "WgS": 0.2862548850947497
        }, 
        "Higgs": {
            "qqH_htt": 0.001557219059063855, 
            "qqH_hww": 0.12102386491419848, 
            "ggZH_hww": 0.011358724945370645, 
            "WH_htt": 0.01699871013830174, 
            "ggH_htt": 0.01467085552960026, 
            "WH_hww": 0.12848295735260157, 
            "ggH_hww": 0.5812160194209413, 
            "ttH_hww": 0.07453491600161698, 
            "ZH_htt": 0.00476848598906589, 
            "ZH_hww": 0.04538824664923923
        }
    }, 
    "ww2l2v_13TeV_sr_2j_B4": {
        "Vg": {
            "Wg": 0.6423527115441472, 
            "Zg": 0.0812041205722174, 
            "ZgS": 0.051414154849299204, 
            "WgS": 0.22502901303433626
        }, 
        "Higgs": {
            "qqH_htt": 0.0028040732110531995, 
            "qqH_hww": 0.1088197769136909, 
            "ggZH_hww": 0.009538024208619057, 
            "WH_htt": 0.015547757944090726, 
            "ggH_htt": 0.03843455605224342, 
            "WH_hww": 0.10284432893895327, 
            "ggH_hww": 0.6279130924721478, 
            "ttH_hww": 0.05353163030882296, 
            "ZH_htt": 0.003182947604370775, 
            "ZH_hww": 0.037383812346007884
        }
    }, 
    "ww2l2v_13TeV_sr_2j_B7": {
        "Vg": {
            "Wg": 0.605968344080345, 
            "Zg": 0.020569921570836612, 
            "ZgS": 0.08679651865888045, 
            "WgS": 0.28666521568993797
        }, 
        "Higgs": {
            "qqH_htt": 0.0015346845764131597, 
            "qqH_hww": 0.14383827827493575, 
            "ggZH_hww": 0.013553813631004646, 
            "WH_htt": 0.026203416335808923, 
            "ggH_htt": 0.027520825656719605, 
            "WH_hww": 0.15169073384587842, 
            "ggH_hww": 0.48212262790809557, 
            "ttH_hww": 0.09538374758094982, 
            "ZH_htt": 0.007078644756390469, 
            "ZH_hww": 0.05107322743380365
        }
    }, 
    "ww2l2v_13TeV_sr_2j_B6": {
        "Vg": {
            "Wg": 0.6107848569294103, 
            "Zg": 0.13136373036985052, 
            "ZgS": 0.009843304585294909, 
            "WgS": 0.24800810811544424
        }, 
        "Higgs": {
            "qqH_htt": 0.0012015428826070763, 
            "qqH_hww": 0.1446131900755032, 
            "ggZH_hww": 0.014282481481072166, 
            "WH_htt": 0.02482645964688119, 
            "ggH_htt": -0.008791958864610169, 
            "WH_hww": 0.16724955497817898, 
            "ggH_hww": 0.4820053654905477, 
            "ttH_hww": 0.1083069962086276, 
            "ZH_htt": 0.006522399067318004, 
            "ZH_hww": 0.05978396903387428
        }
    }, 
    "ww2l2v_13TeV_sr_2j_B1": {
        "Vg": {
            "Wg": 0.6033247304337966, 
            "Zg": 0.05402520632499674, 
            "ZgS": 0.03844453327510029, 
            "WgS": 0.3042055299661063
        }, 
        "Higgs": {
            "qqH_htt": 0.0009024253909375439, 
            "qqH_hww": 0.11186966086048455, 
            "ggZH_hww": 0.01762731865660645, 
            "WH_htt": 0.010397454324561833, 
            "ggH_htt": 0.02932387053723692, 
            "WH_hww": 0.1389009426218178, 
            "ggH_hww": 0.5979205196397658, 
            "ttH_hww": 0.04333082144077055, 
            "ZH_htt": 0.0030402737664983544, 
            "ZH_hww": 0.04668671276132036
        }
    }, 
    "ww2l2v_13TeV_sr_2j_B0": {
        "Vg": {
            "Wg": 0.610524025042673, 
            "Zg": 0.0668988205578864, 
            "ZgS": -0.02635001452890376, 
            "WgS": 0.34892716892834436
        }, 
        "Higgs": {
            "qqH_htt": 0.003441887594377212, 
            "qqH_hww": 0.12028128414269611, 
            "ggZH_hww": 0.015772534422490107, 
            "WH_htt": 0.011322610263903233, 
            "ggH_htt": 0.02829623530044201, 
            "WH_hww": 0.12955200970456204, 
            "ggH_hww": 0.6040498678672519, 
            "ttH_hww": 0.03781470696525242, 
            "ZH_htt": 0.002683361134239102, 
            "ZH_hww": 0.046785502604785936
        }
    }, 
    "ww2l2v_13TeV_sr_2j_B3": {
        "Vg": {
            "Wg": 0.6691991072242146, 
            "Zg": 0.05406613507780285, 
            "ZgS": 0.0383408592574238, 
            "WgS": 0.23839389844055872
        },