{
    "PS_ISR": {
        "ggWW_B10": [
            0.8872950281535547, 
            1.1072382472649889
        ], 
        "ggWW_B11": [
            0.8875881755857222, 
            1.106280644709531
        ], 
        "ggWW_B12": [
            0.8939495544977668, 
            1.0994178058881467
        ], 
        "ggWW_B13": [
            0.8940090574937614, 
            1.0995379262396208
        ], 
        "ggWW_B6": [
            0.8918416504996143, 
            1.1011787950856233
        ], 
        "ggWW_B7": [
            0.893487181874146, 
            1.099344827257621
        ], 
        "ggWW_B4": [
            0.8850490360860157, 
            1.109699090693033
        ], 
        "ggWW_B5": [
            0.8841057961600083, 
            1.1105767978837262
        ], 
        "ggWW_B2": [
            0.8883080462745393, 
            1.105972134996509
        ], 
        "ggWW_B3": [
            0.8860618136022624, 
            1.108290421783902
        ], 
        "ggWW_B0": [
            0.8903333514006455, 
            1.1028778127515533
        ], 
        "ggWW_B1": [
            0.8939496501171381, 
            1.0997105888151522
        ], 
        "ggWW_B8": [
            0.8801096913800539, 
            1.1146397944302076
        ], 
        "ggWW_B9": [
            0.8833002472332566, 
            1.1116512891467552
        ], 
        "WW_B10": [
            0.9449585499065324, 
            1.048415532710105
        ], 
        "WW_B11": [
            0.9582310459752613, 
            1.0364004181845832
        ], 
        "WW_B12": [
            0.963314372079341, 
            1.0313109526884232
        ], 
        "WW_B13": [
            0.9612882165813825, 
            1.0323326072355934
        ], 
        "WW_B8": [
            0.9474095066919709, 
            1.0454838856259896
        ], 
        "WW_B9": [
            0.9390657739522726, 
            1.0542117751227962
        ], 
        "WW_B6": [
            0.9472061961414353, 
            1.0485505083147824
        ], 
        "WW_B7": [
            0.9385175633570588, 
            1.054893122731659
        ], 
        "WW_B4": [
            0.9440668239077964, 
            1.0508494177734216
        ], 
        "WW_B5": [
            0.9370063385517718, 
            1.0564550677726103
        ], 
        "WW_B2": [
            0.9524963412803662, 
            1.0415286279116456
        ], 
        "WW_B3": [
            0.9460994588543928, 
            1.0482385335113638
        ], 
        "WW_B0": [
            0.968038533727305, 
            1.0279686307437461
        ], 
        "WW_B1": [
            0.9615919771753126, 
            1.0333482472153308
        ]
    }, 
    "PS_FSR": {
        "ggWW_B10": [
            1.0229177558410207, 
            0.9840505559172321
        ], 
        "ggWW_B11": [
            1.0155727372036318, 
            0.9900273899129155
        ], 
        "ggWW_B12": [
            1.0114802911263472, 
            0.9983020733062764
        ], 
        "ggWW_B13": [
            1.0090073333652643, 
            0.9969890749138067
        ], 
        "ggWW_B6": [
            1.0323793369967944, 
            0.9821519485286007
        ], 
        "ggWW_B7": [
            1.0279685005094037, 
            0.980195290616355
        ], 
        "ggWW_B4": [
            1.0308693245945382, 
            0.9827153525475898
        ], 
        "ggWW_B5": [
            1.0338760730867271, 
            0.9744032370521627
        ], 
        "ggWW_B2": [
            1.0164924564651074, 
            0.9917158260295761
        ], 
        "ggWW_B3": [
            1.0359776612797649, 
            0.9814998700164024
        ], 
        "ggWW_B0": [
            1.0112813112341004, 
            0.9978392940235237
        ], 
        "ggWW_B1": [
            1.0108155920140909, 
            0.9942910760405796
        ], 
        "ggWW_B8": [
            1.0246121975599287, 
            0.9834858210680063
        ], 
        "ggWW_B9": [
            1.0292524148323736, 
            0.9852818205106062
        ], 
        "WW_B10": [
            0.9899373073061808, 
            1.003873628761601
        ], 
        "WW_B11": [
            1.007367858657994, 
            0.9940879335160344
        ], 
        "WW_B12": [
            1.0110397835141158, 
            1.004448915412024
        ], 
        "WW_B13": [
            0.9893681275671817, 
            1.0056262122943167
        ], 
        "WW_B8": [
            1.0361934755516051, 
            0.9754729881698512
        ], 
        "WW_B9": [
            0.9857850083519402, 
            1.0081401510109573
        ], 
        "WW_B6": [
            1.0307566527303007, 
            0.98590915038014
        ], 
        "WW_B7": [
            1.0186400489650802, 
            1.0028622991747027
        ], 
        "WW_B4": [
            0.9328183677206884, 
            1.0294591540406655
        ], 
        "WW_B5": [
            1.0523142756698451, 
            0.980889042912767
        ], 
        "WW_B2": [
            1.034599423972958, 
            0.9973338114552232
        ], 
        "WW_B3": [
            0.9855061048848852, 
            0.9936857163462207
        ], 
        "WW_B0": [
            1.0448079699830894, 
            0.9856788137111259
        ], 
        "WW_B1": [
            1.0233352155422915, 
            0.9996148861014632
        ]
    }, 
    "QCDscale_WW": {
        "ggWW_B10": [
            1.0, 
            1.0
        ], 
        "ggWW_B11": [
            1.0, 
            1.0
        ], 
        "ggWW_B12": [
            1.0, 
            1.0
        ], 
        "ggWW_B13": [
            1.0, 
            1.0
        ], 
        "ggWW_B6": [
            1.0, 
            1.0
        ], 
        "ggWW_B7": [
            1.0, 
            1.0
        ], 
        "ggWW_B4": [
            1.0, 
            1.0
        ], 
        "ggWW_B5": [
            1.0, 
            1.0
        ], 
        "ggWW_B2": [
            1.0, 
            1.0
        ], 
        "ggWW_B3": [
            1.0, 
            1.0
        ], 
        "ggWW_B0": [
            1.0, 
            1.0
        ], 
        "ggWW_B1": [
            1.0, 
            1.0
        ], 
        "ggWW_B8": [
            1.0, 
            1.0
        ], 
        "ggWW_B9": [
            1.0, 
            1.0
        ], 
        "WW_B10": [
            0.9548469417423852, 
            1.0397716958812968
        ], 
        "WW_B11": [
            0.9570979538301266, 
            1.0373087636124378
        ], 
        "WW_B12": [
            0.9574340207826115, 
            1.037005576574424
        ], 
        "WW_B13": [
            0.9551266410776366, 
            1.0391441271543103
        ], 
        "WW_B8": [
            0.954550041587628, 
            1.039756459435229
        ], 
        "WW_B9": [
            0.95555298797112, 
            1.0386867824080412
        ], 
        "WW_B6": [
            0.9558269936777554, 
            1.0383499067456161
        ], 
        "WW_B7": [
            0.9584528023362581, 
            1.0362770604897793
        ], 
        "WW_B4": [
            0.9566704090064598, 
            1.0381874693020317
        ], 
        "WW_B5": [
            0.955959441163405, 
            1.0385809282346352
        ], 
        "WW_B2": [
            0.9559274751460373, 
            1.0384230807286552
        ], 
        "WW_B3": [
            0.9563798664600203, 
            1.0378155307234973
        ], 
        "WW_B0": [
            0.9564637868370494, 
            1.0377239410494785
        ], 
        "WW_B1": [
            0.9576738336512229, 
            1.036919184506077
        ]
    }, 
    "CMS_hww_WWresum": {
        "WW_B13": [
            0.9986566624761335, 
            1.0026797583072593
        ], 
        "WW_B12": [
            0.9978115795577854, 
            1.0043529856959803
        ],