{
    "PS_ISR": {
        "ggWW_B10": [
            0.8844513331641372, 
            1.1095083223474498
        ], 
        "ggWW_B11": [
            0.8884360108187557, 
            1.105442545764735
        ], 
        "ggWW_B12": [
            0.8950291669054546, 
            1.0984610498257983
        ], 
        "ggWW_B13": [
            0.8929107054395906, 
            1.100370842127341
        ], 
        "ggWW_B6": [
            0.8922391029414991, 
            1.1004533188079826
        ], 
        "ggWW_B7": [
            0.8909308631139802, 
            1.1017750556454775
        ], 
        "ggWW_B4": [
            0.8849593727169007, 
            1.109618103523657
        ], 
        "ggWW_B5": [
            0.8823305525661946, 
            1.1124906262015914
        ], 
        "ggWW_B2": [
            0.8841037491703801, 
            1.1095526920152339
        ], 
        "ggWW_B3": [
            0.8831674077153536, 
            1.1112997175576533
        ], 
        "ggWW_B0": [
            0.8915890967082538, 
            1.1016695014570863
        ], 
        "ggWW_B1": [
            0.8926724429199795, 
            1.1007311850159214
        ], 
        "ggWW_B8": [
            0.8840635363639611, 
            1.1106219260305576
        ], 
        "ggWW_B9": [
            0.8839324816714444, 
            1.110965399088286
        ], 
        "WW_B10": [
            0.942838378455999, 
            1.0505773897116242
        ], 
        "WW_B11": [
            0.9458475572198524, 
            1.0470084447756125
        ], 
        "WW_B12": [
            0.9639162203262638, 
            1.031518620587407
        ], 
        "WW_B13": [
            0.9627259915658024, 
            1.0314258662148543
        ], 
        "WW_B8": [
            0.9432951474779536, 
            1.0504573383921088
        ], 
        "WW_B9": [
            0.9478390508283245, 
            1.0461955707104889
        ], 
        "WW_B6": [
            0.9455943020296391, 
            1.048307684598977
        ], 
        "WW_B7": [
            0.9456662453218653, 
            1.0482926290073282
        ], 
        "WW_B4": [
            0.9408513196030575, 
            1.0523429980929426
        ], 
        "WW_B5": [
            0.9429642713566235, 
            1.0507265292624206
        ], 
        "WW_B2": [
            0.9505196279442066, 
            1.0438125967005285
        ], 
        "WW_B3": [
            0.9450104411113605, 
            1.0485744293695092
        ], 
        "WW_B0": [
            0.9631974827947554, 
            1.030876022001064
        ], 
        "WW_B1": [
            0.9612088398674061, 
            1.033172288553833
        ]
    }, 
    "PS_FSR": {
        "ggWW_B10": [
            1.0318199040138338, 
            0.9825088746458611
        ], 
        "ggWW_B11": [
            1.035078439507451, 
            0.9799947355777292
        ], 
        "ggWW_B12": [
            1.0140936725980725, 
            0.996383527049135
        ], 
        "ggWW_B13": [
            1.0030153215364488, 
            0.9987783675881379
        ], 
        "ggWW_B6": [
            1.0234939259898022, 
            0.9783617399947089
        ], 
        "ggWW_B7": [
            1.0355452352824228, 
            0.9785576713210377
        ], 
        "ggWW_B4": [
            1.029241182457009, 
            0.9852183222569321
        ], 
        "ggWW_B5": [
            1.036741427739634, 
            0.9777163922653338
        ], 
        "ggWW_B2": [
            1.0184290709575325, 
            0.9857702018918292
        ], 
        "ggWW_B3": [
            1.0284241545873793, 
            0.9820828537185585
        ], 
        "ggWW_B0": [
            1.017413702519287, 
            0.9978452998943581
        ], 
        "ggWW_B1": [
            1.0100170819517613, 
            0.998034926414625
        ], 
        "ggWW_B8": [
            1.0303679545821374, 
            0.9807387201218851
        ], 
        "ggWW_B9": [
            1.0343329206468164, 
            0.9823181669906068
        ], 
        "WW_B10": [
            1.0281211165357698, 
            0.98225288534049
        ], 
        "WW_B11": [
            1.0352991733331371, 
            0.9863696302228963
        ], 
        "WW_B12": [
            0.9900870851443754, 
            1.0106381539109086
        ], 
        "WW_B13": [
            1.002419282248205, 
            1.0046580305699402
        ], 
        "WW_B8": [
            1.025404756007242, 
            0.9862661500052732
        ], 
        "WW_B9": [
            1.0402350065192232, 
            0.986788507640897
        ], 
        "WW_B6": [
            1.0218851159462474, 
            0.9847764176943197
        ], 
        "WW_B7": [
            1.0448846654951085, 
            0.9810792859349092
        ], 
        "WW_B4": [
            0.990005708183058, 
            1.0004969042399074
        ], 
        "WW_B5": [
            1.0104990873045392, 
            0.9891263350241234
        ], 
        "WW_B2": [
            1.0321646303940164, 
            0.9867537813066
        ], 
        "WW_B3": [
            1.0222962123805774, 
            0.9859326570266075
        ], 
        "WW_B0": [
            0.9850536165138449, 
            1.008042987859311
        ], 
        "WW_B1": [
            1.0078793925273661, 
            1.0071530553114352
        ]
    }, 
    "QCDscale_WW": {
        "ggWW_B10": [
            1.0, 
            1.0
        ], 
        "ggWW_B11": [
            1.0, 
            1.0
        ], 
        "ggWW_B12": [
            1.0, 
            1.0
        ], 
        "ggWW_B13": [
            1.0, 
            1.0
        ], 
        "ggWW_B6": [
            1.0, 
            1.0
        ], 
        "ggWW_B7": [
            1.0, 
            1.0
        ], 
        "ggWW_B4": [
            1.0, 
            1.0
        ], 
        "ggWW_B5": [
            1.0, 
            1.0
        ], 
        "ggWW_B2": [
            1.0, 
            1.0
        ], 
        "ggWW_B3": [
            1.0, 
            1.0
        ], 
        "ggWW_B0": [
            1.0, 
            1.0
        ], 
        "ggWW_B1": [
            1.0, 
            1.0
        ], 
        "ggWW_B8": [
            1.0, 
            1.0
        ], 
        "ggWW_B9": [
            1.0, 
            1.0
        ], 
        "WW_B10": [
            0.9552116589758903, 
            1.0393922953334094
        ], 
        "WW_B11": [
            0.9570492942213978, 
            1.0374774718227737
        ], 
        "WW_B12": [
            0.9571585580889593, 
            1.0372081048981907
        ], 
        "WW_B13": [
            0.9557655390413843, 
            1.0386908940286528
        ], 
        "WW_B8": [
            0.9547384291245993, 
            1.039669326837796
        ], 
        "WW_B9": [
            0.9552628973931762, 
            1.0392243752494834
        ], 
        "WW_B6": [
            0.9560869641293226, 
            1.038400998341458
        ], 
        "WW_B7": [
            0.9571079842332082, 
            1.0374411470264489
        ], 
        "WW_B4": [
            0.9578151805730878, 
            1.0366635252022662
        ], 
        "WW_B5": [
            0.9549026571813776, 
            1.0395812713945112
        ], 
        "WW_B2": [
            0.9556333405016361, 
            1.0387876327718635
        ], 
        "WW_B3": [
            0.956133993610722, 
            1.0383645408259747
        ], 
        "WW_B0": [
            0.9574450112456393, 
            1.0369808053057303
        ], 
        "WW_B1": [
            0.9564768915547224, 
            1.037974822904446
        ]
    }, 
    "CMS_hww_WWresum": {
        "WW_B13": [
            0.9990048840195401, 
            1.0019952658024072
        ], 
        "WW_B12": [
            0.9983139299251678, 
            1.003373204594427
        ],