{
    "ww2l2v_13TeV_sr_2j_B10": {
        "Vg": {
            "Wg": 0.6495199218936096, 
            "Zg": 0.014502734631493399, 
            "ZgS": 0.017731244275482894, 
            "WgS": 0.31824609919941405
        }, 
        "Higgs": {
            "qqH_htt": 0.002454907967165857, 
            "qqH_hww": 0.18322908516591674, 
            "ggZH_hww": 0.11377782426694451, 
            "WH_htt": 0.012397835681740008, 
            "ggH_htt": 0.009484095962769949, 
            "WH_hww": 0.06131105691077753, 
            "ggH_hww": 0.5151678529219532, 
            "ttH_hww": 0.07430820116783873, 
            "ZH_htt": 0.0032192931944001967, 
            "ZH_hww": 0.024649846760493192
        }
    }, 
    "ww2l2v_13TeV_sr_2j_B9": {
        "Vg": {
            "Wg": 0.5398505900838599, 
            "Zg": 0.06388259631588332, 
            "ZgS": 0.05518488450457417, 
            "WgS": 0.34108192909568247
        }, 
        "Higgs": {
            "qqH_htt": 0.002742848082406687, 
            "qqH_hww": 0.13317347415580863, 
            "ggZH_hww": 0.08599485679512846, 
            "WH_htt": 0.010155990824766816, 
            "ggH_htt": 0.012490213133490961, 
            "WH_hww": 0.07829647896336447, 
            "ggH_hww": 0.5904311677605485, 
            "ttH_hww": 0.06517021707032593, 
            "ZH_htt": 0.002122566860212889, 
            "ZH_hww": 0.019422186353946734
        }
    }, 
    "ww2l2v_13TeV_sr_2j_B5": {
        "Vg": {
            "Wg": 0.6029133835051853, 
            "Zg": 0.0574183682596917, 
            "ZgS": 0.03927949098419496, 
            "WgS": 0.3003887572509279
        }, 
        "Higgs": {
            "qqH_htt": 0.0006136727843455651, 
            "qqH_hww": 0.059479770171067474, 
            "ggZH_hww": 0.092726274656003, 
            "WH_htt": 0.014659639065847984, 
            "ggH_htt": 0.0036422430703301895, 
            "WH_hww": 0.10170789679704478, 
            "ggH_hww": 0.6065703170758018, 
            "ttH_hww": 0.08141444785944349, 
            "ZH_htt": 0.003203159810086185, 
            "ZH_hww": 0.03598257871002943
        }
    }, 
    "ww2l2v_13TeV_sr_2j_B4": {
        "Vg": {
            "Wg": 0.5332246994036499, 
            "Zg": 0.0746891622335042, 
            "ZgS": 0.053440067809675064, 
            "WgS": 0.33864607055317075
        }, 
        "Higgs": {
            "qqH_htt": 0.0007030767277525863, 
            "qqH_hww": 0.04581998272147796, 
            "ggZH_hww": 0.20431654691701476, 
            "WH_htt": 0.011642099021254836, 
            "ggH_htt": 0.0052992312120790875, 
            "WH_hww": 0.1315518329789333, 
            "ggH_hww": 0.4721262650978736, 
            "ttH_hww": 0.04982191095207329, 
            "ZH_htt": 0.0033859853165741946, 
            "ZH_hww": 0.07533306905496642
        }
    }, 
    "ww2l2v_13TeV_sr_2j_B7": {
        "Vg": {
            "Wg": 0.6589583688262444, 
            "Zg": 0.05502837831259457, 
            "ZgS": 0.010633639762414361, 
            "WgS": 0.2753796130987468
        }, 
        "Higgs": {
            "qqH_htt": 0.0020808687932429627, 
            "qqH_hww": 0.08509774698708533, 
            "ggZH_hww": 0.09309202011176163, 
            "WH_htt": 0.012213580643455464, 
            "ggH_htt": 0.0023413883346803054, 
            "WH_hww": 0.08994036764522202, 
            "ggH_hww": 0.599732844799841, 
            "ttH_hww": 0.08476837914089996, 
            "ZH_htt": 0.002888418478521525, 
            "ZH_hww": 0.027844385065289728
        }
    }, 
    "ww2l2v_13TeV_sr_2j_B6": {
        "Vg": {
            "Wg": 0.6242677629480173, 
            "Zg": 0.11143081951239403, 
            "ZgS": 0.015337427519126912, 
            "WgS": 0.2489639900204618
        }, 
        "Higgs": {
            "qqH_htt": 0.0019186362288068773, 
            "qqH_hww": 0.07137372384999759, 
            "ggZH_hww": 0.06946543739861577, 
            "WH_htt": 0.015183810134712483, 
            "ggH_htt": 0.0022189638452127323, 
            "WH_hww": 0.09462700630241477, 
            "ggH_hww": 0.6399264616544018, 
            "ttH_hww": 0.0699135030192792, 
            "ZH_htt": 0.0027032191850781904, 
            "ZH_hww": 0.03266923838148052
        }
    }, 
    "ww2l2v_13TeV_sr_2j_B1": {
        "Vg": {
            "Wg": 0.4170195592522541, 
            "Zg": 0.08453681106642127, 
            "ZgS": 0.044551036895835255, 
            "WgS": 0.45389259278548943
        }, 
        "Higgs": {
            "qqH_htt": 0.0, 
            "qqH_hww": 0.08024118369078567, 
            "ggZH_hww": 0.08047509052245246, 
            "WH_htt": 0.009115453028728036, 
            "ggH_htt": 0.008601988179065509, 
            "WH_hww": 0.11217047031859162, 
            "ggH_hww": 0.636028350585599, 
            "ttH_hww": 0.03841644351533751, 
            "ZH_htt": 0.002680650184850376, 
            "ZH_hww": 0.032270369974589895
        }
    }, 
    "ww2l2v_13TeV_sr_2j_B0": {
        "Vg": {
            "Wg": 0.9401648138560715, 
            "Zg": 0.07946642966512607, 
            "ZgS": -0.004416275321444584, 
            "WgS": -0.015214968199752993
        }, 
        "Higgs": {
            "qqH_htt": 0.0, 
            "qqH_hww": 0.08688244522834256, 
            "ggZH_hww": 0.048551466163719866, 
            "WH_htt": 0.007439828868740098, 
            "ggH_htt": 0.011427858256308512, 
            "WH_hww": 0.0914758527090149, 
            "ggH_hww": 0.7227168264829354, 
            "ttH_hww": 0.012782133837219685, 
            "ZH_htt": 0.001317105393265838, 
            "ZH_hww": 0.01740648306045311
        }
    }, 
    "ww2l2v_13TeV_sr_2j_B3": {
        "Vg": {
            "Wg": 0.7939084816907257, 
            "Zg": 0.007393868565249267, 
            "ZgS": -0.017990960397298087, 
            "WgS": 0.2166886101413231
        }, 
        "Higgs": {
            "qqH_htt": 0.0002520681493292879, 
            "qqH_hww": 0.035246397116880504, 
            "ggZH_hww": 0.17273367660170272, 
            "WH_htt": 0.010169026206629432, 
            "ggH_htt": 0.005171061709664134, 
            "WH_hww": 0.21327964147779094, 
            "ggH_hww": 0.4492533669752243, 
            "ttH_hww": 0.038020767447256014, 
            "ZH_htt": 0.0021560310672298394, 
            "ZH_hww": 0.07371796324829276
        }
    }, 
    "ww2l2v_13TeV_sr_2j_B2": {
        "Vg": {
            "Wg": 0.7510137873573592, 
            "Zg": -0.04238598454359864, 
            "ZgS": 0.01847426305661636, 
            "WgS": 0.27289793412962304
        }, 
        "Higgs": {
            "qqH_htt": 0.0, 
            "qqH_hww": 0.06506966004422213, 
            "ggZH_hww": 0.10505531397612031, 
            "WH_htt": 0.010303712007552805, 
            "ggH_htt": 0.005678054655575211, 
            "WH_hww": 0.1778268509255458, 
            "ggH_hww": 0.5648421056376781, 
            "ttH_hww": 0.030071456102107118, 
            "ZH_htt": 0.002611000503019381, 
            "ZH_hww": 0.03854184614817916
        }
    }, 
    "ww2l2v_13TeV_top_2j": {
        "Vg": {
            "Wg": 0.6213403909494045, 
            "Zg": 0.06411867292447945, 
            "ZgS": 0.045799021435057194, 
            "WgS": 0.26874191469105885
        }, 
        "Higgs": {
            "qqH_htt": 0.0063424098875287825, 
            "qqH_hww": 0.007258627875398396, 
            "ggZH_hww": 0.026489269694988424, 
            "WH_htt": 0.007564305521225967, 
            "ggH_htt": 0.021093902979556402, 
            "WH_hww": 0.019663033582776938, 
            "ggH_hww": 0.03592232858014234, 
            "ttH_hww": 0.8611544879450429, 
            "ZH_htt": 0.00542355740224423, 
            "ZH_hww": 0.009088076531095656
        }
    }, 
    "ww2l2v_13TeV_sr_2j_B8": {
        "Vg": {
            "Wg": 0.5823393228237514, 
            "Zg": 0.07760503075317023, 
            "ZgS": 0.009328626890888248, 
            "WgS": 0.33072701953219014
        }, 
        "Higgs": {
            "qqH_htt": 0.0003018415175844642,