{
    "ww2l2v_13TeV_sr_2j_B10": {
        "Vg": {
            "Wg": 0.6913262156195816, 
            "Zg": 0.02803468460252818, 
            "ZgS": 0.011271893105805831, 
            "WgS": 0.2693672066720843
        }, 
        "Higgs": {
            "qqH_htt": 0.002424429599894445, 
            "qqH_hww": 0.17922618229901813, 
            "ggZH_hww": 0.11307152358011452, 
            "WH_htt": 0.013030443013140918, 
            "ggH_htt": 0.008123062867181657, 
            "WH_hww": 0.061961427022623194, 
            "ggH_hww": 0.5182084140874003, 
            "ttH_hww": 0.0756568935197302, 
            "ZH_htt": 0.0034571186669160835, 
            "ZH_hww": 0.024840505343980634
        }
    }, 
    "ww2l2v_13TeV_top_2j": {
        "Vg": {
            "Wg": 0.6692278957545971, 
            "Zg": 0.10659802779963506, 
            "ZgS": 0.023458976342181692, 
            "WgS": 0.20071510010358612
        }, 
        "Higgs": {
            "qqH_htt": 0.006415784739474695, 
            "qqH_hww": 0.0070973660514031065, 
            "ggZH_hww": 0.024475123039770164, 
            "WH_htt": 0.008604335039687407, 
            "ggH_htt": 0.023237363344796574, 
            "WH_hww": 0.019609999862186072, 
            "ggH_hww": 0.035232356034743964, 
            "ttH_hww": 0.860383851764978, 
            "ZH_htt": 0.005843530153976564, 
            "ZH_hww": 0.009100289968983476
        }
    }, 
    "ww2l2v_13TeV_sr_2j_B5": {
        "Vg": {
            "Wg": 0.6141378139088255, 
            "Zg": 0.09754938251185365, 
            "ZgS": 0.027443943602330746, 
            "WgS": 0.26086885997699016
        }, 
        "Higgs": {
            "qqH_htt": 0.001727300910842654, 
            "qqH_hww": 0.05769434487205276, 
            "ggZH_hww": 0.08741322963091064, 
            "WH_htt": 0.015624239648117611, 
            "ggH_htt": 0.005367988667838093, 
            "WH_hww": 0.09777868912788042, 
            "ggH_hww": 0.6139166861340795, 
            "ttH_hww": 0.08095545742129774, 
            "ZH_htt": 0.0033976177092474415, 
            "ZH_hww": 0.03612444587773326
        }
    }, 
    "ww2l2v_13TeV_sr_2j_B4": {
        "Vg": {
            "Wg": 0.6057924692547788, 
            "Zg": 0.05233615340856887, 
            "ZgS": 0.047266189732606496, 
            "WgS": 0.29460518760404586
        }, 
        "Higgs": {
            "qqH_htt": 0.0005973943166509394, 
            "qqH_hww": 0.046515141783480755, 
            "ggZH_hww": 0.19772176998857852, 
            "WH_htt": 0.012853276630786626, 
            "ggH_htt": 0.0044470339146993445, 
            "WH_hww": 0.1314915422147447, 
            "ggH_hww": 0.4792207064410357, 
            "ttH_hww": 0.047397738504547544, 
            "ZH_htt": 0.004056885644664505, 
            "ZH_hww": 0.0756985105608113
        }
    }, 
    "ww2l2v_13TeV_sr_2j_B7": {
        "Vg": {
            "Wg": 0.718639565773638, 
            "Zg": 0.07516682349366925, 
            "ZgS": 0.012589594938613096, 
            "WgS": 0.1936040157940798
        }, 
        "Higgs": {
            "qqH_htt": 0.0018266202485157322, 
            "qqH_hww": 0.08587985842109143, 
            "ggZH_hww": 0.09120738436946055, 
            "WH_htt": 0.014034075703739214, 
            "ggH_htt": 0.004069383396468786, 
            "WH_hww": 0.09425450466622974, 
            "ggH_hww": 0.5923624140195387, 
            "ttH_hww": 0.08475439452850511, 
            "ZH_htt": 0.002850170633837029, 
            "ZH_hww": 0.028761194012613785
        }
    }, 
    "ww2l2v_13TeV_sr_2j_B6": {
        "Vg": {
            "Wg": 0.6441106358534385, 
            "Zg": 0.10076388194480454, 
            "ZgS": 0.025442097474304613, 
            "WgS": 0.22968338472745226
        }, 
        "Higgs": {
            "qqH_htt": 0.0016449092778732376, 
            "qqH_hww": 0.07137584772283237, 
            "ggZH_hww": 0.06613304443143903, 
            "WH_htt": 0.017534550817831673, 
            "ggH_htt": 0.001898886128675309, 
            "WH_hww": 0.0947590897029916, 
            "ggH_hww": 0.6382393303700037, 
            "ttH_hww": 0.07247885377124258, 
            "ZH_htt": 0.0035155614527519275, 
            "ZH_hww": 0.032419926324358785
        }
    }, 
    "ww2l2v_13TeV_sr_2j_B1": {
        "Vg": {
            "Wg": 0.609824107234772, 
            "Zg": 0.057907293693137595, 
            "ZgS": 0.04577639616027613, 
            "WgS": 0.2864922029118144
        }, 
        "Higgs": {
            "qqH_htt": 0.0, 
            "qqH_hww": 0.08041424712070071, 
            "ggZH_hww": 0.07612875201516049, 
            "WH_htt": 0.011767957745937814, 
            "ggH_htt": 0.011607127934344754, 
            "WH_hww": 0.11174633061551084, 
            "ggH_hww": 0.6368470261134317, 
            "ttH_hww": 0.037440077436932034, 
            "ZH_htt": 0.0029056377783669967, 
            "ZH_hww": 0.031142843239614634
        }
    }, 
    "ww2l2v_13TeV_sr_2j_B0": {
        "Vg": {
            "Wg": 0.8018271823786309, 
            "Zg": 0.0856549669302367, 
            "ZgS": 0.025376048332486197, 
            "WgS": 0.08714180235864602
        }, 
        "Higgs": {
            "qqH_htt": 0.0, 
            "qqH_hww": 0.0873137648639078, 
            "ggZH_hww": 0.04541367627172263, 
            "WH_htt": 0.008496490141805977, 
            "ggH_htt": 0.00996079336836177, 
            "WH_hww": 0.09325408398142902, 
            "ggH_hww": 0.72218887055729, 
            "ttH_hww": 0.012410902872671112, 
            "ZH_htt": 0.001942548939302212, 
            "ZH_hww": 0.019018869003509457
        }
    }, 
    "ww2l2v_13TeV_sr_2j_B3": {
        "Vg": {
            "Wg": 0.8126248528939038, 
            "Zg": 0.0029975408642566675, 
            "ZgS": -0.018704113886602272, 
            "WgS": 0.2030817201284417
        }, 
        "Higgs": {
            "qqH_htt": 0.0005488642363457218, 
            "qqH_hww": 0.033570635880652754, 
            "ggZH_hww": 0.16513848589084115, 
            "WH_htt": 0.011458487345253357, 
            "ggH_htt": 0.004383625046434042, 
            "WH_hww": 0.21548502960756255, 
            "ggH_hww": 0.45503080822860575, 
            "ttH_hww": 0.038854139683604114, 
            "ZH_htt": 0.0029154749145064683, 
            "ZH_hww": 0.07261444916619421
        }
    }, 
    "ww2l2v_13TeV_sr_2j_B2": {
        "Vg": {
            "Wg": 0.7480692089343809, 
            "Zg": -0.015743135498569916, 
            "ZgS": 0.02626593856342323, 
            "WgS": 0.24140798800076574
        }, 
        "Higgs": {
            "qqH_htt": 0.0, 
            "qqH_hww": 0.0648426868013086, 
            "ggZH_hww": 0.10512926442556281, 
            "WH_htt": 0.009997830204284533, 
            "ggH_htt": 0.004903881747369302, 
            "WH_hww": 0.17839257167737468, 
            "ggH_hww": 0.5600915357855114, 
            "ttH_hww": 0.03255527762944338, 
            "ZH_htt": 0.0026886930055323647, 
            "ZH_hww": 0.04139825872361295
        }
    }, 
    "ww2l2v_13TeV_sr_2j_B9": {
        "Vg": {
            "Wg": 0.6533896485539855, 
            "Zg": 0.07793620657505697, 
            "ZgS": 0.034951520397941555, 
            "WgS": 0.23372262447301592
        }, 
        "Higgs": {
            "qqH_htt": 0.002312784038245366, 
            "qqH_hww": 0.12739180040264994, 
            "ggZH_hww": 0.08518351450534203, 
            "WH_htt": 0.01044385380350899, 
            "ggH_htt": 0.013592788646896904, 
            "WH_hww": 0.07907184147799153, 
            "ggH_hww": 0.5930029152018215, 
            "ttH_hww": 0.06580733176438809, 
            "ZH_htt": 0.002490831933823238, 
            "ZH_hww": 0.020702338225332375
        }
    }, 
    "ww2l2v_13TeV_sr_2j_B8": {
        "Vg": {
            "Wg": 0.6498608637661178, 
            "Zg": 0.09196833939101416, 
            "ZgS": 0.02318813186170843, 
            "WgS": 0.2349826649811594
        }, 
        "Higgs": {
            "qqH_htt": 0.000260739423426963,