{
    "PS_ISR": {
        "ggWW_B10": [
            0.8658628347131758, 
            1.1317880150532782
        ], 
        "ggWW_B6": [
            0.8864875351242746, 
            1.1080331877518128
        ], 
        "ggWW_B7": [
            0.8804717458277599, 
            1.1146646957117776
        ], 
        "ggWW_B4": [
            0.8969095832620024, 
            1.0963361875000432
        ], 
        "ggWW_B5": [
            0.8899068030339071, 
            1.1040209867590336
        ], 
        "ggWW_B2": [
            0.9033119959341355, 
            1.0893612744260017
        ], 
        "ggWW_B3": [
            0.9021157081252017, 
            1.0906497671347954
        ], 
        "ggWW_B0": [
            0.9168145547645801, 
            1.076147338395653
        ], 
        "ggWW_B1": [
            0.905852746007479, 
            1.086312450497477
        ], 
        "ggWW_B8": [
            0.8763145326768774, 
            1.1196905700231636
        ], 
        "ggWW_B9": [
            0.8700066148379773, 
            1.126242532299177
        ], 
        "WW_B10": [
            0.9383585451782976, 
            1.054691210419431
        ], 
        "WW_B8": [
            0.9438450345622378, 
            1.049654619317079
        ], 
        "WW_B9": [
            0.9447995180497749, 
            1.0487445928423815
        ], 
        "WW_B6": [
            0.9489970822856207, 
            1.0447408487246002
        ], 
        "WW_B7": [
            0.9448233977931279, 
            1.0483364639987582
        ], 
        "WW_B4": [
            0.9477898995110701, 
            1.045026997359409
        ], 
        "WW_B5": [
            0.9514988407900565, 
            1.0419435113977742
        ], 
        "WW_B2": [
            0.9620384749914325, 
            1.0317473559505919
        ], 
        "WW_B3": [
            0.9587377596858072, 
            1.0358489494889804
        ], 
        "WW_B0": [
            0.9838730978024001, 
            1.0141165574953608
        ], 
        "WW_B1": [
            0.966406150748541, 
            1.028502087358672
        ]
    }, 
    "PS_FSR": {
        "ggWW_B10": [
            1.0336865838568117, 
            0.981046776122468
        ], 
        "ggWW_B6": [
            1.0328374855409752, 
            0.9790391158826784
        ], 
        "ggWW_B7": [
            1.0352534631498103, 
            0.9792411146154947
        ], 
        "ggWW_B4": [
            1.0178087682788073, 
            0.9892531602387734
        ], 
        "ggWW_B5": [
            1.0269970196832683, 
            0.9873014830497421
        ], 
        "ggWW_B2": [
            1.0194439325009435, 
            0.9938200630549026
        ], 
        "ggWW_B3": [
            1.0126868203452157, 
            0.9928476874428477
        ], 
        "ggWW_B0": [
            0.9643137861641269, 
            1.030501420134663
        ], 
        "ggWW_B1": [
            0.992578738242762, 
            1.0134955863265493
        ], 
        "ggWW_B8": [
            1.0445489058185824, 
            0.9710316980010443
        ], 
        "ggWW_B9": [
            1.0351620506815162, 
            0.9852465482352823
        ], 
        "WW_B10": [
            1.0196669900687407, 
            0.9936274305233308
        ], 
        "WW_B8": [
            0.9879205847134953, 
            1.0064945356925799
        ], 
        "WW_B9": [
            1.042474628773545, 
            0.9616100428188341
        ], 
        "WW_B6": [
            1.0153290818724299, 
            0.9855066563792787
        ], 
        "WW_B7": [
            0.993049152386128, 
            0.9970517433388401
        ], 
        "WW_B4": [
            1.0223916208216801, 
            0.9828356814863625
        ], 
        "WW_B5": [
            1.0140671418650002, 
            0.9876217373390571
        ], 
        "WW_B2": [
            0.9780087347637363, 
            1.025905541862898
        ], 
        "WW_B3": [
            1.005458560588455, 
            0.9980178040485402
        ], 
        "WW_B0": [
            0.9348001427251313, 
            1.0523657440651562
        ], 
        "WW_B1": [
            1.0000585989228477, 
            1.0024821168889382
        ]
    }, 
    "QCDscale_WW": {
        "ggWW_B10": [
            1.0, 
            1.0
        ], 
        "ggWW_B6": [
            1.0, 
            1.0
        ], 
        "ggWW_B7": [
            1.0, 
            1.0
        ], 
        "ggWW_B4": [
            1.0, 
            1.0
        ], 
        "ggWW_B5": [
            1.0, 
            1.0
        ], 
        "ggWW_B2": [
            1.0, 
            1.0
        ], 
        "ggWW_B3": [
            1.0, 
            1.0
        ], 
        "ggWW_B0": [
            1.0, 
            1.0
        ], 
        "ggWW_B1": [
            1.0, 
            1.0
        ], 
        "ggWW_B8": [
            1.0, 
            1.0
        ], 
        "ggWW_B9": [
            1.0, 
            1.0
        ], 
        "WW_B10": [
            0.9416225831137042, 
            1.0525640640774738
        ], 
        "WW_B8": [
            0.9491815121284182, 
            1.0453775834996712
        ], 
        "WW_B9": [
            0.9481220579792616, 
            1.0461304123098027
        ], 
        "WW_B6": [
            0.9582518342609988, 
            1.036403752140588
        ], 
        "WW_B7": [
            0.9553646027504965, 
            1.0393944874822263
        ], 
        "WW_B4": [
            0.9670596010576117, 
            1.027872655400951
        ], 
        "WW_B5": [
            0.9615176949470499, 
            1.033359036128773
        ], 
        "WW_B2": [
            0.9638450117705724, 
            1.0308229556331805
        ], 
        "WW_B3": [
            0.9652510269772705, 
            1.0296035071803373
        ], 
        "WW_B0": [
            0.9706837645137518, 
            1.0245600728195488
        ], 
        "WW_B1": [
            0.9645952200421687, 
            1.0304317938534173
        ]
    }, 
    "CMS_hww_WWresum": {
        "WW_B10": [
            0.9968783417912471, 
            1.0066346284486505
        ], 
        "WW_B8": [
            0.993835187129969, 
            1.012885454036595
        ], 
        "WW_B9": [
            0.9944157451095078, 
            1.0115440616427533
        ], 
        "WW_B6": [
            0.9883781305702096, 
            1.0243795404843516
        ], 
        "WW_B7": [
            0.9919233526929805, 
            1.0169058697622175
        ], 
        "WW_B4": [
            0.9852309688264013, 
            1.0316935623832426
        ], 
        "WW_B5": [
            0.9866668274962591, 
            1.0282810059172445
        ], 
        "WW_B2": [
            0.9922585621258132, 
            1.016097133061579
        ], 
        "WW_B3": [
            0.9869661199220781, 
            1.02836174930276
        ], 
        "WW_B0": [
            0.9975620882714255, 
            1.004840496283819
        ], 
        "WW_B1": [
            0.9973352487326661, 
            1.0053896067304204
        ]
    }, 
    "CMS_hww_WWqscale": {
        "WW_B10": [
            1.070938328755063, 
            0.9179547204427428
        ], 
        "WW_B8": [
            1.0711304479433759, 
            0.9199114056119816
        ], 
        "WW_B9": [
            1.0715482102922906, 
            0.9185827089573568
        ], 
        "WW_B6": [
            1.0677668773352917, 
            0.9259526046816146
        ], 
        "WW_B7": [
            1.0691972642142042, 
            0.9232249310624158
        ], 
        "WW_B4": [
            1.065211297320371, 
            0.9297299573092419
        ], 
        "WW_B5": [
            1.0664559021325934, 
            0.9284214733228839
        ], 
        "WW_B2": [
            1.0701017728246798, 
            0.9229578790765859
        ],