{
    "PS_ISR": {
        "ggWW_B10": [
            0.8644414463549165, 
            1.1328333959261774
        ], 
        "ggWW_B6": [
            0.8871099608370971, 
            1.1074655518898824
        ], 
        "ggWW_B7": [
            0.8807009603781295, 
            1.1142931856428546
        ], 
        "ggWW_B4": [
            0.8963988080848727, 
            1.0969782157933587
        ], 
        "ggWW_B5": [
            0.889602997653387, 
            1.1042320870471536
        ], 
        "ggWW_B2": [
            0.9028941953572733, 
            1.0895672840958097
        ], 
        "ggWW_B3": [
            0.901919482076047, 
            1.0909228197467868
        ], 
        "ggWW_B0": [
            0.9171341883658352, 
            1.0757161307397753
        ], 
        "ggWW_B1": [
            0.9067004707339676, 
            1.0855167320528614
        ], 
        "ggWW_B8": [
            0.8766566738676125, 
            1.119177571200865
        ], 
        "ggWW_B9": [
            0.8705026547238696, 
            1.1258605115693492
        ], 
        "WW_B10": [
            0.9394186940598399, 
            1.054458643429772
        ], 
        "WW_B8": [
            0.9437187479636082, 
            1.049741853956137
        ], 
        "WW_B9": [
            0.942988890572975, 
            1.0503871291335196
        ], 
        "WW_B6": [
            0.9490761657770039, 
            1.044656381374678
        ], 
        "WW_B7": [
            0.9477701469488482, 
            1.045772642638074
        ], 
        "WW_B4": [
            0.9505070595237833, 
            1.0426719661341355
        ], 
        "WW_B5": [
            0.944956643084212, 
            1.0476243961072387
        ], 
        "WW_B2": [
            0.9644799509595122, 
            1.0302190236982238
        ], 
        "WW_B3": [
            0.9567473598911558, 
            1.0373606706710434
        ], 
        "WW_B0": [
            0.9854035121455383, 
            1.0129419832337205
        ], 
        "WW_B1": [
            0.9690474229857456, 
            1.026356506175412
        ]
    }, 
    "PS_FSR": {
        "ggWW_B10": [
            1.0380821081570877, 
            0.9761426299857325
        ], 
        "ggWW_B6": [
            1.0348115707812682, 
            0.9799642631063417
        ], 
        "ggWW_B7": [
            1.0321199392572005, 
            0.9803945484982074
        ], 
        "ggWW_B4": [
            1.023516598684884, 
            0.9870277659215683
        ], 
        "ggWW_B5": [
            1.0308293663754537, 
            0.9842060263583492
        ], 
        "ggWW_B2": [
            1.016860879025891, 
            0.9972850886456284
        ], 
        "ggWW_B3": [
            1.013170681421695, 
            0.9928374349414161
        ], 
        "ggWW_B0": [
            0.9685753342403473, 
            1.0293390193272236
        ], 
        "ggWW_B1": [
            0.9976368627403631, 
            1.0104133489803866
        ], 
        "ggWW_B8": [
            1.0423612002497242, 
            0.9739453310639281
        ], 
        "ggWW_B9": [
            1.041714797838296, 
            0.9799644184920788
        ], 
        "WW_B10": [
            1.0112207147481853, 
            0.9934971989374652
        ], 
        "WW_B8": [
            0.9926094990193877, 
            0.99617081600822
        ], 
        "WW_B9": [
            1.0277520781298397, 
            0.9772421624061739
        ], 
        "WW_B6": [
            1.0213985171122706, 
            0.9850252534736106
        ], 
        "WW_B7": [
            1.0016852240625587, 
            0.9956546808957916
        ], 
        "WW_B4": [
            1.016966682705804, 
            0.9807614578672276
        ], 
        "WW_B5": [
            0.9941189582082829, 
            0.9984651755861891
        ], 
        "WW_B2": [
            0.9897993129466452, 
            1.015870960813916
        ], 
        "WW_B3": [
            1.0142160060523449, 
            0.9964002394176833
        ], 
        "WW_B0": [
            0.9425118426521684, 
            1.039614605363125
        ], 
        "WW_B1": [
            0.9843905029293047, 
            1.016847846069268
        ]
    }, 
    "QCDscale_WW": {
        "ggWW_B10": [
            1.0, 
            1.0
        ], 
        "ggWW_B6": [
            1.0, 
            1.0
        ], 
        "ggWW_B7": [
            1.0, 
            1.0
        ], 
        "ggWW_B4": [
            1.0, 
            1.0
        ], 
        "ggWW_B5": [
            1.0, 
            1.0
        ], 
        "ggWW_B2": [
            1.0, 
            1.0
        ], 
        "ggWW_B3": [
            1.0, 
            1.0
        ], 
        "ggWW_B0": [
            1.0, 
            1.0
        ], 
        "ggWW_B1": [
            1.0, 
            1.0
        ], 
        "ggWW_B8": [
            1.0, 
            1.0
        ], 
        "ggWW_B9": [
            1.0, 
            1.0
        ], 
        "WW_B10": [
            0.9411579561542346, 
            1.0531005754140503
        ], 
        "WW_B8": [
            0.95100842422296, 
            1.04339966792268
        ], 
        "WW_B9": [
            0.9477274424582923, 
            1.0465800682124238
        ], 
        "WW_B6": [
            0.9589911838554667, 
            1.035787269869372
        ], 
        "WW_B7": [
            0.9558281551430015, 
            1.0389190916661215
        ], 
        "WW_B4": [
            0.9679811039812054, 
            1.0268521517674754
        ], 
        "WW_B5": [
            0.9604492590070074, 
            1.0343097307324833
        ], 
        "WW_B2": [
            0.963486023355295, 
            1.0312599843748524
        ], 
        "WW_B3": [
            0.9659638402946645, 
            1.0289250176630322
        ], 
        "WW_B0": [
            0.9708161300957141, 
            1.0245822798015694
        ], 
        "WW_B1": [
            0.9637761971512114, 
            1.0313132203147202
        ]
    }, 
    "CMS_hww_WWresum": {
        "WW_B10": [
            0.9964769110102101, 
            1.0073336663809183
        ], 
        "WW_B8": [
            0.9939892806445365, 
            1.0125379117957776
        ], 
        "WW_B9": [
            0.9947687901417454, 
            1.0108369590781785
        ], 
        "WW_B6": [
            0.9890961106945957, 
            1.0228805458038717
        ], 
        "WW_B7": [
            0.9920726279191291, 
            1.0165284681316529
        ], 
        "WW_B4": [
            0.9856414849465646, 
            1.0307623910121844
        ], 
        "WW_B5": [
            0.9873274892679967, 
            1.0269926171046992
        ], 
        "WW_B2": [
            0.9927236901069181, 
            1.0151132927924533
        ], 
        "WW_B3": [
            0.9876918911593626, 
            1.0266252185527744
        ], 
        "WW_B0": [
            0.9969521651585623, 
            1.0061111192272518
        ], 
        "WW_B1": [
            0.9969344730722647, 
            1.0061729728191353
        ]
    }, 
    "CMS_hww_WWqscale": {
        "WW_B10": [
            1.0717166693111375, 
            0.9176780772271665
        ], 
        "WW_B8": [
            1.070867290282295, 
            0.9200435004384749
        ], 
        "WW_B9": [
            1.0717600997738363, 
            0.9185092802356667
        ], 
        "WW_B6": [
            1.0680106752739988, 
            0.9256516840448232
        ], 
        "WW_B7": [
            1.069631560694379, 
            0.922510547584122
        ], 
        "WW_B4": [
            1.0654312545144606, 
            0.9293584246763692
        ], 
        "WW_B5": [
            1.0663519935895642, 
            0.9279590656189936
        ], 
        "WW_B2": [
            1.070294713867137, 
            0.9225036497671135
        ],