{
    "ww2l2v_13TeV_sr_2j_B5": {
        "Vg": {
            "Wg": 0.690309364555897, 
            "Zg": 0.07996482689094836, 
            "ZgS": 0.009655253490431635, 
            "WgS": 0.220070555062723
        }, 
        "Higgs": {
            "qqH_htt": 0.0018733471802419598, 
            "qqH_hww": 0.10064122625035175, 
            "ggZH_hww": 0.03615977386020326, 
            "WH_htt": 0.01939257312145458, 
            "ggH_htt": 0.014585802358363285, 
            "WH_hww": 0.10061844295618427, 
            "ggH_hww": 0.520576982432339, 
            "ttH_hww": 0.16011468226627812, 
            "ZH_htt": 0.004649393835918453, 
            "ZH_hww": 0.04138777573866545
        }
    }, 
    "ww2l2v_13TeV_sr_2j_B4": {
        "Vg": {
            "Wg": 0.4903115848710777, 
            "Zg": 0.05733612137682501, 
            "ZgS": 0.027505236318462172, 
            "WgS": 0.424847057433635
        }, 
        "Higgs": {
            "qqH_htt": 0.001768919660140301, 
            "qqH_hww": 0.13993863525260586, 
            "ggZH_hww": 0.025185498443164717, 
            "WH_htt": 0.012555377442268457, 
            "ggH_htt": 0.010745798045639883, 
            "WH_hww": 0.11576290696779165, 
            "ggH_hww": 0.501370155999181, 
            "ttH_hww": 0.13646664001378633, 
            "ZH_htt": 0.0034866300726624894, 
            "ZH_hww": 0.05271943810275929
        }
    }, 
    "ww2l2v_13TeV_sr_2j_B1": {
        "Vg": {
            "Wg": 0.5559116479889258, 
            "Zg": 0.055914466575906395, 
            "ZgS": 0.040978689732198516, 
            "WgS": 0.34719519570296925
        }, 
        "Higgs": {
            "qqH_htt": 0.0026334103286437616, 
            "qqH_hww": 0.11473485886229301, 
            "ggZH_hww": 0.011397088296770011, 
            "WH_htt": 0.012201878367441093, 
            "ggH_htt": 0.008705123347075211, 
            "WH_hww": 0.12672883995592973, 
            "ggH_hww": 0.628361387089833, 
            "ttH_hww": 0.0441328030264622, 
            "ZH_htt": 0.002781056321639656, 
            "ZH_hww": 0.04832355440391227
        }
    }, 
    "ww2l2v_13TeV_sr_2j_B0": {
        "Vg": {
            "Wg": 0.540308060842924, 
            "Zg": 0.04925687699178378, 
            "ZgS": 0.060597176374742205, 
            "WgS": 0.34983788579055
        }, 
        "Higgs": {
            "qqH_htt": 0.0013472806293518143, 
            "qqH_hww": 0.09109292509423313, 
            "ggZH_hww": 0.006222777579955139, 
            "WH_htt": 0.011744264271059136, 
            "ggH_htt": 0.006856824359002021, 
            "WH_hww": 0.12516673268171555, 
            "ggH_hww": 0.7008715877951077, 
            "ttH_hww": 0.015606798108962549, 
            "ZH_htt": 0.0025378715573347614, 
            "ZH_hww": 0.03855293792327803
        }
    }, 
    "ww2l2v_13TeV_sr_2j_B3": {
        "Vg": {
            "Wg": 0.530319539270466, 
            "Zg": 0.06437715619226793, 
            "ZgS": 0.04645099495463165, 
            "WgS": 0.35885230958263437
        }, 
        "Higgs": {
            "qqH_htt": 0.002241285541684588, 
            "qqH_hww": 0.15258928086579468, 
            "ggZH_hww": 0.02484628647222038, 
            "WH_htt": 0.013237507188441066, 
            "ggH_htt": 0.01077768675874708, 
            "WH_hww": 0.12146249631552644, 
            "ggH_hww": 0.5138097415730704, 
            "ttH_hww": 0.10966919175911687, 
            "ZH_htt": 0.002921373827303626, 
            "ZH_hww": 0.048445149698094846
        }
    }, 
    "ww2l2v_13TeV_sr_2j_B2": {
        "Vg": {
            "Wg": 0.6102197005054778, 
            "Zg": 0.0516761986302619, 
            "ZgS": 0.070567791628207, 
            "WgS": 0.26753630923605326
        }, 
        "Higgs": {
            "qqH_htt": 0.00306569254901579, 
            "qqH_hww": 0.1423487028590459, 
            "ggZH_hww": 0.01947740122379645, 
            "WH_htt": 0.012248466833861797, 
            "ggH_htt": 0.009389036590446596, 
            "WH_hww": 0.12334863468059279, 
            "ggH_hww": 0.564373785716282, 
            "ttH_hww": 0.07142900328579099, 
            "ZH_htt": 0.0029689114246112367, 
            "ZH_hww": 0.05135036483655637
        }
    }, 
    "ww2l2v_13TeV_top_2j": {
        "Vg": {
            "Wg": 0.5431061054664561, 
            "Zg": 0.1616838746335343, 
            "ZgS": 0.031119735701200517, 
            "WgS": 0.26409028419880914
        }, 
        "Higgs": {
            "qqH_htt": 0.004140216392707613, 
            "qqH_hww": 0.006748959739769971, 
            "ggZH_hww": 0.0029269348311439067, 
            "WH_htt": 0.0070912495570856875, 
            "ggH_htt": 0.020387355416552563, 
            "WH_hww": 0.018709270688561, 
            "ggH_hww": 0.04115756847665371, 
            "ttH_hww": 0.884913987579195, 
            "ZH_htt": 0.004691542618350568, 
            "ZH_hww": 0.009232914699979949
        }
    }
}