{
    "ww2l2v_13TeV_sr_2j_B5": {
        "Vg": {
            "Wg": 0.7448975536786503, 
            "Zg": 0.06918333690480506, 
            "ZgS": 0.005721607946626934, 
            "WgS": 0.18019750146991775
        }, 
        "Higgs": {
            "qqH_htt": 0.0017072432539800902, 
            "qqH_hww": 0.10250560909996033, 
            "ggZH_hww": 0.0376239135066246, 
            "WH_htt": 0.02263111962819927, 
            "ggH_htt": 0.028127082885019722, 
            "WH_hww": 0.10602498030199818, 
            "ggH_hww": 0.523637733636269, 
            "ttH_hww": 0.17208231646763308, 
            "ZH_htt": 0.005660001220315756
        }
    }, 
    "ww2l2v_13TeV_sr_2j_B4": {
        "Vg": {
            "Wg": 0.6218556627363303, 
            "Zg": 0.041118127108927885, 
            "ZgS": 0.01435365331188084, 
            "WgS": 0.322672556842861
        }, 
        "Higgs": {
            "qqH_htt": 0.002780737476223244, 
            "qqH_hww": 0.14791580968232726, 
            "ggZH_hww": 0.02598611102902541, 
            "WH_htt": 0.014783406013445759, 
            "ggH_htt": 0.012446702808712663, 
            "WH_hww": 0.12401633492425514, 
            "ggH_hww": 0.5202250269207096, 
            "ttH_hww": 0.14669111094414683, 
            "ZH_htt": 0.005154760201153927
        }
    }, 
    "ww2l2v_13TeV_sr_2j_B1": {
        "Vg": {
            "Wg": 0.6853614203638287, 
            "Zg": 0.05222283494930034, 
            "ZgS": 0.025400352697272227, 
            "WgS": 0.23701539198959878
        }, 
        "Higgs": {
            "qqH_htt": 0.003123778788349052, 
            "qqH_hww": 0.11840598908211622, 
            "ggZH_hww": 0.011573801008422422, 
            "WH_htt": 0.014507958968649504, 
            "ggH_htt": 0.009503151841686297, 
            "WH_hww": 0.13208487507219327, 
            "ggH_hww": 0.6616141775307751, 
            "ttH_hww": 0.04565931842951509, 
            "ZH_htt": 0.003526949278292929
        }
    }, 
    "ww2l2v_13TeV_sr_2j_B0": {
        "Vg": {
            "Wg": 0.6053875560409797, 
            "Zg": 0.055556431692962906, 
            "ZgS": 0.049818672683671315, 
            "WgS": 0.28923733958238595
        }, 
        "Higgs": {
            "qqH_htt": 0.001769968226212436, 
            "qqH_hww": 0.09211874242752757, 
            "ggZH_hww": 0.006195143242513834, 
            "WH_htt": 0.013938218157221247, 
            "ggH_htt": 0.011336240716776521, 
            "WH_hww": 0.12747167696541686, 
            "ggH_hww": 0.727090666717368, 
            "ttH_hww": 0.01695486161809365, 
            "ZH_htt": 0.003124481928869732
        }
    }, 
    "ww2l2v_13TeV_sr_2j_B3": {
        "Vg": {
            "Wg": 0.5539959828424528, 
            "Zg": 0.07997474212210909, 
            "ZgS": 0.026912394711794744, 
            "WgS": 0.3391168803236434
        }, 
        "Higgs": {
            "qqH_htt": 0.0025640157303770924, 
            "qqH_hww": 0.15591628151026354, 
            "ggZH_hww": 0.02584071519087962, 
            "WH_htt": 0.015086901056695098, 
            "ggH_htt": 0.01211219754053294, 
            "WH_hww": 0.12883897430079394, 
            "ggH_hww": 0.5395441318121891, 
            "ttH_hww": 0.11590865382180647, 
            "ZH_htt": 0.004188129036462157
        }
    }, 
    "ww2l2v_13TeV_sr_2j_B2": {
        "Vg": {
            "Wg": 0.6143618602652513, 
            "Zg": 0.05534301378332767, 
            "ZgS": 0.05349474828546939, 
            "WgS": 0.2768003776659517
        }, 
        "Higgs": {
            "qqH_htt": 0.0033285095432061024, 
            "qqH_hww": 0.14884939437600148, 
            "ggZH_hww": 0.019841076641778633, 
            "WH_htt": 0.014830229219304237, 
            "ggH_htt": 0.010854720437618473, 
            "WH_hww": 0.1334381078660029, 
            "ggH_hww": 0.5846567112415174, 
            "ttH_hww": 0.0799465378145556, 
            "ZH_htt": 0.0042547128600151545
        }
    }, 
    "ww2l2v_13TeV_top_2j": {
        "Vg": {
            "Wg": 0.557628951667687, 
            "Zg": 0.16572373179524214, 
            "ZgS": 0.03714740554283107, 
            "WgS": 0.23949991099423967
        }, 
        "Higgs": {
            "qqH_htt": 0.005287007031719744, 
            "qqH_hww": 0.006920249598632608, 
            "ggZH_hww": 0.0028523234978014085, 
            "WH_htt": 0.008145351610775118, 
            "ggH_htt": 0.026590482884817017, 
            "WH_hww": 0.018241159908167465, 
            "ggH_hww": 0.03991443546952472, 
            "ttH_hww": 0.8862041761250128, 
            "ZH_htt": 0.005844813873549115
        }
    }
}