{
    "PS_ISR": {
        "ggWW_B4": [
            0.8814220354934106, 
            1.1067931816962873
        ], 
        "ggWW_B5": [
            0.8865194075059157, 
            1.1053627349052226
        ], 
        "ggWW_B2": [
            0.8786849192221869, 
            1.1150923978832201
        ], 
        "ggWW_B3": [
            0.8791946362193005, 
            1.1118305712366934
        ], 
        "ggWW_B0": [
            0.8949342243282183, 
            1.0992184871053834
        ], 
        "ggWW_B1": [
            0.8850511001485202, 
            1.109391663980802
        ], 
        "WW_B4": [
            0.9491760054994324, 
            1.0424385998581869
        ], 
        "WW_B5": [
            0.9495466941864443, 
            1.0434401706783611
        ], 
        "WW_B2": [
            0.95041327444377, 
            1.0439856680379849
        ], 
        "WW_B3": [
            0.9465299960140688, 
            1.0465236624384326
        ], 
        "WW_B0": [
            0.9544222697742099, 
            1.0401194837373444
        ], 
        "WW_B1": [
            0.9496258461219977, 
            1.0443491627178028
        ]
    }, 
    "PS_FSR": {
        "ggWW_B4": [
            1.0456556262114496, 
            0.9720331491167297
        ], 
        "ggWW_B5": [
            1.0406060138977247, 
            0.9755238112133005
        ], 
        "ggWW_B2": [
            1.0377669044136146, 
            0.9802378319046995
        ], 
        "ggWW_B3": [
            1.0338889684543273, 
            0.9772804080287276
        ], 
        "ggWW_B0": [
            1.0159091799230724, 
            0.99315047227408
        ], 
        "ggWW_B1": [
            1.0274294751339024, 
            0.9860166848432976
        ], 
        "WW_B4": [
            0.9980163497721766, 
            0.9951465981347315
        ], 
        "WW_B5": [
            1.0216040731583504, 
            0.9863743004097583
        ], 
        "WW_B2": [
            1.0213173565191944, 
            0.9894666947608693
        ], 
        "WW_B3": [
            1.0198465705997912, 
            0.9843660954123503
        ], 
        "WW_B0": [
            1.008099245996671, 
            0.998955477728037
        ], 
        "WW_B1": [
            1.0046135672091236, 
            0.9968981692738199
        ]
    }, 
    "QCDscale_WW": {
        "ggWW_B4": [
            1.0, 
            1.0
        ], 
        "ggWW_B5": [
            1.0, 
            1.0
        ], 
        "ggWW_B2": [
            1.0, 
            1.0
        ], 
        "ggWW_B3": [
            1.0, 
            1.0
        ], 
        "ggWW_B0": [
            1.0, 
            1.0
        ], 
        "ggWW_B1": [
            1.0, 
            1.0
        ], 
        "WW_B4": [
            0.9366454751437389, 
            1.0577719512055448
        ], 
        "WW_B5": [
            0.9153257860976196, 
            1.0794424741711168
        ], 
        "WW_B2": [
            0.9525179353752762, 
            1.0421293151376507
        ], 
        "WW_B3": [
            0.946788599201432, 
            1.047732772887557
        ], 
        "WW_B0": [
            0.9662869297126411, 
            1.0286038255938088
        ], 
        "WW_B1": [
            0.960991448066522, 
            1.0338190675931176
        ]
    }, 
    "CMS_hww_WWresum": {
        "WW_B4": [
            0.9988443274887512, 
            1.0023597461539182
        ], 
        "WW_B5": [
            0.9997413587081371, 
            1.000567760320639
        ], 
        "WW_B2": [
            0.9960397380444429, 
            1.0082005679551056
        ], 
        "WW_B3": [
            0.9978378307130251, 
            1.0044212815273923
        ], 
        "WW_B0": [
            0.9868418424541278, 
            1.0281047955493345
        ], 
        "WW_B1": [
            0.9926013272267469, 
            1.0155261982392945
        ]
    }, 
    "CMS_hww_WWqscale": {
        "WW_B4": [
            1.0755479847720113, 
            0.9120744383870563
        ], 
        "WW_B5": [
            1.06268357328368, 
            0.9249229829075175
        ], 
        "WW_B2": [
            1.0725983161576038, 
            0.9169349240006195
        ], 
        "WW_B3": [
            1.0749775556620937, 
            0.9135922681232732
        ], 
        "WW_B0": [
            1.06438733246693, 
            0.9319479245768959
        ], 
        "WW_B1": [
            1.0690348920545203, 
            0.9239182504536495
        ]
    }, 
    "pdf_WW": {
        "WW_B4": [
            0.9875083857860767, 
            1.0128116916325258
        ], 
        "WW_B5": [
            0.9831404104862264, 
            1.0174479190188277
        ], 
        "WW_B2": [
            0.9907642850209182, 
            1.0094095223113966
        ], 
        "WW_B3": [
            0.9900498457870418, 
            1.0101521858424196
        ], 
        "WW_B0": [
            0.9920565353354828, 
            1.0080716991789382
        ], 
        "WW_B1": [
            0.991478109173836, 
            1.0086696545248872
        ]
    }
}