{
    "PS_ISR": {
        "ggWW_B4": [
            0.880011560964759, 
            1.1079606291946316
        ], 
        "ggWW_B5": [
            0.88457163063928, 
            1.1061803672857216
        ], 
        "ggWW_B2": [
            0.8784060847858904, 
            1.11536395525682
        ], 
        "ggWW_B3": [
            0.8808181027422984, 
            1.1102586346043986
        ], 
        "ggWW_B0": [
            0.8946919215678814, 
            1.099534664208781
        ], 
        "ggWW_B1": [
            0.8855225590097201, 
            1.1091074736013016
        ], 
        "WW_B4": [
            0.9507276562445792, 
            1.0414324020089925
        ], 
        "WW_B5": [
            0.9499290192737215, 
            1.0427942266835442
        ], 
        "WW_B2": [
            0.9494660539340011, 
            1.0448108027208955
        ], 
        "WW_B3": [
            0.9490440146696395, 
            1.0442515199654299
        ], 
        "WW_B0": [
            0.9536476786975484, 
            1.0407129773125094
        ], 
        "WW_B1": [
            0.9499204148454807, 
            1.043998535287245
        ]
    }, 
    "PS_FSR": {
        "ggWW_B4": [
            1.0507093398830314, 
            0.9677436754083606
        ], 
        "ggWW_B5": [
            1.0299726539142624, 
            0.9815120680361974
        ], 
        "ggWW_B2": [
            1.0387841114387297, 
            0.9784488520076823
        ], 
        "ggWW_B3": [
            1.0379229266976058, 
            0.977857095466399
        ], 
        "ggWW_B0": [
            1.0158567217967867, 
            0.9929086201736412
        ], 
        "ggWW_B1": [
            1.0291926150177324, 
            0.9866315916519354
        ], 
        "WW_B4": [
            1.0044673952936003, 
            0.9894241263355099
        ], 
        "WW_B5": [
            1.00670084934615, 
            0.9939753936375436
        ], 
        "WW_B2": [
            1.0253892128853013, 
            0.9883630601671184
        ], 
        "WW_B3": [
            1.0178200574403238, 
            0.9872569268848241
        ], 
        "WW_B0": [
            1.0118256837703374, 
            0.9999777404585561
        ], 
        "WW_B1": [
            1.0023631082978228, 
            0.9996296932785218
        ]
    }, 
    "QCDscale_WW": {
        "WW_B4": [
            0.9366315383112321, 
            1.0577736235266317
        ], 
        "WW_B5": [
            0.9159291657302375, 
            1.0786896350378952
        ], 
        "WW_B2": [
            0.9523663057699738, 
            1.0423001706604362
        ], 
        "WW_B3": [
            0.9467444117672351, 
            1.0478108189542024
        ], 
        "WW_B0": [
            0.9664767679589693, 
            1.0284246452518622
        ], 
        "WW_B1": [
            0.9618712127748997, 
            1.0328678916003926
        ]
    }, 
    "CMS_hww_WWresum": {
        "WW_B4": [
            0.9988480929340651, 
            1.0023503897929733
        ], 
        "WW_B5": [
            0.9999473982053909, 
            1.0001571668144755
        ], 
        "WW_B2": [
            0.9957566744019454, 
            1.0087725163484047
        ], 
        "WW_B3": [
            0.997537520011175, 
            1.0050337755116385
        ], 
        "WW_B0": [
            0.9864958206557215, 
            1.028804148866847
        ], 
        "WW_B1": [
            0.9923884424119123, 
            1.016011146240238
        ]
    }, 
    "CMS_hww_WWqscale": {
        "WW_B4": [
            1.075116002932014, 
            0.9125222849383445
        ], 
        "WW_B5": [
            1.0624236281824837, 
            0.9250512496862381
        ], 
        "WW_B2": [
            1.0725022607959618, 
            0.9170747991330617
        ], 
        "WW_B3": [
            1.0749175724286397, 
            0.9137493632708513
        ], 
        "WW_B0": [
            1.0643835039085883, 
            0.931944712832911
        ], 
        "WW_B1": [
            1.0688395504374442, 
            0.9241697250812418
        ]
    }, 
    "pdf_WW": {
        "WW_B4": [
            0.9877145909791354, 
            1.012594875412893
        ], 
        "WW_B5": [
            0.983139581720835, 
            1.0174488066358711
        ], 
        "WW_B2": [
            0.9907812603990643, 
            1.0093919026099731
        ], 
        "WW_B3": [
            0.990025072641078, 
            1.010177976511651
        ], 
        "WW_B0": [
            0.991776879734236, 
            1.0083606210505542
        ], 
        "WW_B1": [
            0.9916080079122341, 
            1.008535247547538
        ]
    }
}
