{
    "ww2l2v_13TeV_top_1j": {
        "Vg": {
            "Wg": 0.6945482506285544, 
            "Zg": 0.13935507865815483, 
            "ZgS": 0.12530080773775182, 
            "WgS": 0.04079586297553894
        }, 
        "Higgs": {
            "qqH_htt": 0.015714941042780036, 
            "qqH_hww": 0.047200103673022, 
            "ggZH_hww": 0.005146338756134744, 
            "WH_htt": 0.06035281492198136, 
            "ggH_htt": 0.1276318385810883, 
            "WH_hww": 0.12334718621394648, 
            "ggH_hww": 0.4355402500781406, 
            "ttH_hww": 0.12211108795581828, 
            "ZH_htt": 0.02330730051313272, 
            "ZH_hww": 0.03964813826395548
        }
    }, 
    "ww2l2v_13TeV_top_0j": {
        "Vg": {
            "Wg": 0.14856144954857553, 
            "Zg": 0.07705753164975988, 
            "ZgS": 0.02301426900666529, 
            "WgS": 0.7513667497949994
        }, 
        "Higgs": {
            "qqH_htt": 0.0043389015763024424, 
            "qqH_hww": 0.016040121334686477, 
            "ggZH_hww": 0.0011245363634103396, 
            "WH_htt": 0.0880401023402055, 
            "ggH_htt": 0.030498726039632666, 
            "WH_hww": 0.19998444876447874, 
            "ggH_hww": 0.6211503819992836, 
            "ttH_hww": 0.011219678549154677, 
            "ZH_htt": 0.007229580496260402, 
            "ZH_hww": 0.02037352253658506
        }
    }, 
    "ww2l2v_13TeV_sr_2j_B0": {
        "Vg": {
            "Wg": 0.5500548934632318, 
            "Zg": 0.04863771678438657, 
            "ZgS": 0.04728217970578256, 
            "WgS": 0.35402521004659915
        }, 
        "Higgs": {
            "qqH_htt": 0.002865640762497421, 
            "qqH_hww": 0.220165415795246, 
            "ggZH_hww": 0.009733620717155183, 
            "WH_htt": 0.00917819297146812, 
            "ggH_htt": 0.007958749669683275, 
            "WH_hww": 0.0892846772449735, 
            "ggH_hww": 0.5916822114372041, 
            "ttH_hww": 0.03353177949971339, 
            "ZH_htt": 0.002167850875953519, 
            "ZH_hww": 0.033431861026105486
        }
    }, 
    "ww2l2v_13TeV_sr_1j_B0": {
        "Vg": {
            "Wg": 0.49610504126276134, 
            "Zg": 0.03581649640828639, 
            "ZgS": 0.018416314734749587, 
            "WgS": 0.44966214759420275
        }, 
        "Higgs": {
            "qqH_htt": 0.0011259907153937784, 
            "qqH_hww": 0.09001870168699674, 
            "ggZH_hww": 0.0024115856871428335, 
            "WH_htt": 0.011265673899928599, 
            "ggH_htt": 0.005672403158241078, 
            "WH_hww": 0.06005582225726853, 
            "ggH_hww": 0.810958167039582, 
            "ttH_hww": 0.001141826370823578, 
            "ZH_htt": 0.0016349269716607229, 
            "ZH_hww": 0.015714902212962244
        }
    }, 
    "ww2l2v_13TeV_top_2j": {
        "Vg": {
            "Wg": 0.5320401358476686, 
            "Zg": 0.1397400137922115, 
            "ZgS": 0.039079967643415967, 
            "WgS": 0.2891398827167039
        }, 
        "Higgs": {
            "qqH_htt": 0.007206031519597357, 
            "qqH_hww": 0.011900559093651049, 
            "ggZH_hww": 0.0030067783184343517, 
            "WH_htt": 0.007494842585267375, 
            "ggH_htt": 0.024634682197534306, 
            "WH_hww": 0.019626022743863724, 
            "ggH_hww": 0.049657349910580094, 
            "ttH_hww": 0.8612630064703723, 
            "ZH_htt": 0.00534432864798087, 
            "ZH_hww": 0.00986639851271854
        }
    }, 
    "ww2l2v_13TeV_sr_0j_B0": {
        "Vg": {
            "Wg": 0.5119666908686068, 
            "Zg": 0.036958371576871756, 
            "ZgS": 0.03145800374804333, 
            "WgS": 0.41961693380647813
        }, 
        "Higgs": {
            "qqH_htt": 9.45298913356974e-05, 
            "qqH_hww": 0.010365807133891026, 
            "ggZH_hww": 0.0010376255724817102, 
            "WH_htt": 0.00593607420263398, 
            "ggH_htt": 0.0021530881946463217, 
            "WH_hww": 0.029874109642456112, 
            "ggH_hww": 0.9405583781474521, 
            "ttH_hww": 0.00013667529890815997, 
            "ZH_htt": 0.0015533128237793313, 
            "ZH_hww": 0.00829039909241555
        }
    }
}