{
    "ww2l2v_13TeV_top_1j": {
        "Vg": {
            "Wg": 0.715891332102911, 
            "Zg": 0.1363166473883079, 
            "ZgS": 0.12794313779190455, 
            "WgS": 0.01984888271687654
        }, 
        "Higgs": {
            "qqH_htt": 0.014993772289022747, 
            "qqH_hww": 0.04613057222119488, 
            "ggZH_hww": 0.005094032253043565, 
            "WH_htt": 0.06315796067296277, 
            "ggH_htt": 0.121765966671277, 
            "WH_hww": 0.1253578140392103, 
            "ggH_hww": 0.4277221776215365, 
            "ttH_hww": 0.13371243054104553, 
            "ZH_htt": 0.023567339036683854, 
            "ZH_hww": 0.038497934654022875
        }
    }, 
    "ww2l2v_13TeV_top_0j": {
        "Vg": {
            "Wg": 0.19837108065309558, 
            "Zg": 0.07155541927239781, 
            "ZgS": 0.021878956436460283, 
            "WgS": 0.7081945436380463
        }, 
        "Higgs": {
            "qqH_htt": 0.004231487691042083, 
            "qqH_hww": 0.015778687503362813, 
            "ggZH_hww": 0.0010986413457164108, 
            "WH_htt": 0.0936021221454264, 
            "ggH_htt": 0.029740924913982454, 
            "WH_hww": 0.20109943677540304, 
            "ggH_hww": 0.6115349966497912, 
            "ttH_hww": 0.013059280264733561, 
            "ZH_htt": 0.008305374499039774, 
            "ZH_hww": 0.02154904821150213
        }
    }, 
    "ww2l2v_13TeV_sr_2j_B0": {
        "Vg": {
            "Wg": 0.5568561064108145, 
            "Zg": 0.05095640819495214, 
            "ZgS": 0.04694150223068278, 
            "WgS": 0.34524598316355054
        }, 
        "Higgs": {
            "qqH_htt": 0.0028403823776106027, 
            "qqH_hww": 0.2178538884086965, 
            "ggZH_hww": 0.01015069071046883, 
            "WH_htt": 0.009851224863408397, 
            "ggH_htt": 0.008301248646549204, 
            "WH_hww": 0.09123131456250137, 
            "ggH_hww": 0.5878619670484065, 
            "ttH_hww": 0.03634028230457501, 
            "ZH_htt": 0.002166347189894927, 
            "ZH_hww": 0.033402653887888746
        }
    }, 
    "ww2l2v_13TeV_sr_1j_B0": {
        "Vg": {
            "Wg": 0.49388549055158576, 
            "Zg": 0.03639401487094448, 
            "ZgS": 0.017586370737174763, 
            "WgS": 0.452134123840295
        }, 
        "Higgs": {
            "qqH_htt": 0.001132082804623873, 
            "qqH_hww": 0.08996654456294409, 
            "ggZH_hww": 0.0024995755988274303, 
            "WH_htt": 0.012100099385079608, 
            "ggH_htt": 0.005836742744196449, 
            "WH_hww": 0.062162788713034656, 
            "ggH_hww": 0.8074263096228702, 
            "ttH_hww": 0.001282850631706906, 
            "ZH_htt": 0.0016956860254845147, 
            "ZH_hww": 0.015897319911232242
        }
    }, 
    "ww2l2v_13TeV_top_2j": {
        "Vg": {
            "Wg": 0.519227597037319, 
            "Zg": 0.15010302688020613, 
            "ZgS": 0.03557844110134872, 
            "WgS": 0.29509093498112604
        }, 
        "Higgs": {
            "qqH_htt": 0.0063708051447130395, 
            "qqH_hww": 0.010920695368649654, 
            "ggZH_hww": 0.0030212524928957814, 
            "WH_htt": 0.0074002879507586005, 
            "ggH_htt": 0.022473811737972166, 
            "WH_hww": 0.019402002084063973, 
            "ggH_hww": 0.04725787153806351, 
            "ttH_hww": 0.8687854667327172, 
            "ZH_htt": 0.00489690862881453, 
            "ZH_hww": 0.009470898321351697
        }
    }, 
    "ww2l2v_13TeV_sr_0j_B0": {
        "Vg": {
            "Wg": 0.5128671019950504, 
            "Zg": 0.03566325723864137, 
            "ZgS": 0.030859898582741983, 
            "WgS": 0.4206097421835664
        }, 
        "Higgs": {
            "qqH_htt": 0.00010055536241119908, 
            "qqH_hww": 0.01033851015559805, 
            "ggZH_hww": 0.0010741243913219038, 
            "WH_htt": 0.006183272296025622, 
            "ggH_htt": 0.002135777309799134, 
            "WH_hww": 0.030558231449245958, 
            "ggH_hww": 0.9394797634346312, 
            "ttH_hww": 0.00013545822422146423, 
            "ZH_htt": 0.0015893858732527809, 
            "ZH_hww": 0.008404921503492754
        }
    }
}