{
    "ww2l2v_13TeV_top_1j": {
        "Vg": {
            "Wg": 0.3022102367743351, 
            "WgS": 0.41540952561014305, 
            "Zg": 0.17191639426019706, 
            "ZgS": 0.1104638433553248
        }, 
        "Higgs": {
            "qqH_htt": 0.017275504401077453, 
            "qqH_hww": 0.047838682559427345, 
            "ggZH_hww": 0.005247903672862272, 
            "ggH_htt": 0.20778183776765172, 
            "WH_hww": 0.13320785837019913, 
            "ggH_hww": 0.4403584761357785, 
            "ttH_hww": 0.1447584318888073, 
            "ZH_hww": 0.0035313052041962187
        }
    }, 
    "ww2l2v_13TeV_top_0j": {
        "Vg": {
            "Wg": 0.6116964448218193, 
            "WgS": 0.3376123904070577, 
            "Zg": 0.06289998256073377, 
            "ZgS": -0.012208817789610712
        }, 
        "Higgs": {
            "qqH_htt": 0.004128814990810031, 
            "qqH_hww": 0.020554917424112435, 
            "ggZH_hww": 0.0009524080923196542, 
            "ggH_htt": 0.05790246164586306, 
            "WH_hww": 0.23379028290261417, 
            "ggH_hww": 0.6610745624434983, 
            "ttH_hww": 0.014312418261941786, 
            "ZH_hww": 0.0072841342388406585
        }
    }, 
    "ww2l2v_13TeV_sr_2j_B0": {
        "Vg": {
            "Wg": 0.590523947352106, 
            "WgS": 0.3245734295776112, 
            "Zg": 0.05520669236550932, 
            "ZgS": 0.02969593070477362
        }, 
        "Higgs": {
            "qqH_htt": 0.0034465124538536384, 
            "qqH_hww": 0.22183545904393925, 
            "ggZH_hww": 0.010151651481693287, 
            "ggH_htt": 0.011176872803771299, 
            "WH_hww": 0.0949082552326607, 
            "ggH_hww": 0.6193999863626758, 
            "ttH_hww": 0.03662748985000395, 
            "ZH_hww": 0.002453772771402104
        }
    }, 
    "ww2l2v_13TeV_sr_1j_B0": {
        "Vg": {
            "Wg": 0.5747424466037963, 
            "WgS": 0.3616176177063643, 
            "Zg": 0.04830423343112628, 
            "ZgS": 0.015335702258713153
        }, 
        "Higgs": {
            "qqH_htt": 0.00137279029078206, 
            "qqH_hww": 0.09005324999073679, 
            "ggZH_hww": 0.0024559936945188422, 
            "ggH_htt": 0.00735978013555674, 
            "WH_hww": 0.06289827386365236, 
            "ggH_hww": 0.8327647794711082, 
            "ttH_hww": 0.001317941114430755, 
            "ZH_hww": 0.0017771914392143823
        }
    }, 
    "ww2l2v_13TeV_top_2j": {
        "Vg": {
            "Wg": 0.08977083320898181, 
            "WgS": 0.4920217418726769, 
            "Zg": 0.33695695676733656, 
            "ZgS": 0.08125046815100484
        }, 
        "Higgs": {
            "qqH_htt": 0.007678187182922411, 
            "qqH_hww": 0.011007301965845878, 
            "ggZH_hww": 0.00297524915834489, 
            "ggH_htt": 0.02863304983440235, 
            "WH_hww": 0.01838446489144041, 
            "ggH_hww": 0.04558960268637067, 
            "ttH_hww": 0.885174387509591, 
            "ZH_hww": 0.0005577567710824725
        }
    }, 
    "ww2l2v_13TeV_sr_0j_B0": {
        "Vg": {
            "Wg": 0.5933905910028952, 
            "WgS": 0.31848199108203396, 
            "Zg": 0.060204344514434516, 
            "ZgS": 0.027923073400636406
        }, 
        "Higgs": {
            "qqH_htt": 0.000127842589917555, 
            "qqH_hww": 0.010333637507793406, 
            "ggZH_hww": 0.000989035296630146, 
            "ggH_htt": 0.002736367216394449, 
            "WH_hww": 0.029733201977320246, 
            "ggH_hww": 0.9552898885798556, 
            "ttH_hww": 0.00012769523253771257, 
            "ZH_hww": 0.0006623315995508685
        }
    }
}
