{
    "ww2l2v_13TeV_top_1j": {
        "Vg": {
            "Wg": 0.7160398555231502, 
            "Zg": 0.13578434748498588, 
            "ZgS": 0.12915215671077324, 
            "WgS": 0.019023640281090982
        }, 
        "Higgs": {
            "qqH_htt": 0.01494592739512453, 
            "qqH_hww": 0.04607433970917416, 
            "ggZH_hww": 0.005091748804792976, 
            "WH_htt": 0.063405262418756, 
            "ggH_htt": 0.1213838125498268, 
            "WH_hww": 0.12564199439144885, 
            "ggH_hww": 0.4271659720801611, 
            "ttH_hww": 0.1341587579239644, 
            "ZH_htt": 0.023586727893697184, 
            "ZH_hww": 0.03854545683305397
        }
    }, 
    "ww2l2v_13TeV_top_0j": {
        "Vg": {
            "Wg": 0.1960691634346586, 
            "Zg": 0.07276069596143578, 
            "ZgS": 0.021713739366262155, 
            "WgS": 0.7094564012376435
        }, 
        "Higgs": {
            "qqH_htt": 0.00425994697902869, 
            "qqH_hww": 0.015747158183237187, 
            "ggZH_hww": 0.0011039763263824137, 
            "WH_htt": 0.09421943769091412, 
            "ggH_htt": 0.02994427458799856, 
            "WH_hww": 0.20184154076314262, 
            "ggH_hww": 0.6097985902983211, 
            "ttH_hww": 0.013091411899376803, 
            "ZH_htt": 0.008350654701113165, 
            "ZH_hww": 0.02164300857048534
        }
    }, 
    "ww2l2v_13TeV_sr_2j_B0": {
        "Vg": {
            "Wg": 0.5578511881948158, 
            "Zg": 0.05078295099516595, 
            "ZgS": 0.046960037786711484, 
            "WgS": 0.3444058230233068
        }, 
        "Higgs": {
            "qqH_htt": 0.0028414885580207863, 
            "qqH_hww": 0.21774851759770347, 
            "ggZH_hww": 0.010179021625250173, 
            "WH_htt": 0.009892797677681892, 
            "ggH_htt": 0.008297787400613214, 
            "WH_hww": 0.09137580816456399, 
            "ggH_hww": 0.5875751545300536, 
            "ttH_hww": 0.036468369894676465, 
            "ZH_htt": 0.002173162355345892, 
            "ZH_hww": 0.0334478921960905
        }
    }, 
    "ww2l2v_13TeV_sr_1j_B0": {
        "Vg": {
            "Wg": 0.4954956784020049, 
            "Zg": 0.03659019139536188, 
            "ZgS": 0.017534256832135234, 
            "WgS": 0.450379873370498
        }, 
        "Higgs": {
            "qqH_htt": 0.0011365108953088645, 
            "qqH_hww": 0.09007962655575014, 
            "ggZH_hww": 0.002512520045967169, 
            "WH_htt": 0.012174563620238249, 
            "ggH_htt": 0.005843324334125741, 
            "WH_hww": 0.062438800858963035, 
            "ggH_hww": 0.8068682691170114, 
            "ttH_hww": 0.001295602017293621, 
            "ZH_htt": 0.0017058737935101212, 
            "ZH_hww": 0.015944908761831737
        }
    }, 
    "ww2l2v_13TeV_top_2j": {
        "Vg": {
            "Wg": 0.5236470422222639, 
            "Zg": 0.14859974123350966, 
            "ZgS": 0.03510176943404904, 
            "WgS": 0.2926514471101773
        }, 
        "Higgs": {
            "qqH_htt": 0.006352793570386369, 
            "qqH_hww": 0.01087861316233628, 
            "ggZH_hww": 0.003019462874417462, 
            "WH_htt": 0.007396054435463867, 
            "ggH_htt": 0.022451424042759537, 
            "WH_hww": 0.019387840283124055, 
            "ggH_hww": 0.047204393257318115, 
            "ttH_hww": 0.8689710023097043, 
            "ZH_htt": 0.004880956674591755, 
            "ZH_hww": 0.009457459389898388
        }
    }, 
    "ww2l2v_13TeV_sr_0j_B0": {
        "Vg": {
            "Wg": 0.513550222164733, 
            "Zg": 0.03579036137026417, 
            "ZgS": 0.030825257310384165, 
            "WgS": 0.4198341591546185
        }, 
        "Higgs": {
            "qqH_htt": 0.0001009486678490236, 
            "qqH_hww": 0.0103520340495754, 
            "ggZH_hww": 0.0010839472237600641, 
            "WH_htt": 0.0062466469208722385, 
            "ggH_htt": 0.002149531709230852, 
            "WH_hww": 0.03080723477793556, 
            "ggH_hww": 0.9390597600748256, 
            "ttH_hww": 0.0001364490913161946, 
            "ZH_htt": 0.0016021131471309147, 
            "ZH_hww": 0.00846133433750399
        }
    }
}