{
    "PS_ISR": {
        "ggWW_B0": [
            1.0005447784105157, 
            0.9994707712521788
        ], 
        "WW_B0": [
            0.9994793807826925, 
            1.0004178036057683
        ]
    }, 
    "PS_FSR": {
        "ggWW_B0": [
            1.0001195122625828, 
            0.9998979926480519
        ], 
        "WW_B0": [
            1.0002000977927725, 
            0.9997556209096451
        ]
    }, 
    "QCDscale_WW": {
        "ggWW_B0": [
            1.0, 
            1.0
        ], 
        "WW_B0": [
            0.9825213546780811, 
            1.0127984692552843
        ]
    }, 
    "CMS_hww_WWresum": {
        "WW_B0": [
            0.986657428132747, 
            1.0478486548495682
        ]
    }, 
    "CMS_hww_WWqscale": {
        "WW_B0": [
            1.0136318297124673, 
            0.9863638483801467
        ]
    }, 
    "pdf_WW": {
        "WW_B0": [
            0.9895478660341988, 
            1.0106752931541438
        ]
    }
}