{
    "PS_ISR": {
        "ggWW_B0": [
            1.0006731965847255, 
            0.9993704613861308
        ], 
        "WW_B0": [
            0.99952982120833, 
            1.0003645815664093
        ]
    }, 
    "PS_FSR": {
        "ggWW_B0": [
            1.0000378571409827, 
            0.9998957925863834
        ], 
        "WW_B0": [
            1.000685651677705, 
            0.9996292161988523
        ]
    }, 
    "QCDscale_WW": {
        "ggWW_B0": [
            1.0, 
            1.0
        ], 
        "WW_B0": [
            0.9826597492337034, 
            1.0126726445044854
        ]
    }, 
    "CMS_hww_WWresum": {
        "WW_B0": [
            0.9866559703910608, 
            1.0479301095718072
        ]
    }, 
    "CMS_hww_WWqscale": {
        "WW_B0": [
            1.013412768191326, 
            0.9866221020571975
        ]
    }, 
    "pdf_WW_eigen1": {
        "ggWW_B0": [
            1.0, 
            1.0
        ], 
        "WW_B0": [
            0.9693495129926979, 
            1.0326520920538185
        ]
    }, 
    "pdf_WW_eigen2": {
        "ggWW_B0": [
            1.0, 
            1.0
        ], 
        "WW_B0": [
            0.9948796137134247, 
            1.0051733655465769
        ]
    }, 
    "pdf_WW_eigen3": {
        "ggWW_B0": [
            1.0, 
            1.0
        ], 
        "WW_B0": [
            1.0074857983901002, 
            0.9926246227836811
        ]
    }, 
    "pdf_WW_eigen4": {
        "ggWW_B0": [
            1.0, 
            1.0
        ], 
        "WW_B0": [
            1.0048632323323556, 
            0.9951836140751553
        ]
    }, 
    "pdf_WW_eigen5": {
        "ggWW_B0": [
            1.0, 
            1.0
        ], 
        "WW_B0": [
            1.0091970330918978, 
            0.9909690822076727
        ]
    }, 
    "pdf_WW_eigen6": {
        "ggWW_B0": [
            1.0, 
            1.0
        ], 
        "WW_B0": [
            0.9904776017602082, 
            1.0097072712450255
        ]
    }, 
    "pdf_WW_eigen7": {
        "ggWW_B0": [
            1.0, 
            1.0
        ], 
        "WW_B0": [
            1.0014653182206856, 
            0.99853896354599
        ]
    }, 
    "pdf_WW_eigen8": {
        "ggWW_B0": [
            1.0, 
            1.0
        ], 
        "WW_B0": [
            1.0089449091483516, 
            0.9912123011866643
        ]
    }, 
    "pdf_WW_eigen9": {
        "ggWW_B0": [
            1.0, 
            1.0
        ], 
        "WW_B0": [
            1.0128558583001208, 
            0.9874664020191429
        ]
    }, 
    "pdf_WW_eigen10": {
        "ggWW_B0": [
            1.0, 
            1.0
        ], 
        "WW_B0": [
            1.017255806309391, 
            0.9833198524802337
        ]
    }, 
    "pdf_WW_eigen11": {
        "ggWW_B0": [
            1.0, 
            1.0
        ], 
        "WW_B0": [
            1.003830252561013, 
            0.9961988660451161
        ]
    }, 
    "pdf_WW_eigen12": {
        "ggWW_B0": [
            1.0, 
            1.0
        ], 
        "WW_B0": [
            1.0081169593351167, 
            0.992012705750129
        ]
    }, 
    "pdf_WW_eigen13": {
        "ggWW_B0": [
            1.0, 
            1.0
        ], 
        "WW_B0": [
            1.004082887842766, 
            0.9959501820620777
        ]
    }, 
    "pdf_WW_eigen14": {
        "ggWW_B0": [
            1.0, 
            1.0
        ], 
        "WW_B0": [
            0.9947674233706721, 
            1.0052879154751955
        ]
    }, 
    "pdf_WW_eigen15": {
        "ggWW_B0": [
            1.0, 
            1.0
        ], 
        "WW_B0": [
            1.001508980140786, 
            0.9984955601987786
        ]
    }, 
    "pdf_WW_eigen16": {
        "ggWW_B0": [
            1.0, 
            1.0
        ], 
        "WW_B0": [
            1.0045309435122276, 
            0.9955097466562867
        ]
    }, 
    "pdf_WW_eigen17": {
        "ggWW_B0": [
            1.0, 
            1.0
        ], 
        "WW_B0": [
            0.9936642552626448, 
            1.0064170584256535
        ]
    }, 
    "pdf_WW_eigen18": {
        "ggWW_B0": [
            1.0, 
            1.0
        ], 
        "WW_B0": [
            1.0054638220523109, 
            0.9945952392496376
        ]
    }, 
    "pdf_WW_eigen19": {
        "ggWW_B0": [
            1.0, 
            1.0
        ], 
        "WW_B0": [
            0.9867332144820097, 
            1.0136283955185919
        ]
    }, 
    "pdf_WW_eigen20": {
        "ggWW_B0": [
            1.0, 
            1.0
        ], 
        "WW_B0": [
            1.0129472310070915, 
            0.9873795682826149
        ]
    }, 
    "pdf_WW_eigen21": {
        "ggWW_B0": [
            1.0, 
            1.0
        ], 
        "WW_B0": [
            1.0026350178863954, 
            0.9973787959527006
        ]
    }, 
    "pdf_WW_eigen22": {
        "ggWW_B0": [
            1.0, 
            1.0
        ], 
        "WW_B0": [
            0.9854633329592615, 
            1.0149719515912021
        ]
    }, 
    "pdf_WW_eigen23": {
        "ggWW_B0": [
            1.0, 
            1.0
        ], 
        "WW_B0": [
            0.9902344799157694, 
            1.0099600502252561
        ]
    }, 
    "pdf_WW_eigen24": {
        "ggWW_B0": [
            1.0, 
            1.0
        ], 
        "WW_B0": [
            1.0065768922462328, 
            0.9935084956036292
        ]
    }, 
    "pdf_WW_eigen25": {
        "ggWW_B0": [
            1.0, 
            1.0
        ], 
        "WW_B0": [
            0.9994056674603127, 
            1.0005950398427712
        ]
    }, 
    "pdf_WW_eigen26": {
        "ggWW_B0": [
            1.0, 
            1.0
        ], 
        "WW_B0": [
            0.9940615856169573, 
            1.0060097916493824
        ]
    }, 
    "pdf_WW_eigen27": {
        "ggWW_B0": [
            1.0, 
            1.0
        ], 
        "WW_B0": [
            0.9776846044218819, 
            1.0233578760667001
        ]
    }, 
    "pdf_WW_eigen28": {
        "ggWW_B0": [
            1.0, 
            1.0
        ], 
        "WW_B0": [
            0.9948383173687336, 
            1.005215524394626
        ]
    }, 
    "pdf_WW_eigen29": {
        "ggWW_B0": [
            1.0, 
            1.0
        ], 
        "WW_B0": [
            0.9974315030785563, 
            1.0025817594035997
        ]
    }, 
    "pdf_WW_eigen30": {
        "ggWW_B0": [
            1.0, 
            1.0
        ], 
        "WW_B0": [
            0.9961840880837606, 
            1.0038452582497903
        ]
    }, 
    "pdf_WW_eigen31": {
        "ggWW_B0": [
            1.0, 
            1.0
        ], 
        "WW_B0": [
            0.9928010021813753, 
            1.0073041631274648
        ]
    }, 
    "pdf_WW_eigen32": {
        "ggWW_B0": [
            1.0, 
            1.0
        ], 
        "WW_B0": [
            1.0025292079147734, 
            0.9974835214800029
        ]
    }
}