{
    "PS_ISR": {
        "ggWW_B0": [
            1.0005447784078618, 
            0.9994707712495399
        ], 
        "WW_B0": [
            0.9994793807826857, 
            1.0004178036057647
        ]
    }, 
    "PS_FSR": {
        "ggWW_B0": [
            1.0001195122599347, 
            0.9998979926453905
        ], 
        "WW_B0": [
            1.0002000977927719, 
            0.9997556209096378
        ]
    }, 
    "QCDscale_WW": {
        "ggWW_B0": [
            1.0, 
            1.0
        ], 
        "WW_B0": [
            0.9825213546780802, 
            1.0127984692552778
        ]
    }, 
    "CMS_hww_WWresum": {
        "WW_B0": [
            0.9866574281327414, 
            1.0478486548495614
        ]
    }, 
    "CMS_hww_WWqscale": {
        "WW_B0": [
            1.0136318297124731, 
            0.9863638483801292
        ]
    }, 
    "pdf_WW": {
        "WW_B0": [
            0.9900663173169586, 
            1.0101350392100266
        ]
    }
}