{
    "PS_ISR": {
        "ggWW_B0": [
            1.000544778407862, 
            0.9994707712495399
        ], 
        "WW_B0": [
            0.9999446162696141, 
            1.0000599621863722
        ]
    }, 
    "PS_FSR": {
        "ggWW_B0": [
            1.0001195122599351, 
            0.9998979926453907
        ], 
        "WW_B0": [
            1.0003537859722114, 
            0.9999079191634336
        ]
    }, 
    "QCDscale_uR_WW": {
        "WW_B0": [
            0.9824465020562735, 
            1.017472095081226
        ]
    }, 
    "QCDscale_uF_WW": {
        "WW_B0": [
            1.0028108130599853, 
            0.9984401065384263
        ]
    }, 
    "pdf_WW": {
        "WW_B0": [
            0.9999694160316182, 
            1.0000305858392544
        ]
    }
}