{
    "PS_ISR": {
        "ggWW_B0": [
            1.0005447784078618, 
            0.9994707712495398
        ], 
        "WW_B0": [
            0.9999446162696141, 
            1.0000599621863724
        ]
    }, 
    "PS_FSR": {
        "ggWW_B0": [
            1.000119512259935, 
            0.9998979926453903
        ], 
        "WW_B0": [
            1.0003537859722114, 
            0.9999079191634338
        ]
    }, 
    "QCDscale_WW": {
        "ggWW_B0": [
            1.0, 
            1.0
        ], 
        "WW_B0": [
            0.9827779161035319, 
            1.0142179717940225
        ]
    }, 
    "pdf_WW": {
        "WW_B0": [
            0.9999694160316182, 
            1.0000305858392544
        ]
    }
}