{
    "PS_ISR": {
        "ggWW_B0": [
            1.0006731965847255, 
            0.9993704613861308
        ], 
        "WW_B0": [
            0.9995298212083301, 
            1.0003645815664093
        ]
    }, 
    "PS_FSR": {
        "ggWW_B0": [
            1.0000378571409827, 
            0.9998957925863835
        ], 
        "WW_B0": [
            1.0006856516777052, 
            0.9996292161988523
        ]
    }, 
    "QCDscale_WW": {
        "ggWW_B0": [
            1.0, 
            1.0
        ], 
        "WW_B0": [
            0.9826597492337035, 
            1.0126726445044856
        ]
    }, 
    "CMS_hww_WWresum": {
        "WW_B0": [
            0.9866559703910609, 
            1.0479301095718072
        ]
    }, 
    "CMS_hww_WWqscale": {
        "WW_B0": [
            1.0134127681913263, 
            0.9866221020571978
        ]
    }, 
    "pdf_WW": {
        "WW_B0": [
            0.9895610416875291, 
            1.0106615492487796
        ]
    }
}
