{
    "ww2l2v_13TeV_sr_2j_B5": {
        "Vg": {
            "Wg": 0.6179454805595945, 
            "Zg": 0.05507112562812485, 
            "ZgS": 0.06378068893147476, 
            "WgS": 0.2632027048808057
        }, 
        "Higgs": {
            "qqH_htt": 0.002844063952109262, 
            "qqH_hww": 0.06829795445657247, 
            "ggZH_hww": 0.2579921011471934, 
            "WH_htt": 0.01663163414664126, 
            "ggH_htt": 0.005862796023834337, 
            "WH_hww": 0.07851730705309254, 
            "ggH_hww": 0.3717781386961668, 
            "ttH_hww": 0.15422306639530498, 
            "ZH_htt": 0.005745514349810782, 
            "ZH_hww": 0.03810742377927413
        }
    }, 
    "ww2l2v_13TeV_sr_2j_B4": {
        "Vg": {
            "Wg": 0.7350640365313773, 
            "Zg": 0.01994762678037056, 
            "ZgS": 0.017029214532841862, 
            "WgS": 0.2279591221554103
        }, 
        "Higgs": {
            "qqH_htt": 0.0036720109319412822, 
            "qqH_hww": 0.11699147331921056, 
            "ggZH_hww": 0.2004975324594561, 
            "WH_htt": 0.011141493234270059, 
            "ggH_htt": 0.006335328886460343, 
            "WH_hww": 0.08892288032481907, 
            "ggH_hww": 0.3956886278200419, 
            "ttH_hww": 0.13344806221312872, 
            "ZH_htt": 0.003986624149450718, 
            "ZH_hww": 0.039315966661221405
        }
    }, 
    "ww2l2v_13TeV_sr_2j_B1": {
        "Vg": {
            "Wg": 0.7076859625473408, 
            "Zg": 0.06338155958462299, 
            "ZgS": 0.0014668789976699415, 
            "WgS": 0.2274655988703662
        }, 
        "Higgs": {
            "qqH_htt": 0.0012627600338937892, 
            "qqH_hww": 0.10825997311485915, 
            "ggZH_hww": 0.09478435694073685, 
            "WH_htt": 0.012423339575796914, 
            "ggH_htt": 0.005564142471453792, 
            "WH_hww": 0.12089702882342383, 
            "ggH_hww": 0.5696689420204586, 
            "ttH_hww": 0.042741181029374936, 
            "ZH_htt": 0.0029682761760261656, 
            "ZH_hww": 0.041429999813975965
        }
    }, 
    "ww2l2v_13TeV_sr_2j_B0": {
        "Vg": {
            "Wg": 0.6565655378729441, 
            "Zg": 0.06441293516045389, 
            "ZgS": 0.039291839760890755, 
            "WgS": 0.23972968720571128
        }, 
        "Higgs": {
            "qqH_htt": 0.0009463195433466528, 
            "qqH_hww": 0.08662570745513112, 
            "ggZH_hww": 0.05516410729224121, 
            "WH_htt": 0.012176885451880583, 
            "ggH_htt": 0.006563905767474808, 
            "WH_hww": 0.11906415807158302, 
            "ggH_hww": 0.6654926341332987, 
            "ttH_hww": 0.015769082377255113, 
            "ZH_htt": 0.0025987243065842738, 
            "ZH_hww": 0.035598475601204764
        }
    }, 
    "ww2l2v_13TeV_sr_2j_B3": {
        "Vg": {
            "Wg": 0.6670026180786468, 
            "Zg": 0.08163854234103354, 
            "ZgS": 0.014009804800292232, 
            "WgS": 0.23734903478002747
        }, 
        "Higgs": {
            "qqH_htt": 0.0032340323348496037, 
            "qqH_hww": 0.11774956408817043, 
            "ggZH_hww": 0.17478366380213192, 
            "WH_htt": 0.011695409564814447, 
            "ggH_htt": 0.00896839054274919, 
            "WH_hww": 0.10380802767395744, 
            "ggH_hww": 0.4386503999475322, 
            "ttH_hww": 0.10183292736809746, 
            "ZH_htt": 0.0028286814139963593, 
            "ZH_hww": 0.03644890326370113
        }
    }, 
    "ww2l2v_13TeV_sr_2j_B2": {
        "Vg": {
            "Wg": 0.7207111000543746, 
            "Zg": 0.04405828936660372, 
            "ZgS": 0.025796763067030427, 
            "WgS": 0.20943384751199134
        }, 
        "Higgs": {
            "qqH_htt": 0.001047601446396055, 
            "qqH_hww": 0.11614592673986389, 
            "ggZH_hww": 0.1498936556387543, 
            "WH_htt": 0.012936191970618302, 
            "ggH_htt": 0.008524558667278371, 
            "WH_hww": 0.1010709762581637, 
            "ggH_hww": 0.48130844439912407, 
            "ttH_hww": 0.08217845871224494, 
            "ZH_htt": 0.0030960636772847986, 
            "ZH_hww": 0.04379812249027144
        }
    }, 
    "ww2l2v_13TeV_top_2j": {
        "Vg": {
            "Wg": 0.6692278957545971, 
            "Zg": 0.10659802779963506, 
            "ZgS": 0.023458976342181692, 
            "WgS": 0.20071510010358612
        }, 
        "Higgs": {
            "qqH_htt": 0.006415784739474695, 
            "qqH_hww": 0.0070973660514031065, 
            "ggZH_hww": 0.024475123039770164, 
            "WH_htt": 0.008604335039687406, 
            "ggH_htt": 0.023237363344796574, 
            "WH_hww": 0.019609999862186075, 
            "ggH_hww": 0.035232356034743964, 
            "ttH_hww": 0.860383851764978, 
            "ZH_htt": 0.005843530153976564, 
            "ZH_hww": 0.009100289968983476
        }
    }
}