{
    "ww2l2v_13TeV_sr_2j_B5": {
        "Vg": {
            "Wg": 0.5785461030735467, 
            "Zg": 0.022842596534493276, 
            "ZgS": 0.052517078954842505, 
            "WgS": 0.3460942214371175
        }, 
        "Higgs": {
            "qqH_htt": 0.0033355023690452407, 
            "qqH_hww": 0.0712159655628508, 
            "ggZH_hww": 0.26390222595022617, 
            "WH_htt": 0.01500101326755009, 
            "ggH_htt": 0.006872701248519283, 
            "WH_hww": 0.08079016201960557, 
            "ggH_hww": 0.37310724055696776, 
            "ttH_hww": 0.1448738173494343, 
            "ZH_htt": 0.00455907630868057, 
            "ZH_hww": 0.036342295367120185
        }
    }, 
    "ww2l2v_13TeV_sr_2j_B4": {
        "Vg": {
            "Wg": 0.6576872872689746, 
            "Zg": 0.049354669548119706, 
            "ZgS": 0.03317582400739073, 
            "WgS": 0.2597822191755149
        }, 
        "Higgs": {
            "qqH_htt": 0.004264797919687207, 
            "qqH_hww": 0.11986562421099524, 
            "ggZH_hww": 0.20565414138581195, 
            "WH_htt": 0.009830269266114765, 
            "ggH_htt": 0.005719336049817791, 
            "WH_hww": 0.08759466485057692, 
            "ggH_hww": 0.39011349967542747, 
            "ttH_hww": 0.13556176137195083, 
            "ZH_htt": 0.0037113369230588125, 
            "ZH_hww": 0.03768456834655919
        }
    }, 
    "ww2l2v_13TeV_sr_2j_B1": {
        "Vg": {
            "Wg": 0.6511506121464602, 
            "Zg": 0.040998052158404, 
            "ZgS": 0.01138666975056382, 
            "WgS": 0.2964646659445722
        }, 
        "Higgs": {
            "qqH_htt": 0.0012012481481502178, 
            "qqH_hww": 0.11242040300723355, 
            "ggZH_hww": 0.095781792377715, 
            "WH_htt": 0.011446841047787357, 
            "ggH_htt": 0.005013322337426401, 
            "WH_hww": 0.11986778999821575, 
            "ggH_hww": 0.5685852235236101, 
            "ttH_hww": 0.04231612423406074, 
            "ZH_htt": 0.0028471570738011964, 
            "ZH_hww": 0.04052009825199978
        }
    }, 
    "ww2l2v_13TeV_sr_2j_B0": {
        "Vg": {
            "Wg": 0.647486136221179, 
            "Zg": 0.05108804816975955, 
            "ZgS": 0.03147214265107952, 
            "WgS": 0.2699536729579819
        }, 
        "Higgs": {
            "qqH_htt": 0.0006589315128478055, 
            "qqH_hww": 0.0882413929990822, 
            "ggZH_hww": 0.057922227148672796, 
            "WH_htt": 0.010683987535116079, 
            "ggH_htt": 0.007612782938953881, 
            "WH_hww": 0.11841536652669947, 
            "ggH_hww": 0.6640518944157503, 
            "ttH_hww": 0.0150664780471262, 
            "ZH_htt": 0.001947737617031199, 
            "ZH_hww": 0.035399201258720044
        }
    }, 
    "ww2l2v_13TeV_sr_2j_B3": {
        "Vg": {
            "Wg": 0.6373430541548305, 
            "Zg": 0.07618046465515904, 
            "ZgS": 0.00900341483481752, 
            "WgS": 0.2774730663551931
        }, 
        "Higgs": {
            "qqH_htt": 0.001969238887081299, 
            "qqH_hww": 0.12139892580373672, 
            "ggZH_hww": 0.17898033658563506, 
            "WH_htt": 0.010941353489935763, 
            "ggH_htt": 0.006842316022874514, 
            "WH_hww": 0.10295862620971297, 
            "ggH_hww": 0.44394289959176336, 
            "ttH_hww": 0.09503975771002068, 
            "ZH_htt": 0.001991423327534766, 
            "ZH_hww": 0.035935122371704924
        }
    }, 
    "ww2l2v_13TeV_sr_2j_B2": {
        "Vg": {
            "Wg": 0.6289939241152768, 
            "Zg": 0.04996997678881332, 
            "ZgS": 0.027478863967183572, 
            "WgS": 0.2935572351287264
        }, 
        "Higgs": {
            "qqH_htt": 0.0011987647795082283, 
            "qqH_hww": 0.11402459289681947, 
            "ggZH_hww": 0.15529268095057497, 
            "WH_htt": 0.011862909944861104, 
            "ggH_htt": 0.008989327741242982, 
            "WH_hww": 0.09887077439896265, 
            "ggH_hww": 0.48241919818464096, 
            "ttH_hww": 0.08000873360336028, 
            "ZH_htt": 0.0026917490889609825, 
            "ZH_hww": 0.04464126841106837
        }
    }, 
    "ww2l2v_13TeV_top_2j": {
        "Vg": {
            "Wg": 0.6213403909494044, 
            "Zg": 0.06411867292447945, 
            "ZgS": 0.04579902143505719, 
            "WgS": 0.26874191469105885
        }, 
        "Higgs": {
            "qqH_htt": 0.0063424098875287825, 
            "qqH_hww": 0.007258627875398396, 
            "ggZH_hww": 0.026489269694988424, 
            "WH_htt": 0.007564305521225967, 
            "ggH_htt": 0.021093902979556402, 
            "WH_hww": 0.01966303358277694, 
            "ggH_hww": 0.03592232858014234, 
            "ttH_hww": 0.8611544879450429, 
            "ZH_htt": 0.00542355740224423, 
            "ZH_hww": 0.009088076531095654
        }
    }
}