{
    "PS_ISR": {
        "ggWW_B4": [
            0.8824186736477537, 
            1.1059475059370034
        ], 
        "ggWW_B5": [
            0.8891811971882978, 
            1.101225860519463
        ], 
        "ggWW_B2": [
            0.8795718056030891, 
            1.1139861746680368
        ], 
        "ggWW_B3": [
            0.8777740116778543, 
            1.1137757494497735
        ], 
        "ggWW_B0": [
            0.8948807456180101, 
            1.0991851504074452
        ], 
        "ggWW_B1": [
            0.8855881028247831, 
            1.1088226427126378
        ], 
        "WW_B4": [
            0.9462901155238268, 
            1.0449836521597033
        ], 
        "WW_B5": [
            0.9504037171046749, 
            1.0431702733724513
        ], 
        "WW_B2": [
            0.9488162193469597, 
            1.0450243512336808
        ], 
        "WW_B3": [
            0.945408318074162, 
            1.0476585269912841
        ], 
        "WW_B0": [
            0.9548024336907259, 
            1.0394747461138478
        ], 
        "WW_B1": [
            0.9518569802562609, 
            1.0423945627397848
        ]
    }, 
    "PS_FSR": {
        "ggWW_B4": [
            1.0536357720765768, 
            0.9720633648630483
        ], 
        "ggWW_B5": [
            1.0326376001126283, 
            0.9721376950584381
        ], 
        "ggWW_B2": [
            1.0383062888289858, 
            0.981033719956097
        ], 
        "ggWW_B3": [
            1.0512650330518516, 
            0.9710236358701836
        ], 
        "ggWW_B0": [
            1.0143003711598446, 
            0.9946213705664523
        ], 
        "ggWW_B1": [
            1.0238692658927764, 
            0.9860728633685574
        ], 
        "WW_B4": [
            0.9665711532397252, 
            1.0089475831087196
        ], 
        "WW_B5": [
            1.0328919673693022, 
            0.986384811997633
        ], 
        "WW_B2": [
            1.0092777354456217, 
            0.9932357680814797
        ], 
        "WW_B3": [
            0.9951638562439479, 
            0.9960554689626946
        ], 
        "WW_B0": [
            0.9984482821275827, 
            0.9990854279291493
        ], 
        "WW_B1": [
            1.0073257918119052, 
            0.9945074807875528
        ]
    }, 
    "QCDscale_WW": {
        "ggWW_B4": [
            1.0, 
            1.0
        ], 
        "ggWW_B5": [
            1.0, 
            1.0
        ], 
        "ggWW_B2": [
            1.0, 
            1.0
        ], 
        "ggWW_B3": [
            1.0, 
            1.0
        ], 
        "ggWW_B0": [
            1.0, 
            1.0
        ], 
        "ggWW_B1": [
            1.0, 
            1.0
        ], 
        "WW_B4": [
            0.937571795985381, 
            1.0566643438533962
        ], 
        "WW_B5": [
            0.9157651214044046, 
            1.079058987719556
        ], 
        "WW_B2": [
            0.9536757117384617, 
            1.0409143779091805
        ], 
        "WW_B3": [
            0.9467884526125566, 
            1.0476788192634021
        ], 
        "WW_B0": [
            0.9659512103085165, 
            1.0289438724321882
        ], 
        "WW_B1": [
            0.960707042783404, 
            1.0340078975678069
        ]
    }, 
    "CMS_hww_WWresum": {
        "WW_B4": [
            0.9988868731593378, 
            1.0022644899147626
        ], 
        "WW_B5": [
            0.9994446582967049, 
            1.0011753930212919
        ], 
        "WW_B2": [
            0.9958649172165732, 
            1.0085312567129487
        ], 
        "WW_B3": [
            0.9980538390199176, 
            1.0039845567774792
        ], 
        "WW_B0": [
            0.9861834978188592, 
            1.0296130321751125
        ], 
        "WW_B1": [
            0.9920903853464466, 
            1.0164843587953711
        ]
    }, 
    "CMS_hww_WWqscale": {
        "WW_B4": [
            1.0757696641420573, 
            0.9119433445126377
        ], 
        "WW_B5": [
            1.064249032820632, 
            0.923246396006247
        ], 
        "WW_B2": [
            1.0725939069529509, 
            0.9169049971816596
        ], 
        "WW_B3": [
            1.0752900090135709, 
            0.9133485689404023
        ], 
        "WW_B0": [
            1.064053703575314, 
            0.9322923566227908
        ], 
        "WW_B1": [
            1.0693090206643743, 
            0.9238506869212361
        ]
    }, 
    "pdf_WW": {
        "WW_B4": [
            0.9879685585407991, 
            1.0123280908663246
        ], 
        "WW_B5": [
            0.9827507465848766, 
            1.0178655895792494
        ], 
        "WW_B2": [
            0.9909894872774163, 
            1.0091758713333638
        ], 
        "WW_B3": [
            0.9893300080234889, 
            1.0109026544474653
        ], 
        "WW_B0": [
            0.9921046984342167, 
            1.0080219733634983
        ], 
        "WW_B1": [
            0.9917515339193222, 
            1.0083868229295967
        ]
    }
}