{
    "PS_ISR": {
        "ggWW_B4": [
            0.8843771422377241, 
            1.104345926435227
        ], 
        "ggWW_B5": [
            0.8906876261521378, 
            1.0975128320457508
        ], 
        "ggWW_B2": [
            0.8790871947554199, 
            1.1145059998533915
        ], 
        "ggWW_B3": [
            0.8783820685388082, 
            1.1134593677720273
        ], 
        "ggWW_B0": [
            0.8951683111081029, 
            1.0988884713885143
        ], 
        "ggWW_B1": [
            0.8849230599223336, 
            1.1096136282496158
        ], 
        "WW_B4": [
            0.9465312035155383, 
            1.0449586684159422
        ], 
        "WW_B5": [
            0.9514478177444327, 
            1.0418050207138554
        ], 
        "WW_B2": [
            0.9472775695806261, 
            1.0461659089884714
        ], 
        "WW_B3": [
            0.9461778787785113, 
            1.0471448038806943
        ], 
        "WW_B0": [
            0.9573014119502925, 
            1.0373388418127114
        ], 
        "WW_B1": [
            0.9503222927882882, 
            1.0436629140589604
        ]
    }, 
    "PS_FSR": {
        "ggWW_B4": [
            1.0416660040277634, 
            0.9826571042449578
        ], 
        "ggWW_B5": [
            0.9999352815095288, 
            0.9740414932738487
        ], 
        "ggWW_B2": [
            1.0326687773598604, 
            0.9834197455089042
        ], 
        "ggWW_B3": [
            1.054705260456372, 
            0.9666362278789371
        ], 
        "ggWW_B0": [
            1.0158356274067832, 
            0.9940053906352143
        ], 
        "ggWW_B1": [
            1.0180690699586894, 
            0.9888985679963198
        ], 
        "WW_B4": [
            0.9577909599637617, 
            1.01074570359829
        ], 
        "WW_B5": [
            1.0165029876537304, 
            0.9932130723897232
        ], 
        "WW_B2": [
            1.0066255397453785, 
            0.9956892591390504
        ], 
        "WW_B3": [
            0.9912499532873785, 
            0.994990035978294
        ], 
        "WW_B0": [
            1.0017702105192687, 
            0.9977285551188457
        ], 
        "WW_B1": [
            1.009428178318669, 
            0.991373961009638
        ]
    }, 
    "QCDscale_WW": {
        "WW_B4": [
            0.9360851306845107, 
            1.0584656250425237
        ], 
        "WW_B5": [
            0.9151146397878955, 
            1.079798116574547
        ], 
        "WW_B2": [
            0.9520504283067545, 
            1.0424805607173742
        ], 
        "WW_B3": [
            0.9468691200723609, 
            1.0476282092846814
        ], 
        "WW_B0": [
            0.9662942069469581, 
            1.02858840446743
        ], 
        "WW_B1": [
            0.9605111744061182, 
            1.0341474816018543
        ]
    }, 
    "CMS_hww_WWresum": {
        "WW_B4": [
            0.9983771555877888, 
            1.0032704357825302
        ], 
        "WW_B5": [
            0.9994297740614875, 
            1.0011793318097209
        ], 
        "WW_B2": [
            0.9956592863227337, 
            1.0090149237827026
        ], 
        "WW_B3": [
            0.9986035827113692, 
            1.0029485280599737
        ], 
        "WW_B0": [
            0.9860195837636365, 
            1.030009456300562
        ], 
        "WW_B1": [
            0.9916235266250729, 
            1.0174246743755124
        ]
    }, 
    "CMS_hww_WWqscale": {
        "WW_B4": [
            1.0755533895184919, 
            0.9124544321821263
        ], 
        "WW_B5": [
            1.0642497499717039, 
            0.923233748548759
        ], 
        "WW_B2": [
            1.0721402808172777, 
            0.9175049083111187
        ], 
        "WW_B3": [
            1.07519939246611, 
            0.9133142446728595
        ], 
        "WW_B0": [
            1.0638948248631828, 
            0.932488229189192
        ], 
        "WW_B1": [
            1.0692364200313715, 
            0.9241165991149713
        ]
    }, 
    "pdf_WW": {
        "WW_B4": [
            0.9878599735505802, 
            1.0124421218255173
        ], 
        "WW_B5": [
            0.9822016756897886, 
            1.018455270074239
        ], 
        "WW_B2": [
            0.9904044075101729, 
            1.0097833465022723
        ], 
        "WW_B3": [
            0.9887776679311895, 
            1.0114799967399395
        ], 
        "WW_B0": [
            0.9923714170330464, 
            1.0077467768264476
        ], 
        "WW_B1": [
            0.9917254775138629, 
            1.0084137622154263
        ]
    }
}
