{
    "QCDscale_WW": {
        "WW_B12": [
            0.9639397519291765, 
            1.0309908654732758
        ], 
        "WW_B10": [
            0.976744441394509, 
            1.0173789115435912
        ], 
        "WW_B11": [
            0.9722326059555934, 
            1.0221634786832023
        ], 
        "WW_B8": [
            0.9854866110323329, 
            1.0098791453759297
        ], 
        "WW_B9": [
            0.9808880908632395, 
            1.014040951595174
        ], 
        "WW_B6": [
            0.9895462591159134, 
            1.0063075456310902
        ], 
        "WW_B7": [
            0.9874826876992611, 
            1.0081501522410128
        ], 
        "WW_B4": [
            0.9916246523937926, 
            1.004312688676456
        ], 
        "WW_B5": [
            0.989833138201621, 
            1.0060211866250448
        ], 
        "WW_B2": [
            0.9920222715791134, 
            1.0039931233221082
        ], 
        "WW_B3": [
            0.9925633918165429, 
            1.0033862713632145
        ], 
        "WW_B0": [
            0.9910996186791289, 
            1.0047949524201918
        ], 
        "WW_B1": [
            0.9920884141545009, 
            1.00385217303505
        ]
    }, 
    "PS_FSR": {
        "ggWW_B10": [
            0.9901905716058025, 
            1.004935912706803, 
            1.0216685923335695, 
            1.0036983058338114, 
            1.022820982820017, 
            0.9928011028069511, 
            0.952118738368117, 
            0.9485298488390189
        ], 
        "ggWW_B11": [
            0.9919245563872896, 
            1.0032995364255397, 
            1.014999004351838, 
            0.9963709655123428, 
            1.018981656477683, 
            0.9928931643550817, 
            0.9836806745804253, 
            0.955564382763953
        ], 
        "ggWW_B12": [
            1.0022698009770439, 
            0.9972278194228428, 
            1.0035902736993298, 
            0.9953468786386642, 
            1.0074222979288474, 
            1.011942836580675, 
            0.9636564407976422, 
            1.003628114442643
        ], 
        "ggWW_B6": [
            0.9901903547046391, 
            1.013107398828788, 
            1.0308748198241555, 
            0.999176690112609, 
            1.0144693658172694, 
            0.9842049671693771, 
            0.9415457103269095, 
            0.9955533060039261
        ], 
        "ggWW_B7": [
            0.9953084074402858, 
            1.0016690591571893, 
            1.0340082602030458, 
            0.9874434816217919, 
            1.0057689776155636, 
            0.996574229448415, 
            0.9628807234012007, 
            1.0185554535798034
        ], 
        "ggWW_B4": [
            0.9942789644057591, 
            1.00818933006859, 
            1.0146161796298663, 
            1.0185818982510957, 
            1.0111269407910597, 
            0.9839766137407234, 
            0.9797382728003532, 
            0.9163869620092326
        ], 
        "ggWW_B5": [
            0.992876436430368, 
            1.0115877180054584, 
            1.0118543879733868, 
            1.011940531500458, 
            1.0036823640442283, 
            0.9909224694435123, 
            1.0109663371822881, 
            0.9740671547372142
        ], 
        "ggWW_B2": [
            0.9937582802760175, 
            1.007834476366623, 
            1.029599625262772, 
            1.010097816626573, 
            1.0075624545739132, 
            0.9872144619486262, 
            0.9873403945066009, 
            0.9487514565121917
        ], 
        "ggWW_B3": [
            0.9956913499777258, 
            1.006179805370269, 
            1.022165410795825, 
            0.9560747959478083, 
            1.0033347436115931, 
            0.9927807803715376, 
            0.9954835713540875, 
            1.0192342573756052
        ], 
        "ggWW_B0": [
            0.9903322123102963, 
            1.0095599786904956, 
            1.0515622816385952, 
            1.0137457669339855, 
            1.0187553989529259, 
            0.9806519147479602, 
            0.9035241719865822, 
            0.9721696077569122
        ], 
        "ggWW_B1": [
            0.9937982671489309, 
            1.0071608674741723, 
            1.0229640784018827, 
            1.043145415332914, 
            1.0092130260676881, 
            0.9947862129982583, 
            0.9498232268764721, 
            0.8886461473561759
        ], 
        "ggWW_B8": [
            0.9935228574427394, 
            1.0052332337966845, 
            1.0212622038236088, 
            1.0157428640962622, 
            1.0122968184708583, 
            0.9911529764395332, 
            0.9676690937282666, 
            0.917771100730764
        ], 
        "ggWW_B9": [
            0.9926999047053542, 
            1.0071026261908407, 
            1.0123242106824093, 
            1.0117931023511297, 
            1.016026387090275, 
            0.9863932868826792, 
            0.9734976040585118, 
            0.9478444571449942
        ], 
        "ggWW_nonfid": [
            0.9933946179668844, 
            1.0075106847217514, 
            1.0184408502321238, 
            1.018561025902185, 
            1.0110578913564614, 
            0.9881757684119072, 
            0.9710204547173186, 
            0.9637996933204865
        ], 
        "WW_B10": [
            0.996037818665308, 
            1.00547899398835, 
            1.001018619367712, 
            1.0094953962780435, 
            1.0019889472830654, 
            0.9951935392796285, 
            1.0032495712627956, 
            1.000002530665981
        ], 
        "WW_B11": [
            0.9943394067185543, 
            1.0048117903882232, 
            1.0086737751578312, 
            1.0088037537410837, 
            1.009727465762057, 
            0.9942899568952873, 
            0.9893187781593701, 
            0.9582475830323931
        ], 
        "WW_B12": [
            0.9922089616403919, 
            1.006287467764392, 
            1.0146203174124295, 
            0.9947799840831746, 
            1.0099499261684832, 
            0.9946288700776317, 
            0.9779343069135504, 
            1.0008563741789562
        ], 
        "WW_B8": [
            0.9964325987042858, 
            1.0024448446980958, 
            1.011486642473671, 
            1.0108430216780646, 
            1.0051951150528218, 
            0.9990071021074239, 
            0.9809916592459498, 
            0.9673023627152167
        ], 
        "WW_B9": [
            0.9951386642074308, 
            1.005174001112229, 
            1.009502131779496, 
            1.0050473799174358, 
            1.0071209010848357, 
            0.9937317514082158, 
            0.9843529885834252, 
            0.986675545186847
        ], 
        "WW_B6": [
            0.9967294030948287, 
            1.0050475366720069, 
            1.0022475329102685, 
            1.020275386453508, 
            1.0053645246841256, 
            0.9929130422181686, 
            0.9880451151571464, 
            0.980013276516531
        ], 
        "WW_B7": [
            0.9951955912546933, 
            1.0078905108108869, 
            1.0061808585661887, 
            1.0085420054343746, 
            1.0091045460546986, 
            0.9873798278321836, 
            0.9792191454239235, 
            0.988157125919163
        ], 
        "WW_B4": [
            0.9965579648362602, 
            1.0031671453572828, 
            1.013199166015209, 
            1.0140590775127272, 
            1.0049391523694677, 
            1.0011478869773887, 
            0.9732535606676825, 
            0.9483613919962406
        ],