{
    "ww2l2v_13TeV_top_1j": {
        "Vg": {
            "Wg": 0.3917150326507643, 
            "Zg": 0.0780042931462109, 
            "ZgS": 0.0021598653789576257, 
            "WgS": 0.5281208088240672
        }, 
        "Higgs": {
            "qqH_htt": 0.0418745983430768, 
            "qqH_hww": 0.08267038133918503, 
            "ggZH_hww": 0.037463557070399625, 
            "WH_htt": 0.05525401056697343, 
            "ggH_htt": 0.16402395130204095, 
            "WH_hww": 0.09760281184965192, 
            "ggH_hww": 0.31678835279638506, 
            "ttH_hww": 0.14894680196698146, 
            "ZH_htt": 0.018296307948638832, 
            "ZH_hww": 0.037079226816666734
        }
    }, 
    "ww2l2v_13TeV_top_0j": {
        "Vg": {
            "Wg": 0.5947015284800096, 
            "Zg": -0.03502972026934044, 
            "ZgS": 0.17986264052060674, 
            "WgS": 0.260465551268724
        }, 
        "Higgs": {
            "qqH_htt": 0.0, 
            "qqH_hww": 0.018945240519389298, 
            "ggZH_hww": 0.021789025148442994, 
            "WH_htt": 0.09980387115108963, 
            "ggH_htt": 0.012979032576476287, 
            "WH_hww": 0.2062010278096684, 
            "ggH_hww": 0.5839427378112737, 
            "ttH_hww": 0.019572459605788576, 
            "ZH_htt": 0.012683725588306887, 
            "ZH_hww": 0.024082879789564277
        }
    }, 
    "ww2l2v_13TeV_sr_3j_B0": {
        "Vg": {
            "Wg": 0.6430769396707848, 
            "Zg": 0.035011091363048315, 
            "ZgS": 0.07888172791310517, 
            "WgS": 0.24303024105306173
        }, 
        "Higgs": {
            "qqH_htt": 0.0011314674951196679, 
            "qqH_hww": 0.04914582993245193, 
            "ggZH_hww": 0.18780948762327498, 
            "WH_htt": 0.013958755965741716, 
            "ggH_htt": 0.010637459042060931, 
            "WH_hww": 0.12233873161663968, 
            "ggH_hww": 0.42264409406717496, 
            "ttH_hww": 0.1431355437485952, 
            "ZH_htt": 0.004397786704634315, 
            "ZH_hww": 0.0448008438043067
        }
    }, 
    "ww2l2v_13TeV_sr_2j_B0": {
        "Vg": {
            "Wg": 0.6220893562861091, 
            "Zg": 0.05111212383357895, 
            "ZgS": 0.013371991783286566, 
            "WgS": 0.3134265280970254
        }, 
        "Higgs": {
            "qqH_htt": 0.002899038836919057, 
            "qqH_hww": 0.12595198044343545, 
            "ggZH_hww": 0.08595427999765874, 
            "WH_htt": 0.01186836134670658, 
            "ggH_htt": 0.006978845292728051, 
            "WH_hww": 0.11219142188733973, 
            "ggH_hww": 0.5948890611017505, 
            "ttH_hww": 0.017265160683213595, 
            "ZH_htt": 0.0023227195035063703, 
            "ZH_hww": 0.03967913090674187
        }
    }, 
    "ww2l2v_13TeV_sr_1j_B0": {
        "Vg": {
            "Wg": 0.5879237069589391, 
            "Zg": 0.06661664677740665, 
            "ZgS": 0.023646622015349745, 
            "WgS": 0.3218130242483046
        }, 
        "Higgs": {
            "qqH_htt": 0.0018375084113050688, 
            "qqH_hww": 0.13519336997203635, 
            "ggZH_hww": 0.0256157161752305, 
            "WH_htt": 0.01211858356987354, 
            "ggH_htt": 0.005273672060515716, 
            "WH_hww": 0.0647240717530165, 
            "ggH_hww": 0.7350222615151485, 
            "ttH_hww": 0.00259154080195406, 
            "ZH_htt": 0.001811557324730348, 
            "ZH_hww": 0.01581171841618936
        }
    }, 
    "ww2l2v_13TeV_top_3j": {
        "Vg": {
            "Wg": 0.47469484063564404, 
            "Zg": 0.15325955765836083, 
            "ZgS": 0.14653472317102964, 
            "WgS": 0.22551087853496554
        }, 
        "Higgs": {
            "qqH_htt": 0.0013912079560069847, 
            "qqH_hww": 0.0024940949466266647, 
            "ggZH_hww": 0.020549549974854687, 
            "WH_htt": 0.00384696647081007, 
            "ggH_htt": 0.013392104752783079, 
            "WH_hww": 0.009307197252635072, 
            "ggH_hww": 0.014870387354677713, 
            "ttH_hww": 0.9262461620456864, 
            "ZH_htt": 0.0030166154184536028, 
            "ZH_hww": 0.004885713827465803
        }
    }, 
    "ww2l2v_13TeV_top_2j": {
        "Vg": {
            "Wg": 0.5177254826406406, 
            "Zg": 0.11757470165863172, 
            "ZgS": 0.07751220941209432, 
            "WgS": 0.28718760628863343
        }, 
        "Higgs": {
            "qqH_htt": 0.02760475963706088, 
            "qqH_hww": 0.030098434044744143, 
            "ggZH_hww": 0.0644900184912693, 
            "WH_htt": 0.024476066513573095, 
            "ggH_htt": 0.09238563397313847, 
            "WH_hww": 0.05923031811666422, 
            "ggH_hww": 0.14091307809743978, 
            "ttH_hww": 0.5181386281923868, 
            "ZH_htt": 0.01590447416791697, 
            "ZH_hww": 0.026758588765806376
        }
    }, 
    "ww2l2v_13TeV_sr_0j_B0": {
        "Vg": {
            "Wg": 0.5916852097082681, 
            "Zg": 0.05859964146990081, 
            "ZgS": 0.01472385726276026, 
            "WgS": 0.33499129155907076
        }, 
        "Higgs": {
            "qqH_htt": 0.00042699302765545835, 
            "qqH_hww": 0.04070438725563566, 
            "ggZH_hww": 0.010945475142258692, 
            "WH_htt": 0.005975097144680172, 
            "ggH_htt": 0.0027375381453017067, 
            "WH_hww": 0.029168930846162375, 
            "ggH_hww": 0.9003386330262473, 
            "ttH_hww": 0.00013243609381373116, 
            "ZH_htt": 0.0015732621534022845, 
            "ZH_hww": 0.00799724716484271
        }
    }
}