{
    "ww2l2v_13TeV_top_1j": {
        "Vg": {
            "Wg": 0.556043133057917, 
            "Zg": 0.07576004972100363, 
            "ZgS": 0.0021839713129313152, 
            "WgS": 0.366012845908148
        }, 
        "Higgs": {
            "qqH_htt": 0.05262506418170388, 
            "qqH_hww": 0.08126883883345008, 
            "ggZH_hww": 0.03301871933395359, 
            "WH_htt": 0.059263448863320856, 
            "ggH_htt": 0.16625211434635578, 
            "WH_hww": 0.10268661836811455, 
            "ggH_hww": 0.30893304292584356, 
            "ttH_hww": 0.14071114047441893, 
            "ZH_htt": 0.020222332540654267, 
            "ZH_hww": 0.035018680132184614
        }
    }, 
    "ww2l2v_13TeV_top_0j": {
        "Vg": {
            "Wg": 0.48742913857500964, 
            "Zg": 0.017279560509661285, 
            "ZgS": 0.14260717150746813, 
            "WgS": 0.35268412940786087
        }, 
        "Higgs": {
            "qqH_htt": 0.0, 
            "qqH_hww": 0.018116658236818847, 
            "ggZH_hww": 0.023072001863913297, 
            "WH_htt": 0.10196341311154167, 
            "ggH_htt": 0.028202527822919855, 
            "WH_hww": 0.20180787402113254, 
            "ggH_hww": 0.572060410394364, 
            "ttH_hww": 0.018665641160343416, 
            "ZH_htt": 0.012643977872728444, 
            "ZH_hww": 0.02346749551623788
        }
    }, 
    "ww2l2v_13TeV_sr_3j_B0": {
        "Vg": {
            "Wg": 0.7169873494638237, 
            "Zg": 0.0505085765400393, 
            "ZgS": 0.04496848258996197, 
            "WgS": 0.1875355914061749
        }, 
        "Higgs": {
            "qqH_htt": 0.001271101195297498, 
            "qqH_hww": 0.04814886930620775, 
            "ggZH_hww": 0.1853759939768318, 
            "WH_htt": 0.015224778908357444, 
            "ggH_htt": 0.013919231706994915, 
            "WH_hww": 0.12215922986177147, 
            "ggH_hww": 0.417864449529153, 
            "ttH_hww": 0.1458329588177927, 
            "ZH_htt": 0.004583517766825861, 
            "ZH_hww": 0.04561986893076748
        }
    }, 
    "ww2l2v_13TeV_sr_2j_B0": {
        "Vg": {
            "Wg": 0.696341498997016, 
            "Zg": 0.051745192716494505, 
            "ZgS": 0.01585038546951965, 
            "WgS": 0.23606292281696975
        }, 
        "Higgs": {
            "qqH_htt": 0.0032149871290077514, 
            "qqH_hww": 0.12339643724599597, 
            "ggZH_hww": 0.08265845503665323, 
            "WH_htt": 0.013037270125581622, 
            "ggH_htt": 0.009393744711938339, 
            "WH_hww": 0.1116820962478994, 
            "ggH_hww": 0.5971667473155107, 
            "ttH_hww": 0.01678878630171937, 
            "ZH_htt": 0.002848660812207079, 
            "ZH_hww": 0.03981281507348642
        }
    }, 
    "ww2l2v_13TeV_sr_1j_B0": {
        "Vg": {
            "Wg": 0.6452782232583263, 
            "Zg": 0.069249710076396, 
            "ZgS": 0.018190265869207075, 
            "WgS": 0.2672818007960706
        }, 
        "Higgs": {
            "qqH_htt": 0.0018452747335614412, 
            "qqH_hww": 0.1326438904963188, 
            "ggZH_hww": 0.02426194413645928, 
            "WH_htt": 0.013037822513793807, 
            "ggH_htt": 0.0069311205537143155, 
            "WH_hww": 0.06456771196773013, 
            "ggH_hww": 0.73595233871981, 
            "ttH_hww": 0.0026046459540492845, 
            "ZH_htt": 0.002085096523761259, 
            "ZH_hww": 0.016070154400801746
        }
    }, 
    "ww2l2v_13TeV_top_3j": {
        "Vg": {
            "Wg": 0.45404765393421687, 
            "Zg": 0.16023092307895515, 
            "ZgS": 0.07856048334762554, 
            "WgS": 0.30716093963920266
        }, 
        "Higgs": {
            "qqH_htt": 0.0017397311621423774, 
            "qqH_hww": 0.002342904822210251, 
            "ggZH_hww": 0.019279515889609043, 
            "WH_htt": 0.0041454081988215605, 
            "ggH_htt": 0.015593377312011348, 
            "WH_hww": 0.009441261872668357, 
            "ggH_hww": 0.013935561275513313, 
            "ttH_hww": 0.925147753638579, 
            "ZH_htt": 0.0033137413947754205, 
            "ZH_hww": 0.005060744433669201
        }
    }, 
    "ww2l2v_13TeV_top_2j": {
        "Vg": {
            "Wg": 0.6351760435785564, 
            "Zg": 0.083759555147274, 
            "ZgS": 0.04569214186648807, 
            "WgS": 0.2353722594076816
        }, 
        "Higgs": {
            "qqH_htt": 0.027660030094495414, 
            "qqH_hww": 0.02964890738252742, 
            "ggZH_hww": 0.06224319148139451, 
            "WH_htt": 0.02679317811606155, 
            "ggH_htt": 0.09446524008194379, 
            "WH_hww": 0.05816101441937358, 
            "ggH_hww": 0.14086510209117678, 
            "ttH_hww": 0.5155585005591263, 
            "ZH_htt": 0.018048039504266627, 
            "ZH_hww": 0.02655679626963413
        }
    }, 
    "ww2l2v_13TeV_sr_0j_B0": {
        "Vg": {
            "Wg": 0.6618663525221395, 
            "Zg": 0.07144540043229942, 
            "ZgS": 0.01412560596144547, 
            "WgS": 0.2525626410841156
        }, 
        "Higgs": {
            "qqH_htt": 0.00038777445396326847, 
            "qqH_hww": 0.038805155938942404, 
            "ggZH_hww": 0.009688047652279912, 
            "WH_htt": 0.00614062922313991, 
            "ggH_htt": 0.0030056332983610674, 
            "WH_hww": 0.02818948710864475, 
            "ggH_hww": 0.904159357982299, 
            "ttH_hww": 0.00011950029052636588, 
            "ZH_htt": 0.0017358680460173687, 
            "ZH_hww": 0.0077685460058259945
        }
    }
}