{
    "PS_ISR": {
        "ggWW_B2": [
            0.8955327881826523, 
            1.0987464164420901
        ], 
        "ggWW_B3": [
            0.8556380358268335, 
            1.1388568346282806
        ], 
        "ggWW_B0": [
            1.0360217328767583, 
            0.9723836063449672
        ], 
        "ggWW_B1": [
            0.95191933662022, 
            1.044763376055827
        ], 
        "WW_B2": [
            0.9630001986936533, 
            1.032986149232808
        ], 
        "WW_B3": [
            0.9191819453579807, 
            1.0721773890549473
        ], 
        "WW_B0": [
            1.0009889117679989, 
            0.999236958547687
        ], 
        "WW_B1": [
            1.0148395260226368, 
            0.9883032679073095
        ]
    }, 
    "PS_FSR": {
        "ggWW_B2": [
            1.024635935133388, 
            0.986160304700359
        ], 
        "ggWW_B3": [
            1.0158655565651056, 
            0.9965490932652378
        ], 
        "ggWW_B0": [
            0.992033726158325, 
            1.0047176772283353
        ], 
        "ggWW_B1": [
            1.0140758376748287, 
            0.9913196538689182
        ], 
        "WW_B2": [
            1.016020667615317, 
            0.9900792313412772
        ], 
        "WW_B3": [
            0.9859924927144156, 
            1.0086159555527483
        ], 
        "WW_B0": [
            0.9958279881750837, 
            1.0021092649393573
        ], 
        "WW_B1": [
            1.0081067395503212, 
            0.9956316905086934
        ]
    }, 
    "QCDscale_WW": {
        "ggWW_B2": [
            1.0, 
            1.0
        ], 
        "ggWW_B3": [
            1.0, 
            1.0
        ], 
        "ggWW_B0": [
            1.0, 
            1.0
        ], 
        "ggWW_B1": [
            1.0, 
            1.0
        ], 
        "WW_B2": [
            0.9590368583472794, 
            1.0355319124764415
        ], 
        "WW_B3": [
            0.9461290240225264, 
            1.048063859843916
        ], 
        "WW_B0": [
            0.9922773117377026, 
            1.0038237926681148
        ], 
        "WW_B1": [
            0.9722705999531167, 
            1.0227329932906954
        ]
    }, 
    "CMS_hww_WWresum": {
        "WW_B2": [
            0.9912672670105397, 
            1.0183742679903427
        ], 
        "WW_B3": [
            0.9960596190041282, 
            1.0081438976850787
        ], 
        "WW_B0": [
            0.9926853595232447, 
            1.046789613825613
        ], 
        "WW_B1": [
            0.9714491723824067, 
            1.062896500483879
        ]
    }, 
    "CMS_hww_WWqscale": {
        "WW_B2": [
            1.0683074311086835, 
            0.9248067405492439
        ], 
        "WW_B3": [
            1.0707012756544325, 
            0.9188870530324468
        ], 
        "WW_B0": [
            0.9859295478163742, 
            1.020966658606897
        ], 
        "WW_B1": [
            1.0588485746865033, 
            0.9399633916283516
        ]
    }, 
    "pdf_WW": {
        "WW_B2": [
            0.991688810301323, 
            1.008451676674911
        ], 
        "WW_B3": [
            0.9899135530193298, 
            1.0102941089489232
        ], 
        "WW_B0": [
            0.988256337174262, 
            1.0120261243240625
        ], 
        "WW_B1": [
            0.991863407191108, 
            1.0082711914425164
        ]
    }
}