{
    "PS_ISR": {
        "ggWW_B2": [
            0.8951383488428982, 
            1.0991151634938405
        ], 
        "ggWW_B3": [
            0.8546442972216448, 
            1.1396675971606272
        ], 
        "ggWW_B0": [
            1.0361056364055135, 
            0.9723210799672173
        ], 
        "ggWW_B1": [
            0.9520058713573469, 
            1.0446872106443887
        ], 
        "WW_B2": [
            0.9638942788244953, 
            1.032204802013257
        ], 
        "WW_B3": [
            0.9177747593487473, 
            1.0729356363030187
        ], 
        "WW_B0": [
            1.001317770437598, 
            0.9989853658450474
        ], 
        "WW_B1": [
            1.0143219705373587, 
            0.9887286175143316
        ]
    }, 
    "PS_FSR": {
        "ggWW_B2": [
            1.0243366895377648, 
            0.9864622276062636
        ], 
        "ggWW_B3": [
            1.0159872455464707, 
            0.9960287525886863
        ], 
        "ggWW_B0": [
            0.9920687386358453, 
            1.0049652224140262
        ], 
        "ggWW_B1": [
            1.0142464971821494, 
            0.9914006223785824
        ], 
        "WW_B2": [
            1.0178485029761457, 
            0.9886518006986021
        ], 
        "WW_B3": [
            0.9863010304145066, 
            1.0072124542749397
        ], 
        "WW_B0": [
            0.9949507141891202, 
            1.002586436066269
        ], 
        "WW_B1": [
            1.009176727514128, 
            0.9947479189825306
        ]
    }, 
    "QCDscale_WW": {
        "ggWW_B2": [
            1.0, 
            1.0
        ], 
        "ggWW_B3": [
            1.0, 
            1.0
        ], 
        "ggWW_B0": [
            1.0, 
            1.0
        ], 
        "ggWW_B1": [
            1.0, 
            1.0
        ], 
        "WW_B2": [
            0.9591375281877412, 
            1.035473995800686
        ], 
        "WW_B3": [
            0.9450556696787656, 
            1.049087876185852
        ], 
        "WW_B0": [
            0.9922586748058202, 
            1.0038383662527726
        ], 
        "WW_B1": [
            0.9730835679100116, 
            1.021895369627888
        ]
    }, 
    "CMS_hww_WWresum": {
        "WW_B2": [
            0.9908972011083612, 
            1.019169310690974
        ], 
        "WW_B3": [
            0.9962031107683567, 
            1.0078203523428535
        ], 
        "WW_B0": [
            0.9927752479783596, 
            1.0466642722555866
        ], 
        "WW_B1": [
            0.9713829815970267, 
            1.0630845233083237
        ]
    }, 
    "CMS_hww_WWqscale": {
        "WW_B2": [
            1.0680766797424417, 
            0.92525145775136
        ], 
        "WW_B3": [
            1.0706362945079617, 
            0.9191653498925688
        ], 
        "WW_B0": [
            0.9858263423913208, 
            1.0210841602579426
        ], 
        "WW_B1": [
            1.0587333416851095, 
            0.940129917869489
        ]
    }, 
    "pdf_WW": {
        "WW_B2": [
            0.9915242917416434, 
            1.008621861015581
        ], 
        "WW_B3": [
            0.990144240902071, 
            1.0100539374692952
        ], 
        "WW_B0": [
            0.9880702880225168, 
            1.012221305281477
        ], 
        "WW_B1": [
            0.9917496492453532, 
            1.0083887713670034
        ]
    }
}