{
    "PS_ISR": {
        "ggWW_B2": [
            0.8955327881827078, 
            1.098746416442158
        ], 
        "ggWW_B3": [
            0.8556380358268619, 
            1.138856834628319
        ], 
        "ggWW_B0": [
            1.036021732877247, 
            0.9723836063454366
        ], 
        "ggWW_B1": [
            0.9519193366201937, 
            1.044763376055798
        ], 
        "WW_B2": [
            0.9630001986936446, 
            1.032986149232805
        ], 
        "WW_B3": [
            0.9191819453579718, 
            1.0721773890549373
        ], 
        "WW_B0": [
            1.0009889117680015, 
            0.9992369585476779
        ], 
        "WW_B1": [
            1.014839526022653, 
            0.9883032679073221
        ]
    }, 
    "PS_FSR": {
        "ggWW_B2": [
            1.0246359351334529, 
            0.9861603047004194
        ], 
        "ggWW_B3": [
            1.0158655565651393, 
            0.9965490932652696
        ], 
        "ggWW_B0": [
            0.9920337261588039, 
            1.0047176772288129
        ], 
        "ggWW_B1": [
            1.0140758376748014, 
            0.9913196538688891
        ], 
        "WW_B2": [
            1.0160206676153125, 
            0.9900792313412712
        ], 
        "WW_B3": [
            0.9859924927144047, 
            1.0086159555527374
        ], 
        "WW_B0": [
            0.9958279881750878, 
            1.0021092649393621
        ], 
        "WW_B1": [
            1.008106739550325, 
            0.9956316905087133
        ]
    }, 
    "QCDscale_WW": {
        "ggWW_B2": [
            1.0, 
            1.0
        ], 
        "ggWW_B3": [
            1.0, 
            1.0
        ], 
        "ggWW_B0": [
            1.0, 
            1.0
        ], 
        "ggWW_B1": [
            1.0, 
            1.0
        ], 
        "WW_B2": [
            0.9590368583472798, 
            1.0355319124764417
        ], 
        "WW_B3": [
            0.9461290240225145, 
            1.048063859843903
        ], 
        "WW_B0": [
            0.9922773117377055, 
            1.0038237926681166
        ], 
        "WW_B1": [
            0.972270599953128, 
            1.0227329932907099
        ]
    }, 
    "CMS_hww_WWresum": {
        "WW_B2": [
            0.9912672670105384, 
            1.0183742679903431
        ], 
        "WW_B3": [
            0.9960596190041274, 
            1.0081438976850783
        ], 
        "WW_B0": [
            0.9926853595232402, 
            1.0467896138256068
        ], 
        "WW_B1": [
            0.9714491723824099, 
            1.062896500483883
        ]
    }, 
    "CMS_hww_WWqscale": {
        "WW_B2": [
            1.0683074311086815, 
            0.9248067405492405
        ], 
        "WW_B3": [
            1.0707012756544274, 
            0.918887053032439
        ], 
        "WW_B0": [
            0.9859295478163838, 
            1.0209666586068933
        ], 
        "WW_B1": [
            1.0588485746865202, 
            0.9399633916283651
        ]
    }, 
    "pdf_WW": {
        "WW_B2": [
            0.9916508589888128, 
            1.0084909248692853
        ], 
        "WW_B3": [
            0.9899135530193245, 
            1.0102941089489288
        ], 
        "WW_B0": [
            0.988233690073202, 
            1.0120498750557687
        ], 
        "WW_B1": [
            0.9918118135742169, 
            1.0083245117337418
        ]
    }
}