{
    "ww2l2v_13TeV_top_1j": {
        "Vg": {
            "Wg": 0.742819853306569, 
            "Zg": 0.18232609608785455, 
            "ZgS": 0.04761192683711293, 
            "WgS": 0.027242123768463557
        }, 
        "Higgs": {
            "qqH_htt": 0.0651035975525385, 
            "qqH_hww": 0.0972647465449789, 
            "ggZH_hww": 0.0031365015389565004, 
            "ggH_htt": 0.22942427090866782, 
            "WH_hww": 0.13667132558072506, 
            "ggH_hww": 0.3777274785997671, 
            "ttH_hww": 0.059368805518040996, 
            "ZH_hww": 0.031303273756325245
        }
    }, 
    "ww2l2v_13TeV_sr_1j_B6": {
        "Vg": {
            "Wg": 0.900006236866957, 
            "Zg": 0.07008334394474912, 
            "ZgS": -0.006036928547646051, 
            "WgS": 0.035947347735939855
        }, 
        "Higgs": {
            "qqH_htt": 0.003066808688283691, 
            "qqH_hww": 0.19785810286566163, 
            "ggZH_hww": 0.0047502460268666405, 
            "ggH_htt": 0.0076964871354077, 
            "WH_hww": 0.08669737408854308, 
            "ggH_hww": 0.6771020314964282, 
            "ttH_hww": 0.002697734213756794, 
            "ZH_hww": 0.020131215485052166
        }
    }, 
    "ww2l2v_13TeV_sr_1j_B7": {
        "Vg": {
            "Wg": 0.9286663014500709, 
            "Zg": 0.027738756418942037, 
            "ZgS": 0.01864941897072262, 
            "WgS": 0.02494552316026447
        }, 
        "Higgs": {
            "qqH_htt": 0.00423824905035898, 
            "qqH_hww": 0.23922754382599987, 
            "ggZH_hww": 0.008091762006600218, 
            "ggH_htt": 0.010913756335227913, 
            "WH_hww": 0.13252135303301654, 
            "ggH_hww": 0.5725271085443047, 
            "ttH_hww": 0.006270634477631095, 
            "ZH_hww": 0.026209592726860877
        }
    }, 
    "ww2l2v_13TeV_sr_1j_B4": {
        "Vg": {
            "Wg": 0.8175133750385257, 
            "Zg": 0.12554515528224422, 
            "ZgS": 0.021569275314737568, 
            "WgS": 0.03537219436449251
        }, 
        "Higgs": {
            "qqH_htt": 0.0026756719997340713, 
            "qqH_hww": 0.1511184012804921, 
            "ggZH_hww": 0.002080685150740463, 
            "ggH_htt": 0.009371114890840129, 
            "WH_hww": 0.06077959221133321, 
            "ggH_hww": 0.755980400999581, 
            "ttH_hww": 0.0015593941174627682, 
            "ZH_hww": 0.01643473934981642
        }
    }, 
    "ww2l2v_13TeV_sr_2j_B6": {
        "Vg": {
            "Wg": 0.8667973433260715, 
            "Zg": 0.0746030185772192, 
            "ZgS": 0.0408393789947581, 
            "WgS": 0.01776025910195141
        }, 
        "Higgs": {
            "qqH_htt": 0.0023363086732799813, 
            "qqH_hww": 0.12876880879738006, 
            "ggZH_hww": 0.014381180673980773, 
            "ggH_htt": 0.007298046674431992, 
            "WH_hww": 0.12574592792285727, 
            "ggH_hww": 0.6576448458771493, 
            "ttH_hww": 0.019124130042938503, 
            "ZH_hww": 0.04470075133798208
        }
    }, 
    "ww2l2v_13TeV_sr_2j_B1": {
        "Vg": {
            "Wg": 0.8239738878258287, 
            "Zg": 0.12259248378616676, 
            "ZgS": 0.02491105075186799, 
            "WgS": 0.028522577636136467
        }, 
        "Higgs": {
            "qqH_htt": 0.0017916982353845964, 
            "qqH_hww": 0.12663522830995974, 
            "ggZH_hww": 0.008790794793937334, 
            "ggH_htt": 0.0184938894789129, 
            "WH_hww": 0.10446615705078814, 
            "ggH_hww": 0.6860062202338406, 
            "ttH_hww": 0.010636538257207792, 
            "ZH_hww": 0.04317947363996882
        }
    }, 
    "ww2l2v_13TeV_top_2j": {
        "Vg": {
            "Wg": 0.7754502751015335, 
            "Zg": 0.15082424146150103, 
            "ZgS": 0.0529263121051515, 
            "WgS": 0.020799171331813988
        }, 
        "Higgs": {
            "qqH_htt": 0.015949512589861804, 
            "qqH_hww": 0.02026373586586686, 
            "ggZH_hww": 0.004393690131662464, 
            "ggH_htt": 0.06934893926277415, 
            "WH_hww": 0.05407578179403287, 
            "ggH_hww": 0.09514457156395358, 
            "ttH_hww": 0.7237681271287809, 
            "ZH_hww": 0.01705564166306732
        }
    }, 
    "ww2l2v_13TeV_sr_2j_B0": {
        "Vg": {
            "Wg": 0.7394169786329472, 
            "Zg": 0.14200881922139053, 
            "ZgS": 0.09137925233867931, 
            "WgS": 0.027194949806982876
        }, 
        "Higgs": {
            "qqH_htt": 0.0011137464653826967, 
            "qqH_hww": 0.13614274137795349, 
            "ggZH_hww": 0.00735322053191453, 
            "ggH_htt": 0.008388191388504487, 
            "WH_hww": 0.10262496974373847, 
            "ggH_hww": 0.6929304468636495, 
            "ttH_hww": 0.00748581747996389, 
            "ZH_hww": 0.04396086614889287
        }
    }, 
    "ww2l2v_13TeV_sr_1j_B0": {
        "Vg": {
            "Wg": 0.8152287508976682, 
            "Zg": 0.11318506818703036, 
            "ZgS": 0.027915213332557115, 
            "WgS": 0.043670967582744226
        }, 
        "Higgs": {
            "qqH_htt": 0.0004813899865245122, 
            "qqH_hww": 0.10655739234217793, 
            "ggZH_hww": 0.0010258361225864814, 
            "ggH_htt": 0.00028456506559226873, 
            "WH_hww": 0.03449649392112582, 
            "ggH_hww": 0.845227672253466, 
            "ttH_hww": 0.0002505038930972319, 
            "ZH_hww": 0.01167614641542988
        }
    }, 
    "ww2l2v_13TeV_top_0j": {
        "Vg": {
            "Wg": 0.7776344579097375, 
            "Zg": 0.14739060598249715, 
            "ZgS": 0.04030522333151377, 
            "WgS": 0.03466971277625146
        }, 
        "Higgs": {
            "qqH_htt": 0.001926122732786955, 
            "qqH_hww": 0.01426349717470033, 
            "ggZH_hww": 0.0012482917303190616, 
            "ggH_htt": 0.03208713765749157, 
            "WH_hww": 0.1506634328086576, 
            "ggH_hww": 0.7763226037277171, 
            "ttH_hww": 0.004201596523087426, 
            "ZH_hww": 0.019287317645240037
        }
    }, 
    "ww2l2v_13TeV_sr_1j_B1": {
        "Vg": {
            "Wg": 0.8332679893150857, 
            "Zg": 0.09699591287992121, 
            "ZgS": 0.033362891174703424, 
            "WgS": 0.03637320663028978
        }, 
        "Higgs": {
            "qqH_htt": 0.0011663982701630067, 
            "qqH_hww": 0.11066504947027667, 
            "ggZH_hww": 0.0010888387963830428, 
            "ggH_htt": 0.007278861309869991, 
            "WH_hww": 0.0429249393232743, 
            "ggH_hww": 0.825046634556757, 
            "ttH_hww": 0.00048531974891322934, 
            "ZH_hww": 0.01134395852436291
        }
    }, 
    "ww2l2v_13TeV_sr_0j_B7": {
        "Vg": {
            "Wg": 0.8425123499086581, 
            "Zg": 0.10558711797554184, 
            "ZgS": 0.029815233082934222, 
            "WgS": 0.022085299032865827
        }, 
        "Higgs": {
            "qqH_htt": 0.003372259322640269, 
            "qqH_hww": 0.27751031387100417, 
            "ggZH_hww": 0.021137103521500295, 
            "ggH_htt": 0.008002156664117055, 
            "WH_hww": 0.33313143868220135, 
            "ggH_hww": 0.2609693644409289, 
            "ttH_hww": 0.005104772812899441, 
            "ZH_hww": 0.09077259068470843
        }
    }, 
    "ww2l2v_13TeV_sr_0j_B6": {
        "Vg": {
            "Wg": 0.8647438617666805, 
            "Zg": 0.058517938954640365, 
            "ZgS": 0.05369593449940607, 
            "WgS": 0.023042264779272913
        }, 
        "Higgs": {
            "qqH_htt": 0.006719974433254043, 
            "qqH_hww": 0.23069353929180153, 
            "ggZH_hww": 0.010521603262472666, 
            "ggH_htt": 0.014014212162364493, 
            "WH_hww": 0.20551185321823812, 
            "ggH_hww": 0.47406862848181475, 
            "ttH_hww": 0.0014471747345331707,