{
    "ww2l2v_13TeV_top_1j": {
        "Vg": {
            "Wg": 0.6397484401567372, 
            "Zg": 0.11908512197299022, 
            "ZgS": 0.008906898501620554, 
            "WgS": 0.23225953936865212
        }, 
        "Higgs": {
            "qqH_htt": 0.049328559870468296, 
            "qqH_hww": 0.07767918259251118, 
            "ggZH_hww": 0.004219917796073407, 
            "WH_htt": 0.06202379300691483, 
            "ggH_htt": 0.2009385503091721, 
            "WH_hww": 0.09502092328376012, 
            "ggH_hww": 0.3163715653233893, 
            "ttH_hww": 0.14177646562530616, 
            "ZH_htt": 0.019107153563993323, 
            "ZH_hww": 0.03353388862841146
        }
    }, 
    "ww2l2v_13TeV_sr_1j_B6": {
        "Vg": {
            "Wg": 0.5833654642327747, 
            "Zg": 0.052227779241165, 
            "ZgS": 0.0007462396141634654, 
            "WgS": 0.36366051691189694
        }, 
        "Higgs": {
            "qqH_htt": 0.0029871949685799926, 
            "qqH_hww": 0.19024734409860614, 
            "ggZH_hww": 0.004851391034141454, 
            "WH_htt": 0.02037515308341078, 
            "ggH_htt": 0.01480402908574542, 
            "WH_hww": 0.09586762240701159, 
            "ggH_hww": 0.6400333752931713, 
            "ttH_hww": 0.00478530423224658, 
            "ZH_htt": 0.003798456017391051, 
            "ZH_hww": 0.022250129779695794
        }
    }, 
    "ww2l2v_13TeV_sr_1j_B7": {
        "Vg": {
            "Wg": 0.642173746710063, 
            "Zg": 0.025405558462711038, 
            "ZgS": 0.010945482757036757, 
            "WgS": 0.32147521207018925
        }, 
        "Higgs": {
            "qqH_htt": 0.004181609314433495, 
            "qqH_hww": 0.22464376080891685, 
            "ggZH_hww": 0.007972011548856395, 
            "WH_htt": 0.039132528121961815, 
            "ggH_htt": 0.009581197749054365, 
            "WH_hww": 0.14205305091416606, 
            "ggH_hww": 0.5293273391245982, 
            "ttH_hww": 0.010404560365350115, 
            "ZH_htt": 0.005141025333510748, 
            "ZH_hww": 0.027562916719151846
        }
    }, 
    "ww2l2v_13TeV_sr_1j_B4": {
        "Vg": {
            "Wg": 0.5524547733886859, 
            "Zg": 0.08107197232899034, 
            "ZgS": 0.018226873759739658, 
            "WgS": 0.348246380522584
        }, 
        "Higgs": {
            "qqH_htt": 0.0021448194872437636, 
            "qqH_hww": 0.14439591662368073, 
            "ggZH_hww": 0.002335854509772225, 
            "WH_htt": 0.013335002717788822, 
            "ggH_htt": 0.007304925234832621, 
            "WH_hww": 0.06770685153477318, 
            "ggH_hww": 0.7409590731492098, 
            "ttH_hww": 0.001835432285625747, 
            "ZH_htt": 0.002213730654676719, 
            "ZH_hww": 0.017768393802396195
        }
    }, 
    "ww2l2v_13TeV_sr_2j_B6": {
        "Vg": {
            "Wg": 0.6929944543189548, 
            "Zg": 0.0423346775519916, 
            "ZgS": 0.05189898302353755, 
            "WgS": 0.21277188510551606
        }, 
        "Higgs": {
            "qqH_htt": 0.0027782463945939763, 
            "qqH_hww": 0.12175309754382246, 
            "ggZH_hww": 0.014961847605432094, 
            "WH_htt": 0.015859470975433203, 
            "ggH_htt": 0.011075740691648382, 
            "WH_hww": 0.1286002272444871, 
            "ggH_hww": 0.5982048398916539, 
            "ttH_hww": 0.05649964636653796, 
            "ZH_htt": 0.0045927601118199695, 
            "ZH_hww": 0.04567412317457113
        }
    }, 
    "ww2l2v_13TeV_sr_2j_B1": {
        "Vg": {
            "Wg": 0.6399362792318048, 
            "Zg": 0.07216769301354363, 
            "ZgS": 0.030239744590588227, 
            "WgS": 0.25765628316406336
        }, 
        "Higgs": {
            "qqH_htt": 0.0023175321226867507, 
            "qqH_hww": 0.12147771836496093, 
            "ggZH_hww": 0.00939688405040229, 
            "WH_htt": 0.01073114837337342, 
            "ggH_htt": 0.0029877807523154597, 
            "WH_hww": 0.1182706800758603, 
            "ggH_hww": 0.6511010473281725, 
            "ttH_hww": 0.03389629029907303, 
            "ZH_htt": 0.0032242770344142035, 
            "ZH_hww": 0.046596641598741224
        }
    }, 
    "ww2l2v_13TeV_top_2j": {
        "Vg": {
            "Wg": 0.6382413889158575, 
            "Zg": 0.06977979980266154, 
            "ZgS": 0.027773241747869663, 
            "WgS": 0.26420556953361124
        }, 
        "Higgs": {
            "qqH_htt": 0.005287119997762647, 
            "qqH_hww": 0.0073259087980595316, 
            "ggZH_hww": 0.0027656985108707654, 
            "WH_htt": 0.008740052218872625, 
            "ggH_htt": 0.017715625839331072, 
            "WH_hww": 0.019375048589516466, 
            "ggH_hww": 0.0348009059468142, 
            "ttH_hww": 0.888202636595779, 
            "ZH_htt": 0.00654106848359688, 
            "ZH_hww": 0.009245935019396693
        }
    }, 
    "ww2l2v_13TeV_sr_2j_B0": {
        "Vg": {
            "Wg": 0.5123803931022032, 
            "Zg": 0.10390382341839781, 
            "ZgS": 0.07231381221807148, 
            "WgS": 0.3114019712613276
        }, 
        "Higgs": {
            "qqH_htt": 0.0017573461436572097, 
            "qqH_hww": 0.12842983942036842, 
            "ggZH_hww": 0.0078072346329735665, 
            "WH_htt": 0.008766243436014435, 
            "ggH_htt": 0.005053830941689267, 
            "WH_hww": 0.11258935833737836, 
            "ggH_hww": 0.6638372307397975, 
            "ttH_hww": 0.024285931878292047, 
            "ZH_htt": 0.002105762027929347, 
            "ZH_hww": 0.045367222441899724
        }
    }, 
    "ww2l2v_13TeV_sr_1j_B0": {
        "Vg": {
            "Wg": 0.5266673729786442, 
            "Zg": 0.07928529399379441, 
            "ZgS": 0.014978009722716193, 
            "WgS": 0.3790693233048452
        }, 
        "Higgs": {
            "qqH_htt": 0.0006362246375632023, 
            "qqH_hww": 0.10552495392729062, 
            "ggZH_hww": 0.0011331954752783339, 
            "WH_htt": 0.006332134754310211, 
            "ggH_htt": 0.0007494062211608535, 
            "WH_hww": 0.039956233794077485, 
            "ggH_hww": 0.8311298670346488, 
            "ttH_hww": 0.0005108577429432581, 
            "ZH_htt": 0.001001008869465311, 
            "ZH_hww": 0.013026117543261894
        }
    }, 
    "ww2l2v_13TeV_top_0j": {
        "Vg": {
            "Wg": 0.5029884597713051, 
            "Zg": 0.17792349441228844, 
            "ZgS": 0.0, 
            "WgS": 0.3190880458164065
        }, 
        "Higgs": {
            "qqH_htt": 0.0016958779409235452, 
            "qqH_hww": 0.017864896867865493, 
            "ggZH_hww": 0.0017003870837431331, 
            "WH_htt": 0.11115672236684457, 
            "ggH_htt": 0.049517955442255936, 
            "WH_hww": 0.20305668256774703, 
            "ggH_hww": 0.567098716842212, 
            "ttH_hww": 0.013833605406233082, 
            "ZH_htt": 0.010741730267187128, 
            "ZH_hww": 0.023333425214987904
        }
    }, 
    "ww2l2v_13TeV_sr_1j_B1": {
        "Vg": {
            "Wg": 0.5481721550894254, 
            "Zg": 0.09123757492163045, 
            "ZgS": 0.034453867865946564, 
            "WgS": 0.32613640212299755
        }, 
        "Higgs": {
            "qqH_htt": 0.0010273572548883602, 
            "qqH_hww": 0.10954555799144057, 
            "ggZH_hww": 0.0011667943053659212, 
            "WH_htt": 0.008224408146422068, 
            "ggH_htt": 0.00954545670661494, 
            "WH_hww": 0.047825992016674784, 
            "ggH_hww": 0.8076087973796565, 
            "ttH_hww": 0.001065646661389242, 
            "ZH_htt": 0.001338837893221928, 
            "ZH_hww": 0.012651151644325452
        }
    }, 
    "ww2l2v_13TeV_sr_0j_B7": {
        "Vg": {
            "Wg": 0.6235651838458828, 
            "Zg": 0.08686845681212658, 
            "ZgS": 0.0199955072777591, 
            "WgS": 0.2695708520642315
        },