{
    "ww2l2v_13TeV_top_1j": {
        "Vg": {
            "Wg": 0.573215116523955, 
            "Zg": 0.1253032782102808, 
            "ZgS": 0.012659795748416138, 
            "WgS": 0.28882180951734815
        }, 
        "Higgs": {
            "qqH_htt": 0.04533883072187319, 
            "qqH_hww": 0.08219154950176707, 
            "ggZH_hww": 0.004600319367154613, 
            "WH_htt": 0.05940400780271589, 
            "ggH_htt": 0.1742914152476358, 
            "WH_hww": 0.10092663951528796, 
            "ggH_hww": 0.3347514495266192, 
            "ttH_hww": 0.1486558063524584, 
            "ZH_htt": 0.01540048093765567, 
            "ZH_hww": 0.03443950102683208
        }
    }, 
    "ww2l2v_13TeV_sr_1j_B6": {
        "Vg": {
            "Wg": 0.5103461212528093, 
            "Zg": 0.06624627254577212, 
            "ZgS": -0.006150751140892139, 
            "WgS": 0.4295583573423108
        }, 
        "Higgs": {
            "qqH_htt": 0.00258650016281071, 
            "qqH_hww": 0.19328335785165787, 
            "ggZH_hww": 0.004920551091213973, 
            "WH_htt": 0.018802385360255885, 
            "ggH_htt": 0.01882587927874896, 
            "WH_hww": 0.09391019939106357, 
            "ggH_hww": 0.6385123108609092, 
            "ttH_hww": 0.004738017581609018, 
            "ZH_htt": 0.002896270780983697, 
            "ZH_hww": 0.02152452764074718
        }
    }, 
    "ww2l2v_13TeV_sr_1j_B7": {
        "Vg": {
            "Wg": 0.5585027400621106, 
            "Zg": 0.025302170712580202, 
            "ZgS": 0.010834514040043831, 
            "WgS": 0.4053605751852653
        }, 
        "Higgs": {
            "qqH_htt": 0.004002000738392212, 
            "qqH_hww": 0.22661594645583708, 
            "ggZH_hww": 0.00792461110317977, 
            "WH_htt": 0.03490644738801472, 
            "ggH_htt": 0.00852259911292322, 
            "WH_hww": 0.14066875643319335, 
            "ggH_hww": 0.53644570801327, 
            "ttH_hww": 0.01005880206732135, 
            "ZH_htt": 0.004242681053312603, 
            "ZH_hww": 0.0266124476345558
        }
    }, 
    "ww2l2v_13TeV_sr_1j_B4": {
        "Vg": {
            "Wg": 0.3342291363936084, 
            "Zg": 0.04653718119406809, 
            "ZgS": 0.015871657852878387, 
            "WgS": 0.6033620245594452
        }, 
        "Higgs": {
            "qqH_htt": 0.002309221376492008, 
            "qqH_hww": 0.14491539953162222, 
            "ggZH_hww": 0.002385481024747094, 
            "WH_htt": 0.01163554262655807, 
            "ggH_htt": 0.007858674693418895, 
            "WH_hww": 0.06599474327651748, 
            "ggH_hww": 0.7440652861289007, 
            "ttH_hww": 0.0017044118841314574, 
            "ZH_htt": 0.0019880425499727438, 
            "ZH_hww": 0.017143196907639508
        }
    }, 
    "ww2l2v_13TeV_sr_2j_B6": {
        "Vg": {
            "Wg": 0.6611267009315646, 
            "Zg": -0.009618698518638768, 
            "ZgS": 0.03688542531589116, 
            "WgS": 0.31160657227118316
        }, 
        "Higgs": {
            "qqH_htt": 0.0028510205275080695, 
            "qqH_hww": 0.12514595764473965, 
            "ggZH_hww": 0.015357504723448356, 
            "WH_htt": 0.013391756026843926, 
            "ggH_htt": 0.010860473710873845, 
            "WH_hww": 0.12818513379567106, 
            "ggH_hww": 0.5990791867725902, 
            "ttH_hww": 0.055166746438585164, 
            "ZH_htt": 0.0037543727624775617, 
            "ZH_hww": 0.04620784759726205
        }
    }, 
    "ww2l2v_13TeV_sr_2j_B1": {
        "Vg": {
            "Wg": 0.5776695890929429, 
            "Zg": 0.047316324460826835, 
            "ZgS": 0.0716377843265021, 
            "WgS": 0.30337630211972816
        }, 
        "Higgs": {
            "qqH_htt": 0.000984277438080526, 
            "qqH_hww": 0.12521625217781215, 
            "ggZH_hww": 0.009541851634361331, 
            "WH_htt": 0.00893548285644844, 
            "ggH_htt": 0.007505783250819737, 
            "WH_hww": 0.11787349619354408, 
            "ggH_hww": 0.649510160889808, 
            "ttH_hww": 0.03338946716240436, 
            "ZH_htt": 0.00249141974272103, 
            "ZH_hww": 0.04455180865400042
        }
    }, 
    "ww2l2v_13TeV_top_2j": {
        "Vg": {
            "Wg": 0.5602862759373075, 
            "Zg": 0.12868612542445063, 
            "ZgS": 0.00851840918815802, 
            "WgS": 0.3025091894500838
        }, 
        "Higgs": {
            "qqH_htt": 0.004171366454018588, 
            "qqH_hww": 0.0076177133873245075, 
            "ggZH_hww": 0.0028804843609850474, 
            "WH_htt": 0.00729517037231567, 
            "ggH_htt": 0.013870860057828921, 
            "WH_hww": 0.019271507650384333, 
            "ggH_hww": 0.035131518172349684, 
            "ttH_hww": 0.8953140366642914, 
            "ZH_htt": 0.005315662091388072, 
            "ZH_hww": 0.009131680789113803
        }
    }, 
    "ww2l2v_13TeV_sr_2j_B0": {
        "Vg": {
            "Wg": 0.39899500595194093, 
            "Zg": 0.1295930382589499, 
            "ZgS": 0.07622801593909441, 
            "WgS": 0.39518393985001476
        }, 
        "Higgs": {
            "qqH_htt": 0.0011845971541497849, 
            "qqH_hww": 0.13348718552552521, 
            "ggZH_hww": 0.008050482187417255, 
            "WH_htt": 0.007036806544217181, 
            "ggH_htt": 0.002295953989955486, 
            "WH_hww": 0.11043370269865825, 
            "ggH_hww": 0.6669025455644187, 
            "ttH_hww": 0.023600732142629206, 
            "ZH_htt": 0.0015610221306148198, 
            "ZH_hww": 0.04544697206241403
        }
    }, 
    "ww2l2v_13TeV_sr_1j_B0": {
        "Vg": {
            "Wg": 0.3575262336948613, 
            "Zg": 0.06336812409977015, 
            "ZgS": 0.01716521812014188, 
            "WgS": 0.5619404240852268
        }, 
        "Higgs": {
            "qqH_htt": 0.0004838811406201979, 
            "qqH_hww": 0.10631398107958386, 
            "ggZH_hww": 0.001120634745316227, 
            "WH_htt": 0.005383011695122892, 
            "ggH_htt": -0.0008236222971786172, 
            "WH_hww": 0.03936716767219358, 
            "ggH_hww": 0.8345523266140111, 
            "ttH_hww": 0.00033228932354782535, 
            "ZH_htt": 0.0007031153589954151, 
            "ZH_hww": 0.012567214667787383
        }
    }, 
    "ww2l2v_13TeV_top_0j": {
        "Vg": {
            "Wg": 0.37183045275084065, 
            "Zg": 0.0, 
            "ZgS": 0.0, 
            "WgS": 0.6281695472491594
        }, 
        "Higgs": {
            "qqH_htt": 0.0, 
            "qqH_hww": 0.018448543267691027, 
            "ggZH_hww": 0.0020829838487568496, 
            "WH_htt": 0.10295879111922293, 
            "ggH_htt": 0.0488372287890486, 
            "WH_hww": 0.2179792284249372, 
            "ggH_hww": 0.5585307636184339, 
            "ttH_hww": 0.014966399570434654, 
            "ZH_htt": 0.010237213348108166, 
            "ZH_hww": 0.025958848013366547
        }
    }, 
    "ww2l2v_13TeV_sr_1j_B1": {
        "Vg": {
            "Wg": 0.42144034807254327, 
            "Zg": 0.073531336118747, 
            "ZgS": 0.041787808067014404, 
            "WgS": 0.4632405077416954
        }, 
        "Higgs": {
            "qqH_htt": 0.0008429049665779961, 
            "qqH_hww": 0.11038038727419953, 
            "ggZH_hww": 0.00117528338406479, 
            "WH_htt": 0.006992481265771855, 
            "ggH_htt": 0.0059895990940253005, 
            "WH_hww": 0.046367034869505254, 
            "ggH_hww": 0.8139705363654767, 
            "ttH_hww": 0.000925935077051478, 
            "ZH_htt": 0.0010110117347857572, 
            "ZH_hww": 0.012344825968541471
        }
    }, 
    "ww2l2v_13TeV_sr_0j_B7": {
        "Vg": {
            "Wg": 0.5666639644200919, 
            "Zg": 0.044897922486724494, 
            "ZgS": 0.02696274579976987, 
            "WgS": 0.3614753672934137
        }, 
        "Higgs": {
            "qqH_htt": 0.003399794415987317,