{
    "PS_ISR": {
        "ggWW_B6": [
            0.9910584649912275, 
            1.0073781433949198
        ], 
        "ggWW_B7": [
            0.9863939779028927, 
            1.011121310469498
        ], 
        "ggWW_B4": [
            0.9980793039688672, 
            1.001618102840414
        ], 
        "ggWW_B5": [
            0.9952043026606615, 
            1.004015597918163
        ], 
        "ggWW_B2": [
            1.0092410139216466, 
            0.9927273402892216
        ], 
        "ggWW_B3": [
            1.0031270115676427, 
            0.9975036156108852
        ], 
        "ggWW_B0": [
            1.0172012526964085, 
            0.9862491683488228
        ], 
        "ggWW_B1": [
            1.0176462378433766, 
            0.9859354229347905
        ], 
        "WW_B6": [
            0.998723023995448, 
            1.000898719193866
        ], 
        "WW_B7": [
            0.997729430319799, 
            1.001689347736716
        ], 
        "WW_B4": [
            1.0003776109689504, 
            0.999749448953782
        ], 
        "WW_B5": [
            0.9992328736270355, 
            1.0006304387080576
        ], 
        "WW_B2": [
            1.0007760270636121, 
            0.9994966461650546
        ], 
        "WW_B3": [
            0.9994368457085705, 
            1.0003509324460178
        ], 
        "WW_B0": [
            1.001179837211952, 
            0.9991966148632018
        ], 
        "WW_B1": [
            1.0009194744289198, 
            0.999384286779371
        ]
    }, 
    "PS_FSR": {
        "ggWW_B6": [
            1.0011442913800253, 
            0.9994930625119381
        ], 
        "ggWW_B7": [
            1.0014566004845524, 
            0.9993936196762567
        ], 
        "ggWW_B4": [
            1.0005634475187322, 
            1.000558779568042
        ], 
        "ggWW_B5": [
            0.9990059056552021, 
            1.0005231895222249
        ], 
        "ggWW_B2": [
            0.9978097861826286, 
            1.0009945887327565
        ], 
        "ggWW_B3": [
            1.001315245075473, 
            1.0000726161314795
        ], 
        "ggWW_B0": [
            1.0013781452468682, 
            0.9991799846021626
        ], 
        "ggWW_B1": [
            0.9988185390382665, 
            1.000672445547944
        ], 
        "WW_B6": [
            0.9992563697706102, 
            0.9999139253328866
        ], 
        "WW_B7": [
            1.0017802225911454, 
            0.9996142567721853
        ], 
        "WW_B4": [
            1.0057776553216913, 
            0.9980908228344679
        ], 
        "WW_B5": [
            1.0029160896284222, 
            0.9987761632705506
        ], 
        "WW_B2": [
            0.9966919252948745, 
            1.0003950686513672
        ], 
        "WW_B3": [
            0.9990176089217052, 
            0.999836940135176
        ], 
        "WW_B0": [
            1.0018480107170722, 
            0.9986873380361817
        ], 
        "WW_B1": [
            0.9999504920611388, 
            1.0008741727247863
        ]
    }, 
    "QCDscale_WW": {
        "ggWW_B6": [
            1.0, 
            1.0
        ], 
        "ggWW_B7": [
            1.0, 
            1.0
        ], 
        "ggWW_B4": [
            1.0, 
            1.0
        ], 
        "ggWW_B5": [
            1.0, 
            1.0
        ], 
        "ggWW_B2": [
            1.0, 
            1.0
        ], 
        "ggWW_B3": [
            1.0, 
            1.0
        ], 
        "ggWW_B0": [
            1.0, 
            1.0
        ], 
        "ggWW_B1": [
            1.0, 
            1.0
        ], 
        "WW_B6": [
            0.9815097944020515, 
            1.0139432088657672
        ], 
        "WW_B7": [
            0.9632791379007616, 
            1.0313308004044035
        ], 
        "WW_B4": [
            0.9884662382881785, 
            1.0074400579924858
        ], 
        "WW_B5": [
            0.9855683387793251, 
            1.010132284099322
        ], 
        "WW_B2": [
            0.992380958260455, 
            1.0038316200048594
        ], 
        "WW_B3": [
            0.9904522164519796, 
            1.0055545373141963
        ], 
        "WW_B0": [
            0.996014739805244, 
            1.0004384558647021
        ], 
        "WW_B1": [
            0.9938431063202261, 
            1.0024232623695783
        ]
    }, 
    "CMS_hww_WWresum": {
        "WW_B6": [
            0.9824215242145617, 
            1.0533592348788028
        ], 
        "WW_B7": [
            0.9851116998937814, 
            1.0414768827250593
        ], 
        "WW_B4": [
            0.9846064209800909, 
            1.0540184457064348
        ], 
        "WW_B5": [
            0.9833255689346784, 
            1.0543751486501247
        ], 
        "WW_B2": [
            0.9878481874681012, 
            1.0510689387000165
        ], 
        "WW_B3": [
            0.9854303566693995, 
            1.0539799111778203
        ], 
        "WW_B0": [
            0.9925415716582571, 
            1.0440119982576035
        ], 
        "WW_B1": [
            0.9899702510282644, 
            1.0481627714004023
        ]
    }, 
    "CMS_hww_WWqscale": {
        "WW_B6": [
            1.0224184325366727, 
            0.9775173808026308
        ], 
        "WW_B7": [
            1.0390365478148784, 
            0.9565114316157292
        ], 
        "WW_B4": [
            1.0088818293108686, 
            0.9931386688250085
        ], 
        "WW_B5": [
            1.0147897651848337, 
            0.9863318476088128
        ], 
        "WW_B2": [
            0.9995469520476371, 
            1.0041184643151084
        ], 
        "WW_B3": [
            1.004842072058844, 
            0.9979712805977831
        ], 
        "WW_B0": [
            0.9923394400665192, 
            1.012373477513325
        ], 
        "WW_B1": [
            0.995712362124068, 
            1.0086056345223564
        ]
    }, 
    "pdf_WW": {
        "WW_B6": [
            0.9905301517109748, 
            1.009652666870726
        ], 
        "WW_B7": [
            0.9886900961936648, 
            1.0115716523563976
        ], 
        "WW_B4": [
            0.9899105394450827, 
            1.0102972479081034
        ], 
        "WW_B5": [
            0.9903423387711542, 
            1.0098478761318561
        ], 
        "WW_B2": [
            0.9887781468667204, 
            1.01147949555971
        ], 
        "WW_B3": [
            0.9892910387370555, 
            1.0109433449778544
        ], 
        "WW_B0": [
            0.9867985227457198, 
            1.0135594877936553
        ], 
        "WW_B1": [
            0.9882124144930584, 
            1.0120721894374411
        ]
    }
}