{
    "PS_ISR": {
        "ggWW_B6": [
            0.9905266569592157, 
            1.007765972191828
        ], 
        "ggWW_B7": [
            0.9863478331460399, 
            1.0111502426110062
        ], 
        "ggWW_B4": [
            0.998491319403488, 
            1.0012583029812963
        ], 
        "ggWW_B5": [
            0.9945470604318873, 
            1.0044741551312935
        ], 
        "ggWW_B2": [
            1.0092855553235953, 
            0.992708942301861
        ], 
        "ggWW_B3": [
            1.0028417760006887, 
            0.9977983048346717
        ], 
        "ggWW_B0": [
            1.0169185192997572, 
            0.9864817995389726
        ], 
        "ggWW_B1": [
            1.0177784272991106, 
            0.9858267901581266
        ], 
        "WW_B6": [
            0.9989468148459455, 
            1.0007167936207633
        ], 
        "WW_B7": [
            0.9978000431519756, 
            1.0017025291935888
        ], 
        "WW_B4": [
            1.0004123732943637, 
            0.999706289303311
        ], 
        "WW_B5": [
            0.9989943924798389, 
            1.0007856337313223
        ], 
        "WW_B2": [
            1.000447446303359, 
            0.9997046457716124
        ], 
        "WW_B3": [
            0.9996262004570378, 
            1.0002608720145205
        ], 
        "WW_B0": [
            1.00124044017575, 
            0.9991460061987689
        ], 
        "WW_B1": [
            1.000888083967789, 
            0.999337493120453
        ]
    }, 
    "PS_FSR": {
        "ggWW_B6": [
            1.0007411924775442, 
            0.9998055688134068
        ], 
        "ggWW_B7": [
            1.0000280850879926, 
            0.9998282448234902
        ], 
        "ggWW_B4": [
            1.0002666721310642, 
            1.0001232444139758
        ], 
        "ggWW_B5": [
            0.9996812036690831, 
            0.9999498403658087
        ], 
        "ggWW_B2": [
            1.0003497482099055, 
            0.9999071535854085
        ], 
        "ggWW_B3": [
            1.0002310256445404, 
            0.9997321490795714
        ], 
        "ggWW_B0": [
            0.9999254418404082, 
            1.0000858520014984
        ], 
        "ggWW_B1": [
            0.9995410836943862, 
            1.0002432234398189
        ], 
        "WW_B6": [
            0.9974225722066644, 
            1.0006325622001908
        ], 
        "WW_B7": [
            1.0019945906337326, 
            0.9993176850860769
        ], 
        "WW_B4": [
            1.0021883017252435, 
            0.9991853089960594
        ], 
        "WW_B5": [
            1.001624885008523, 
            0.9990368957802467
        ], 
        "WW_B2": [
            0.9968088244173865, 
            1.000946343220466
        ], 
        "WW_B3": [
            1.0014067821456465, 
            0.9992798728931604
        ], 
        "WW_B0": [
            1.0007550853977292, 
            0.9990463401149522
        ], 
        "WW_B1": [
            1.00026816031685, 
            1.0002584562162233
        ]
    }, 
    "QCDscale_WW": {
        "ggWW_B6": [
            1.0, 
            1.0
        ], 
        "ggWW_B7": [
            1.0, 
            1.0
        ], 
        "ggWW_B4": [
            1.0, 
            1.0
        ], 
        "ggWW_B5": [
            1.0, 
            1.0
        ], 
        "ggWW_B2": [
            1.0, 
            1.0
        ], 
        "ggWW_B3": [
            1.0, 
            1.0
        ], 
        "ggWW_B0": [
            1.0, 
            1.0
        ], 
        "ggWW_B1": [
            1.0, 
            1.0
        ], 
        "WW_B6": [
            0.9811456661375492, 
            1.0142887547232782
        ], 
        "WW_B7": [
            0.9634350517572483, 
            1.0311767827385878
        ], 
        "WW_B4": [
            0.9887443686135605, 
            1.0071543879554419
        ], 
        "WW_B5": [
            0.9855887614107873, 
            1.0100920407745337
        ], 
        "WW_B2": [
            0.9925019945830587, 
            1.0036928933788445
        ], 
        "WW_B3": [
            0.9904029568777236, 
            1.0055958261868725
        ], 
        "WW_B0": [
            0.9959038622495808, 
            1.0005580662490754
        ], 
        "WW_B1": [
            0.9937212042380338, 
            1.0025370777345648
        ]
    }, 
    "CMS_hww_WWresum": {
        "WW_B6": [
            0.9826186496892098, 
            1.0529796259781765
        ], 
        "WW_B7": [
            0.9850674303925249, 
            1.0415978981377634
        ], 
        "WW_B4": [
            0.9845176995744919, 
            1.0541927784942784
        ], 
        "WW_B5": [
            0.9832502793013239, 
            1.0544829037463241
        ], 
        "WW_B2": [
            0.9875973945519061, 
            1.0515230998457934
        ], 
        "WW_B3": [
            0.9856973229408649, 
            1.0534784543910862
        ], 
        "WW_B0": [
            0.9926290146963718, 
            1.0438622700563724
        ], 
        "WW_B1": [
            0.990227042805655, 
            1.0476127856525141
        ]
    }, 
    "CMS_hww_WWqscale": {
        "WW_B6": [
            1.0222463703826556, 
            0.9776292920596613
        ], 
        "WW_B7": [
            1.0390128514167345, 
            0.9565641475297096
        ], 
        "WW_B4": [
            1.0090155861247527, 
            0.9930807211705466
        ], 
        "WW_B5": [
            1.0149493570595987, 
            0.9861614455360365
        ], 
        "WW_B2": [
            0.999766002621153, 
            1.0038579855588683
        ], 
        "WW_B3": [
            1.0046596430027195, 
            0.9981150505960865
        ], 
        "WW_B0": [
            0.9923728286074339, 
            1.0123436226724454
        ], 
        "WW_B1": [
            0.995638924710104, 
            1.008648489795721
        ]
    }, 
    "pdf_WW": {
        "WW_B6": [
            0.990481628637567, 
            1.0097030865242318
        ], 
        "WW_B7": [
            0.9887073791445317, 
            1.0115535608191917
        ], 
        "WW_B4": [
            0.9898090088890874, 
            1.0104030253894538
        ], 
        "WW_B5": [
            0.9902809140568698, 
            1.0099117522877943
        ], 
        "WW_B2": [
            0.9887773691095968, 
            1.011480309441134
        ], 
        "WW_B3": [
            0.9892981695126658, 
            1.0109358987567776
        ], 
        "WW_B0": [
            0.9868495043639341, 
            1.0135057091752067
        ], 
        "WW_B1": [
            0.9881254205487393, 
            1.0121634511862865
        ]
    }
}