{
    "PS_ISR": {
        "ggWW_B6": [
            0.9905266569592156, 
            1.0077659721918275
        ], 
        "ggWW_B7": [
            0.9863478331460399, 
            1.0111502426110062
        ], 
        "ggWW_B4": [
            0.998491319403488, 
            1.0012583029812963
        ], 
        "ggWW_B5": [
            0.9945470604318875, 
            1.0044741551312932
        ], 
        "ggWW_B2": [
            1.009285555323595, 
            0.992708942301861
        ], 
        "ggWW_B3": [
            1.0028417760006885, 
            0.9977983048346715
        ], 
        "ggWW_B0": [
            1.0169185192997574, 
            0.9864817995389724
        ], 
        "ggWW_B1": [
            1.0177784272991106, 
            0.9858267901581266
        ], 
        "WW_B6": [
            0.9989468148459454, 
            1.0007167936207633
        ], 
        "WW_B7": [
            0.9978000431519756, 
            1.0017025291935886
        ], 
        "WW_B4": [
            1.0004123732943637, 
            0.999706289303311
        ], 
        "WW_B5": [
            0.998994392479839, 
            1.0007856337313223
        ], 
        "WW_B2": [
            1.000447446303359, 
            0.9997046457716124
        ], 
        "WW_B3": [
            0.9996262004570378, 
            1.0002608720145203
        ], 
        "WW_B0": [
            1.0012404401757502, 
            0.9991460061987691
        ], 
        "WW_B1": [
            1.000888083967789, 
            0.999337493120453
        ]
    }, 
    "PS_FSR": {
        "ggWW_B6": [
            1.000741192477544, 
            0.9998055688134063
        ], 
        "ggWW_B7": [
            1.0000280850879926, 
            0.9998282448234902
        ], 
        "ggWW_B4": [
            1.0002666721310642, 
            1.0001232444139758
        ], 
        "ggWW_B5": [
            0.9996812036690831, 
            0.9999498403658087
        ], 
        "ggWW_B2": [
            1.0003497482099055, 
            0.9999071535854083
        ], 
        "ggWW_B3": [
            1.0002310256445401, 
            0.9997321490795712
        ], 
        "ggWW_B0": [
            0.9999254418404082, 
            1.0000858520014984
        ], 
        "ggWW_B1": [
            0.9995410836943862, 
            1.0002432234398186
        ], 
        "WW_B6": [
            0.9974225722066643, 
            1.0006325622001908
        ], 
        "WW_B7": [
            1.0019945906337326, 
            0.9993176850860769
        ], 
        "WW_B4": [
            1.0021883017252435, 
            0.9991853089960594
        ], 
        "WW_B5": [
            1.0016248850085232, 
            0.9990368957802467
        ], 
        "WW_B2": [
            0.9968088244173865, 
            1.0009463432204657
        ], 
        "WW_B3": [
            1.0014067821456465, 
            0.9992798728931603
        ], 
        "WW_B0": [
            1.0007550853977292, 
            0.9990463401149522
        ], 
        "WW_B1": [
            1.00026816031685, 
            1.0002584562162233
        ]
    }, 
    "QCDscale_WW": {
        "ggWW_B6": [
            1.0, 
            1.0
        ], 
        "ggWW_B7": [
            1.0, 
            1.0
        ], 
        "ggWW_B4": [
            1.0, 
            1.0
        ], 
        "ggWW_B5": [
            1.0, 
            1.0
        ], 
        "ggWW_B2": [
            1.0, 
            1.0
        ], 
        "ggWW_B3": [
            1.0, 
            1.0
        ], 
        "ggWW_B0": [
            1.0, 
            1.0
        ], 
        "ggWW_B1": [
            1.0, 
            1.0
        ], 
        "WW_B6": [
            0.981145666137549, 
            1.014288754723278
        ], 
        "WW_B7": [
            0.9634350517572483, 
            1.0311767827385878
        ], 
        "WW_B4": [
            0.9887443686135606, 
            1.0071543879554419
        ], 
        "WW_B5": [
            0.9855887614107873, 
            1.0100920407745337
        ], 
        "WW_B2": [
            0.9925019945830589, 
            1.0036928933788447
        ], 
        "WW_B3": [
            0.9904029568777236, 
            1.0055958261868725
        ], 
        "WW_B0": [
            0.9959038622495808, 
            1.0005580662490752
        ], 
        "WW_B1": [
            0.9937212042380338, 
            1.0025370777345648
        ]
    }, 
    "CMS_hww_WWresum": {
        "WW_B6": [
            0.9826186496892098, 
            1.052979625978176
        ], 
        "WW_B7": [
            0.9850674303925249, 
            1.0415978981377636
        ], 
        "WW_B4": [
            0.9845176995744918, 
            1.0541927784942784
        ], 
        "WW_B5": [
            0.9832502793013239, 
            1.0544829037463241
        ], 
        "WW_B2": [
            0.9875973945519063, 
            1.0515230998457934
        ], 
        "WW_B3": [
            0.9856973229408647, 
            1.0534784543910862
        ], 
        "WW_B0": [
            0.9926290146963719, 
            1.0438622700563729
        ], 
        "WW_B1": [
            0.990227042805655, 
            1.0476127856525141
        ]
    }, 
    "CMS_hww_WWqscale": {
        "WW_B6": [
            1.0222463703826554, 
            0.9776292920596612
        ], 
        "WW_B7": [
            1.0390128514167343, 
            0.9565641475297098
        ], 
        "WW_B4": [
            1.0090155861247527, 
            0.9930807211705465
        ], 
        "WW_B5": [
            1.0149493570595987, 
            0.9861614455360365
        ], 
        "WW_B2": [
            0.999766002621153, 
            1.003857985558868
        ], 
        "WW_B3": [
            1.0046596430027195, 
            0.9981150505960865
        ], 
        "WW_B0": [
            0.9923728286074338, 
            1.0123436226724454
        ], 
        "WW_B1": [
            0.995638924710104, 
            1.008648489795721
        ]
    }, 
    "pdf_WW": {
        "WW_B6": [
            0.9904816286375671, 
            1.0097030865242318
        ], 
        "WW_B7": [
            0.9887073791445317, 
            1.0115535608191917
        ], 
        "WW_B4": [
            0.9898090088890874, 
            1.0104030253894538
        ], 
        "WW_B5": [
            0.9902809140568698, 
            1.0099117522877943
        ], 
        "WW_B2": [
            0.9887773691095968, 
            1.0114803094411338
        ], 
        "WW_B3": [
            0.9892981695126658, 
            1.0109358987567776
        ], 
        "WW_B0": [
            0.986849504363934, 
            1.0135057091752069
        ], 
        "WW_B1": [
            0.9881254205487395, 
            1.0121634511862867
        ]
    }
}