{
    "PS_ISR": {
        "ggWW_B6": [
            0.9905266569594049, 
            1.0077659721920267
        ], 
        "ggWW_B7": [
            0.9863478331456141, 
            1.0111502426105718
        ], 
        "ggWW_B4": [
            0.9984913194035859, 
            1.0012583029813933
        ], 
        "ggWW_B5": [
            0.9945470604323283, 
            1.0044741551317395
        ], 
        "ggWW_B2": [
            1.0092855553238709, 
            0.9927089423021367
        ], 
        "ggWW_B3": [
            1.0028417760008723, 
            0.9977983048348538
        ], 
        "ggWW_B0": [
            1.0169185192998476, 
            0.9864817995390582
        ], 
        "ggWW_B1": [
            1.0177784272994168, 
            0.9858267901584273
        ], 
        "WW_B6": [
            0.9989468148459483, 
            1.0007167936207648
        ], 
        "WW_B7": [
            0.9978000431519862, 
            1.0017025291935986
        ], 
        "WW_B4": [
            1.000412373294365, 
            0.9997062893033131
        ], 
        "WW_B5": [
            0.9989943924798382, 
            1.0007856337313226
        ], 
        "WW_B2": [
            1.0004474463033586, 
            0.9997046457716124
        ], 
        "WW_B3": [
            0.9996262004570369, 
            1.0002608720145194
        ], 
        "WW_B0": [
            1.0012404401757495, 
            0.9991460061987679
        ], 
        "WW_B1": [
            1.0008880839677887, 
            0.9993374931204523
        ]
    }, 
    "PS_FSR": {
        "ggWW_B6": [
            1.000741192477739, 
            0.9998055688136058
        ], 
        "ggWW_B7": [
            1.0000280850875678, 
            0.9998282448230565
        ], 
        "ggWW_B4": [
            1.0002666721311617, 
            1.0001232444140749
        ], 
        "ggWW_B5": [
            0.999681203669526, 
            0.9999498403662458
        ], 
        "ggWW_B2": [
            1.0003497482101822, 
            0.9999071535856823
        ], 
        "ggWW_B3": [
            1.000231025644721, 
            0.9997321490797537
        ], 
        "ggWW_B0": [
            0.9999254418404913, 
            1.0000858520015876
        ], 
        "ggWW_B1": [
            0.9995410836946906, 
            1.0002432234401233
        ], 
        "WW_B6": [
            0.9974225722066655, 
            1.000632562200193
        ], 
        "WW_B7": [
            1.0019945906337395, 
            0.9993176850860848
        ], 
        "WW_B4": [
            1.0021883017252449, 
            0.9991853089960612
        ], 
        "WW_B5": [
            1.0016248850085232, 
            0.9990368957802455
        ], 
        "WW_B2": [
            0.996808824417386, 
            1.000946343220468
        ], 
        "WW_B3": [
            1.0014067821456483, 
            0.9992798728931633
        ], 
        "WW_B0": [
            1.0007550853977278, 
            0.9990463401149484
        ], 
        "WW_B1": [
            1.0002681603168497, 
            1.0002584562162233
        ]
    }, 
    "QCDscale_WW": {
        "ggWW_B6": [
            1.0, 
            1.0
        ], 
        "ggWW_B7": [
            1.0, 
            1.0
        ], 
        "ggWW_B4": [
            1.0, 
            1.0
        ], 
        "ggWW_B5": [
            1.0, 
            1.0
        ], 
        "ggWW_B2": [
            1.0, 
            1.0
        ], 
        "ggWW_B3": [
            1.0, 
            1.0
        ], 
        "ggWW_B0": [
            1.0, 
            1.0
        ], 
        "ggWW_B1": [
            1.0, 
            1.0
        ], 
        "WW_B6": [
            0.9811456661375508, 
            1.0142887547232773
        ], 
        "WW_B7": [
            0.9634350517572576, 
            1.0311767827385976
        ], 
        "WW_B4": [
            0.9887443686135616, 
            1.0071543879554428
        ], 
        "WW_B5": [
            0.985588761410788, 
            1.0100920407745324
        ], 
        "WW_B2": [
            0.9925019945830612, 
            1.0036928933788474
        ], 
        "WW_B3": [
            0.9904029568777235, 
            1.0055958261868738
        ], 
        "WW_B0": [
            0.9959038622495768, 
            1.0005580662490723
        ], 
        "WW_B1": [
            0.993721204238033, 
            1.0025370777345661
        ]
    }, 
    "CMS_hww_WWresum": {
        "WW_B6": [
            0.9826186496892099, 
            1.0529796259781758
        ], 
        "WW_B7": [
            0.9850674303925239, 
            1.041597898137762
        ], 
        "WW_B4": [
            0.984517699574493, 
            1.0541927784942786
        ], 
        "WW_B5": [
            0.9832502793013226, 
            1.0544829037463221
        ], 
        "WW_B2": [
            0.9875973945519079, 
            1.0515230998457945
        ], 
        "WW_B3": [
            0.9856973229408647, 
            1.053478454391087
        ], 
        "WW_B0": [
            0.9926290146963711, 
            1.0438622700563698
        ], 
        "WW_B1": [
            0.9902270428056527, 
            1.0476127856525133
        ]
    }, 
    "CMS_hww_WWqscale": {
        "WW_B6": [
            1.022246370382658, 
            0.9776292920596613
        ], 
        "WW_B7": [
            1.0390128514167358, 
            0.9565641475297166
        ], 
        "WW_B4": [
            1.0090155861247536, 
            0.9930807211705461
        ], 
        "WW_B5": [
            1.0149493570595989, 
            0.9861614455360368
        ], 
        "WW_B2": [
            0.9997660026211548, 
            1.003857985558869
        ], 
        "WW_B3": [
            1.004659643002719, 
            0.998115050596088
        ], 
        "WW_B0": [
            0.9923728286074306, 
            1.0123436226724443
        ], 
        "WW_B1": [
            0.9956389247101052, 
            1.0086484897957209
        ]
    }, 
    "pdf_WW": {
        "WW_B6": [
            0.9906638843423092, 
            1.0095137587619731
        ], 
        "WW_B7": [
            0.9892240990668204, 
            1.0110132564541836
        ], 
        "WW_B4": [
            0.9899210196477412, 
            1.0102863318249804
        ], 
        "WW_B5": [
            0.9904198861331938, 
            1.0097672567300873
        ], 
        "WW_B2": [
            0.9888509880893753, 
            1.0114032825771708
        ], 
        "WW_B3": [
            0.9894010463390092, 
            1.0108284950964825
        ], 
        "WW_B0": [
            0.9868829825124905, 
            1.0134704004438817
        ], 
        "WW_B1": [
            0.9881823399985894, 
            1.0121037356671327
        ]
    }
}