{
    "QCDscale_WW": {
        "WW_B12": [
            0.905917802239222, 
            1.0895326175797018
        ], 
        "WW_B10": [
            0.9419432016230626, 
            1.0529324599065306
        ], 
        "WW_B11": [
            0.9290948020597566, 
            1.0657961401768759
        ], 
        "WW_B8": [
            0.9725910733846153, 
            1.0227040527202365
        ], 
        "WW_B9": [
            0.9584516707653399, 
            1.0366781351525247
        ], 
        "WW_B6": [
            0.9872723462984508, 
            1.0081312075787412
        ], 
        "WW_B7": [
            0.9816461319272783, 
            1.0138348455154917
        ], 
        "WW_B4": [
            0.9921464354269667, 
            1.0036733105637314
        ], 
        "WW_B5": [
            0.990567345651277, 
            1.0052215241859417
        ], 
        "WW_B2": [
            0.9944242217971395, 
            1.0014508992245028
        ], 
        "WW_B3": [
            0.9938094151177828, 
            1.0020608950353758
        ], 
        "WW_B0": [
            0.9957888743376493, 
            1.000243880442643
        ], 
        "WW_B1": [
            0.9950851721007761, 
            1.0008101262606852
        ]
    }, 
    "PS_FSR": {
        "ggWW_B10": [
            1.0075818945303348, 
            0.9850840089077916, 
            1.0014328057303687, 
            1.0265151664361634, 
            0.9980412898536553, 
            1.026245577432684, 
            0.9992461966854618, 
            0.9368989194150905
        ], 
        "ggWW_B11": [
            1.027757545472571, 
            0.9923099704239124, 
            1.0108388389772276, 
            0.9773562505265277, 
            0.9917307659718976, 
            1.0737821477319638, 
            0.9725656101732008, 
            0.9214060779353628
        ], 
        "ggWW_B12": [
            0.9990255053306113, 
            0.9842443077886792, 
            1.0326164144828025, 
            0.9912869312743261, 
            0.8510892646705236, 
            0.957697389168632, 
            0.9893542060093324, 
            1.1075918640838018
        ], 
        "ggWW_B6": [
            0.9949245405249324, 
            1.008431846527542, 
            1.023313921312859, 
            0.9862900510679026, 
            1.0085389204031092, 
            0.9889364324252169, 
            0.9553510007068937, 
            0.9896036093894482
        ], 
        "ggWW_B7": [
            0.9954185572212657, 
            1.0059299983386731, 
            1.0185615322329458, 
            1.008285315455376, 
            1.006834027314296, 
            0.9941127481670072, 
            0.9755684806220136, 
            0.9142961029979803
        ], 
        "ggWW_B4": [
            0.9958733759899246, 
            1.0064819864682053, 
            1.0163654838944722, 
            0.9919764376787962, 
            1.0070820156581013, 
            0.987746779219065, 
            0.9831835028805803, 
            0.9811784743964996
        ], 
        "ggWW_B5": [
            0.992587351469037, 
            1.0096207590983317, 
            1.028822323313261, 
            1.0477650305181772, 
            1.0102659480159188, 
            0.9785549498325935, 
            0.9839996002842287, 
            0.9788515920881002
        ], 
        "ggWW_B2": [
            0.9916635467989091, 
            1.0129581878334504, 
            1.0239489728504194, 
            0.9943091284822789, 
            1.021006411631965, 
            0.967985325284931, 
            0.95066830796419, 
            0.9527412729068258
        ], 
        "ggWW_B3": [
            0.9930147086063862, 
            1.0078446009347772, 
            1.0385026951116199, 
            0.9824325976441128, 
            1.015430331529484, 
            0.9751403153411604, 
            0.9418602144912538, 
            1.0579627610703561
        ], 
        "ggWW_B0": [
            0.9926381225699149, 
            1.0123798429018438, 
            1.0088305729645597, 
            1.0098146025341028, 
            1.0074181042537425, 
            0.9918691814810536, 
            0.9867051757850707, 
            0.9327258274257809
        ], 
        "ggWW_B1": [
            0.9903292952573579, 
            1.0112692387470776, 
            1.03545058055689, 
            1.0160791806918235, 
            1.0213452902979978, 
            0.9759642013738828, 
            0.9216036112946495, 
            0.9478718495957313
        ], 
        "ggWW_B8": [
            0.9896959361820862, 
            1.0065574889398645, 
            1.0226818772699062, 
            1.0170558720702292, 
            1.017539531382672, 
            0.9919114065900205, 
            0.9608240101749045, 
            0.9256123349595713
        ], 
        "ggWW_B9": [
            0.97982484929529, 
            1.0026710067495117, 
            1.018232819897708, 
            1.0019648307844187, 
            1.0369524664719745, 
            1.0002711666346993, 
            0.9634878549373346, 
            0.9650194712424633
        ], 
        "ggWW_nonfid": [
            0.9933946179668844, 
            1.0075106847217514, 
            1.018440850232124, 
            1.018561025902185, 
            1.0110578913564614, 
            0.9881757684119075, 
            0.9710204547173188, 
            0.9637996933204865
        ], 
        "WW_B10": [
            0.9883133853472023, 
            1.0027071898508975, 
            1.0017908306583312, 
            0.9947310385042664, 
            1.0201369129417293, 
            0.9967071629278353, 
            0.9956026010672369, 
            1.0082330750957167
        ], 
        "WW_B11": [
            0.9733412772360096, 
            0.9897872603059462, 
            1.0103446022823337, 
            1.0064728748380023, 
            1.0605265515682172, 
            1.0233027844514395, 
            0.9817423039421092, 
            0.9775987204475559
        ], 
        "WW_B12": [
            1.0281377694507103, 
            1.003954663491491, 
            0.9901334333612359, 
            1.0037980394597108, 
            0.9745345212145513, 
            1.0095478216725653, 
            1.0003401994611083, 
            0.9937653205562321
        ], 
        "WW_B8": [
            0.9907914555337343, 
            1.0037238934250492, 
            1.0078343632072784, 
            1.003751992418507, 
            1.0162435345807814, 
            0.9948040577207322, 
            0.9830577318028948, 
            0.9905839115326568
        ], 
        "WW_B9": [
            0.9964589891307417, 
            0.9983216346275797, 
            1.0029646196666597, 
            1.004973222521289, 
            1.0014429894532313, 
            1.005144067645869, 
            0.9997506151291796, 
            0.9737036552811911
        ], 
        "WW_B6": [
            0.9958203187552075, 
            1.0059145053070428, 
            1.0162001173005257, 
            1.0047522074173352, 
            1.0059231536175144, 
            0.9937852155211478, 
            0.9701481335103068, 
            0.9884718320738483
        ], 
        "WW_B7": [
            0.9953846373015834, 
            1.0050494985168699, 
            1.0082082724179553, 
            1.002889058149984, 
            1.006297075843277, 
            0.9917557689845022, 
            0.9921461893710444, 
            1.0006135168387569
        ], 
        "WW_B4": [
            0.998257483200413, 
            1.0056218745286538, 
            1.0021573097631196, 
            0.9940533357540036, 
            1.0034079239820912, 
            0.9941481905192956, 
            0.981062173999441, 
            0.9842936013402744
        ],