{
    "ww2l2v_13TeV_sr_2j_B5": {
        "Vg": {
            "Wg": 0.7965023030976466, 
            "Zg": 0.09036211321105396, 
            "ZgS": 0.0, 
            "WgS": 0.11313558369129936
        }, 
        "Higgs": {
            "qqH_htt": 0.004954820727917653, 
            "qqH_hww": 0.10525826374814685, 
            "ggZH_hww": 0.03497610330178964, 
            "WH_htt": 0.019671355786421027, 
            "ggH_htt": 0.0512082160811394, 
            "WH_hww": 0.09917308177466783, 
            "ggH_hww": 0.4696595366730803, 
            "ttH_hww": 0.1658791229536354, 
            "ZH_htt": 0.006081488139509209, 
            "ZH_hww": 0.043138010813692534
        }
    }, 
    "ww2l2v_13TeV_sr_2j_B4": {
        "Vg": {
            "Wg": 0.6425035898003684, 
            "Zg": 0.06655771250783243, 
            "ZgS": 0.0163899046661502, 
            "WgS": 0.2745487930256489
        }, 
        "Higgs": {
            "qqH_htt": 0.002226164105469505, 
            "qqH_hww": 0.14348165649533215, 
            "ggZH_hww": 0.02741180700956203, 
            "WH_htt": 0.015024737639403443, 
            "ggH_htt": -0.003315973489871187, 
            "WH_hww": 0.11731122270107479, 
            "ggH_hww": 0.5129319021567552, 
            "ttH_hww": 0.13392255266280473, 
            "ZH_htt": 0.004247089402763451, 
            "ZH_hww": 0.046758841316706025
        }
    }, 
    "ww2l2v_13TeV_sr_2j_B1": {
        "Vg": {
            "Wg": 0.5743894987558253, 
            "Zg": 0.060510335102071114, 
            "ZgS": 0.04409023028257059, 
            "WgS": 0.3210099358595328
        }, 
        "Higgs": {
            "qqH_htt": 0.0027441612534650738, 
            "qqH_hww": 0.11486861199783993, 
            "ggZH_hww": 0.010814766420419468, 
            "WH_htt": 0.01469865528320332, 
            "ggH_htt": 0.017670182205926553, 
            "WH_hww": 0.1276714758106653, 
            "ggH_hww": 0.6223101098196198, 
            "ttH_hww": 0.03821605917763112, 
            "ZH_htt": 0.0035005946562699283, 
            "ZH_hww": 0.04750538337495961
        }
    }, 
    "ww2l2v_13TeV_sr_2j_B0": {
        "Vg": {
            "Wg": 0.5907837806013476, 
            "Zg": 0.06992668758862629, 
            "ZgS": 0.04962626144688678, 
            "WgS": 0.2896632703631393
        }, 
        "Higgs": {
            "qqH_htt": 0.0012889183364051936, 
            "qqH_hww": 0.09324972178642814, 
            "ggZH_hww": 0.006261264947203476, 
            "WH_htt": 0.014394418114129401, 
            "ggH_htt": 0.012454481094661839, 
            "WH_hww": 0.12554879435440966, 
            "ggH_hww": 0.6883064192910421, 
            "ttH_hww": 0.01642811410953344, 
            "ZH_htt": 0.0035330597890683595, 
            "ZH_hww": 0.038534808177118414
        }
    }, 
    "ww2l2v_13TeV_sr_2j_B3": {
        "Vg": {
            "Wg": 0.624417856752917, 
            "Zg": 0.012516564016732375, 
            "ZgS": 0.057576161981408955, 
            "WgS": 0.30548941724894163
        }, 
        "Higgs": {
            "qqH_htt": 0.00334486292302634, 
            "qqH_hww": 0.14855658895225413, 
            "ggZH_hww": 0.02160544007712133, 
            "WH_htt": 0.014805548254404603, 
            "ggH_htt": 0.019852710722581008, 
            "WH_hww": 0.11951673219206191, 
            "ggH_hww": 0.5155911672820981, 
            "ttH_hww": 0.10708452885334842, 
            "ZH_htt": 0.004386194444569303, 
            "ZH_hww": 0.04525622629853488
        }
    }, 
    "ww2l2v_13TeV_sr_2j_B2": {
        "Vg": {
            "Wg": 0.6891276197760723, 
            "Zg": 0.06862408085455293, 
            "ZgS": 0.032015163070781616, 
            "WgS": 0.2102331362985931
        }, 
        "Higgs": {
            "qqH_htt": 0.002420859039497463, 
            "qqH_hww": 0.13986512185459957, 
            "ggZH_hww": 0.017257196771824725, 
            "WH_htt": 0.015134120962457864, 
            "ggH_htt": 0.019173582665083226, 
            "WH_hww": 0.12635386064267348, 
            "ggH_hww": 0.5534987764073986, 
            "ttH_hww": 0.07347385119625997, 
            "ZH_htt": 0.003819251785342293, 
            "ZH_hww": 0.04900337867486286
        }
    }, 
    "ww2l2v_13TeV_top_2j": {
        "Vg": {
            "Wg": 0.6382413889158575, 
            "Zg": 0.06977979980266154, 
            "ZgS": 0.027773241747869663, 
            "WgS": 0.26420556953361124
        }, 
        "Higgs": {
            "qqH_htt": 0.0052871199977626475, 
            "qqH_hww": 0.007325908798059531, 
            "ggZH_hww": 0.002765698510870765, 
            "WH_htt": 0.008740052218872623, 
            "ggH_htt": 0.017715625839331072, 
            "WH_hww": 0.019375048589516462, 
            "ggH_hww": 0.034800905946814197, 
            "ttH_hww": 0.888202636595779, 
            "ZH_htt": 0.006541068483596879, 
            "ZH_hww": 0.009245935019396691
        }
    }
}