{
    "ww2l2v_13TeV_sr_2j_B5": {
        "Vg": {
            "Wg": 0.900776710508745, 
            "Zg": 0.0627417984863582, 
            "ZgS": 0.0, 
            "WgS": 0.03648149100489684
        }, 
        "Higgs": {
            "qqH_htt": 0.0032838273929665734, 
            "qqH_hww": 0.10868369930639724, 
            "ggZH_hww": 0.03588475082097996, 
            "WH_htt": 0.01814785848830631, 
            "ggH_htt": 0.04809430524264932, 
            "WH_hww": 0.09867263880118893, 
            "ggH_hww": 0.4816359404812932, 
            "ttH_hww": 0.1600071899354528, 
            "ZH_htt": 0.0044605560004413345, 
            "ZH_hww": 0.04112923353032436
        }
    }, 
    "ww2l2v_13TeV_sr_2j_B4": {
        "Vg": {
            "Wg": 0.6424487674974195, 
            "Zg": 0.059448317215675776, 
            "ZgS": 0.03293771008519857, 
            "WgS": 0.26516520520170594
        }, 
        "Higgs": {
            "qqH_htt": 0.0007358890891107491, 
            "qqH_hww": 0.1463723808575792, 
            "ggZH_hww": 0.028046940637936765, 
            "WH_htt": 0.011358731978690485, 
            "ggH_htt": -0.0025705288422766598, 
            "WH_hww": 0.11574436309658237, 
            "ggH_hww": 0.5244387664888823, 
            "ttH_hww": 0.1258927239320529, 
            "ZH_htt": 0.0039631016962281985, 
            "ZH_hww": 0.04601763106521365
        }
    }, 
    "ww2l2v_13TeV_sr_2j_B1": {
        "Vg": {
            "Wg": 0.5363718069528896, 
            "Zg": 0.03417086538365642, 
            "ZgS": 0.02977311142808436, 
            "WgS": 0.39968421623536965
        }, 
        "Higgs": {
            "qqH_htt": 0.002277934465603892, 
            "qqH_hww": 0.11838439175506513, 
            "ggZH_hww": 0.011299403297273353, 
            "WH_htt": 0.012803590783633051, 
            "ggH_htt": 0.012592618040730688, 
            "WH_hww": 0.12657525102108438, 
            "ggH_hww": 0.6292924853779842, 
            "ttH_hww": 0.03635670224475057, 
            "ZH_htt": 0.0030500116485675647, 
            "ZH_hww": 0.047367611365307115
        }
    }, 
    "ww2l2v_13TeV_sr_2j_B0": {
        "Vg": {
            "Wg": 0.5160622803254163, 
            "Zg": 0.06272787985981987, 
            "ZgS": 0.036469075065997565, 
            "WgS": 0.3847407647487663
        }, 
        "Higgs": {
            "qqH_htt": 0.0009102469203529321, 
            "qqH_hww": 0.09422384059263761, 
            "ggZH_hww": 0.006485542876607844, 
            "WH_htt": 0.012808388559470186, 
            "ggH_htt": 0.012655230800175757, 
            "WH_hww": 0.12379988281221635, 
            "ggH_hww": 0.692029159670552, 
            "ttH_hww": 0.016290179899710103, 
            "ZH_htt": 0.0030307281717753274, 
            "ZH_hww": 0.037766799696501936
        }
    }, 
    "ww2l2v_13TeV_sr_2j_B3": {
        "Vg": {
            "Wg": 0.49395195455146157, 
            "Zg": -0.01861187518268325, 
            "ZgS": 0.0432129750654759, 
            "WgS": 0.4814469455657458
        }, 
        "Higgs": {
            "qqH_htt": 0.0028053714898718563, 
            "qqH_hww": 0.15379237616802005, 
            "ggZH_hww": 0.022221028635042127, 
            "WH_htt": 0.013188667185922029, 
            "ggH_htt": 0.014449207128183617, 
            "WH_hww": 0.12138511286591654, 
            "ggH_hww": 0.5153530173761212, 
            "ttH_hww": 0.10713426915232248, 
            "ZH_htt": 0.0036071306764475677, 
            "ZH_hww": 0.04606381932215243
        }
    }, 
    "ww2l2v_13TeV_sr_2j_B2": {
        "Vg": {
            "Wg": 0.6723223817909932, 
            "Zg": 0.04592318046317595, 
            "ZgS": 0.02140193493939062, 
            "WgS": 0.26035250280644023
        }, 
        "Higgs": {
            "qqH_htt": 0.0014358231692047213, 
            "qqH_hww": 0.14085211750412932, 
            "ggZH_hww": 0.01762466135568089, 
            "WH_htt": 0.012762611742684811, 
            "ggH_htt": 0.02400743965828976, 
            "WH_hww": 0.12313086461435252, 
            "ggH_hww": 0.5578519851281138, 
            "ttH_hww": 0.07096322757331161, 
            "ZH_htt": 0.0031257482070197198, 
            "ZH_hww": 0.04824552104721284
        }
    }, 
    "ww2l2v_13TeV_top_2j": {
        "Vg": {
            "Wg": 0.5602862759373075, 
            "Zg": 0.12868612542445063, 
            "ZgS": 0.008518409188158015, 
            "WgS": 0.3025091894500839
        }, 
        "Higgs": {
            "qqH_htt": 0.004171366454018588, 
            "qqH_hww": 0.0076177133873245075, 
            "ggZH_hww": 0.0028804843609850474, 
            "WH_htt": 0.00729517037231567, 
            "ggH_htt": 0.013870860057828923, 
            "WH_hww": 0.019271507650384337, 
            "ggH_hww": 0.035131518172349684, 
            "ttH_hww": 0.8953140366642914, 
            "ZH_htt": 0.005315662091388072, 
            "ZH_hww": 0.009131680789113803
        }
    }
}