{
    "PS_ISR": {
        "ggWW_B4": [
            0.8828947735129056, 
            1.1049543944942972
        ], 
        "ggWW_B5": [
            0.8865519018116423, 
            1.1044163468317403
        ], 
        "ggWW_B2": [
            0.8795722399594544, 
            1.114335776602764
        ], 
        "ggWW_B3": [
            0.878126844584031, 
            1.1132338609092296
        ], 
        "ggWW_B0": [
            0.8946512815219879, 
            1.0994635814773366
        ], 
        "ggWW_B1": [
            0.8853178811390415, 
            1.10907937121895
        ], 
        "WW_B4": [
            0.947328247509576, 
            1.0431710988874756
        ], 
        "WW_B5": [
            0.9492736918081135, 
            1.0436353438420163
        ], 
        "WW_B2": [
            0.9497646591556069, 
            1.044553778789041
        ], 
        "WW_B3": [
            0.9482945099750786, 
            1.044731290846988
        ], 
        "WW_B0": [
            0.9543380163972651, 
            1.0401135305854434
        ], 
        "WW_B1": [
            0.9520610667417686, 
            1.0424337622697053
        ]
    }, 
    "PS_FSR": {
        "ggWW_B4": [
            1.0301100364110016, 
            0.9773823440740583
        ], 
        "ggWW_B5": [
            1.053302018441282, 
            0.9712351175277896
        ], 
        "ggWW_B2": [
            1.0354057286362457, 
            0.9768336946696622
        ], 
        "ggWW_B3": [
            1.0279200822808723, 
            0.9788210732338475
        ], 
        "ggWW_B0": [
            1.0159546397702799, 
            0.993748635558209
        ], 
        "ggWW_B1": [
            1.0281470362275273, 
            0.984858466765197
        ], 
        "WW_B4": [
            1.0224090795085214, 
            0.9852058198336541
        ], 
        "WW_B5": [
            1.0290192211923508, 
            0.9872110055938274
        ], 
        "WW_B2": [
            1.00779866732739, 
            0.9966541268966203
        ], 
        "WW_B3": [
            1.0168021874676716, 
            0.9910561320364043
        ], 
        "WW_B0": [
            1.012538866885941, 
            0.9957949890115344
        ], 
        "WW_B1": [
            1.0123911151676876, 
            0.9949092098662295
        ]
    }, 
    "QCDscale_WW": {
        "ggWW_B4": [
            1.0, 
            1.0
        ], 
        "ggWW_B5": [
            1.0, 
            1.0
        ], 
        "ggWW_B2": [
            1.0, 
            1.0
        ], 
        "ggWW_B3": [
            1.0, 
            1.0
        ], 
        "ggWW_B0": [
            1.0, 
            1.0
        ], 
        "ggWW_B1": [
            1.0, 
            1.0
        ], 
        "WW_B4": [
            0.9351090068380093, 
            1.0594400318176689
        ], 
        "WW_B5": [
            0.9190454200524529, 
            1.075452523411182
        ], 
        "WW_B2": [
            0.9544346106046563, 
            1.0402577855750381
        ], 
        "WW_B3": [
            0.9461433223941645, 
            1.0483882983341197
        ], 
        "WW_B0": [
            0.9664880168237078, 
            1.0283620790402617
        ], 
        "WW_B1": [
            0.9607783079030611, 
            1.0340303013111256
        ]
    }, 
    "CMS_hww_WWresum": {
        "WW_B4": [
            0.9991228038521318, 
            1.0018054834944508
        ], 
        "WW_B5": [
            0.9997736630930498, 
            1.0004822265839042
        ], 
        "WW_B2": [
            0.9957118182685631, 
            1.008836709985637
        ], 
        "WW_B3": [
            0.9979216932604748, 
            1.0042751534994527
        ], 
        "WW_B0": [
            0.9865322939095419, 
            1.0287956974166979
        ], 
        "WW_B1": [
            0.9922495339409136, 
            1.0162184791642765
        ]
    }, 
    "CMS_hww_WWqscale": {
        "WW_B4": [
            1.0756700491448796, 
            0.9119519524916976
        ], 
        "WW_B5": [
            1.062857544759907, 
            0.92457141166562
        ], 
        "WW_B2": [
            1.0725186152026747, 
            0.9170126700888586
        ], 
        "WW_B3": [
            1.0750075667956633, 
            0.9132474993293367
        ], 
        "WW_B0": [
            1.0641742778108498, 
            0.9321999200540565
        ], 
        "WW_B1": [
            1.0690450911961833, 
            0.9240282387010059
        ]
    }, 
    "pdf_WW": {
        "WW_B4": [
            0.9877570947897911, 
            1.0125502072045567
        ], 
        "WW_B5": [
            0.9835102852697091, 
            1.0170520826884715
        ], 
        "WW_B2": [
            0.9911344768699613, 
            1.0090255556752392
        ], 
        "WW_B3": [
            0.9895680749601643, 
            1.0106542129413612
        ], 
        "WW_B0": [
            0.9922828835315243, 
            1.007838091396876
        ], 
        "WW_B1": [
            0.991867781744688, 
            1.0082666710009613
        ]
    }
}