{
    "PS_ISR": {
        "ggWW_B4": [
            0.8864530133144544, 
            1.1011690885904808
        ], 
        "ggWW_B5": [
            0.8806418447641631, 
            1.1109795410506587
        ], 
        "ggWW_B2": [
            0.8783179214949058, 
            1.11560244403274
        ], 
        "ggWW_B3": [
            0.8776086459685127, 
            1.1136426458046749
        ], 
        "ggWW_B0": [
            0.8945843710133186, 
            1.0994527289126552
        ], 
        "ggWW_B1": [
            0.885128611385681, 
            1.1092466677296886
        ], 
        "WW_B4": [
            0.9473022343334497, 
            1.0429185635090457
        ], 
        "WW_B5": [
            0.947800336468388, 
            1.0451079048016798
        ], 
        "WW_B2": [
            0.9503171085459646, 
            1.0439931474161717
        ], 
        "WW_B3": [
            0.9475626988896201, 
            1.0451123827682367
        ], 
        "WW_B0": [
            0.9536727199852156, 
            1.040644276258115
        ], 
        "WW_B1": [
            0.9520003102190344, 
            1.0424843262026553
        ]
    }, 
    "PS_FSR": {
        "ggWW_B4": [
            1.0330738583348695, 
            0.9726117472976619
        ], 
        "ggWW_B5": [
            1.0582636030237738, 
            0.9665643168910149
        ], 
        "ggWW_B2": [
            1.0377576387399983, 
            0.9754728836425558
        ], 
        "ggWW_B3": [
            1.053615061120594, 
            0.9734869425776363
        ], 
        "ggWW_B0": [
            1.011500354113838, 
            0.9937171881272454
        ], 
        "ggWW_B1": [
            1.0310660907287525, 
            0.9846851103136713
        ], 
        "WW_B4": [
            1.0150681057793418, 
            0.9870643773580708
        ], 
        "WW_B5": [
            1.037627358941713, 
            0.9797241396559229
        ], 
        "WW_B2": [
            1.015116830544611, 
            0.9941485885216779
        ], 
        "WW_B3": [
            1.007184954714542, 
            0.9947050255535963
        ], 
        "WW_B0": [
            1.0144390620667247, 
            0.9963392832892263
        ], 
        "WW_B1": [
            1.0142302573595459, 
            0.995415514635431
        ]
    }, 
    "QCDscale_WW": {
        "WW_B4": [
            0.9342575607088245, 
            1.0602720007593838
        ], 
        "WW_B5": [
            0.9193184239447073, 
            1.0752321844113515
        ], 
        "WW_B2": [
            0.9539916475326209, 
            1.0407532465513865
        ], 
        "WW_B3": [
            0.9471728936504092, 
            1.0473196091182042
        ], 
        "WW_B0": [
            0.9663383753823147, 
            1.0285341907471874
        ], 
        "WW_B1": [
            0.9611015514306054, 
            1.0337041296935259
        ]
    }, 
    "CMS_hww_WWresum": {
        "WW_B4": [
            0.9992800785810084, 
            1.001496567042116
        ], 
        "WW_B5": [
            0.9999120111149857, 
            1.0002096322828695
        ], 
        "WW_B2": [
            0.9955939803167836, 
            1.009074686143037
        ], 
        "WW_B3": [
            0.9978490680237245, 
            1.0044479774394184
        ], 
        "WW_B0": [
            0.9866371730320879, 
            1.0286101842790416
        ], 
        "WW_B1": [
            0.9923080650266656, 
            1.0160531562954203
        ]
    }, 
    "CMS_hww_WWqscale": {
        "WW_B4": [
            1.075771324286066, 
            0.9118650044764853
        ], 
        "WW_B5": [
            1.0634585370161946, 
            0.9237650129130475
        ], 
        "WW_B2": [
            1.0725862433486923, 
            0.9169778922005704
        ], 
        "WW_B3": [
            1.0748417072280125, 
            0.9134001354905892
        ], 
        "WW_B0": [
            1.06397552448166, 
            0.9323978001184671
        ], 
        "WW_B1": [
            1.0691805710254878, 
            0.9239722561772648
        ]
    }, 
    "pdf_WW": {
        "WW_B4": [
            0.9876672418415415, 
            1.0126446448523865
        ], 
        "WW_B5": [
            0.9835365836937381, 
            1.0170239614348286
        ], 
        "WW_B2": [
            0.9912076355191985, 
            1.008949743290847
        ], 
        "WW_B3": [
            0.9895994859566584, 
            1.010621451146971
        ], 
        "WW_B0": [
            0.9921448413540784, 
            1.0079805353890423
        ], 
        "WW_B1": [
            0.9917121899651151, 
            1.0084275010911086
        ]
    }
}
