{
    "ww2l2v_13TeV_top_1j": {
        "Vg": {
            "Wg": 0.39171503265076424, 
            "Zg": 0.0780042931462109, 
            "ZgS": 0.002159865378957625, 
            "WgS": 0.5281208088240672
        }, 
        "Higgs": {
            "qqH_htt": 0.0418745983430768, 
            "qqH_hww": 0.08267038133918503, 
            "ggZH_hww": 0.037463557070399625, 
            "WH_htt": 0.05525401056697343, 
            "ggH_htt": 0.16402395130204095, 
            "WH_hww": 0.09760281184965192, 
            "ggH_hww": 0.31678835279638506, 
            "ttH_hww": 0.14894680196698146, 
            "ZH_htt": 0.018296307948638832, 
            "ZH_hww": 0.037079226816666734
        }
    }, 
    "ww2l2v_13TeV_sr_1j_B6": {
        "Vg": {
            "Wg": 0.664063601149409, 
            "Zg": 0.08930750554437769, 
            "ZgS": -0.005681976279459061, 
            "WgS": 0.2523108695856724
        }, 
        "Higgs": {
            "qqH_htt": 0.002308971684812246, 
            "qqH_hww": 0.17479780219852317, 
            "ggZH_hww": 0.04554452705178204, 
            "WH_htt": 0.017223319702664816, 
            "ggH_htt": 0.012169489728284681, 
            "WH_hww": 0.08410984507532827, 
            "ggH_hww": 0.6339909352081325, 
            "ttH_hww": 0.007432700964692152, 
            "ZH_htt": 0.003365882047011856, 
            "ZH_hww": 0.019056526338768198
        }
    }, 
    "ww2l2v_13TeV_sr_1j_B7": {
        "Vg": {
            "Wg": 0.6327341160836217, 
            "Zg": 0.06458759111077059, 
            "ZgS": 0.017586115952092057, 
            "WgS": 0.2850921768535156
        }, 
        "Higgs": {
            "qqH_htt": 0.0037593938530236484, 
            "qqH_hww": 0.199417447325733, 
            "ggZH_hww": 0.06758777984281743, 
            "WH_htt": 0.03364347475758001, 
            "ggH_htt": 0.0060383291357089955, 
            "WH_hww": 0.14424036892029077, 
            "ggH_hww": 0.5078416433974845, 
            "ttH_hww": 0.010627225159165329, 
            "ZH_htt": 0.004496680709120877, 
            "ZH_hww": 0.022347656899075443
        }
    }, 
    "ww2l2v_13TeV_sr_1j_B4": {
        "Vg": {
            "Wg": 0.507681623681797, 
            "Zg": 0.04907955714787388, 
            "ZgS": 0.029333795458982632, 
            "WgS": 0.41390502371134635
        }, 
        "Higgs": {
            "qqH_htt": 0.0034430307580426475, 
            "qqH_hww": 0.1373377098003628, 
            "ggZH_hww": 0.026030050155706225, 
            "WH_htt": 0.012040092762907167, 
            "ggH_htt": 0.0068523118226099505, 
            "WH_hww": 0.05862145654660865, 
            "ggH_hww": 0.7358465697110307, 
            "ttH_hww": 0.001579467837855105, 
            "ZH_htt": 0.0018239873891514938, 
            "ZH_hww": 0.016425323215725453
        }
    }, 
    "ww2l2v_13TeV_sr_1j_B5": {
        "Vg": {
            "Wg": 0.6254786210673587, 
            "Zg": 0.050294679941901003, 
            "ZgS": 0.027020985675019326, 
            "WgS": 0.2972057133157209
        }, 
        "Higgs": {
            "qqH_htt": 0.0014454388338263101, 
            "qqH_hww": 0.16211734128267927, 
            "ggZH_hww": 0.02846035265419806, 
            "WH_htt": 0.013626498772297492, 
            "ggH_htt": 0.007143904994993142, 
            "WH_hww": 0.07213101250988767, 
            "ggH_hww": 0.6930385068106747, 
            "ttH_hww": 0.0021405183628983694, 
            "ZH_htt": 0.002518708300105838, 
            "ZH_hww": 0.017377717478438928
        }
    }, 
    "ww2l2v_13TeV_sr_1j_B2": {
        "Vg": {
            "Wg": 0.5244356188792364, 
            "Zg": 0.05586977851877498, 
            "ZgS": 0.06427262495465746, 
            "WgS": 0.3554219776473312
        }, 
        "Higgs": {
            "qqH_htt": 0.0010056726153655202, 
            "qqH_hww": 0.11831311599617358, 
            "ggZH_hww": 0.01969818200167795, 
            "WH_htt": 0.008778884526176443, 
            "ggH_htt": 0.007342418941759904, 
            "WH_hww": 0.04904891349429497, 
            "ggH_hww": 0.7786589934325695, 
            "ttH_hww": 0.0004255252145595893, 
            "ZH_htt": 0.0010975002965776994, 
            "ZH_hww": 0.015630793480844826
        }
    }, 
    "ww2l2v_13TeV_top_2j": {
        "Vg": {
            "Wg": 0.5070204409695509, 
            "Zg": 0.12645227941960435, 
            "ZgS": 0.09468343558034345, 
            "WgS": 0.27184384403050127
        }, 
        "Higgs": {
            "qqH_htt": 0.005838633271489789, 
            "qqH_hww": 0.00717748306647734, 
            "ggZH_hww": 0.028004547085960417, 
            "WH_htt": 0.007346926448843965, 
            "ggH_htt": 0.0267942497916737, 
            "WH_hww": 0.017777218952100736, 
            "ggH_hww": 0.03625495440844649, 
            "ttH_hww": 0.8570061063835515, 
            "ZH_htt": 0.00520318631743472, 
            "ZH_hww": 0.008596694274021389
        }
    }, 
    "ww2l2v_13TeV_sr_1j_B3": {
        "Vg": {
            "Wg": 0.5817009951961819, 
            "Zg": 0.04933722654333565, 
            "ZgS": 0.029419321877040886, 
            "WgS": 0.3395424563834415
        }, 
        "Higgs": {
            "qqH_htt": 0.0022390023316853965, 
            "qqH_hww": 0.126478620913397, 
            "ggZH_hww": 0.016526485376310043, 
            "WH_htt": 0.007940614568545487, 
            "ggH_htt": 0.0069485300477568155, 
            "WH_hww": 0.05878254171124087, 
            "ggH_hww": 0.763630291763326, 
            "ttH_hww": 0.001033515158029533, 
            "ZH_htt": 0.0013501267068266338, 
            "ZH_hww": 0.01507027142288232
        }
    }, 
    "ww2l2v_13TeV_sr_2j_B3": {
        "Vg": {
            "Wg": 0.7125457614253361, 
            "Zg": -0.06408212110275203, 
            "ZgS": 0.04952590401405916, 
            "WgS": 0.30201045566335677
        }, 
        "Higgs": {
            "qqH_htt": 0.005400778473728199, 
            "qqH_hww": 0.11117317094084893, 
            "ggZH_hww": 0.11160753637232516, 
            "WH_htt": 0.009817766607449513, 
            "ggH_htt": 0.01530172355346995, 
            "WH_hww": 0.10354718838616211, 
            "ggH_hww": 0.5566748246735964, 
            "ttH_hww": 0.03664803960467564, 
            "ZH_htt": 0.002599327819397325, 
            "ZH_hww": 0.04722964356834684
        }
    }, 
    "ww2l2v_13TeV_top_0j": {
        "Vg": {
            "Wg": 0.5947015284800096, 
            "Zg": -0.035029720269340446, 
            "ZgS": 0.17986264052060674, 
            "WgS": 0.260465551268724
        }, 
        "Higgs": {
            "qqH_htt": 0.0, 
            "qqH_hww": 0.01894524051938929, 
            "ggZH_hww": 0.021789025148442994, 
            "WH_htt": 0.09980387115108963, 
            "ggH_htt": 0.012979032576476287, 
            "WH_hww": 0.2062010278096684, 
            "ggH_hww": 0.5839427378112737, 
            "ttH_hww": 0.019572459605788576, 
            "ZH_htt": 0.012683725588306887, 
            "ZH_hww": 0.024082879789564277
        }
    }, 
    "ww2l2v_13TeV_sr_2j_B2": {
        "Vg": {
            "Wg": 0.2228685520912587, 
            "Zg": 0.1862934095345876, 
            "ZgS": 0.0644550287142131, 
            "WgS": 0.5263830096599406
        }, 
        "Higgs": {
            "qqH_htt": 0.0, 
            "qqH_hww": 0.11966164696618208, 
            "ggZH_hww": 0.08151379394026444, 
            "WH_htt": 0.008148661057880974, 
            "ggH_htt": 0.011009306874782672, 
            "WH_hww": 0.11717550025786241, 
            "ggH_hww": 0.5755372097801443, 
            "ttH_hww": 0.03281824540262293, 
            "ZH_htt": 0.0025354098959403802, 
            "ZH_hww": 0.051600225824319626
        }
    }, 
    "ww2l2v_13TeV_sr_0j_B7": {
        "Vg": {
            "Wg": 0.5892023113301963, 
            "Zg": 0.09575222423811862, 
            "ZgS": 0.010117571049025128, 
            "WgS": 0.30492789338266
        }, 
        "Higgs": {
            "qqH_htt": 0.003080432913814006,