{
    "ww2l2v_13TeV_top_1j": {
        "Vg": {
            "Wg": 0.556043133057917, 
            "Zg": 0.07576004972100363, 
            "ZgS": 0.0021839713129313135, 
            "WgS": 0.36601284590814803
        }, 
        "Higgs": {
            "qqH_htt": 0.05262506418170388, 
            "qqH_hww": 0.0812688388334501, 
            "ggZH_hww": 0.033018719333953596, 
            "WH_htt": 0.059263448863320856, 
            "ggH_htt": 0.16625211434635578, 
            "WH_hww": 0.10268661836811455, 
            "ggH_hww": 0.30893304292584356, 
            "ttH_hww": 0.14071114047441893, 
            "ZH_htt": 0.020222332540654267, 
            "ZH_hww": 0.0350186801321846
        }
    }, 
    "ww2l2v_13TeV_sr_1j_B6": {
        "Vg": {
            "Wg": 0.7155600018793119, 
            "Zg": 0.06315389621080307, 
            "ZgS": 0.003627063802850977, 
            "WgS": 0.2176590381070341
        }, 
        "Higgs": {
            "qqH_htt": 0.002053846350393357, 
            "qqH_hww": 0.17340680952823198, 
            "ggZH_hww": 0.0439776839319099, 
            "WH_htt": 0.018291984813654277, 
            "ggH_htt": 0.015150132074125622, 
            "WH_hww": 0.08651987975166035, 
            "ggH_hww": 0.6313513436812838, 
            "ttH_hww": 0.007408451691690156, 
            "ZH_htt": 0.0036236170410285386, 
            "ZH_hww": 0.018216251136021995
        }
    }, 
    "ww2l2v_13TeV_sr_1j_B7": {
        "Vg": {
            "Wg": 0.6926672952109125, 
            "Zg": 0.06158660796449141, 
            "ZgS": 0.012748035747092332, 
            "WgS": 0.23299806107750373
        }, 
        "Higgs": {
            "qqH_htt": 0.0040348747270688165, 
            "qqH_hww": 0.19527329076330865, 
            "ggZH_hww": 0.06746493466058788, 
            "WH_htt": 0.03628705949066637, 
            "ggH_htt": 0.008789051099053419, 
            "WH_hww": 0.1421389938845592, 
            "ggH_hww": 0.5074573250720819, 
            "ttH_hww": 0.010096229959304431, 
            "ZH_htt": 0.004968151757893895, 
            "ZH_hww": 0.0234900885854755
        }
    }, 
    "ww2l2v_13TeV_sr_1j_B4": {
        "Vg": {
            "Wg": 0.5559964635193025, 
            "Zg": 0.08026026600856716, 
            "ZgS": 0.036277594838243964, 
            "WgS": 0.32746567563388623
        }, 
        "Higgs": {
            "qqH_htt": 0.002901877409854169, 
            "qqH_hww": 0.13553983118748666, 
            "ggZH_hww": 0.023430834970668734, 
            "WH_htt": 0.013215332671243675, 
            "ggH_htt": 0.008661603214660122, 
            "WH_hww": 0.058704248144322665, 
            "ggH_hww": 0.7376673547334367, 
            "ttH_hww": 0.0015194514145044616, 
            "ZH_htt": 0.002079707769877129, 
            "ZH_hww": 0.016279758483945698
        }
    }, 
    "ww2l2v_13TeV_sr_1j_B5": {
        "Vg": {
            "Wg": 0.6611237304450003, 
            "Zg": 0.04986203647325859, 
            "ZgS": 0.015442608057357228, 
            "WgS": 0.27357162502438387
        }, 
        "Higgs": {
            "qqH_htt": 0.0015545739498248564, 
            "qqH_hww": 0.15896451595635266, 
            "ggZH_hww": 0.027307304790520306, 
            "WH_htt": 0.015010305473928098, 
            "ggH_htt": 0.008399436674775204, 
            "WH_hww": 0.07339028561723943, 
            "ggH_hww": 0.6927488741800166, 
            "ttH_hww": 0.0024604896551096004, 
            "ZH_htt": 0.0027346853259897336, 
            "ZH_hww": 0.017429528376243557
        }
    }, 
    "ww2l2v_13TeV_sr_1j_B2": {
        "Vg": {
            "Wg": 0.5208431037049065, 
            "Zg": 0.09178280007361996, 
            "ZgS": 0.035870084244826024, 
            "WgS": 0.3515040119766476
        }, 
        "Higgs": {
            "qqH_htt": 0.0008488927805820962, 
            "qqH_hww": 0.11755923064269302, 
            "ggZH_hww": 0.018411094423701774, 
            "WH_htt": 0.009367621951113854, 
            "ggH_htt": 0.009714131530036661, 
            "WH_hww": 0.050612367236938356, 
            "ggH_hww": 0.7754990808938075, 
            "ttH_hww": 0.0007662124891038014, 
            "ZH_htt": 0.0014340714770725042, 
            "ZH_hww": 0.015787296574950357
        }
    }, 
    "ww2l2v_13TeV_top_2j": {
        "Vg": {
            "Wg": 0.5950554826409921, 
            "Zg": 0.10069822601552571, 
            "ZgS": 0.05297259248993819, 
            "WgS": 0.25127369885354417
        }, 
        "Higgs": {
            "qqH_htt": 0.006228605952837427, 
            "qqH_hww": 0.007071755629353898, 
            "ggZH_hww": 0.02671996095480254, 
            "WH_htt": 0.008067546740212657, 
            "ggH_htt": 0.02925239866076587, 
            "WH_hww": 0.01787854377233173, 
            "ggH_hww": 0.03591720652771206, 
            "ttH_hww": 0.8542151275339825, 
            "ZH_htt": 0.00586542567568956, 
            "ZH_hww": 0.00878342855231171
        }
    }, 
    "ww2l2v_13TeV_sr_1j_B3": {
        "Vg": {
            "Wg": 0.6795745489873628, 
            "Zg": 0.0525440677711216, 
            "ZgS": 0.022221616035997756, 
            "WgS": 0.24565976720551794
        }, 
        "Higgs": {
            "qqH_htt": 0.002055662058545542, 
            "qqH_hww": 0.12313805030152869, 
            "ggZH_hww": 0.015994069304246652, 
            "WH_htt": 0.009180863067697827, 
            "ggH_htt": 0.013246827484418827, 
            "WH_hww": 0.0575751264304266, 
            "ggH_hww": 0.7594830872464746, 
            "ttH_hww": 0.0016897413948662938, 
            "ZH_htt": 0.0017503111384785176, 
            "ZH_hww": 0.01588626157331641
        }
    }, 
    "ww2l2v_13TeV_sr_2j_B3": {
        "Vg": {
            "Wg": 0.6575540819591726, 
            "Zg": -0.04032779240902516, 
            "ZgS": 0.05091435157146196, 
            "WgS": 0.3318593588783905
        }, 
        "Higgs": {
            "qqH_htt": 0.0047346897168745634, 
            "qqH_hww": 0.10821898425081047, 
            "ggZH_hww": 0.1144417679676014, 
            "WH_htt": 0.010787591871053385, 
            "ggH_htt": 0.013312630655731511, 
            "WH_hww": 0.1056330915963643, 
            "ggH_hww": 0.552524948309865, 
            "ttH_hww": 0.03946305032946924, 
            "ZH_htt": 0.003120586428261059, 
            "ZH_hww": 0.047762658873969036
        }
    }, 
    "ww2l2v_13TeV_top_0j": {
        "Vg": {
            "Wg": 0.48742913857500964, 
            "Zg": 0.017279560509661285, 
            "ZgS": 0.14260717150746813, 
            "WgS": 0.3526841294078609
        }, 
        "Higgs": {
            "qqH_htt": 0.0, 
            "qqH_hww": 0.018116658236818847, 
            "ggZH_hww": 0.023072001863913297, 
            "WH_htt": 0.10196341311154167, 
            "ggH_htt": 0.028202527822919855, 
            "WH_hww": 0.20180787402113254, 
            "ggH_hww": 0.572060410394364, 
            "ttH_hww": 0.018665641160343416, 
            "ZH_htt": 0.012643977872728444, 
            "ZH_hww": 0.02346749551623788
        }
    }, 
    "ww2l2v_13TeV_sr_2j_B2": {
        "Vg": {
            "Wg": 0.5653192656635727, 
            "Zg": 0.11009310711505986, 
            "ZgS": 0.0653028039008534, 
            "WgS": 0.25928482332051417
        }, 
        "Higgs": {
            "qqH_htt": 6.618497509358238e-05, 
            "qqH_hww": 0.11208037585262226, 
            "ggZH_hww": 0.0828231191979974, 
            "WH_htt": 0.008357000944759132, 
            "ggH_htt": 0.02070987396664238, 
            "WH_hww": 0.11262058523885692, 
            "ggH_hww": 0.5793354369073148, 
            "ttH_hww": 0.032912070636032395, 
            "ZH_htt": 0.003039691465327862, 
            "ZH_hww": 0.0480556608153531
        }
    }, 
    "ww2l2v_13TeV_sr_0j_B7": {
        "Vg": {
            "Wg": 0.7055752547449109, 
            "Zg": 0.0859686059421189, 
            "ZgS": 0.008709534912450771, 
            "WgS": 0.19974660440051964
        },