{
    "PS_ISR": {
        "ggWW_B6": [
            0.9909194020703525, 
            1.0073656004862979
        ], 
        "ggWW_B7": [
            0.9862515767162076, 
            1.0112275686566603
        ], 
        "ggWW_B4": [
            0.9991021886931384, 
            1.0008341154972562
        ], 
        "ggWW_B5": [
            0.9948918040879708, 
            1.0041508122600804
        ], 
        "ggWW_B2": [
            1.0092797851779298, 
            0.9927468981306002
        ], 
        "ggWW_B3": [
            1.003069597797058, 
            0.9976333528255914
        ], 
        "ggWW_B0": [
            1.0170738486551518, 
            0.9864142442998293
        ], 
        "ggWW_B1": [
            1.0175569295521212, 
            0.9859859878821493
        ], 
        "WW_B6": [
            0.9979893284742029, 
            1.0013544644119456
        ], 
        "WW_B7": [
            0.997758499027702, 
            1.001844827330682
        ], 
        "WW_B4": [
            1.0002027045189823, 
            0.9997066098089349
        ], 
        "WW_B5": [
            0.9990700422103325, 
            1.0007538669254266
        ], 
        "WW_B2": [
            1.0000872518383348, 
            0.9999306273466383
        ], 
        "WW_B3": [
            0.9997238466771622, 
            1.0002327264545832
        ], 
        "WW_B0": [
            1.0011706991737657, 
            0.9991394058087306
        ], 
        "WW_B1": [
            1.0013041719894236, 
            0.9990187265016665
        ]
    }, 
    "PS_FSR": {
        "ggWW_B6": [
            1.0012740723598685, 
            0.9993820494450065
        ], 
        "ggWW_B7": [
            1.00052578382459, 
            1.0000405898805174
        ], 
        "ggWW_B4": [
            0.9997936396570912, 
            0.9998233050465872
        ], 
        "ggWW_B5": [
            0.999085845610831, 
            0.9998097177369536
        ], 
        "ggWW_B2": [
            1.0014186251672994, 
            0.9991135974704382
        ], 
        "ggWW_B3": [
            1.0011524127484983, 
            0.9993992662189657
        ], 
        "ggWW_B0": [
            0.9986983869573963, 
            1.0006502355500178
        ], 
        "ggWW_B1": [
            0.9985477206706727, 
            1.0001391680418183
        ], 
        "WW_B6": [
            1.001646937986399, 
            0.9981726845871668
        ], 
        "WW_B7": [
            1.0031295491387004, 
            0.9990300649416785
        ], 
        "WW_B4": [
            1.0053911243840137, 
            0.9979890642522009
        ], 
        "WW_B5": [
            0.996420647193502, 
            1.0006649582637346
        ], 
        "WW_B2": [
            0.9994048540381588, 
            0.9990123312923995
        ], 
        "WW_B3": [
            0.9977952001176619, 
            1.000600271895309
        ], 
        "WW_B0": [
            1.0000885571227156, 
            1.0002344517782225
        ], 
        "WW_B1": [
            0.9979683871295408, 
            0.9997506064812016
        ]
    }, 
    "QCDscale_WW": {
        "ggWW_B6": [
            1.0, 
            1.0
        ], 
        "ggWW_B7": [
            1.0, 
            1.0
        ], 
        "ggWW_B4": [
            1.0, 
            1.0
        ], 
        "ggWW_B5": [
            1.0, 
            1.0
        ], 
        "ggWW_B2": [
            1.0, 
            1.0
        ], 
        "ggWW_B3": [
            1.0, 
            1.0
        ], 
        "ggWW_B0": [
            1.0, 
            1.0
        ], 
        "ggWW_B1": [
            1.0, 
            1.0
        ], 
        "WW_B6": [
            0.9809555151716848, 
            1.0144383649697877
        ], 
        "WW_B7": [
            0.9634913114818451, 
            1.0311084761238754
        ], 
        "WW_B4": [
            0.9887761300901078, 
            1.007088025553677
        ], 
        "WW_B5": [
            0.9855333221405448, 
            1.0101308586535853
        ], 
        "WW_B2": [
            0.9925686775606432, 
            1.00360406390135
        ], 
        "WW_B3": [
            0.9921649079427945, 
            1.0038692607158284
        ], 
        "WW_B0": [
            0.9961505367179061, 
            1.0003314481534415
        ], 
        "WW_B1": [
            0.9938482203932595, 
            1.002428820342978
        ]
    }, 
    "CMS_hww_WWresum": {
        "WW_B6": [
            0.9823005122834245, 
            1.0537559742160252
        ], 
        "WW_B7": [
            0.9851568563862068, 
            1.0414679880305562
        ], 
        "WW_B4": [
            0.9844787066683566, 
            1.0542777279074345
        ], 
        "WW_B5": [
            0.9833034194339022, 
            1.0543898146318271
        ], 
        "WW_B2": [
            0.9880841785788609, 
            1.0506573191687552
        ], 
        "WW_B3": [
            0.9857280084221735, 
            1.053514314907447
        ], 
        "WW_B0": [
            0.9925790574950591, 
            1.0439924205350388
        ], 
        "WW_B1": [
            0.9901003386201693, 
            1.047863786319863
        ]
    }, 
    "CMS_hww_WWqscale": {
        "WW_B6": [
            1.0221836132586213, 
            0.9777343709334338
        ], 
        "WW_B7": [
            1.0388231574415192, 
            0.9566786546235572
        ], 
        "WW_B4": [
            1.0090541102006043, 
            0.9930365004006223
        ], 
        "WW_B5": [
            1.0147173112384098, 
            0.9864428934135736
        ], 
        "WW_B2": [
            0.9992227551472974, 
            1.0044255276707892
        ], 
        "WW_B3": [
            1.0042916094069056, 
            0.9984473321889626
        ], 
        "WW_B0": [
            0.9923571788349856, 
            1.012386434041924
        ], 
        "WW_B1": [
            0.9955918852040615, 
            1.0086089922453003
        ]
    }, 
    "pdf_WW": {
        "WW_B6": [
            0.990449737637733, 
            1.0097362294536707
        ], 
        "WW_B7": [
            0.9887956849231428, 
            1.011461143605041
        ], 
        "WW_B4": [
            0.989868123274917, 
            1.0103414329731726
        ], 
        "WW_B5": [
            0.9900982325805302, 
            1.0101018191468818
        ], 
        "WW_B2": [
            0.9887932942262343, 
            1.0114636451708139
        ], 
        "WW_B3": [
            0.989216820447065, 
            1.0110208593636263
        ], 
        "WW_B0": [
            0.9870316911220219, 
            1.013313619128256
        ], 
        "WW_B1": [
            0.9880286458655463, 
            1.0122650117322742
        ]
    }
}