{
    "PS_ISR": {
        "ggWW_B6": [
            0.9909194020700892, 
            1.007365600486028
        ], 
        "ggWW_B7": [
            0.9862515767163869, 
            1.0112275686568457
        ], 
        "ggWW_B4": [
            0.9991021886930531, 
            1.0008341154971734
        ], 
        "ggWW_B5": [
            0.9948918040877142, 
            1.0041508122598184
        ], 
        "ggWW_B2": [
            1.009279785177583, 
            0.9927468981302588
        ], 
        "ggWW_B3": [
            1.0030695977968045, 
            0.9976333528253353
        ], 
        "ggWW_B0": [
            1.0170738486551691, 
            0.9864142442998413
        ], 
        "ggWW_B1": [
            1.0175569295517728, 
            0.9859859878818142
        ], 
        "WW_B6": [
            0.9979893284742059, 
            1.0013544644119523
        ], 
        "WW_B7": [
            0.9977584990277094, 
            1.001844827330687
        ], 
        "WW_B4": [
            1.0002027045189847, 
            0.9997066098089381
        ], 
        "WW_B5": [
            0.9990700422103309, 
            1.000753866925426
        ], 
        "WW_B2": [
            1.0000872518383366, 
            0.9999306273466383
        ], 
        "WW_B3": [
            0.9997238466771601, 
            1.0002327264545803
        ], 
        "WW_B0": [
            1.001170699173769, 
            0.9991394058087321
        ], 
        "WW_B1": [
            1.0013041719894238, 
            0.9990187265016668
        ]
    }, 
    "PS_FSR": {
        "ggWW_B6": [
            1.0012740723596032, 
            0.9993820494447379
        ], 
        "ggWW_B7": [
            1.0005257838247694, 
            1.000040589880707
        ], 
        "ggWW_B4": [
            0.9997936396570084, 
            0.9998233050465044
        ], 
        "ggWW_B5": [
            0.9990858456105803, 
            0.9998097177366939
        ], 
        "ggWW_B2": [
            1.001418625166957, 
            0.9991135974700966
        ], 
        "ggWW_B3": [
            1.001152412748243, 
            0.9993992662187089
        ], 
        "ggWW_B0": [
            0.9986983869574073, 
            1.000650235550032
        ], 
        "ggWW_B1": [
            0.9985477206703323, 
            1.000139168041482
        ], 
        "WW_B6": [
            1.0016469379863973, 
            0.998172684587167
        ], 
        "WW_B7": [
            1.0031295491387067, 
            0.9990300649416838
        ], 
        "WW_B4": [
            1.0053911243840126, 
            0.9979890642522024
        ], 
        "WW_B5": [
            0.9964206471935019, 
            1.0006649582637355
        ], 
        "WW_B2": [
            0.999404854038156, 
            0.9990123312923976
        ], 
        "WW_B3": [
            0.9977952001176638, 
            1.0006002718953102
        ], 
        "WW_B0": [
            1.0000885571227172, 
            1.000234451778225
        ], 
        "WW_B1": [
            0.9979683871295433, 
            0.9997506064812014
        ]
    }, 
    "QCDscale_WW": {
        "ggWW_B6": [
            1.0, 
            1.0
        ], 
        "ggWW_B7": [
            1.0, 
            1.0
        ], 
        "ggWW_B4": [
            1.0, 
            1.0
        ], 
        "ggWW_B5": [
            1.0, 
            1.0
        ], 
        "ggWW_B2": [
            1.0, 
            1.0
        ], 
        "ggWW_B3": [
            1.0, 
            1.0
        ], 
        "ggWW_B0": [
            1.0, 
            1.0
        ], 
        "ggWW_B1": [
            1.0, 
            1.0
        ], 
        "WW_B6": [
            0.980955515171685, 
            1.0144383649697897
        ], 
        "WW_B7": [
            0.9634913114818503, 
            1.0311084761238825
        ], 
        "WW_B4": [
            0.9887761300901078, 
            1.0070880255536763
        ], 
        "WW_B5": [
            0.9855333221405456, 
            1.0101308586535838
        ], 
        "WW_B2": [
            0.992568677560639, 
            1.0036040639013477
        ], 
        "WW_B3": [
            0.9921649079427908, 
            1.0038692607158275
        ], 
        "WW_B0": [
            0.9961505367179073, 
            1.0003314481534418
        ], 
        "WW_B1": [
            0.9938482203932603, 
            1.002428820342978
        ]
    }, 
    "CMS_hww_WWresum": {
        "WW_B6": [
            0.9823005122834211, 
            1.0537559742160232
        ], 
        "WW_B7": [
            0.985156856386209, 
            1.0414679880305544
        ], 
        "WW_B4": [
            0.9844787066683545, 
            1.0542777279074356
        ], 
        "WW_B5": [
            0.9833034194339046, 
            1.0543898146318227
        ], 
        "WW_B2": [
            0.9880841785788584, 
            1.050657319168756
        ], 
        "WW_B3": [
            0.985728008422169, 
            1.0535143149074493
        ], 
        "WW_B0": [
            0.9925790574950623, 
            1.0439924205350397
        ], 
        "WW_B1": [
            0.9901003386201682, 
            1.0478637863198625
        ]
    }, 
    "CMS_hww_WWqscale": {
        "WW_B6": [
            1.0221836132586182, 
            0.9777343709334345
        ], 
        "WW_B7": [
            1.0388231574415367, 
            0.9566786546235583
        ], 
        "WW_B4": [
            1.0090541102006052, 
            0.9930365004006265
        ], 
        "WW_B5": [
            1.0147173112384085, 
            0.9864428934135695
        ], 
        "WW_B2": [
            0.9992227551472944, 
            1.004425527670788
        ], 
        "WW_B3": [
            1.004291609406907, 
            0.9984473321889622
        ], 
        "WW_B0": [
            0.992357178834989, 
            1.012386434041925
        ], 
        "WW_B1": [
            0.9955918852040611, 
            1.0086089922452979
        ]
    }, 
    "pdf_WW": {
        "WW_B6": [
            0.9906245068208911, 
            1.0095546523346943
        ], 
        "WW_B7": [
            0.9893336414243612, 
            1.010898860892326
        ], 
        "WW_B4": [
            0.989999998955745, 
            1.0102040827199656
        ], 
        "WW_B5": [
            0.9902239011646321, 
            1.0099710548711953
        ], 
        "WW_B2": [
            0.9888722757235644, 
            1.011381013844532
        ], 
        "WW_B3": [
            0.9893071278150815, 
            1.010926544471839
        ], 
        "WW_B0": [
            0.9870781250606773, 
            1.0132646841178845
        ], 
        "WW_B1": [
            0.9881113641772223, 
            1.012178200197016
        ]
    }
}