{
    "PS_ISR": {
        "ggWW_B6": [
            0.9909589291808982, 
            1.0073107833488701
        ], 
        "ggWW_B7": [
            0.9862947484128374, 
            1.0111501426279
        ], 
        "ggWW_B4": [
            0.999038645524924, 
            1.0008296062555433
        ], 
        "ggWW_B5": [
            0.9947584267960161, 
            1.0042775197869058
        ], 
        "ggWW_B2": [
            1.0092306873578236, 
            0.9927574457937786
        ], 
        "ggWW_B3": [
            1.00353114671473, 
            0.997306537983184
        ], 
        "ggWW_B0": [
            1.0173036294594366, 
            0.986288203883597
        ], 
        "ggWW_B1": [
            1.0176453783826667, 
            0.9858536880022035
        ], 
        "WW_B6": [
            0.9975622864141581, 
            1.0014961477222843
        ], 
        "WW_B7": [
            0.9981014191233877, 
            1.0015893104652092
        ], 
        "WW_B4": [
            1.000598183903587, 
            0.9992954710444724
        ], 
        "WW_B5": [
            0.9984696074709721, 
            1.0013333951924195
        ], 
        "WW_B2": [
            1.001179466100776, 
            0.9990589694384874
        ], 
        "WW_B3": [
            0.9984771598305799, 
            1.001142461925563
        ], 
        "WW_B0": [
            1.0017976994813413, 
            0.9987302021232466
        ], 
        "WW_B1": [
            1.0012712715792949, 
            0.9990509226151724
        ]
    }, 
    "PS_FSR": {
        "ggWW_B6": [
            1.0018903047915708, 
            0.9991949078509205
        ], 
        "ggWW_B7": [
            1.0017013689672956, 
            0.9998317457899345
        ], 
        "ggWW_B4": [
            0.9990031229343075, 
            1.0000248264359253
        ], 
        "ggWW_B5": [
            0.998395176550062, 
            1.0001986043398177
        ], 
        "ggWW_B2": [
            1.0027920370428, 
            0.9988283333551343
        ], 
        "ggWW_B3": [
            0.9989853129977366, 
            1.000514431603821
        ], 
        "ggWW_B0": [
            0.9985830261896184, 
            1.0011248814669131
        ], 
        "ggWW_B1": [
            0.9976200300970708, 
            1.000753672478729
        ], 
        "WW_B6": [
            1.0035048595659806, 
            0.9972263596895092
        ], 
        "WW_B7": [
            1.003577195124736, 
            0.9986507457409473
        ], 
        "WW_B4": [
            1.004522138233963, 
            0.9986000329237636
        ], 
        "WW_B5": [
            0.9979056860604771, 
            0.9999862589141354
        ], 
        "WW_B2": [
            0.9973163832859226, 
            0.9996789790930131
        ], 
        "WW_B3": [
            0.9945253269229365, 
            1.0019459018688777
        ], 
        "WW_B0": [
            0.9985790870955739, 
            0.999963672283209
        ], 
        "WW_B1": [
            1.0001946942598332, 
            0.9997906766732484
        ]
    }, 
    "QCDscale_WW": {
        "ggWW_B6": [
            1.0, 
            1.0
        ], 
        "ggWW_B7": [
            1.0, 
            1.0
        ], 
        "ggWW_B4": [
            1.0, 
            1.0
        ], 
        "ggWW_B5": [
            1.0, 
            1.0
        ], 
        "ggWW_B2": [
            1.0, 
            1.0
        ], 
        "ggWW_B3": [
            1.0, 
            1.0
        ], 
        "ggWW_B0": [
            1.0, 
            1.0
        ], 
        "ggWW_B1": [
            1.0, 
            1.0
        ], 
        "WW_B6": [
            0.9807395706798687, 
            1.0146393861856735
        ], 
        "WW_B7": [
            0.9631573942939889, 
            1.03145647000535
        ], 
        "WW_B4": [
            0.989212520978938, 
            1.0067434852767547
        ], 
        "WW_B5": [
            0.985793723218566, 
            1.0098554271857554
        ], 
        "WW_B2": [
            0.9930177085720578, 
            1.0031507349068427
        ], 
        "WW_B3": [
            0.9939245851246538, 
            1.0021486499654093
        ], 
        "WW_B0": [
            0.9962985444032105, 
            1.0001922560629404
        ], 
        "WW_B1": [
            0.9939192927546173, 
            1.0023779100616008
        ]
    }, 
    "CMS_hww_WWresum": {
        "WW_B6": [
            0.981717012329393, 
            1.055082718271963
        ], 
        "WW_B7": [
            0.9851616434506675, 
            1.0415913680109286
        ], 
        "WW_B4": [
            0.9841035056151715, 
            1.054966474522259
        ], 
        "WW_B5": [
            0.9833023528295352, 
            1.0543595761630946
        ], 
        "WW_B2": [
            0.9885723413120562, 
            1.0497754582389727
        ], 
        "WW_B3": [
            0.9861391764205232, 
            1.0525111731486874
        ], 
        "WW_B0": [
            0.9927947502137626, 
            1.0435796106774542
        ], 
        "WW_B1": [
            0.9896969942230359, 
            1.0487147184238503
        ]
    }, 
    "CMS_hww_WWqscale": {
        "WW_B6": [
            1.0222312295235754, 
            0.9778853494107566
        ], 
        "WW_B7": [
            1.0384680844037768, 
            0.9570605128155498
        ], 
        "WW_B4": [
            1.0094437346531957, 
            0.9927629138420574
        ], 
        "WW_B5": [
            1.0147207776255307, 
            0.9864150947522585
        ], 
        "WW_B2": [
            0.9988614330607652, 
            1.0047870354142692
        ], 
        "WW_B3": [
            1.0045338374559778, 
            0.9981392735125678
        ], 
        "WW_B0": [
            0.9922365603654107, 
            1.0125176374247316
        ], 
        "WW_B1": [
            0.9957309671552665, 
            1.0085777499300075
        ]
    }, 
    "pdf_WW": {
        "WW_B6": [
            0.9903095191223672, 
            1.0098820036116967
        ], 
        "WW_B7": [
            0.9886303306992191, 
            1.0116342238564187
        ], 
        "WW_B4": [
            0.9894969764180174, 
            1.0107283845334862
        ], 
        "WW_B5": [
            0.9900196960871591, 
            1.0101835742446008
        ], 
        "WW_B2": [
            0.9886740669343073, 
            1.0115884326916977
        ], 
        "WW_B3": [
            0.9889627439576857, 
            1.0112863977661963
        ], 
        "WW_B0": [
            0.9868328174952603, 
            1.013523310294163
        ], 
        "WW_B1": [
            0.9877534774843907, 
            1.0125540084088906
        ]
    }
}