{
    "ww2l2v_13TeV_top_1j": {
        "Vg": {
            "Wg": 0.6397484401567372, 
            "Zg": 0.11908512197299019, 
            "ZgS": 0.008906898501620554, 
            "WgS": 0.23225953936865212
        }, 
        "Higgs": {
            "qqH_htt": 0.04932855987046831, 
            "qqH_hww": 0.07767918259251118, 
            "ggZH_hww": 0.004219917796073407, 
            "WH_htt": 0.06202379300691483, 
            "ggH_htt": 0.2009385503091721, 
            "WH_hww": 0.09502092328376012, 
            "ggH_hww": 0.31637156532338934, 
            "ttH_hww": 0.14177646562530616, 
            "ZH_htt": 0.019107153563993323, 
            "ZH_hww": 0.03353388862841146
        }
    }, 
    "ww2l2v_13TeV_sr_1j_B6": {
        "Vg": {
            "Wg": 0.6913161236570712, 
            "Zg": 0.02525285163854903, 
            "ZgS": 0.008542535389672413, 
            "WgS": 0.27488848931470744
        }, 
        "Higgs": {
            "qqH_htt": 0.002381141912747075, 
            "qqH_hww": 0.23498997196617258, 
            "ggZH_hww": 0.008452574698004672, 
            "WH_htt": 0.04541696101317694, 
            "ggH_htt": 0.009540474289468083, 
            "WH_hww": 0.16018054714617655, 
            "ggH_hww": 0.494031581967727, 
            "ttH_hww": 0.013995785396646728, 
            "ZH_htt": 0.00499944605332296, 
            "ZH_hww": 0.026011515556557552
        }
    }, 
    "ww2l2v_13TeV_sr_1j_B5": {
        "Vg": {
            "Wg": 0.5705640341633671, 
            "Zg": 0.06192719095893059, 
            "ZgS": 0.022543400232032915, 
            "WgS": 0.3449653746456695
        }, 
        "Higgs": {
            "qqH_htt": 0.0031454278911141856, 
            "qqH_hww": 0.21490152570293714, 
            "ggZH_hww": 0.006624450349484982, 
            "WH_htt": 0.028732057520388606, 
            "ggH_htt": 0.02766239904062843, 
            "WH_hww": 0.1157108183847641, 
            "ggH_hww": 0.5682391536972258, 
            "ttH_hww": 0.00678729058387306, 
            "ZH_htt": 0.004575786843167698, 
            "ZH_hww": 0.023621089986416023
        }
    }, 
    "ww2l2v_13TeV_sr_1j_B2": {
        "Vg": {
            "Wg": 0.4879681999714403, 
            "Zg": 0.08985948677703041, 
            "ZgS": 0.011386942973191089, 
            "WgS": 0.41078537027833817
        }, 
        "Higgs": {
            "qqH_htt": 0.002359107542176538, 
            "qqH_hww": 0.15265955053335198, 
            "ggZH_hww": 0.002759484676843021, 
            "WH_htt": 0.015063467088894071, 
            "ggH_htt": 0.012645082540538692, 
            "WH_hww": 0.07170451191103074, 
            "ggH_hww": 0.7186953815817375, 
            "ttH_hww": 0.0024483477665644842, 
            "ZH_htt": 0.0023470020123088353, 
            "ZH_hww": 0.019318064346554052
        }
    }, 
    "ww2l2v_13TeV_top_2j": {
        "Vg": {
            "Wg": 0.6382413889158575, 
            "Zg": 0.06977979980266154, 
            "ZgS": 0.027773241747869666, 
            "WgS": 0.26420556953361124
        }, 
        "Higgs": {
            "qqH_htt": 0.005287119997762647, 
            "qqH_hww": 0.0073259087980595316, 
            "ggZH_hww": 0.0027656985108707654, 
            "WH_htt": 0.008740052218872625, 
            "ggH_htt": 0.017715625839331072, 
            "WH_hww": 0.019375048589516466, 
            "ggH_hww": 0.0348009059468142, 
            "ttH_hww": 0.888202636595779, 
            "ZH_htt": 0.00654106848359688, 
            "ZH_hww": 0.009245935019396693
        }
    }, 
    "ww2l2v_13TeV_sr_1j_B3": {
        "Vg": {
            "Wg": 0.6226730915049591, 
            "Zg": 0.045884364245294025, 
            "ZgS": 0.021127812578372745, 
            "WgS": 0.3103147316713742
        }, 
        "Higgs": {
            "qqH_htt": 0.002079312211956164, 
            "qqH_hww": 0.17534675993955742, 
            "ggZH_hww": 0.004213682330406892, 
            "WH_htt": 0.018387875839940847, 
            "ggH_htt": 0.010471549072671891, 
            "WH_hww": 0.0884679347317858, 
            "ggH_hww": 0.6735202600747712, 
            "ttH_hww": 0.00302700481812233, 
            "ZH_htt": 0.002879418174477378, 
            "ZH_hww": 0.021606202806310273
        }
    }, 
    "ww2l2v_13TeV_sr_2j_B3": {
        "Vg": {
            "Wg": 0.6468375049586262, 
            "Zg": 0.069447076340854, 
            "ZgS": 0.06054620158477215, 
            "WgS": 0.2231692171157476
        }, 
        "Higgs": {
            "qqH_htt": 0.003274137352704552, 
            "qqH_hww": 0.11773768923282957, 
            "ggZH_hww": 0.01438140179120734, 
            "WH_htt": 0.014790471439827804, 
            "ggH_htt": 0.016531104582433287, 
            "WH_hww": 0.12262113464125488, 
            "ggH_hww": 0.6020251681965607, 
            "ttH_hww": 0.059179422369730506, 
            "ZH_htt": 0.004096332311772399, 
            "ZH_hww": 0.045363138081679084
        }
    }, 
    "ww2l2v_13TeV_top_0j": {
        "Vg": {
            "Wg": 0.5029884597713051, 
            "Zg": 0.17792349441228844, 
            "ZgS": 0.0, 
            "WgS": 0.3190880458164065
        }, 
        "Higgs": {
            "qqH_htt": 0.0016958779409235454, 
            "qqH_hww": 0.017864896867865496, 
            "ggZH_hww": 0.0017003870837431333, 
            "WH_htt": 0.11115672236684458, 
            "ggH_htt": 0.04951795544225595, 
            "WH_hww": 0.20305668256774706, 
            "ggH_hww": 0.567098716842212, 
            "ttH_hww": 0.013833605406233084, 
            "ZH_htt": 0.01074173026718713, 
            "ZH_hww": 0.023333425214987907
        }
    }, 
    "ww2l2v_13TeV_sr_2j_B2": {
        "Vg": {
            "Wg": 0.5692938091650002, 
            "Zg": 0.03561455562504344, 
            "ZgS": 0.04093415590000173, 
            "WgS": 0.35415747930995456
        }, 
        "Higgs": {
            "qqH_htt": 0.0015854600677462332, 
            "qqH_hww": 0.11194375439930336, 
            "ggZH_hww": 0.012982476203551398, 
            "WH_htt": 0.013009297662811354, 
            "ggH_htt": 0.03339804606226824, 
            "WH_hww": 0.11793561395221268, 
            "ggH_hww": 0.6118488106768337, 
            "ttH_hww": 0.04930850629520543, 
            "ZH_htt": 0.003849029409691611, 
            "ZH_hww": 0.04413900527037585
        }
    }, 
    "ww2l2v_13TeV_sr_0j_B6": {
        "Vg": {
            "Wg": 0.6562096339787306, 
            "Zg": 0.05542701761248129, 
            "ZgS": 0.010684077701355056, 
            "WgS": 0.2776792707074329
        }, 
        "Higgs": {
            "qqH_htt": 0.005042958879455746, 
            "qqH_hww": 0.18781845577978934, 
            "ggZH_hww": 0.015641141989073657, 
            "WH_htt": 0.14211677602397685, 
            "ggH_htt": 0.0, 
            "WH_hww": 0.4183962315770801, 
            "ggH_hww": 0.12547050493101944, 
            "ttH_hww": 0.007815669463842776, 
            "ZH_htt": 0.01598736940533104, 
            "ZH_hww": 0.08171089195043087
        }
    }, 
    "ww2l2v_13TeV_sr_0j_B5": {
        "Vg": {
            "Wg": 0.5539399800816522, 
            "Zg": 0.10031957698221945, 
            "ZgS": 0.02278675737275524, 
            "WgS": 0.322953685563373
        }, 
        "Higgs": {
            "qqH_htt": 0.005368693351291944, 
            "qqH_hww": 0.22724953223003647, 
            "ggZH_hww": 0.01360645471452119, 
            "WH_htt": 0.0759469807746791, 
            "ggH_htt": 0.009312738535174484, 
            "WH_hww": 0.2874378240068423, 
            "ggH_hww": 0.2930064832785668, 
            "ttH_hww": 0.0037803214412171424, 
            "ZH_htt": 0.014438457311345266, 
            "ZH_hww": 0.06985251435632524
        }
    }, 
    "ww2l2v_13TeV_sr_0j_B4": {
        "Vg": {
            "Wg": 0.6308088476227836, 
            "Zg": 0.055226578666307244, 
            "ZgS": 0.027942519297385105, 
            "WgS": 0.28602205441352396
        }, 
        "Higgs": {
            "qqH_htt": 0.0017718743606871775,