{
    "ww2l2v_13TeV_top_1j": {
        "Vg": {
            "Wg": 0.742819853306569, 
            "Zg": 0.18232609608785452, 
            "ZgS": 0.04761192683711294, 
            "WgS": 0.027242123768463557
        }, 
        "Higgs": {
            "qqH_htt": 0.06510359755253849, 
            "qqH_hww": 0.09726474654497888, 
            "ggZH_hww": 0.0031365015389565, 
            "ggH_htt": 0.2294242709086678, 
            "WH_hww": 0.13667132558072503, 
            "ggH_hww": 0.377727478599767, 
            "ttH_hww": 0.05936880551804098, 
            "ZH_hww": 0.03130327375632524
        }
    }, 
    "ww2l2v_13TeV_sr_1j_B6": {
        "Vg": {
            "Wg": 0.9254731666843782, 
            "Zg": 0.04027933163245165, 
            "ZgS": 0.01488149531151634, 
            "WgS": 0.01936600637165382
        }, 
        "Higgs": {
            "qqH_htt": 0.0027710222852118057, 
            "qqH_hww": 0.25172903720808554, 
            "ggZH_hww": 0.008833050752540653, 
            "ggH_htt": 0.007127490056944892, 
            "WH_hww": 0.15527144969450876, 
            "ggH_hww": 0.5406653158681279, 
            "ttH_hww": 0.00865196958238606, 
            "ZH_hww": 0.024950664552194312
        }
    }, 
    "ww2l2v_13TeV_sr_1j_B5": {
        "Vg": {
            "Wg": 0.8654777237039872, 
            "Zg": 0.07942229696963088, 
            "ZgS": 0.029139155764465054, 
            "WgS": 0.025960823561916764
        }, 
        "Higgs": {
            "qqH_htt": 0.0030789443544192562, 
            "qqH_hww": 0.23230058992456148, 
            "ggZH_hww": 0.006650451500492067, 
            "ggH_htt": 0.023945027553031236, 
            "WH_hww": 0.10879425861750537, 
            "ggH_hww": 0.5982804319837763, 
            "ttH_hww": 0.004736682203996951, 
            "ZH_hww": 0.022213613862217266
        }
    }, 
    "ww2l2v_13TeV_sr_1j_B2": {
        "Vg": {
            "Wg": 0.814438476097939, 
            "Zg": 0.1449881552868294, 
            "ZgS": 0.004001982622066753, 
            "WgS": 0.036571385993164875
        }, 
        "Higgs": {
            "qqH_htt": 0.00207920114462862, 
            "qqH_hww": 0.15530576010894143, 
            "ggZH_hww": 0.0025659965704801285, 
            "ggH_htt": 0.014761760104501451, 
            "WH_hww": 0.06382807748856296, 
            "ggH_hww": 0.7432810092826837, 
            "ttH_hww": 0.0011417312809264748, 
            "ZH_hww": 0.017036464019275114
        }
    }, 
    "ww2l2v_13TeV_top_2j": {
        "Vg": {
            "Wg": 0.7754502751015335, 
            "Zg": 0.15082424146150103, 
            "ZgS": 0.0529263121051515, 
            "WgS": 0.020799171331813988
        }, 
        "Higgs": {
            "qqH_htt": 0.015949512589861804, 
            "qqH_hww": 0.02026373586586686, 
            "ggZH_hww": 0.004393690131662464, 
            "ggH_htt": 0.06934893926277415, 
            "WH_hww": 0.05407578179403287, 
            "ggH_hww": 0.09514457156395358, 
            "ttH_hww": 0.7237681271287809, 
            "ZH_hww": 0.01705564166306732
        }
    }, 
    "ww2l2v_13TeV_sr_1j_B3": {
        "Vg": {
            "Wg": 0.8855128013597388, 
            "Zg": 0.07277298085882629, 
            "ZgS": 0.009945140619136728, 
            "WgS": 0.03176907716229814
        }, 
        "Higgs": {
            "qqH_htt": 0.00165093136826295, 
            "qqH_hww": 0.17910511056014108, 
            "ggZH_hww": 0.004057776167984004, 
            "ggH_htt": 0.003897518746564608, 
            "WH_hww": 0.08188918903148948, 
            "ggH_hww": 0.7074095816676372, 
            "ttH_hww": 0.0017793901618100962, 
            "ZH_hww": 0.020210502296110457
        }
    }, 
    "ww2l2v_13TeV_sr_1j_B0": {
        "Vg": {
            "Wg": 0.8360170160190109, 
            "Zg": 0.09251972242951945, 
            "ZgS": 0.03029215296445423, 
            "WgS": 0.041171108587015434
        }, 
        "Higgs": {
            "qqH_htt": 0.0012873982884989183, 
            "qqH_hww": 0.1195347024708751, 
            "ggZH_hww": 0.0015957018701491842, 
            "ggH_htt": 0.0015337012503628775, 
            "WH_hww": 0.04468863843519431, 
            "ggH_hww": 0.8176135325590873, 
            "ttH_hww": 0.0007650880323232897, 
            "ZH_hww": 0.012981237093508964
        }
    }, 
    "ww2l2v_13TeV_top_0j": {
        "Vg": {
            "Wg": 0.7776344579097375, 
            "Zg": 0.14739060598249717, 
            "ZgS": 0.04030522333151378, 
            "WgS": 0.034669712776251464
        }, 
        "Higgs": {
            "qqH_htt": 0.001926122732786955, 
            "qqH_hww": 0.01426349717470033, 
            "ggZH_hww": 0.0012482917303190616, 
            "ggH_htt": 0.03208713765749157, 
            "WH_hww": 0.1506634328086576, 
            "ggH_hww": 0.7763226037277171, 
            "ttH_hww": 0.004201596523087426, 
            "ZH_hww": 0.019287317645240037
        }
    }, 
    "ww2l2v_13TeV_sr_1j_B1": {
        "Vg": {
            "Wg": 0.9107805838378354, 
            "Zg": 0.0390743339370106, 
            "ZgS": 0.02432736078184932, 
            "WgS": 0.025817721443304537
        }, 
        "Higgs": {
            "qqH_htt": 0.0014793960411741637, 
            "qqH_hww": 0.13183114350329544, 
            "ggZH_hww": 0.002149489552583053, 
            "ggH_htt": 0.011850545727280313, 
            "WH_hww": 0.05304867942796629, 
            "ggH_hww": 0.7840197247518427, 
            "ttH_hww": 0.0013294252689203634, 
            "ZH_hww": 0.01429159572693762
        }
    }, 
    "ww2l2v_13TeV_sr_0j_B6": {
        "Vg": {
            "Wg": 0.8961409770699765, 
            "Zg": 0.06540505353164301, 
            "ZgS": 0.015950712427372223, 
            "WgS": 0.022503256971008214
        }, 
        "Higgs": {
            "qqH_htt": 0.004273099223711212, 
            "qqH_hww": 0.23901400489257413, 
            "ggZH_hww": 0.01958805932394311, 
            "ggH_htt": 0.0, 
            "WH_hww": 0.488439930844715, 
            "ggH_hww": 0.14441141227288556, 
            "ttH_hww": 0.005857005722320038, 
            "ZH_hww": 0.09841648771985094
        }
    }, 
    "ww2l2v_13TeV_sr_0j_B5": {
        "Vg": {
            "Wg": 0.8211602917602626, 
            "Zg": 0.11998044029027327, 
            "ZgS": 0.03536720900392923, 
            "WgS": 0.02349205894553489
        }, 
        "Higgs": {
            "qqH_htt": 0.005400778134169993, 
            "qqH_hww": 0.2594148069634359, 
            "ggZH_hww": 0.015135548675426472, 
            "ggH_htt": 0.011497144693212157, 
            "WH_hww": 0.30302045864771354, 
            "ggH_hww": 0.3254532121605302, 
            "ttH_hww": 0.00466703778189038, 
            "ZH_hww": 0.07541101294362137
        }
    }, 
    "ww2l2v_13TeV_sr_0j_B4": {
        "Vg": {
            "Wg": 0.8790818375285107, 
            "Zg": 0.05647009051906771, 
            "ZgS": 0.043321848093479456, 
            "WgS": 0.021126223858942212
        }, 
        "Higgs": {
            "qqH_htt": 0.0021882537976285923, 
            "qqH_hww": 0.25677943036744144, 
            "ggZH_hww": 0.011384835954087963, 
            "ggH_htt": -0.02375013826458801, 
            "WH_hww": 0.26819717901394396, 
            "ggH_hww": 0.42098424108591365, 
            "ttH_hww": 0.002091687104692761, 
            "ZH_hww": 0.062124510940879805
        }
    }, 
    "ww2l2v_13TeV_sr_0j_B3": {
        "Vg": {
            "Wg": 0.8451035168850551, 
            "Zg": 0.11857321098391264, 
            "ZgS": 0.011773446134883328, 
            "WgS": 0.024549825996148907
        }, 
        "Higgs": {
            "qqH_htt": 0.005664946351966834, 
            "qqH_hww": 0.18221038822584884, 
            "ggZH_hww": 0.007707771392620838, 
            "ggH_htt": 0.02725509714964944, 
            "WH_hww": 0.15387207640489475, 
            "ggH_hww": 0.58245382212476, 
            "ttH_hww": 0.0017536499377380553, 
            "ZH_hww": 0.03908224841252126
        }
    },