{
    "ww2l2v_13TeV_top_1j": {
        "Vg": {
            "Wg": 0.573215116523955, 
            "Zg": 0.12530327821028084, 
            "ZgS": 0.012659795748416138, 
            "WgS": 0.28882180951734815
        }, 
        "Higgs": {
            "qqH_htt": 0.0453388307218732, 
            "qqH_hww": 0.0821915495017671, 
            "ggZH_hww": 0.004600319367154614, 
            "WH_htt": 0.0594040078027159, 
            "ggH_htt": 0.17429141524763583, 
            "WH_hww": 0.10092663951528799, 
            "ggH_hww": 0.3347514495266192, 
            "ttH_hww": 0.14865580635245843, 
            "ZH_htt": 0.015400480937655673, 
            "ZH_hww": 0.03443950102683209
        }
    }, 
    "ww2l2v_13TeV_sr_1j_B6": {
        "Vg": {
            "Wg": 0.6124919618430916, 
            "Zg": 0.03336271261614946, 
            "ZgS": 0.00729300748960221, 
            "WgS": 0.34685231805115657
        }, 
        "Higgs": {
            "qqH_htt": 0.002313130858753726, 
            "qqH_hww": 0.2345275849096777, 
            "ggZH_hww": 0.008290233875915844, 
            "WH_htt": 0.0425373929292281, 
            "ggH_htt": 0.01508762620730409, 
            "WH_hww": 0.1586926698575907, 
            "ggH_hww": 0.4963795136448541, 
            "ttH_hww": 0.013162325374384684, 
            "ZH_htt": 0.004053296056232774, 
            "ZH_hww": 0.02495622628605833
        }
    }, 
    "ww2l2v_13TeV_sr_1j_B5": {
        "Vg": {
            "Wg": 0.5057203176757602, 
            "Zg": 0.06459075841396443, 
            "ZgS": 0.01389596202572686, 
            "WgS": 0.4157929618845484
        }, 
        "Higgs": {
            "qqH_htt": 0.002873677032368011, 
            "qqH_hww": 0.21536461170665064, 
            "ggZH_hww": 0.00675238658042968, 
            "WH_htt": 0.02643158858728245, 
            "ggH_htt": 0.022198238432590982, 
            "WH_hww": 0.11279560607879997, 
            "ggH_hww": 0.5802229422291338, 
            "ttH_hww": 0.0064250110798594225, 
            "ZH_htt": 0.004344636444376066, 
            "ZH_hww": 0.02259130182850905
        }
    }, 
    "ww2l2v_13TeV_sr_1j_B2": {
        "Vg": {
            "Wg": 0.3770813272843741, 
            "Zg": 0.07030792405199891, 
            "ZgS": 0.022736029363250098, 
            "WgS": 0.5298747193003769
        }, 
        "Higgs": {
            "qqH_htt": 0.002320221240835176, 
            "qqH_hww": 0.1528480195222153, 
            "ggZH_hww": 0.0027089669566851627, 
            "WH_htt": 0.013547779249943576, 
            "ggH_htt": 0.011487986998775505, 
            "WH_hww": 0.06961820614422215, 
            "ggH_hww": 0.7241509838264069, 
            "ttH_hww": 0.0026049202593472973, 
            "ZH_htt": 0.0020269735821329903, 
            "ZH_hww": 0.0186859422194358
        }
    }, 
    "ww2l2v_13TeV_top_2j": {
        "Vg": {
            "Wg": 0.5602862759373075, 
            "Zg": 0.12868612542445063, 
            "ZgS": 0.008518409188158018, 
            "WgS": 0.30250918945008387
        }, 
        "Higgs": {
            "qqH_htt": 0.004171366454018587, 
            "qqH_hww": 0.007617713387324506, 
            "ggZH_hww": 0.002880484360985047, 
            "WH_htt": 0.007295170372315668, 
            "ggH_htt": 0.013870860057828921, 
            "WH_hww": 0.019271507650384333, 
            "ggH_hww": 0.03513151817234968, 
            "ttH_hww": 0.8953140366642914, 
            "ZH_htt": 0.005315662091388071, 
            "ZH_hww": 0.009131680789113802
        }
    }, 
    "ww2l2v_13TeV_sr_1j_B3": {
        "Vg": {
            "Wg": 0.5461757423639829, 
            "Zg": 0.019595286929624534, 
            "ZgS": 0.0277185473131133, 
            "WgS": 0.40651042339327936
        }, 
        "Higgs": {
            "qqH_htt": 0.0019237986560714363, 
            "qqH_hww": 0.17723280111694223, 
            "ggZH_hww": 0.004273208487432415, 
            "WH_htt": 0.016992197416733162, 
            "ggH_htt": 0.0058153015937087, 
            "WH_hww": 0.08715240703205449, 
            "ggH_hww": 0.6805247245490041, 
            "ttH_hww": 0.002840129132845345, 
            "ZH_htt": 0.002507159705765946, 
            "ZH_hww": 0.020738272309441967
        }
    }, 
    "ww2l2v_13TeV_sr_2j_B3": {
        "Vg": {
            "Wg": 0.5551436593809774, 
            "Zg": 0.0693154142334156, 
            "ZgS": 0.04925716387926884, 
            "WgS": 0.3262837625063382
        }, 
        "Higgs": {
            "qqH_htt": 0.0022234195955956504, 
            "qqH_hww": 0.11926685417202591, 
            "ggZH_hww": 0.014450523658295357, 
            "WH_htt": 0.012006676487719904, 
            "ggH_htt": 0.019290836900796523, 
            "WH_hww": 0.12144543147205178, 
            "ggH_hww": 0.6074068825157938, 
            "ttH_hww": 0.05600759342546706, 
            "ZH_htt": 0.00328760437614719, 
            "ZH_hww": 0.04461417739610673
        }
    }, 
    "ww2l2v_13TeV_top_0j": {
        "Vg": {
            "Wg": 0.3718304527508407, 
            "Zg": 0.0, 
            "ZgS": 0.0, 
            "WgS": 0.6281695472491594
        }, 
        "Higgs": {
            "qqH_htt": 0.0, 
            "qqH_hww": 0.018448543267691027, 
            "ggZH_hww": 0.0020829838487568496, 
            "WH_htt": 0.10295879111922293, 
            "ggH_htt": 0.0488372287890486, 
            "WH_hww": 0.2179792284249372, 
            "ggH_hww": 0.5585307636184339, 
            "ttH_hww": 0.014966399570434654, 
            "ZH_htt": 0.010237213348108166, 
            "ZH_hww": 0.025958848013366547
        }
    }, 
    "ww2l2v_13TeV_sr_2j_B2": {
        "Vg": {
            "Wg": 0.6183756850953291, 
            "Zg": -0.012454113071931996, 
            "ZgS": 0.000514285835988336, 
            "WgS": 0.3935641421406145
        }, 
        "Higgs": {
            "qqH_htt": 0.0012806685632837543, 
            "qqH_hww": 0.11426234001686572, 
            "ggZH_hww": 0.013244251596133533, 
            "WH_htt": 0.011811943660471799, 
            "ggH_htt": 0.03711438201305627, 
            "WH_hww": 0.11662119668622702, 
            "ggH_hww": 0.6110709057612244, 
            "ttH_hww": 0.0476006698287143, 
            "ZH_htt": 0.003376997076095743, 
            "ZH_hww": 0.04361664479792763
        }
    }, 
    "ww2l2v_13TeV_sr_0j_B6": {
        "Vg": {
            "Wg": 0.6382422819484496, 
            "Zg": 0.03473126617648607, 
            "ZgS": 0.009799315558359908, 
            "WgS": 0.31722713631670435
        }, 
        "Higgs": {
            "qqH_htt": 0.004644044263326312, 
            "qqH_hww": 0.19477812587209012, 
            "ggZH_hww": 0.01643418485608545, 
            "WH_htt": 0.13671725032077262, 
            "ggH_htt": 0.0, 
            "WH_hww": 0.42117642512483555, 
            "ggH_hww": 0.12312466465914368, 
            "ttH_hww": 0.0077230867190962605, 
            "ZH_htt": 0.013810998749719649, 
            "ZH_hww": 0.08159121943493032
        }
    }, 
    "ww2l2v_13TeV_sr_0j_B5": {
        "Vg": {
            "Wg": 0.48845159545350836, 
            "Zg": 0.055753050800939154, 
            "ZgS": 0.025057302880837642, 
            "WgS": 0.4307380508647148
        }, 
        "Higgs": {
            "qqH_htt": 0.006052288550457243, 
            "qqH_hww": 0.23346565828007562, 
            "ggZH_hww": 0.013849819206495676, 
            "WH_htt": 0.06937171289184164, 
            "ggH_htt": 0.0, 
            "WH_hww": 0.2895703651041111, 
            "ggH_hww": 0.30131117852667205, 
            "ttH_hww": 0.0038707580624296628, 
            "ZH_htt": 0.014232589260918374, 
            "ZH_hww": 0.0682756301169985
        }
    }, 
    "ww2l2v_13TeV_sr_0j_B4": {
        "Vg": {
            "Wg": 0.5111003500714412, 
            "Zg": 0.07965353113261786, 
            "ZgS": 0.040996615254028874, 
            "WgS": 0.36824950354191216
        }, 
        "Higgs": {
            "qqH_htt": 0.0009866196786450252, 
            "qqH_hww": 0.2331713214905053,