{
    "PS_ISR": {
        "ggWW_B6": [
            0.992487290313139, 
            1.0058423738545597
        ], 
        "ggWW_B4": [
            0.9860535253083175, 
            1.0115805673606686
        ], 
        "ggWW_B5": [
            0.9858628992319302, 
            1.0114251122115678
        ], 
        "ggWW_B2": [
            1.0015331359914397, 
            0.9987735561744698
        ], 
        "ggWW_B3": [
            0.9915690527589287, 
            1.0071353979668363
        ], 
        "ggWW_B0": [
            1.0063970438805052, 
            0.9947817094746465
        ], 
        "ggWW_B1": [
            1.006977966599844, 
            0.9943340050842708
        ], 
        "WW_B6": [
            0.998477455255628, 
            1.0011757113343087
        ], 
        "WW_B4": [
            0.9984475675523604, 
            1.0012110300014014
        ], 
        "WW_B5": [
            0.9986079844179799, 
            1.0010759624870347
        ], 
        "WW_B2": [
            1.0003740284090203, 
            0.9997738042395619
        ], 
        "WW_B3": [
            0.99869862009825, 
            1.0010104494644405
        ], 
        "WW_B0": [
            0.9999842292575095, 
            1.000026813336177
        ], 
        "WW_B1": [
            1.0000881491651534, 
            0.9999460162676671
        ]
    }, 
    "PS_FSR": {
        "ggWW_B6": [
            1.0003629139755206, 
            0.9996758603044184
        ], 
        "ggWW_B4": [
            1.000459085727458, 
            1.0002096200487962
        ], 
        "ggWW_B5": [
            1.0002518873766466, 
            0.9993140277562443
        ], 
        "ggWW_B2": [
            1.0000656672937436, 
            1.000134119553762
        ], 
        "ggWW_B3": [
            0.999532781755461, 
            1.0002995379355064
        ], 
        "ggWW_B0": [
            1.0000210970837735, 
            0.9999714533479528
        ], 
        "ggWW_B1": [
            0.9999492843655792, 
            0.9999191479245878
        ], 
        "WW_B6": [
            1.0006867836587567, 
            0.9998069307703396
        ], 
        "WW_B4": [
            1.0026835638560367, 
            0.9982886457462089
        ], 
        "WW_B5": [
            1.0007140479975207, 
            0.9993328457791925
        ], 
        "WW_B2": [
            1.000618758037383, 
            0.99924089247223
        ], 
        "WW_B3": [
            1.0004555396240884, 
            0.9997097498610158
        ], 
        "WW_B0": [
            1.0005289295931286, 
            0.9997464983539502
        ], 
        "WW_B1": [
            1.0002333669069092, 
            0.9998203173014131
        ]
    }, 
    "QCDscale_WW": {
        "ggWW_B6": [
            1.0, 
            1.0
        ], 
        "ggWW_B4": [
            1.0, 
            1.0
        ], 
        "ggWW_B5": [
            1.0, 
            1.0
        ], 
        "ggWW_B2": [
            1.0, 
            1.0
        ], 
        "ggWW_B3": [
            1.0, 
            1.0
        ], 
        "ggWW_B0": [
            1.0, 
            1.0
        ], 
        "ggWW_B1": [
            1.0, 
            1.0
        ], 
        "WW_B6": [
            0.9710398133460556, 
            1.023631570977352
        ], 
        "WW_B4": [
            0.9813044064076163, 
            1.0138983639296868
        ], 
        "WW_B5": [
            0.9790910754509375, 
            1.0159222861247401
        ], 
        "WW_B2": [
            0.9850058058242488, 
            1.0105026679933236
        ], 
        "WW_B3": [
            0.9833047653152547, 
            1.0120494311671846
        ], 
        "WW_B0": [
            0.9857494643092226, 
            1.0098768116176995
        ], 
        "WW_B1": [
            0.986339160869706, 
            1.009292994430673
        ]
    }, 
    "CMS_hww_WWresum": {
        "WW_B6": [
            0.9856768810181018, 
            1.0446378615678953
        ], 
        "WW_B4": [
            0.9859716538900892, 
            1.0474559451906842
        ], 
        "WW_B5": [
            0.9864507230948374, 
            1.0452472861948883
        ], 
        "WW_B2": [
            0.9862255335261726, 
            1.0494161055367637
        ], 
        "WW_B3": [
            0.9857472430924691, 
            1.0490596548152598
        ], 
        "WW_B0": [
            0.9872694413951423, 
            1.0487910764108275
        ], 
        "WW_B1": [
            0.9873289905802551, 
            1.04848207433935
        ]
    }, 
    "CMS_hww_WWqscale": {
        "WW_B6": [
            1.0274440643699405, 
            0.9696721648390169
        ], 
        "WW_B4": [
            1.0182674872100153, 
            0.9809164015268488
        ], 
        "WW_B5": [
            1.0215344941998399, 
            0.9767752013409227
        ], 
        "WW_B2": [
            1.0119633165773054, 
            0.9886693844560621
        ], 
        "WW_B3": [
            1.0154667201748524, 
            0.9845074096998193
        ], 
        "WW_B0": [
            1.0080112260951453, 
            0.9933536405849286
        ], 
        "WW_B1": [
            1.0084528204997762, 
            0.9927892636999732
        ]
    }, 
    "pdf_WW": {
        "WW_B6": [
            0.9878786733871936, 
            1.0124224804997644
        ], 
        "WW_B4": [
            0.9900145393795454, 
            1.0101889432026834
        ], 
        "WW_B5": [
            0.9900518528790705, 
            1.0101500964260046
        ], 
        "WW_B2": [
            0.989845507188106, 
            1.0103649953535194
        ], 
        "WW_B3": [
            0.9899031833104653, 
            1.0103049102695214
        ], 
        "WW_B0": [
            0.9888921360009205, 
            1.0113602400009338
        ], 
        "WW_B1": [
            0.9893967712606537, 
            1.0108329573895973
        ]
    }
}