{
    "PS_ISR": {
        "ggWW_B6": [
            0.9928922574109246, 
            1.0054523592281717
        ], 
        "ggWW_B4": [
            0.9860251140756696, 
            1.0116054874766387
        ], 
        "ggWW_B5": [
            0.9860749225250874, 
            1.0112393439173624
        ], 
        "ggWW_B2": [
            1.001979121073232, 
            0.9984722784841817
        ], 
        "ggWW_B3": [
            0.9914686579469213, 
            1.0073087169197967
        ], 
        "ggWW_B0": [
            1.0064024906388715, 
            0.9947810712878491
        ], 
        "ggWW_B1": [
            1.007454150812962, 
            0.9939561299875387
        ], 
        "WW_B6": [
            0.9980847779580281, 
            1.0014422586868512
        ], 
        "WW_B4": [
            0.998508906046154, 
            1.0011156368226346
        ], 
        "WW_B5": [
            0.9984781654667981, 
            1.001197151593866
        ], 
        "WW_B2": [
            1.000307823893409, 
            0.9998530530818442
        ], 
        "WW_B3": [
            0.9984526338254887, 
            1.0012070940508289
        ], 
        "WW_B0": [
            1.0000807474416942, 
            0.9999347769949595
        ], 
        "WW_B1": [
            1.0004124759779436, 
            0.9997047831788441
        ]
    }, 
    "PS_FSR": {
        "ggWW_B6": [
            1.002044203781899, 
            0.9993527547199597
        ], 
        "ggWW_B4": [
            1.0017736840166667, 
            0.9996299200534514
        ], 
        "ggWW_B5": [
            0.9991899047291315, 
            1.0009914296243687
        ], 
        "ggWW_B2": [
            0.9987647585096397, 
            1.0005446473693587
        ], 
        "ggWW_B3": [
            0.9997910049097394, 
            1.0003344223192272
        ], 
        "ggWW_B0": [
            1.000900785413262, 
            0.9997364970927495
        ], 
        "ggWW_B1": [
            0.9998213636782357, 
            0.9998400902249619
        ], 
        "WW_B6": [
            0.9992010113918939, 
            1.0010920731638007
        ], 
        "WW_B4": [
            1.0025036535059269, 
            0.9985424272994368
        ], 
        "WW_B5": [
            1.001471993246712, 
            0.9993957545463032
        ], 
        "WW_B2": [
            1.0018987145291673, 
            0.9986006146405138
        ], 
        "WW_B3": [
            1.0011905538186274, 
            0.9993517109233407
        ], 
        "WW_B0": [
            1.0020570088218106, 
            0.9989861998508528
        ], 
        "WW_B1": [
            0.9996730788417134, 
            1.0001404746056781
        ]
    }, 
    "QCDscale_WW": {
        "ggWW_B6": [
            1.0, 
            1.0
        ], 
        "ggWW_B4": [
            1.0, 
            1.0
        ], 
        "ggWW_B5": [
            1.0, 
            1.0
        ], 
        "ggWW_B2": [
            1.0, 
            1.0
        ], 
        "ggWW_B3": [
            1.0, 
            1.0
        ], 
        "ggWW_B0": [
            1.0, 
            1.0
        ], 
        "ggWW_B1": [
            1.0, 
            1.0
        ], 
        "WW_B6": [
            0.970907440669828, 
            1.0237522240715753
        ], 
        "WW_B4": [
            0.9813401137843066, 
            1.0138677470056938
        ], 
        "WW_B5": [
            0.9788613303107863, 
            1.0161565356936124
        ], 
        "WW_B2": [
            0.9853203766893949, 
            1.0102098429400992
        ], 
        "WW_B3": [
            0.9833644600998572, 
            1.01199023475084
        ], 
        "WW_B0": [
            0.9858527014759393, 
            1.0097919009397878
        ], 
        "WW_B1": [
            0.9861547201655666, 
            1.009457857178014
        ]
    }, 
    "CMS_hww_WWresum": {
        "WW_B6": [
            0.9857166678659318, 
            1.0445191511447507
        ], 
        "WW_B4": [
            0.986415344293586, 
            1.046497211627783
        ], 
        "WW_B5": [
            0.9864940107433764, 
            1.0451514258835128
        ], 
        "WW_B2": [
            0.9860095002291824, 
            1.0499138358788747
        ], 
        "WW_B3": [
            0.985864572289865, 
            1.0487161350873844
        ], 
        "WW_B0": [
            0.9871703418798957, 
            1.0490624549831014
        ], 
        "WW_B1": [
            0.9872698890204141, 
            1.0485839355019313
        ]
    }, 
    "CMS_hww_WWqscale": {
        "WW_B6": [
            1.0276117974505983, 
            0.9695048893433614
        ], 
        "WW_B4": [
            1.0181074859151125, 
            0.9810196070145788
        ], 
        "WW_B5": [
            1.0213579876690524, 
            0.9768811361468034
        ], 
        "WW_B2": [
            1.0118187590571, 
            0.9888382642943654
        ], 
        "WW_B3": [
            1.0155150808098867, 
            0.9844012556422387
        ], 
        "WW_B0": [
            1.0078622579649534, 
            0.9935567376478821
        ], 
        "WW_B1": [
            1.0085671912812626, 
            0.9926877983851244
        ]
    }, 
    "pdf_WW": {
        "WW_B6": [
            0.9879208117113544, 
            1.0123782261370227
        ], 
        "WW_B4": [
            0.9899313765400138, 
            1.0102755446396312
        ], 
        "WW_B5": [
            0.9901151324259511, 
            1.0100842301329496
        ], 
        "WW_B2": [
            0.9899326586096034, 
            1.010274209336205
        ], 
        "WW_B3": [
            0.9898820028467968, 
            1.0103269737349054
        ], 
        "WW_B0": [
            0.9888942729966371, 
            1.0113580048046906
        ], 
        "WW_B1": [
            0.9892966466626367, 
            1.0109374889551854
        ]
    }
}