{
    "PS_ISR": {
        "ggWW_B6": [
            0.9924872903135136, 
            1.0058423738549402
        ], 
        "ggWW_B4": [
            0.9860535253084972, 
            1.0115805673608549
        ], 
        "ggWW_B5": [
            0.9858628992320881, 
            1.011425112211727
        ], 
        "ggWW_B2": [
            1.0015331359919004, 
            0.9987735561749305
        ], 
        "ggWW_B3": [
            0.9915690527590711, 
            1.0071353979669795
        ], 
        "ggWW_B0": [
            1.0063970438793695, 
            0.9947817094735291
        ], 
        "ggWW_B1": [
            1.0069779666000445, 
            0.9943340050844678
        ], 
        "WW_B6": [
            0.9984774552556299, 
            1.0011757113343067
        ], 
        "WW_B4": [
            0.9984475675523612, 
            1.0012110300014014
        ], 
        "WW_B5": [
            0.9986079844179799, 
            1.0010759624870351
        ], 
        "WW_B2": [
            1.0003740284090223, 
            0.9997738042395649
        ], 
        "WW_B3": [
            0.9986986200982486, 
            1.0010104494644405
        ], 
        "WW_B0": [
            0.9999842292575131, 
            1.0000268133361818
        ], 
        "WW_B1": [
            1.000088149165153, 
            0.9999460162676667
        ]
    }, 
    "PS_FSR": {
        "ggWW_B6": [
            1.0003629139758932, 
            0.9996758603047918
        ], 
        "ggWW_B4": [
            1.0004590857276376, 
            1.0002096200489774
        ], 
        "ggWW_B5": [
            1.000251887376808, 
            0.9993140277564043
        ], 
        "ggWW_B2": [
            1.0000656672942043, 
            1.0001341195542237
        ], 
        "ggWW_B3": [
            0.9995327817556031, 
            1.0002995379356512
        ], 
        "ggWW_B0": [
            1.0000210970826526, 
            0.9999714533468367
        ], 
        "ggWW_B1": [
            0.9999492843657748, 
            0.99991914792479
        ], 
        "WW_B6": [
            1.0006867836587594, 
            0.9998069307703414
        ], 
        "WW_B4": [
            1.0026835638560372, 
            0.9982886457462077
        ], 
        "WW_B5": [
            1.0007140479975227, 
            0.999332845779196
        ], 
        "WW_B2": [
            1.0006187580373864, 
            0.999240892472229
        ], 
        "WW_B3": [
            1.0004555396240848, 
            0.999709749861018
        ], 
        "WW_B0": [
            1.00052892959313, 
            0.9997464983539579
        ], 
        "WW_B1": [
            1.000233366906911, 
            0.9998203173014123
        ]
    }, 
    "QCDscale_WW": {
        "ggWW_B6": [
            1.0, 
            1.0
        ], 
        "ggWW_B4": [
            1.0, 
            1.0
        ], 
        "ggWW_B5": [
            1.0, 
            1.0
        ], 
        "ggWW_B2": [
            1.0, 
            1.0
        ], 
        "ggWW_B3": [
            1.0, 
            1.0
        ], 
        "ggWW_B0": [
            1.0, 
            1.0
        ], 
        "ggWW_B1": [
            1.0, 
            1.0
        ], 
        "WW_B6": [
            0.971039813346059, 
            1.0236315709773531
        ], 
        "WW_B4": [
            0.9813044064076147, 
            1.0138983639296852
        ], 
        "WW_B5": [
            0.9790910754509411, 
            1.0159222861247394
        ], 
        "WW_B2": [
            0.9850058058242509, 
            1.0105026679933231
        ], 
        "WW_B3": [
            0.9833047653152538, 
            1.0120494311671837
        ], 
        "WW_B0": [
            0.9857494643092262, 
            1.0098768116177024
        ], 
        "WW_B1": [
            0.9863391608697042, 
            1.009292994430673
        ]
    }, 
    "CMS_hww_WWresum": {
        "WW_B6": [
            0.9856768810181017, 
            1.0446378615678948
        ], 
        "WW_B4": [
            0.9859716538900892, 
            1.0474559451906826
        ], 
        "WW_B5": [
            0.9864507230948383, 
            1.0452472861948863
        ], 
        "WW_B2": [
            0.9862255335261726, 
            1.049416105536766
        ], 
        "WW_B3": [
            0.9857472430924665, 
            1.0490596548152562
        ], 
        "WW_B0": [
            0.9872694413951435, 
            1.0487910764108257
        ], 
        "WW_B1": [
            0.9873289905802558, 
            1.048482074339349
        ]
    }, 
    "CMS_hww_WWqscale": {
        "WW_B6": [
            1.0274440643699396, 
            0.9696721648390181
        ], 
        "WW_B4": [
            1.0182674872100157, 
            0.9809164015268469
        ], 
        "WW_B5": [
            1.0215344941998414, 
            0.976775201340922
        ], 
        "WW_B2": [
            1.011963316577307, 
            0.9886693844560626
        ], 
        "WW_B3": [
            1.015466720174853, 
            0.9845074096998168
        ], 
        "WW_B0": [
            1.0080112260951488, 
            0.9933536405849361
        ], 
        "WW_B1": [
            1.008452820499775, 
            0.9927892636999747
        ]
    }, 
    "pdf_WW": {
        "WW_B6": [
            0.9883739488513659, 
            1.0119028166592199
        ], 
        "WW_B4": [
            0.9905481775908632, 
            1.0096339389696194
        ], 
        "WW_B5": [
            0.9905650526421214, 
            1.0096164079636973
        ], 
        "WW_B2": [
            0.9902425685358428, 
            1.009951636282115
        ], 
        "WW_B3": [
            0.9903419894214899, 
            1.0098482393787087
        ], 
        "WW_B0": [
            0.9892579895354876, 
            1.0109778590173981
        ], 
        "WW_B1": [
            0.9897218936890163, 
            1.0104938194957551
        ]
    }
}