{
    "PS_ISR": {
        "ggWW_B10": [
            0.9984300718657033, 
            1.0011591947679956
        ], 
        "ggWW_B11": [
            0.9983051943704264, 
            1.0013117788230652
        ], 
        "ggWW_B6": [
            1.0021345697433566, 
            0.9981938445804769
        ], 
        "ggWW_B7": [
            1.0014429759062295, 
            0.9987311715313943
        ], 
        "ggWW_B4": [
            1.0030513927962026, 
            0.997458471888367
        ], 
        "ggWW_B5": [
            1.002899996341499, 
            0.9975705915352164
        ], 
        "ggWW_B2": [
            1.0022594152802837, 
            0.9981167519513899
        ], 
        "ggWW_B3": [
            1.0028015696246064, 
            0.9976831850329988
        ], 
        "ggWW_B0": [
            1.0007658698465016, 
            0.999309621947282
        ], 
        "ggWW_B1": [
            1.0016430805768353, 
            0.9986398142135811
        ], 
        "ggWW_B8": [
            1.0009993818989762, 
            0.9991183512650796
        ], 
        "ggWW_B9": [
            0.998813710699192, 
            1.0008115560850037
        ], 
        "WW_B10": [
            0.9996088830179123, 
            1.000301636183931
        ], 
        "WW_B11": [
            0.9990058385720447, 
            1.0007665585598775
        ], 
        "WW_B8": [
            0.999341126037076, 
            1.0005378001506424
        ], 
        "WW_B9": [
            0.9990489343869932, 
            1.0006827314813984
        ], 
        "WW_B6": [
            0.9988046794188292, 
            1.000989417149334
        ], 
        "WW_B7": [
            1.0002439152723788, 
            0.9998746093331033
        ], 
        "WW_B4": [
            1.0004262475308363, 
            0.9997520524867349
        ], 
        "WW_B5": [
            1.0013079757495478, 
            0.998941555766722
        ], 
        "WW_B2": [
            0.9982654589136919, 
            1.0015396808573207
        ], 
        "WW_B3": [
            0.99948482370773, 
            1.0002708238419855
        ], 
        "WW_B0": [
            1.0003734617276765, 
            0.9999167064425267
        ], 
        "WW_B1": [
            0.9997706990097995, 
            0.9999887927496497
        ]
    }, 
    "PS_FSR": {
        "ggWW_B10": [
            0.9986191752655228, 
            1.0002443295709833
        ], 
        "ggWW_B11": [
            1.0011153956131038, 
            0.9992753510987533
        ], 
        "ggWW_B6": [
            0.9997421310747574, 
            1.0003178772937422
        ], 
        "ggWW_B7": [
            1.0000628173260562, 
            0.9997599536307388
        ], 
        "ggWW_B4": [
            1.0001161889810668, 
            1.0001058675943009
        ], 
        "ggWW_B5": [
            0.9986134962711709, 
            1.0003877678932018
        ], 
        "ggWW_B2": [
            0.9980423590733564, 
            1.0005992476133907
        ], 
        "ggWW_B3": [
            0.9984132204741683, 
            1.000873465626262
        ], 
        "ggWW_B0": [
            0.9998361468248507, 
            0.9994131811671014
        ], 
        "ggWW_B1": [
            0.9994476293121249, 
            1.000372897515772
        ], 
        "ggWW_B8": [
            1.0005686650415535, 
            0.999527017841831
        ], 
        "ggWW_B9": [
            0.9995548281379646, 
            1.0007263876106334
        ], 
        "WW_B10": [
            0.9979513587398837, 
            1.0006674543971075
        ], 
        "WW_B11": [
            1.0026306511030785, 
            0.9976956784925665
        ], 
        "WW_B8": [
            1.0001462881068484, 
            0.9987274681850756
        ], 
        "WW_B9": [
            1.00022338241859, 
            0.9996664860158642
        ], 
        "WW_B6": [
            1.0003386033045103, 
            1.0011270188441237
        ], 
        "WW_B7": [
            0.9947161376574806, 
            1.001984927408159
        ], 
        "WW_B4": [
            0.9950757675585029, 
            0.9987549796797264
        ], 
        "WW_B5": [
            0.9969826965311052, 
            1.0006424075740832
        ], 
        "WW_B2": [
            0.9891618333780137, 
            1.0061605924114767
        ], 
        "WW_B3": [
            1.0016983932322, 
            0.9977953245575709
        ], 
        "WW_B0": [
            1.0001104021486964, 
            0.999613021987162
        ], 
        "WW_B1": [
            1.0044789061093795, 
            0.997822371687479
        ]
    }, 
    "QCDscale_WW": {
        "ggWW_B10": [
            1.0, 
            1.0
        ], 
        "ggWW_B11": [
            1.0, 
            1.0
        ], 
        "ggWW_B6": [
            1.0, 
            1.0
        ], 
        "ggWW_B7": [
            1.0, 
            1.0
        ], 
        "ggWW_B4": [
            1.0, 
            1.0
        ], 
        "ggWW_B5": [
            1.0, 
            1.0
        ], 
        "ggWW_B2": [
            1.0, 
            1.0
        ], 
        "ggWW_B3": [
            1.0, 
            1.0
        ], 
        "ggWW_B0": [
            1.0, 
            1.0
        ], 
        "ggWW_B1": [
            1.0, 
            1.0
        ], 
        "ggWW_B8": [
            1.0, 
            1.0
        ], 
        "ggWW_B9": [
            1.0, 
            1.0
        ], 
        "WW_B10": [
            0.9763681231885791, 
            1.0183804331159247
        ], 
        "WW_B11": [
            0.9699549785568949, 
            1.024914732686545
        ], 
        "WW_B8": [
            0.9850399231967446, 
            1.010488284177169
        ], 
        "WW_B9": [
            0.9804842722386765, 
            1.0146119089931063
        ], 
        "WW_B6": [
            0.9889628162359367, 
            1.0069196007906682
        ], 
        "WW_B7": [
            0.9896436205619272, 
            1.0060191515291192
        ], 
        "WW_B4": [
            0.9896857367891441, 
            1.0062606593250514
        ], 
        "WW_B5": [
            0.989834677441912, 
            1.0061011400985984
        ], 
        "WW_B2": [
            0.9910375992201013, 
            1.0050405279334031
        ], 
        "WW_B3": [
            0.989729227188253, 
            1.0062148709555125
        ], 
        "WW_B0": [
            0.9897084567025882, 
            1.006295148040476
        ], 
        "WW_B1": [
            0.9907181237020327, 
            1.0053162415916554
        ]
    }, 
    "CMS_hww_WWresum": {
        "WW_B10": [
            0.9857885482818716, 
            1.0478861250805633
        ], 
        "WW_B11": [
            0.9828934358588763, 
            1.0517382144916292
        ], 
        "WW_B8": [
            0.9872155476121289, 
            1.0471669662680645
        ], 
        "WW_B9": [
            0.9861506731502916, 
            1.047935292430486
        ], 
        "WW_B6": [
            0.9879859894859413, 
            1.047274614311134
        ], 
        "WW_B7": [
            0.987332959904596, 
            1.04770097521443
        ], 
        "WW_B4": [
            0.9876275419165005, 
            1.048653778976879
        ], 
        "WW_B5": [
            0.9880060998132988, 
            1.0475673516296948
        ], 
        "WW_B2": [
            0.9881730167537142, 
            1.047580605769371
        ], 
        "WW_B3": [
            0.9871617534260952, 
            1.049363271408537
        ], 
        "WW_B0": [
            0.9863721785838598, 
            1.0502797564655544
        ], 
        "WW_B1": [
            0.9870315133094043, 
            1.0494403129006789
        ]
    }, 
    "CMS_hww_WWqscale": {
        "WW_B10": [
            1.0185314632617768, 
            0.9807169475168946
        ], 
        "WW_B11": [
            1.024787663841396, 
            0.9738169635645979
        ],