{
    "PS_ISR": {
        "ggWW_B10": [
            0.9984300718659949, 
            1.0011591947682903
        ], 
        "ggWW_B11": [
            0.9983051943707609, 
            1.0013117788234003
        ], 
        "ggWW_B6": [
            1.0021345697436865, 
            0.99819384458081
        ], 
        "ggWW_B7": [
            1.0014429759065169, 
            0.9987311715316805
        ], 
        "ggWW_B4": [
            1.0030513927962852, 
            0.9974584718884472
        ], 
        "ggWW_B5": [
            1.0028999963415797, 
            0.9975705915352937
        ], 
        "ggWW_B2": [
            1.0022594152803332, 
            0.9981167519514414
        ], 
        "ggWW_B3": [
            1.0028015696246844, 
            0.9976831850330761
        ], 
        "ggWW_B0": [
            1.000765869846644, 
            0.9993096219474273
        ], 
        "ggWW_B1": [
            1.0016430805770915, 
            0.9986398142138342
        ], 
        "ggWW_B8": [
            1.0009993818992908, 
            0.9991183512653932
        ], 
        "ggWW_B9": [
            0.9988137106993696, 
            1.0008115560851791
        ], 
        "WW_B10": [
            0.9996088830179117, 
            1.0003016361839308
        ], 
        "WW_B11": [
            0.9990058385720433, 
            1.0007665585598766
        ], 
        "WW_B8": [
            0.9993411260370794, 
            1.000537800150647
        ], 
        "WW_B9": [
            0.9990489343870005, 
            1.0006827314814113
        ], 
        "WW_B6": [
            0.9988046794188308, 
            1.000989417149334
        ], 
        "WW_B7": [
            1.0002439152723777, 
            0.999874609333102
        ], 
        "WW_B4": [
            1.0004262475308392, 
            0.9997520524867364
        ], 
        "WW_B5": [
            1.001307975749545, 
            0.9989415557667216
        ], 
        "WW_B2": [
            0.9982654589136888, 
            1.0015396808573225
        ], 
        "WW_B3": [
            0.9994848237077302, 
            1.0002708238419848
        ], 
        "WW_B0": [
            1.0003734617276778, 
            0.9999167064425283
        ], 
        "WW_B1": [
            0.9997706990097983, 
            0.9999887927496491
        ]
    }, 
    "PS_FSR": {
        "ggWW_B10": [
            0.9986191752658166, 
            1.000244329571281
        ], 
        "ggWW_B11": [
            1.0011153956134438, 
            0.999275351099086
        ], 
        "ggWW_B6": [
            0.9997421310750908, 
            1.0003178772940755
        ], 
        "ggWW_B7": [
            1.0000628173263446, 
            0.9997599536310271
        ], 
        "ggWW_B4": [
            1.0001161889811498, 
            1.0001058675943846
        ], 
        "ggWW_B5": [
            0.99861349627125, 
            1.0003877678932815
        ], 
        "ggWW_B2": [
            0.9980423590734071, 
            1.0005992476134409
        ], 
        "ggWW_B3": [
            0.9984132204742419, 
            1.0008734656263378
        ], 
        "ggWW_B0": [
            0.9998361468249921, 
            0.9994131811672444
        ], 
        "ggWW_B1": [
            0.9994476293123883, 
            1.0003728975160242
        ], 
        "ggWW_B8": [
            1.000568665041867, 
            0.9995270178421441
        ], 
        "ggWW_B9": [
            0.9995548281381419, 
            1.0007263876108046
        ], 
        "WW_B10": [
            0.9979513587398842, 
            1.00066745439711
        ], 
        "WW_B11": [
            1.0026306511030816, 
            0.9976956784925686
        ], 
        "WW_B8": [
            1.0001462881068497, 
            0.9987274681850784
        ], 
        "WW_B9": [
            1.0002233824186013, 
            0.9996664860158735
        ], 
        "WW_B6": [
            1.0003386033045107, 
            1.0011270188441252
        ], 
        "WW_B7": [
            0.9947161376574775, 
            1.0019849274081567
        ], 
        "WW_B4": [
            0.9950757675585019, 
            0.9987549796797279
        ], 
        "WW_B5": [
            0.9969826965311046, 
            1.0006424075740834
        ], 
        "WW_B2": [
            0.9891618333780139, 
            1.0061605924114778
        ], 
        "WW_B3": [
            1.0016983932321992, 
            0.9977953245575694
        ], 
        "WW_B0": [
            1.0001104021486966, 
            0.9996130219871637
        ], 
        "WW_B1": [
            1.0044789061093786, 
            0.9978223716874783
        ]
    }, 
    "QCDscale_WW": {
        "ggWW_B10": [
            1.0, 
            1.0
        ], 
        "ggWW_B11": [
            1.0, 
            1.0
        ], 
        "ggWW_B6": [
            1.0, 
            1.0
        ], 
        "ggWW_B7": [
            1.0, 
            1.0
        ], 
        "ggWW_B4": [
            1.0, 
            1.0
        ], 
        "ggWW_B5": [
            1.0, 
            1.0
        ], 
        "ggWW_B2": [
            1.0, 
            1.0
        ], 
        "ggWW_B3": [
            1.0, 
            1.0
        ], 
        "ggWW_B0": [
            1.0, 
            1.0
        ], 
        "ggWW_B1": [
            1.0, 
            1.0
        ], 
        "ggWW_B8": [
            1.0, 
            1.0
        ], 
        "ggWW_B9": [
            1.0, 
            1.0
        ], 
        "WW_B10": [
            0.97636812318858, 
            1.0183804331159214
        ], 
        "WW_B11": [
            0.9699549785568992, 
            1.0249147326865455
        ], 
        "WW_B8": [
            0.9850399231967494, 
            1.0104882841771679
        ], 
        "WW_B9": [
            0.980484272238683, 
            1.0146119089931145
        ], 
        "WW_B6": [
            0.9889628162359375, 
            1.0069196007906691
        ], 
        "WW_B7": [
            0.9896436205619262, 
            1.0060191515291184
        ], 
        "WW_B4": [
            0.9896857367891448, 
            1.00626065932505
        ], 
        "WW_B5": [
            0.9898346774419103, 
            1.006101140098597
        ], 
        "WW_B2": [
            0.9910375992201002, 
            1.0050405279334025
        ], 
        "WW_B3": [
            0.9897292271882522, 
            1.0062148709555119
        ], 
        "WW_B0": [
            0.9897084567025892, 
            1.006295148040477
        ], 
        "WW_B1": [
            0.9907181237020336, 
            1.0053162415916554
        ]
    }, 
    "CMS_hww_WWresum": {
        "WW_B10": [
            0.9857885482818713, 
            1.0478861250805638
        ], 
        "WW_B11": [
            0.9828934358588731, 
            1.0517382144916276
        ], 
        "WW_B8": [
            0.9872155476121305, 
            1.0471669662680647
        ], 
        "WW_B9": [
            0.9861506731502947, 
            1.0479352924304928
        ], 
        "WW_B6": [
            0.9879859894859434, 
            1.0472746143111344
        ], 
        "WW_B7": [
            0.9873329599045957, 
            1.0477009752144313
        ], 
        "WW_B4": [
            0.9876275419164999, 
            1.0486537789768775
        ], 
        "WW_B5": [
            0.9880060998132982, 
            1.047567351629694
        ], 
        "WW_B2": [
            0.9881730167537133, 
            1.047580605769372
        ], 
        "WW_B3": [
            0.9871617534260948, 
            1.049363271408537
        ], 
        "WW_B0": [
            0.9863721785838623, 
            1.0502797564655555
        ], 
        "WW_B1": [
            0.9870315133094065, 
            1.0494403129006766
        ]
    }, 
    "CMS_hww_WWqscale": {
        "WW_B10": [
            1.0185314632617821, 
            0.9807169475168961
        ],