{
    "ww2l2v_13TeV_top_1j": {
        "Vg": {
            "Wg": 0.5468302264217989, 
            "Zg": 0.11462768319215391, 
            "ZgS": 0.016591826444500683, 
            "WgS": 0.32195026394154663
        }, 
        "Higgs": {
            "qqH_htt": 0.049924431950369434, 
            "qqH_hww": 0.08102207967458036, 
            "ggZH_hww": 0.029267996636479613, 
            "WH_htt": 0.060040137624871155, 
            "ggH_htt": 0.14457422222218078, 
            "WH_hww": 0.10167367428646526, 
            "ggH_hww": 0.3323968486106855, 
            "ttH_hww": 0.147467439719775, 
            "ZH_htt": 0.018482094791940927, 
            "ZH_hww": 0.03515107448265189
        }
    }, 
    "ww2l2v_13TeV_sr_1j_B6": {
        "Vg": {
            "Wg": 0.6784989072248473, 
            "Zg": 0.039624559124444785, 
            "ZgS": 0.01172770449812618, 
            "WgS": 0.27014882915258176
        }, 
        "Higgs": {
            "qqH_htt": 0.001099311181208157, 
            "qqH_hww": 0.17222312429690798, 
            "ggZH_hww": 0.030491912219404126, 
            "WH_htt": 0.010147731321403336, 
            "ggH_htt": 0.005470511616808149, 
            "WH_hww": 0.05616121479094985, 
            "ggH_hww": 0.7038216502894813, 
            "ttH_hww": 0.003652092012643337, 
            "ZH_htt": 0.001595432187982195, 
            "ZH_hww": 0.015337020083211599
        }
    }, 
    "ww2l2v_13TeV_sr_1j_B5": {
        "Vg": {
            "Wg": 0.633817149546012, 
            "Zg": 0.048515568402884866, 
            "ZgS": 0.01983280365245836, 
            "WgS": 0.2978344783986448
        }, 
        "Higgs": {
            "qqH_htt": 0.0009513562609128734, 
            "qqH_hww": 0.08026408001495823, 
            "ggZH_hww": 0.015341769265160399, 
            "WH_htt": 0.013761710496330426, 
            "ggH_htt": 0.002904417915306848, 
            "WH_hww": 0.0637186748054311, 
            "ggH_hww": 0.8034196566684932, 
            "ttH_hww": 0.0025932240609975957, 
            "ZH_htt": 0.002302110910812272, 
            "ZH_hww": 0.014742999601596881
        }
    }, 
    "ww2l2v_13TeV_sr_1j_B2": {
        "Vg": {
            "Wg": 0.5936428428253214, 
            "Zg": 0.1299228103623817, 
            "ZgS": 0.029516558240376033, 
            "WgS": 0.24691778857192082
        }, 
        "Higgs": {
            "qqH_htt": 0.0, 
            "qqH_hww": 0.07682692863561474, 
            "ggZH_hww": 0.0064628256404516615, 
            "WH_htt": 0.0174370151095063, 
            "ggH_htt": 0.0066142720536175245, 
            "WH_hww": 0.08639161730991778, 
            "ggH_hww": 0.7801274898183197, 
            "ttH_hww": 0.0005553381619224078, 
            "ZH_htt": 0.002152975758749722, 
            "ZH_hww": 0.023431537511900108
        }
    }, 
    "ww2l2v_13TeV_top_2j": {
        "Vg": {
            "Wg": 0.6692278957545971, 
            "Zg": 0.10659802779963506, 
            "ZgS": 0.023458976342181692, 
            "WgS": 0.20071510010358612
        }, 
        "Higgs": {
            "qqH_htt": 0.006415784739474695, 
            "qqH_hww": 0.0070973660514031065, 
            "ggZH_hww": 0.024475123039770164, 
            "WH_htt": 0.008604335039687407, 
            "ggH_htt": 0.023237363344796574, 
            "WH_hww": 0.019609999862186072, 
            "ggH_hww": 0.035232356034743964, 
            "ttH_hww": 0.860383851764978, 
            "ZH_htt": 0.005843530153976563, 
            "ZH_hww": 0.009100289968983476
        }
    }, 
    "ww2l2v_13TeV_sr_1j_B3": {
        "Vg": {
            "Wg": 0.6513202753001697, 
            "Zg": 0.04271039138880552, 
            "ZgS": 0.05048330130582152, 
            "WgS": 0.2554860320052033
        }, 
        "Higgs": {
            "qqH_htt": 0.001645962651379515, 
            "qqH_hww": 0.06725390146199735, 
            "ggZH_hww": 0.012799148193912676, 
            "WH_htt": 0.014725142131255859, 
            "ggH_htt": 0.005363178292879976, 
            "WH_hww": 0.07328675962377619, 
            "ggH_hww": 0.8020726691536899, 
            "ttH_hww": 0.0016852448260995933, 
            "ZH_htt": 0.0019292009883480447, 
            "ZH_hww": 0.019238792676660843
        }
    }, 
    "ww2l2v_13TeV_sr_2j_B3": {
        "Vg": {
            "Wg": 0.6988021450742126, 
            "Zg": 0.12080914574014585, 
            "ZgS": 0.10289580239971036, 
            "WgS": 0.07749290678593129
        }, 
        "Higgs": {
            "qqH_htt": 0.004278846260849841, 
            "qqH_hww": 0.12431055354618942, 
            "ggZH_hww": 0.06037900373953789, 
            "WH_htt": 0.02423456934961355, 
            "ggH_htt": 0.0, 
            "WH_hww": 0.17057824801749727, 
            "ggH_hww": 0.4464723404770043, 
            "ttH_hww": 0.10514416063144959, 
            "ZH_htt": 0.003593214377512326, 
            "ZH_hww": 0.06100906360034575
        }
    }, 
    "ww2l2v_13TeV_top_0j": {
        "Vg": {
            "Wg": 0.479491561952835, 
            "Zg": 0.13758524493638621, 
            "ZgS": 0.07082799573188926, 
            "WgS": 0.3120951973788895
        }, 
        "Higgs": {
            "qqH_htt": 0.004041494197113449, 
            "qqH_hww": 0.013017209717403298, 
            "ggZH_hww": 0.008476385640548974, 
            "WH_htt": 0.10817829140226855, 
            "ggH_htt": 0.05024389874470229, 
            "WH_hww": 0.15238140940748152, 
            "ggH_hww": 0.6147241418712691, 
            "ttH_hww": 0.01431865263237852, 
            "ZH_htt": 0.012244228899994243, 
            "ZH_hww": 0.022374287486840082
        }
    }, 
    "ww2l2v_13TeV_sr_2j_B2": {
        "Vg": {
            "Wg": 0.7476630600646531, 
            "Zg": 0.04041617919914976, 
            "ZgS": 0.03329078824028565, 
            "WgS": 0.1786299724959116
        }, 
        "Higgs": {
            "qqH_htt": 0.00746060217762055, 
            "qqH_hww": 0.12734215112621192, 
            "ggZH_hww": 0.04589308615957789, 
            "WH_htt": 0.023973658456754903, 
            "ggH_htt": 0.024729421778193632, 
            "WH_hww": 0.19022067130593034, 
            "ggH_hww": 0.4489285321848623, 
            "ttH_hww": 0.06579085973745269, 
            "ZH_htt": 0.004840897435829814, 
            "ZH_hww": 0.060820119637565916
        }
    }, 
    "ww2l2v_13TeV_sr_0j_B6": {
        "Vg": {
            "Wg": 0.6728341033344785, 
            "Zg": 0.07995228301567081, 
            "ZgS": 0.030095420254813078, 
            "WgS": 0.21711819339503755
        }, 
        "Higgs": {
            "qqH_htt": 0.0011056806104289144, 
            "qqH_hww": 0.233953173260393, 
            "ggZH_hww": 0.01847969666144985, 
            "WH_htt": 0.005148604732688851, 
            "ggH_htt": 0.006335934761432522, 
            "WH_hww": 0.03288740832131683, 
            "ggH_hww": 0.6885734265541231, 
            "ttH_hww": 0.0013244167554361686, 
            "ZH_htt": 0.0012910008595415296, 
            "ZH_hww": 0.010900657483189106
        }
    }, 
    "ww2l2v_13TeV_sr_0j_B5": {
        "Vg": {
            "Wg": 0.7129477360226982, 
            "Zg": 0.05924272829659018, 
            "ZgS": -0.009219365147331019, 
            "WgS": 0.2370289008280426
        }, 
        "Higgs": {
            "qqH_htt": 0.001151246651652714, 
            "qqH_hww": 0.06921979361557914, 
            "ggZH_hww": 0.014618662134011823, 
            "WH_htt": 0.006966622543882396, 
            "ggH_htt": 0.0036808294534907467, 
            "WH_hww": 0.032451024342559094, 
            "ggH_hww": 0.8614247012828887, 
            "ttH_hww": 0.00045612688801678234, 
            "ZH_htt": 0.0011190114193578495, 
            "ZH_hww": 0.008911981668560713
        }
    }, 
    "ww2l2v_13TeV_sr_0j_B4": {
        "Vg": {
            "Wg": 0.6886459674887943, 
            "Zg": 0.073334533401567, 
            "ZgS": 0.009164345279908979, 
            "WgS": 0.2288551538297298
        },