{
    "ww2l2v_13TeV_top_1j": {
        "Vg": {
            "Wg": 0.51580797440716, 
            "Zg": 0.09589985723760516, 
            "ZgS": 0.032519569568561904, 
            "WgS": 0.35577259878667283
        }, 
        "Higgs": {
            "qqH_htt": 0.041767158175090455, 
            "qqH_hww": 0.08861215923033489, 
            "ggZH_hww": 0.03209055306983835, 
            "WH_htt": 0.05771451479002278, 
            "ggH_htt": 0.11496967813908997, 
            "WH_hww": 0.11034671185121972, 
            "ggH_hww": 0.3483793334576851, 
            "ttH_hww": 0.15156726167585635, 
            "ZH_htt": 0.01850425979008497, 
            "ZH_hww": 0.03604836982077737
        }
    }, 
    "ww2l2v_13TeV_sr_1j_B6": {
        "Vg": {
            "Wg": 0.6440645199423782, 
            "Zg": 0.04167415882682502, 
            "ZgS": 0.00877008766159763, 
            "WgS": 0.3054912335691991
        }, 
        "Higgs": {
            "qqH_htt": 0.0011939187067727599, 
            "qqH_hww": 0.17406458337817732, 
            "ggZH_hww": 0.03135246275930714, 
            "WH_htt": 0.009425758246137103, 
            "ggH_htt": 0.005299139995863313, 
            "WH_hww": 0.055440702942952336, 
            "ggH_hww": 0.7038863933664496, 
            "ttH_hww": 0.0030197628354256116, 
            "ZH_htt": 0.0013881715708580096, 
            "ZH_hww": 0.01492910619805681
        }
    }, 
    "ww2l2v_13TeV_sr_1j_B5": {
        "Vg": {
            "Wg": 0.5526375353489813, 
            "Zg": 0.033347172059580564, 
            "ZgS": 0.01772588932798659, 
            "WgS": 0.39628940326345147
        }, 
        "Higgs": {
            "qqH_htt": 0.0009919416481210552, 
            "qqH_hww": 0.0788159747492458, 
            "ggZH_hww": 0.01689861976278754, 
            "WH_htt": 0.013372973659616073, 
            "ggH_htt": 0.0019606820651911854, 
            "WH_hww": 0.06427363530390562, 
            "ggH_hww": 0.8046219513164078, 
            "ttH_hww": 0.0025073571390177565, 
            "ZH_htt": 0.002200241143930613, 
            "ZH_hww": 0.01435662321177656
        }
    }, 
    "ww2l2v_13TeV_sr_1j_B2": {
        "Vg": {
            "Wg": 0.5394943623930366, 
            "Zg": 0.11342573584802869, 
            "ZgS": 0.0, 
            "WgS": 0.34707990175893455
        }, 
        "Higgs": {
            "qqH_htt": 0.0, 
            "qqH_hww": 0.0756007127932528, 
            "ggZH_hww": 0.007797983272144722, 
            "WH_htt": 0.015993786037861744, 
            "ggH_htt": 0.008049709280751842, 
            "WH_hww": 0.08572583419457619, 
            "ggH_hww": 0.7833016186400756, 
            "ttH_hww": 0.0, 
            "ZH_htt": 0.0018131433274752166, 
            "ZH_hww": 0.021717212453861774
        }
    }, 
    "ww2l2v_13TeV_top_2j": {
        "Vg": {
            "Wg": 0.6213403909494045, 
            "Zg": 0.06411867292447945, 
            "ZgS": 0.045799021435057194, 
            "WgS": 0.26874191469105885
        }, 
        "Higgs": {
            "qqH_htt": 0.0063424098875287825, 
            "qqH_hww": 0.007258627875398396, 
            "ggZH_hww": 0.026489269694988424, 
            "WH_htt": 0.007564305521225967, 
            "ggH_htt": 0.021093902979556402, 
            "WH_hww": 0.019663033582776938, 
            "ggH_hww": 0.03592232858014234, 
            "ttH_hww": 0.8611544879450429, 
            "ZH_htt": 0.00542355740224423, 
            "ZH_hww": 0.009088076531095654
        }
    }, 
    "ww2l2v_13TeV_sr_1j_B3": {
        "Vg": {
            "Wg": 0.7192933282663333, 
            "Zg": 0.01758268613286064, 
            "ZgS": -0.009448742596239994, 
            "WgS": 0.27257272819704603
        }, 
        "Higgs": {
            "qqH_htt": 0.001938090408728499, 
            "qqH_hww": 0.06625269916574865, 
            "ggZH_hww": 0.012945812784186175, 
            "WH_htt": 0.014208904666638428, 
            "ggH_htt": 0.006373134271857433, 
            "WH_hww": 0.07224033565815316, 
            "ggH_hww": 0.8019868354124237, 
            "ttH_hww": 0.001515235067617879, 
            "ZH_htt": 0.0017905294630389725, 
            "ZH_hww": 0.020748423101607055
        }
    }, 
    "ww2l2v_13TeV_sr_2j_B3": {
        "Vg": {
            "Wg": 0.8502854263978132, 
            "Zg": 0.07744202993781144, 
            "ZgS": 0.05153861862011364, 
            "WgS": 0.020733925044261685
        }, 
        "Higgs": {
            "qqH_htt": 0.004937219877731383, 
            "qqH_hww": 0.12007540817959639, 
            "ggZH_hww": 0.06568574737346831, 
            "WH_htt": 0.02031516772081957, 
            "ggH_htt": 0.0, 
            "WH_hww": 0.1631138000055165, 
            "ggH_hww": 0.45901792659839924, 
            "ttH_hww": 0.1061684670973482, 
            "ZH_htt": 0.0035345269154910598, 
            "ZH_hww": 0.05715173623162954
        }
    }, 
    "ww2l2v_13TeV_top_0j": {
        "Vg": {
            "Wg": 0.4487739499906057, 
            "Zg": 0.12996636035571488, 
            "ZgS": 0.07549187070688733, 
            "WgS": 0.34576781894679215
        }, 
        "Higgs": {
            "qqH_htt": 0.0047835461814780674, 
            "qqH_hww": 0.01223890063525674, 
            "ggZH_hww": 0.00693312805103779, 
            "WH_htt": 0.10352913477455918, 
            "ggH_htt": 0.05001682629204274, 
            "WH_hww": 0.15681531884409736, 
            "ggH_hww": 0.612500921427019, 
            "ttH_hww": 0.01698647702929837, 
            "ZH_htt": 0.011807720100278609, 
            "ZH_hww": 0.024388026664932203
        }
    }, 
    "ww2l2v_13TeV_sr_2j_B2": {
        "Vg": {
            "Wg": 0.6647815205558847, 
            "Zg": 0.07634516712597642, 
            "ZgS": 0.0, 
            "WgS": 0.258873312318139
        }, 
        "Higgs": {
            "qqH_htt": 0.009578713335529903, 
            "qqH_hww": 0.13845676801521323, 
            "ggZH_hww": 0.046573308724657286, 
            "WH_htt": 0.02471453068887487, 
            "ggH_htt": 0.03163903291247818, 
            "WH_hww": 0.2182770897518849, 
            "ggH_hww": 0.3832727004640379, 
            "ttH_hww": 0.07482369632038761, 
            "ZH_htt": 0.0039059133519679036, 
            "ZH_hww": 0.06875824643496815
        }
    }, 
    "ww2l2v_13TeV_sr_0j_B6": {
        "Vg": {
            "Wg": 0.506419384907312, 
            "Zg": 0.13047008158639353, 
            "ZgS": 0.03815209204578497, 
            "WgS": 0.3249584414605095
        }, 
        "Higgs": {
            "qqH_htt": 0.0008083095756717563, 
            "qqH_hww": 0.2481398188621994, 
            "ggZH_hww": 0.018946605715319333, 
            "WH_htt": 0.0048966461122397125, 
            "ggH_htt": 0.004844460697065818, 
            "WH_hww": 0.03181298787403527, 
            "ggH_hww": 0.6787342977653676, 
            "ttH_hww": 0.0009027181584788984, 
            "ZH_htt": 0.0009617896146883585, 
            "ZH_hww": 0.009952365624933984
        }
    }, 
    "ww2l2v_13TeV_sr_0j_B5": {
        "Vg": {
            "Wg": 0.5692954790511584, 
            "Zg": 0.08457064364114462, 
            "ZgS": 0.01810487564816885, 
            "WgS": 0.3280290016595281
        }, 
        "Higgs": {
            "qqH_htt": 0.0009181366919623605, 
            "qqH_hww": 0.07180189300485303, 
            "ggZH_hww": 0.01474592732747972, 
            "WH_htt": 0.006639729030181387, 
            "ggH_htt": 0.004094881464932326, 
            "WH_hww": 0.032153901485544284, 
            "ggH_hww": 0.859004630125797, 
            "ttH_hww": 0.0005657379935471909, 
            "ZH_htt": 0.0009005236557377085, 
            "ZH_hww": 0.009174639219964975
        }
    }, 
    "ww2l2v_13TeV_sr_0j_B4": {
        "Vg": {
            "Wg": 0.6609661820825808, 
            "Zg": 0.0434178408926379, 
            "ZgS": 0.009260689459997957, 
            "WgS": 0.28635528756478323
        }, 
        "Higgs": {
            "qqH_htt": 0.00029586212510719113, 
            "qqH_hww": 0.04514903760408955,