{
    "PS_ISR": {
        "ggWW_B6": [
            0.9214713559272913, 
            1.0732270492031803
        ], 
        "ggWW_B4": [
            0.959674059520436, 
            1.0388382761705288
        ], 
        "ggWW_B5": [
            0.9467841495011482, 
            1.0505884358491704
        ], 
        "ggWW_B2": [
            0.9845271107188293, 
            1.017542590011407
        ], 
        "ggWW_B3": [
            0.9724893016869887, 
            1.0277314481602746
        ], 
        "ggWW_B0": [
            1.1067043674877848, 
            0.9230158630646976
        ], 
        "ggWW_B1": [
            1.0100016865295327, 
            0.9966587249575651
        ], 
        "WW_B6": [
            0.9937788489715933, 
            1.0047762881437061
        ], 
        "WW_B4": [
            0.9969747569851682, 
            1.0019985327959644
        ], 
        "WW_B5": [
            0.99724232054001, 
            1.0021006356803015
        ], 
        "WW_B2": [
            0.9997318245221162, 
            0.9999429653984274
        ], 
        "WW_B3": [
            1.0010012070155978, 
            0.9990013562123046
        ], 
        "WW_B0": [
            1.0026089926150932, 
            0.9981770992279313
        ], 
        "WW_B1": [
            1.0040131244959651, 
            0.9968447393245503
        ]
    }, 
    "PS_FSR": {
        "ggWW_B6": [
            0.999649111833995, 
            1.0003050131332991
        ], 
        "ggWW_B4": [
            0.9991051044868067, 
            1.0004652356067065
        ], 
        "ggWW_B5": [
            0.9984605189231758, 
            0.9996172853555324
        ], 
        "ggWW_B2": [
            1.0002763583806715, 
            0.9995873353649735
        ], 
        "ggWW_B3": [
            1.0001551852881119, 
            0.9994086321091037
        ], 
        "ggWW_B0": [
            1.0001202461221848, 
            1.000139075404568
        ], 
        "ggWW_B1": [
            0.9993254708732947, 
            1.0003719461529652
        ], 
        "WW_B6": [
            0.9989716779194862, 
            0.9993420670186416
        ], 
        "WW_B4": [
            0.9968752285307615, 
            1.0003999163291795
        ], 
        "WW_B5": [
            0.9921777158951545, 
            1.001713301811432
        ], 
        "WW_B2": [
            1.0034656084446445, 
            0.9983239222141621
        ], 
        "WW_B3": [
            1.0066848868692817, 
            0.997142769688571
        ], 
        "WW_B0": [
            0.999074920643754, 
            1.000219319495152
        ], 
        "WW_B1": [
            1.0025475479004433, 
            0.9991496747656393
        ]
    }, 
    "QCDscale_WW": {
        "ggWW_B6": [
            1.0, 
            1.0
        ], 
        "ggWW_B4": [
            1.0, 
            1.0
        ], 
        "ggWW_B5": [
            1.0, 
            1.0
        ], 
        "ggWW_B2": [
            1.0, 
            1.0
        ], 
        "ggWW_B3": [
            1.0, 
            1.0
        ], 
        "ggWW_B0": [
            1.0, 
            1.0
        ], 
        "ggWW_B1": [
            1.0, 
            1.0
        ], 
        "WW_B6": [
            0.9620864556202446, 
            1.0324984485780353
        ], 
        "WW_B4": [
            0.9849841106599926, 
            1.0108554499462898
        ], 
        "WW_B5": [
            0.9812686723322872, 
            1.0145179500998796
        ], 
        "WW_B2": [
            0.9883812921251981, 
            1.007580381882302
        ], 
        "WW_B3": [
            0.9868035284316181, 
            1.009160182077347
        ], 
        "WW_B0": [
            0.994562774363042, 
            1.0016766748047985
        ], 
        "WW_B1": [
            0.9913250389405032, 
            1.004779411232309
        ]
    }, 
    "CMS_hww_WWresum": {
        "WW_B6": [
            0.9999580391085886, 
            1.000094173972408
        ], 
        "WW_B4": [
            0.8767924580056303, 
            1.3800639024251455
        ], 
        "WW_B5": [
            0.9972932958831623, 
            1.0053109773250917
        ], 
        "WW_B2": [
            0.917086223045269, 
            1.2282677726416316
        ], 
        "WW_B3": [
            0.8816642802507771, 
            1.3607041144542633
        ], 
        "WW_B0": [
            1.030287143980436, 
            0.9849900532618877
        ], 
        "WW_B1": [
            0.9271902764505, 
            1.196626654226676
        ]
    }, 
    "CMS_hww_WWqscale": {
        "WW_B6": [
            1.070142516668125, 
            0.9247310256084394
        ], 
        "WW_B4": [
            1.0472220741500278, 
            0.9576087065969044
        ], 
        "WW_B5": [
            1.0523685668521714, 
            0.9487929540040416
        ], 
        "WW_B2": [
            1.0359469434079651, 
            0.9726644274665206
        ], 
        "WW_B3": [
            1.0458313457637498, 
            0.9599268526430392
        ], 
        "WW_B0": [
            0.960283550325174, 
            1.0516138231441001
        ], 
        "WW_B1": [
            1.033108467385708, 
            0.9763146494968129
        ]
    }, 
    "pdf_WW": {
        "WW_B6": [
            0.9913374000699798, 
            1.0088153272362193
        ], 
        "WW_B4": [
            0.9911300163525484, 
            1.0090301787226588
        ], 
        "WW_B5": [
            0.9918986801039479, 
            1.0082347444948827
        ], 
        "WW_B2": [
            0.990080658095147, 
            1.0101201115989842
        ], 
        "WW_B3": [
            0.9902763985948466, 
            1.0099164485920815
        ], 
        "WW_B0": [
            0.9875829573811001, 
            1.0127332615208642
        ], 
        "WW_B1": [
            0.9895545313133339, 
            1.0106683403160868
        ]
    }
}