{
    "PS_ISR": {
        "ggWW_B6": [
            0.9214275592800923, 
            1.0732695456342027
        ], 
        "ggWW_B4": [
            0.9594331215797102, 
            1.0389902906265756
        ], 
        "ggWW_B5": [
            0.9471937098159143, 
            1.0502809143690879
        ], 
        "ggWW_B2": [
            0.9844932385532891, 
            1.0175675735036163
        ], 
        "ggWW_B3": [
            0.9723907144183435, 
            1.0278023555584073
        ], 
        "ggWW_B0": [
            1.1068841371939675, 
            0.9228954305407793
        ], 
        "ggWW_B1": [
            1.0102192507667522, 
            0.9964574622365917
        ], 
        "WW_B6": [
            0.9943289352669296, 
            1.004360821322255
        ], 
        "WW_B4": [
            0.9988836215718123, 
            1.0005916936314978
        ], 
        "WW_B5": [
            0.9972025604345507, 
            1.002184829693612
        ], 
        "WW_B2": [
            1.001010738833558, 
            0.9990022288660547
        ], 
        "WW_B3": [
            1.0011032661269201, 
            0.9989633888849205
        ], 
        "WW_B0": [
            1.0028360163181296, 
            0.9980082391385741
        ], 
        "WW_B1": [
            1.0036295876161982, 
            0.9971272902334894
        ]
    }, 
    "PS_FSR": {
        "ggWW_B6": [
            0.9989990595762269, 
            1.000736497325054
        ], 
        "ggWW_B4": [
            1.0001118891704155, 
            0.9999924502357543
        ], 
        "ggWW_B5": [
            0.9968084578162519, 
            1.0006914988395874
        ], 
        "ggWW_B2": [
            0.998346626211218, 
            1.000030729392695
        ], 
        "ggWW_B3": [
            1.0001103248835261, 
            0.9992396044051056
        ], 
        "ggWW_B0": [
            1.0001742458662644, 
            0.9999192163269015
        ], 
        "ggWW_B1": [
            0.9979850502676602, 
            1.0012694658634234
        ], 
        "WW_B6": [
            0.9959174542289442, 
            0.9999896217412422
        ], 
        "WW_B4": [
            0.9957042211444241, 
            1.0031644210540807
        ], 
        "WW_B5": [
            0.9905127300167579, 
            1.004439509659033
        ], 
        "WW_B2": [
            0.9975464820510566, 
            0.9996615624876971
        ], 
        "WW_B3": [
            1.0101329544761688, 
            0.9961909222480066
        ], 
        "WW_B0": [
            0.9979559023919381, 
            1.000341684022082
        ], 
        "WW_B1": [
            1.0032998975665703, 
            0.9991374520696452
        ]
    }, 
    "QCDscale_WW": {
        "ggWW_B6": [
            1.0, 
            1.0
        ], 
        "ggWW_B4": [
            1.0, 
            1.0
        ], 
        "ggWW_B5": [
            1.0, 
            1.0
        ], 
        "ggWW_B2": [
            1.0, 
            1.0
        ], 
        "ggWW_B3": [
            1.0, 
            1.0
        ], 
        "ggWW_B0": [
            1.0, 
            1.0
        ], 
        "ggWW_B1": [
            1.0, 
            1.0
        ], 
        "WW_B6": [
            0.9622092725110747, 
            1.0323649126960948
        ], 
        "WW_B4": [
            0.9847218525178801, 
            1.0110489847884063
        ], 
        "WW_B5": [
            0.9810019855385125, 
            1.0148009318063616
        ], 
        "WW_B2": [
            0.9881044104472249, 
            1.007837835563854
        ], 
        "WW_B3": [
            0.986506708476631, 
            1.00941521020209
        ], 
        "WW_B0": [
            0.9950981756694771, 
            1.0011566031919117
        ], 
        "WW_B1": [
            0.9911706758995456, 
            1.0048728563769593
        ]
    }, 
    "CMS_hww_WWresum": {
        "WW_B6": [
            0.9999602098609851, 
            1.000086929544002
        ], 
        "WW_B4": [
            0.8769654398384121, 
            1.3792387690031829
        ], 
        "WW_B5": [
            0.9972040693623015, 
            1.005471699536685
        ], 
        "WW_B2": [
            0.9172416524706666, 
            1.2277768049881719
        ], 
        "WW_B3": [
            0.8815103410441363, 
            1.361392800920534
        ], 
        "WW_B0": [
            1.0305057044339854, 
            0.9846377856484069
        ], 
        "WW_B1": [
            0.9271538784112283, 
            1.1967341449187356
        ]
    }, 
    "CMS_hww_WWqscale": {
        "WW_B6": [
            1.070124310279764, 
            0.9248439882990429
        ], 
        "WW_B4": [
            1.0472810300810251, 
            0.9575695560044287
        ], 
        "WW_B5": [
            1.052368992715519, 
            0.9487919798488071
        ], 
        "WW_B2": [
            1.0358914759985902, 
            0.9727338889734837
        ], 
        "WW_B3": [
            1.0458706960736666, 
            0.9598863425030566
        ], 
        "WW_B0": [
            0.9600737338221762, 
            1.0517997010721416
        ], 
        "WW_B1": [
            1.033121146097858, 
            0.976302001485558
        ]
    }, 
    "pdf_WW": {
        "WW_B6": [
            0.9910526147404555, 
            1.0091104140279081
        ], 
        "WW_B4": [
            0.9908868064179938, 
            1.009282377793473
        ], 
        "WW_B5": [
            0.9918224033697323, 
            1.0083135666190057
        ], 
        "WW_B2": [
            0.9899854030883654, 
            1.0102192808688921
        ], 
        "WW_B3": [
            0.9901014578884391, 
            1.0100984622186269
        ], 
        "WW_B0": [
            0.9875996824999907, 
            1.012715674297029
        ], 
        "WW_B1": [
            0.9893311007374734, 
            1.0109015135625423
        ]
    }
}