{
    "PS_ISR": {
        "ggWW_B6": [
            0.9214713559282796, 
            1.0732270492043243
        ], 
        "ggWW_B4": [
            0.9596740595202499, 
            1.0388382761703268
        ], 
        "ggWW_B5": [
            0.9467841495010691, 
            1.0505884358490833
        ], 
        "ggWW_B2": [
            0.9845271107188963, 
            1.0175425900114778
        ], 
        "ggWW_B3": [
            0.972489301687451, 
            1.027731448160768
        ], 
        "ggWW_B0": [
            1.1067043674876178, 
            0.923015863064558
        ], 
        "ggWW_B1": [
            1.0100016865300732, 
            0.9966587249580928
        ], 
        "WW_B6": [
            0.9937788489715836, 
            1.0047762881436881
        ], 
        "WW_B4": [
            0.9969747569851677, 
            1.0019985327959642
        ], 
        "WW_B5": [
            0.9972423205400087, 
            1.0021006356802986
        ], 
        "WW_B2": [
            0.9997318245221152, 
            0.999942965398426
        ], 
        "WW_B3": [
            1.0010012070155967, 
            0.9990013562123018
        ], 
        "WW_B0": [
            1.0026089926150936, 
            0.9981770992279313
        ], 
        "WW_B1": [
            1.0040131244959618, 
            0.9968447393245486
        ]
    }, 
    "PS_FSR": {
        "ggWW_B6": [
            0.9996491118350533, 
            1.0003050131343683
        ], 
        "ggWW_B4": [
            0.9991051044866096, 
            1.0004652356065136
        ], 
        "ggWW_B5": [
            0.9984605189230984, 
            0.9996172853554436
        ], 
        "ggWW_B2": [
            1.0002763583807437, 
            0.9995873353650407
        ], 
        "ggWW_B3": [
            1.0001551852885915, 
            0.9994086321095855
        ], 
        "ggWW_B0": [
            1.0001202461220344, 
            1.0001390754044157
        ], 
        "ggWW_B1": [
            0.999325470873826, 
            1.000371946153503
        ], 
        "WW_B6": [
            0.9989716779194677, 
            0.9993420670186273
        ], 
        "WW_B4": [
            0.9968752285307619, 
            1.000399916329176
        ], 
        "WW_B5": [
            0.9921777158951529, 
            1.0017133018114277
        ], 
        "WW_B2": [
            1.0034656084446438, 
            0.998323922214163
        ], 
        "WW_B3": [
            1.0066848868692813, 
            0.9971427696885716
        ], 
        "WW_B0": [
            0.9990749206437555, 
            1.0002193194951539
        ], 
        "WW_B1": [
            1.002547547900442, 
            0.9991496747656365
        ]
    }, 
    "QCDscale_WW": {
        "ggWW_B6": [
            1.0, 
            1.0
        ], 
        "ggWW_B4": [
            1.0, 
            1.0
        ], 
        "ggWW_B5": [
            1.0, 
            1.0
        ], 
        "ggWW_B2": [
            1.0, 
            1.0
        ], 
        "ggWW_B3": [
            1.0, 
            1.0
        ], 
        "ggWW_B0": [
            1.0, 
            1.0
        ], 
        "ggWW_B1": [
            1.0, 
            1.0
        ], 
        "WW_B6": [
            0.9620864556202239, 
            1.0324984485780249
        ], 
        "WW_B4": [
            0.9849841106599919, 
            1.010855449946287
        ], 
        "WW_B5": [
            0.9812686723322823, 
            1.0145179500998776
        ], 
        "WW_B2": [
            0.988381292125193, 
            1.0075803818822993
        ], 
        "WW_B3": [
            0.9868035284316167, 
            1.0091601820773513
        ], 
        "WW_B0": [
            0.9945627743630449, 
            1.0016766748048012
        ], 
        "WW_B1": [
            0.9913250389405048, 
            1.0047794112323085
        ]
    }, 
    "CMS_hww_WWresum": {
        "WW_B6": [
            0.9999580391085884, 
            1.0000941739724083
        ], 
        "WW_B4": [
            0.876792458005629, 
            1.380063902425142
        ], 
        "WW_B5": [
            0.9972932958831626, 
            1.0053109773250914
        ], 
        "WW_B2": [
            0.9170862230452688, 
            1.228267772641623
        ], 
        "WW_B3": [
            0.8816642802507738, 
            1.360704114454265
        ], 
        "WW_B0": [
            1.030287143980433, 
            0.9849900532618857
        ], 
        "WW_B1": [
            0.9271902764504976, 
            1.1966266542266673
        ]
    }, 
    "CMS_hww_WWqscale": {
        "WW_B6": [
            1.070142516668118, 
            0.9247310256084226
        ], 
        "WW_B4": [
            1.0472220741500269, 
            0.9576087065969041
        ], 
        "WW_B5": [
            1.0523685668521694, 
            0.9487929540040387
        ], 
        "WW_B2": [
            1.0359469434079625, 
            0.9726644274665157
        ], 
        "WW_B3": [
            1.0458313457637496, 
            0.9599268526430366
        ], 
        "WW_B0": [
            0.9602835503251768, 
            1.051613823144101
        ], 
        "WW_B1": [
            1.0331084673857058, 
            0.9763146494968127
        ]
    }, 
    "pdf_WW": {
        "WW_B6": [
            0.9911247735595689, 
            1.0090356126571516
        ], 
        "WW_B4": [
            0.9910709103873491, 
            1.0090914462899137
        ], 
        "WW_B5": [
            0.9918333867484572, 
            1.0083022152130958
        ], 
        "WW_B2": [
            0.9900129610435532, 
            1.010190586525689
        ], 
        "WW_B3": [
            0.9902308207698286, 
            1.0099638566327085
        ], 
        "WW_B0": [
            0.9875697963765216, 
            1.0127471017645637
        ], 
        "WW_B1": [
            0.989508702274188, 
            1.0107161503739066
        ]
    }
}