{
    "ww2l2v_13TeV_top_1j": {
        "Vg": {
            "Wg": 0.2502448912046075, 
            "Zg": 0.1698880198673462, 
            "ZgS": 0.03866375468937523, 
            "WgS": 0.5412033342386711
        }, 
        "Higgs": {
            "qqH_htt": 0.04549718111191681, 
            "qqH_hww": 0.07679927497645751, 
            "ggZH_hww": 0.003608205461809625, 
            "WH_htt": 0.0593567739095256, 
            "ggH_htt": 0.13579241099860034, 
            "WH_hww": 0.054713926112386194, 
            "ggH_hww": 0.4307440632158591, 
            "ttH_hww": 0.1438344938892923, 
            "ZH_htt": 0.020947156095054344, 
            "ZH_hww": 0.028706514229098052
        }
    }, 
    "ww2l2v_13TeV_top_0j": {
        "Vg": {
            "Wg": 0.0, 
            "Zg": 0.2873574834140421, 
            "ZgS": 0.17829022455080556, 
            "WgS": 0.5343522920351522
        }, 
        "Higgs": {
            "qqH_htt": 0.0022618072984671293, 
            "qqH_hww": 0.03608898140276432, 
            "ggZH_hww": 0.002581782240107933, 
            "WH_htt": 0.09865185755640149, 
            "ggH_htt": 0.02831372104456031, 
            "WH_hww": 0.16051662671147449, 
            "ggH_hww": 0.6282763201710145, 
            "ttH_hww": 0.015848155704771674, 
            "ZH_htt": 0.008147473919091113, 
            "ZH_hww": 0.019313273951346993
        }
    }, 
    "ww2l2v_13TeV_sr_3j_B0": {
        "Vg": {
            "Wg": 0.6612484272197438, 
            "Zg": 0.07557433040670726, 
            "ZgS": 0.042906852476919936, 
            "WgS": 0.22027038989662903
        }, 
        "Higgs": {
            "qqH_htt": 0.003529498802215831, 
            "qqH_hww": 0.07569275371790957, 
            "ggZH_hww": 0.021305336824984932, 
            "WH_htt": 0.014452205996625812, 
            "ggH_htt": 0.015086816040154872, 
            "WH_hww": 0.1317275483525149, 
            "ggH_hww": 0.5571451571582114, 
            "ttH_hww": 0.13453824774603862, 
            "ZH_htt": 0.0031861733352867663, 
            "ZH_hww": 0.04333626202605709
        }
    }, 
    "ww2l2v_13TeV_sr_2j_B0": {
        "Vg": {
            "Wg": 0.4314495508352668, 
            "Zg": 0.08250855603316669, 
            "ZgS": 0.05597862744134392, 
            "WgS": 0.4300632656902225
        }, 
        "Higgs": {
            "qqH_htt": 0.0029389639650425486, 
            "qqH_hww": 0.13747332844490115, 
            "ggZH_hww": 0.009390718851440254, 
            "WH_htt": 0.014144525729477825, 
            "ggH_htt": 0.006987777373337412, 
            "WH_hww": 0.12217435864959793, 
            "ggH_hww": 0.6542332326767936, 
            "ttH_hww": 0.015135475472046644, 
            "ZH_htt": 0.002669772839452168, 
            "ZH_hww": 0.03485184599791038
        }
    }, 
    "ww2l2v_13TeV_sr_1j_B0": {
        "Vg": {
            "Wg": 0.42334958326315336, 
            "Zg": 0.07301807128601874, 
            "ZgS": 0.03935902579441524, 
            "WgS": 0.4642733196564126
        }, 
        "Higgs": {
            "qqH_htt": 0.0018842545051307464, 
            "qqH_hww": 0.12426909919065278, 
            "ggZH_hww": 0.002819841875321924, 
            "WH_htt": 0.01344640231136975, 
            "ggH_htt": 0.0058645171070859405, 
            "WH_hww": 0.06440368851333843, 
            "ggH_hww": 0.769830125763952, 
            "ttH_hww": 0.0019427589395110958, 
            "ZH_htt": 0.0016599469890505108, 
            "ZH_hww": 0.013879364804586913
        }
    }, 
    "ww2l2v_13TeV_top_3j": {
        "Vg": {
            "Wg": 0.8224124089591989, 
            "Zg": 0.13254539451365632, 
            "ZgS": -0.030883241838368585, 
            "WgS": 0.07592543836551362
        }, 
        "Higgs": {
            "qqH_htt": 0.0017009646300524992, 
            "qqH_hww": 0.0021979568458413497, 
            "ggZH_hww": 0.0018023017019069263, 
            "WH_htt": 0.004509678842596562, 
            "ggH_htt": 0.008476322606345682, 
            "WH_hww": 0.010527879828554278, 
            "ggH_hww": 0.016341787988672554, 
            "ttH_hww": 0.9482973396864697, 
            "ZH_htt": 0.0027670301823713357, 
            "ZH_hww": 0.003378737687189071
        }
    }, 
    "ww2l2v_13TeV_top_2j": {
        "Vg": {
            "Wg": 0.7096756898467279, 
            "Zg": 0.12680226553812027, 
            "ZgS": 0.026611542160294002, 
            "WgS": 0.13691050245485772
        }, 
        "Higgs": {
            "qqH_htt": 0.020739332029458123, 
            "qqH_hww": 0.0357231982101515, 
            "ggZH_hww": 0.007574606053106551, 
            "WH_htt": 0.03083985646832203, 
            "ggH_htt": 0.08601006815055338, 
            "WH_hww": 0.05975577900264189, 
            "ggH_hww": 0.16789857217008716, 
            "ttH_hww": 0.5472416243889433, 
            "ZH_htt": 0.016924536124525, 
            "ZH_hww": 0.027292427402211134
        }
    }, 
    "ww2l2v_13TeV_sr_0j_B0": {
        "Vg": {
            "Wg": 0.45941624099903333, 
            "Zg": 0.09547033120003105, 
            "ZgS": 0.033709370506608806, 
            "WgS": 0.41140405729432683
        }, 
        "Higgs": {
            "qqH_htt": 0.000479812349244752, 
            "qqH_hww": 0.03771374996452606, 
            "ggZH_hww": 0.0010614860048915326, 
            "WH_htt": 0.006053106304470638, 
            "ggH_htt": 0.003166411524413163, 
            "WH_hww": 0.02910714907124571, 
            "ggH_hww": 0.9133911395585876, 
            "ttH_hww": 0.00022582944476179178, 
            "ZH_htt": 0.0015201387961462007, 
            "ZH_hww": 0.007281176981712563
        }
    }
}