{
    "QCDscale_WW": {
        "WW_B2": [
            0.9587127396372682, 
            1.035905596590974
        ], 
        "WW_B3": [
            0.9450960332149316, 
            1.049154313335143
        ], 
        "WW_B0": [
            0.9922071653179649, 
            1.0038801429594735
        ], 
        "WW_B1": [
            0.9722586052924863, 
            1.022706250717882
        ]
    }, 
    "pdf_WW_eigen22": {
        "WW_B2": [
            0.9998938420708374, 
            1.0001061804729614
        ], 
        "WW_B3": [
            0.9994827582723729, 
            1.0005177773597391
        ], 
        "WW_B0": [
            1.000709672207928, 
            0.999291333633728
        ], 
        "WW_B1": [
            0.9999873996525582, 
            1.0000126006650052
        ]
    }, 
    "pdf_WW_eigen23": {
        "WW_B2": [
            0.999969194690072, 
            1.0000308072079804
        ], 
        "WW_B3": [
            0.9999484809268809, 
            1.0000515243820967
        ], 
        "WW_B0": [
            1.0000044156219243, 
            0.9999955844170766
        ], 
        "WW_B1": [
            1.000039689167998, 
            0.9999603139822159
        ]
    }, 
    "pdf_WW_eigen20": {
        "WW_B2": [
            1.004487308773393, 
            0.9955526048967349
        ], 
        "WW_B3": [
            1.0043413568244288, 
            0.9956960134582595
        ], 
        "WW_B0": [
            1.0057629508975776, 
            0.994302715444699
        ], 
        "WW_B1": [
            1.005038200594537, 
            0.9950120598911164
        ]
    }, 
    "pdf_WW_eigen21": {
        "WW_B2": [
            1.00177576468904, 
            0.9982305196723303
        ], 
        "WW_B3": [
            1.0018561179110128, 
            0.9981507469523937
        ], 
        "WW_B0": [
            1.0023087030395725, 
            0.9977019081835456
        ], 
        "WW_B1": [
            1.0019511046413863, 
            0.9980564793828137
        ]
    }, 
    "pdf_WW_eigen26": {
        "WW_B2": [
            1.0008839248275863, 
            0.9991176350609683
        ], 
        "WW_B3": [
            1.0012257073841442, 
            0.9987772899852425
        ], 
        "WW_B0": [
            1.0009899005308678, 
            0.9990120554029043
        ], 
        "WW_B1": [
            1.0009339473155712, 
            0.9990677939471225
        ]
    }, 
    "pdf_WW_eigen27": {
        "WW_B2": [
            1.0023209184697532, 
            0.9976898050783731
        ], 
        "WW_B3": [
            1.0017772090391266, 
            0.9982290855312741
        ], 
        "WW_B0": [
            1.002698787208787, 
            0.9973157014921812
        ], 
        "WW_B1": [
            1.0025252094907917, 
            0.9974874797889809
        ]
    }, 
    "pdf_WW_eigen24": {
        "WW_B2": [
            1.002016279482105, 
            0.9979918186276895
        ], 
        "WW_B3": [
            1.001606339594107, 
            0.9983988045332453
        ], 
        "WW_B0": [
            1.002598911040623, 
            0.9974145277839612
        ], 
        "WW_B1": [
            1.002351676309295, 
            0.9976593326745021
        ]
    }, 
    "pdf_WW_eigen25": {
        "WW_B2": [
            0.9986682262724432, 
            1.0013353304435628
        ], 
        "WW_B3": [
            0.9990969157512309, 
            1.0009047183225008
        ], 
        "WW_B0": [
            0.9981329785083831, 
            1.0018740191597144
        ], 
        "WW_B1": [
            0.9985415755640676, 
            1.0014626908841908
        ]
    }, 
    "PS_FSR": {
        "ggWW_nonfid": [
            0.9933946179668847, 
            1.0075106847217512, 
            1.0184408502321238, 
            1.018561025902185, 
            1.0110578913564614, 
            0.9881757684119071, 
            0.9710204547173186, 
            0.9637996933204865
        ], 
        "ggWW_B2": [
            0.9844603705958238, 
            0.9844603705958238, 
            1.0002266224032463, 
            0.9987883248389295, 
            1.035935732106561, 
            1.035935732106561, 
            1.0050434456287587, 
            0.9730343615324893
        ], 
        "ggWW_B3": [
            1.0063014985544305, 
            1.0063014985544305, 
            1.0063014985544305, 
            0.9999999999999999, 
            1.023431766060174, 
            1.023431766060174, 
            1.023431766060174, 
            1.0
        ], 
        "ggWW_B0": [
            0.9979219420848581, 
            1.0133854061840009, 
            1.0145914962126017, 
            1.0370655008587812, 
            1.0035494597179135, 
            0.9769969453855692, 
            0.9794770967044792, 
            0.89043283782961
        ], 
        "ggWW_B1": [
            0.9907942079845055, 
            0.9968775034841771, 
            1.0195906817897444, 
            1.004994002610355, 
            1.0129909412779132, 
            1.0050900122066881, 
            0.9695773868009517, 
            0.9724265154279143
        ], 
        "WW_nonfid": [
            0.9971478515001054, 
            1.006092648353606, 
            1.0107022578651612, 
            1.008827527664352, 
            1.0053090569452836, 
            0.9909125839786016, 
            0.9838461084111447, 
            0.9828023841756471
        ], 
        "WW_B2": [
            0.9925022065617962, 
            0.9925022065617962, 
            0.9979647337650348, 
            1.0169099281428777, 
            1.0118389229898832, 
            1.0118389229898832, 
            1.002945763722242, 
            0.9755252398859434
        ], 
        "WW_B3": [
            1.0007657514463664, 
            1.0007657514463664, 
            1.0007657514463664, 
            0.9999999999999999, 
            1.0083734498464603, 
            1.0083734498464603, 
            1.0083734498464603, 
            1.0
        ], 
        "WW_B0": [
            0.9990743469891955, 
            1.0159671241067176, 
            1.0122338266772817, 
            1.0282451334883678, 
            1.0013161632643073, 
            0.9781118087729324, 
            0.9665566486858328, 
            1.0172945388276615
        ], 
        "WW_B1": [
            0.9953317278170084, 
            0.9985983715271256, 
            1.0136451417803272, 
            1.0361406931914996, 
            1.0043841998048912, 
            1.0024472781626683, 
            0.9752505891483889, 
            0.9513554842704315
        ]
    }, 
    "pdf_WW_eigen28": {
        "WW_B2": [
            1.0018844930042137, 
            0.9981225829543621
        ], 
        "WW_B3": [
            1.0014398769733457, 
            0.9985642576114632
        ], 
        "WW_B0": [
            1.0022484733697514, 
            0.997761592628997
        ], 
        "WW_B1": [
            1.0020901041672552, 
            0.9979185965328672
        ]
    }, 
    "pdf_WW_eigen29": {
        "WW_B2": [
            0.9988616196213949, 
            1.0011409781127938
        ], 
        "WW_B3": [
            0.9995553045865816, 
            1.0004450912735134
        ], 
        "WW_B0": [
            0.9981051426995596, 
            1.001902065586175
        ], 
        "WW_B1": [
            0.9986486030458407, 
            1.0013550594004612
        ]
    }, 
    "pdf_WW_eigen9": {
        "WW_B2": [
            0.9999652154473339, 
            1.0000347869727615
        ], 
        "WW_B3": [
            1.0004954710550855, 
            0.9995050194419922
        ], 
        "WW_B0": [
            1.0002257426168415, 
            0.9997743592566243
        ], 
        "WW_B1": [
            1.0001257522015679, 
            0.9998742794177172
        ]
    }, 
    "pdf_WW_eigen8": {
        "WW_B2": [
            0.9977925640001284, 
            1.002217224763394
        ],