{
    "QCDscale_WW": {
        "WW_B2": [
            0.9607334825836615, 
            1.0339105784324052
        ], 
        "WW_B3": [
            0.9459471955861669, 
            1.0483075367006132
        ], 
        "WW_B0": [
            0.9925011386192186, 
            1.0036237526804088
        ], 
        "WW_B1": [
            0.9736031278130254, 
            1.02141644127182
        ]
    }, 
    "pdf_WW_eigen22": {
        "WW_B2": [
            0.9999744071162584, 
            1.0000255941937966
        ], 
        "WW_B3": [
            0.9994206519032843, 
            1.0005800201638717
        ], 
        "WW_B0": [
            1.0006420097154076, 
            0.999358813580415
        ], 
        "WW_B1": [
            1.0000603729654198, 
            0.9999396343235161
        ]
    }, 
    "pdf_WW_eigen23": {
        "WW_B2": [
            0.999987785638143, 
            1.000012214660237
        ], 
        "WW_B3": [
            0.9999305197745869, 
            1.0000694898817595
        ], 
        "WW_B0": [
            1.0000062202616053, 
            0.9999937798157676
        ], 
        "WW_B1": [
            1.0000498689247257, 
            0.999950136048602
        ]
    }, 
    "pdf_WW_eigen20": {
        "WW_B2": [
            1.0044748230051044, 
            0.9955648698398275
        ], 
        "WW_B3": [
            1.0041867693134978, 
            0.9958479976386518
        ], 
        "WW_B0": [
            1.0057513763593582, 
            0.994314027970851
        ], 
        "WW_B1": [
            1.0050172623422509, 
            0.9950325833230212
        ]
    }, 
    "pdf_WW_eigen21": {
        "WW_B2": [
            1.0017167816830403, 
            0.9982890928251531
        ], 
        "WW_B3": [
            1.0018619558337114, 
            0.9981449522004318
        ], 
        "WW_B0": [
            1.0023019481080875, 
            0.9977086012539494
        ], 
        "WW_B1": [
            1.0019607129801202, 
            0.9980469457774193
        ]
    }, 
    "pdf_WW_eigen26": {
        "WW_B2": [
            1.0008461480298456, 
            0.99915528148396
        ], 
        "WW_B3": [
            1.001188960675747, 
            0.9988138598721872
        ], 
        "WW_B0": [
            1.0009434879430126, 
            0.9990582890428651
        ], 
        "WW_B1": [
            1.0008735615586832, 
            0.9991279619990852
        ]
    }, 
    "pdf_WW_eigen27": {
        "WW_B2": [
            1.0024068219348798, 
            0.9976047081470566
        ], 
        "WW_B3": [
            1.0016996701439471, 
            0.998306088039223
        ], 
        "WW_B0": [
            1.0026050878156045, 
            0.997408414798468
        ], 
        "WW_B1": [
            1.0025548799199135, 
            0.9974581085350173
        ]
    }, 
    "pdf_WW_eigen24": {
        "WW_B2": [
            1.0019515408780613, 
            0.9980560465312519
        ], 
        "WW_B3": [
            1.0013656797319916, 
            0.9986380402696045
        ], 
        "WW_B0": [
            1.0025142967763365, 
            0.9974982833399347
        ], 
        "WW_B1": [
            1.002321517650677, 
            0.9976892114222664
        ]
    }, 
    "pdf_WW_eigen25": {
        "WW_B2": [
            0.9986519837226647, 
            1.0013516603977604
        ], 
        "WW_B3": [
            0.9991316358035194, 
            1.000869874932975
        ], 
        "WW_B0": [
            0.9981709722453107, 
            1.0018357430045108
        ], 
        "WW_B1": [
            0.9985437022235255, 
            1.0014605517730784
        ]
    }, 
    "PS_FSR": {
        "ggWW_nonfid": [
            0.9934392452101114, 
            1.0043794477194117, 
            1.0116126845518423, 
            1.0178752671563505, 
            1.0110014078438072, 
            0.9931190688931055, 
            0.9822771734681324, 
            0.9689439781695178
        ], 
        "ggWW_B2": [
            0.9854076134902715, 
            0.9854076134902715, 
            0.9999282264233287, 
            1.0003845588850877, 
            1.035790082531228, 
            1.035790082531228, 
            1.0058307609444728, 
            0.9687591028341066
        ], 
        "ggWW_B3": [
            1.0063468833421876, 
            1.0063468833421876, 
            1.0063468833421876, 
            0.9999999999999999, 
            1.025704568333434, 
            1.025704568333434, 
            1.025704568333434, 
            1.0
        ], 
        "ggWW_B0": [
            0.9977575344142382, 
            1.0138731776181154, 
            1.0138944761638218, 
            1.0395148236791474, 
            1.0037676428728552, 
            0.9764799058134439, 
            0.9830723892887436, 
            0.8706809419812563
        ], 
        "ggWW_B1": [
            0.9916921388316424, 
            0.996876381575793, 
            1.019625368171427, 
            1.0063098871464267, 
            1.0119408466106046, 
            1.0052631402752263, 
            0.9683384159280591, 
            0.9711351104535906
        ], 
        "WW_nonfid": [
            0.9973129154955253, 
            1.0031898111546769, 
            1.0077818743798674, 
            1.0088207981006698, 
            1.0049699096705396, 
            0.9955445316784003, 
            0.989069362475426, 
            0.9842548079308292
        ], 
        "WW_B2": [
            0.9930890675044647, 
            1.1436526199752344, 
            0.9981332606302238, 
            1.0157344189087598, 
            1.0106033361132616, 
            0.5513783704538846, 
            1.002438218624768, 
            0.9795050330367424
        ], 
        "WW_B3": [
            1.0010328959312527, 
            1.0010328959312527, 
            1.0010328959312527, 
            1.0, 
            1.0091383980134667, 
            1.0091383980134667, 
            1.0091383980134667, 
            1.0
        ], 
        "WW_B0": [
            0.9990063157324638, 
            1.0158887214408798, 
            1.0111400371485046, 
            1.0204520549263438, 
            1.0014644295058732, 
            0.9772747206912258, 
            0.9692433581084663, 
            1.0201852111768428
        ], 
        "WW_B1": [
            0.9949703618549326, 
            0.9984986297503712, 
            1.0155390306438943, 
            1.0326745199023148, 
            1.0051909933103003, 
            1.0026148000608683, 
            0.972215094164754, 
            0.9546695469563645
        ]
    }, 
    "pdf_WW_eigen28": {
        "WW_B2": [
            1.0018650021665092, 
            0.9981419284484248
        ], 
        "WW_B3": [
            1.0014367406936913, 
            0.9985673759249215
        ], 
        "WW_B0": [
            1.0021630033068003, 
            0.9978463135549992
        ], 
        "WW_B1": [
            1.0020790733454863, 
            0.9979295359477819
        ]
    }, 
    "pdf_WW_eigen29": {
        "WW_B2": [
            0.9987660077277969, 
            1.0012370452808375
        ], 
        "WW_B3": [
            0.999564813322208, 
            1.000435565782639
        ], 
        "WW_B0": [
            0.9981517314651519, 
            1.0018551260771498
        ], 
        "WW_B1": [
            0.9986093696082092, 
            1.0013945088846812
        ]
    }, 
    "pdf_WW_eigen9": {
        "WW_B2": [
            0.999906368645593, 
            1.000093648891346
        ], 
        "WW_B3": [
            1.0007662605310452, 
            0.9992349119824554
        ], 
        "WW_B0": [
            1.0003062491262427, 
            0.9996939383359934
        ], 
        "WW_B1": [
            0.999998163277844, 
            1.0000018367289278
        ]
    }, 
    "pdf_WW_eigen8": {
        "WW_B2": [
            0.9978426089257489, 
            1.0021667400856855
        ],