{
    "ww2l2v_13TeV_top_1j": {
        "Vg": {
            "Wg": 0.5029529052530795, 
            "Zg": 0.13702271877497735, 
            "ZgS": 0.04014456473032953, 
            "WgS": 0.3198798112416136
        }, 
        "Higgs": {
            "qqH_htt": 0.019785272775704476, 
            "qqH_hww": 0.04147530125545872, 
            "ggZH_hww": 0.03651187483165584, 
            "WH_htt": 0.06915801375959545, 
            "ggH_htt": 0.1006827562132131, 
            "WH_hww": 0.12484554501683175, 
            "ggH_hww": 0.41845743335911234, 
            "ttH_hww": 0.12300609230313687, 
            "ZH_htt": 0.022891588941323253, 
            "ZH_hww": 0.04318612154396814
        }
    }, 
    "ww2l2v_13TeV_top_0j": {
        "Vg": {
            "Wg": 0.294351462248273, 
            "Zg": 0.16630134182087658, 
            "ZgS": 0.0965942171201635, 
            "WgS": 0.4427529788106868
        }, 
        "Higgs": {
            "qqH_htt": 0.004846526958911881, 
            "qqH_hww": 0.012400517453970738, 
            "ggZH_hww": 0.007024792941015247, 
            "WH_htt": 0.10242061444500589, 
            "ggH_htt": 0.050673059522364054, 
            "WH_hww": 0.14807596983974006, 
            "ggH_hww": 0.6206693061542548, 
            "ttH_hww": 0.017211128068070212, 
            "ZH_htt": 0.011969669897269873, 
            "ZH_hww": 0.02470841471939741
        }
    }, 
    "ww2l2v_13TeV_sr_2j_B0": {
        "Vg": {
            "Wg": 0.656964612347028, 
            "Zg": 0.06225053395041677, 
            "ZgS": 0.020358645071533805, 
            "WgS": 0.2604262086310215
        }, 
        "Higgs": {
            "qqH_htt": 0.0018611441986605935, 
            "qqH_hww": 0.2073301942222752, 
            "ggZH_hww": 0.08427551631103194, 
            "WH_htt": 0.008515009455759085, 
            "ggH_htt": 0.0063849152730176915, 
            "WH_hww": 0.08237756923616404, 
            "ggH_hww": 0.5425334868050179, 
            "ttH_hww": 0.035424762874430825, 
            "ZH_htt": 0.001906502999985805, 
            "ZH_hww": 0.029390898623656906
        }
    }, 
    "ww2l2v_13TeV_sr_1j_B0": {
        "Vg": {
            "Wg": 0.5940483107149299, 
            "Zg": 0.05349123621314724, 
            "ZgS": 0.013971733118794188, 
            "WgS": 0.3384887199531286
        }, 
        "Higgs": {
            "qqH_htt": 0.0007155144827637353, 
            "qqH_hww": 0.09245733331111984, 
            "ggZH_hww": 0.02045620817818561, 
            "WH_htt": 0.010761310192671032, 
            "ggH_htt": 0.005049991082066049, 
            "WH_hww": 0.057014508144854134, 
            "ggH_hww": 0.7961160745543742, 
            "ttH_hww": 0.0010789787107618263, 
            "ZH_htt": 0.0016386378054784347, 
            "ZH_hww": 0.014711443537724977
        }
    }, 
    "ww2l2v_13TeV_top_2j": {
        "Vg": {
            "Wg": 0.6167347340823011, 
            "Zg": 0.08475400597552926, 
            "ZgS": 0.053160620436681266, 
            "WgS": 0.24535063950548838
        }, 
        "Higgs": {
            "qqH_htt": 0.009873346789986514, 
            "qqH_hww": 0.013286868113021731, 
            "ggZH_hww": 0.027352421994607162, 
            "WH_htt": 0.00792782374333792, 
            "ggH_htt": 0.024056615289501985, 
            "WH_hww": 0.021347225425397336, 
            "ggH_hww": 0.040767484383943974, 
            "ttH_hww": 0.8397148181667398, 
            "ZH_htt": 0.0056201191388122644, 
            "ZH_hww": 0.010053276954651379
        }
    }, 
    "ww2l2v_13TeV_sr_0j_B0": {
        "Vg": {
            "Wg": 0.604561915381717, 
            "Zg": 0.05458925668984204, 
            "ZgS": 0.016770288418855167, 
            "WgS": 0.32407853950958576
        }, 
        "Higgs": {
            "qqH_htt": 1.5610942799057097e-05, 
            "qqH_hww": 0.010868415878447626, 
            "ggZH_hww": 0.009380690005127213, 
            "WH_htt": 0.005844427562936282, 
            "ggH_htt": 0.0014701478650124724, 
            "WH_hww": 0.02736019817967444, 
            "ggH_hww": 0.9353889507342291, 
            "ttH_hww": 8.208999313998485e-05, 
            "ZH_htt": 0.0014888856529604486, 
            "ZH_hww": 0.008100583185673227
        }
    }
}