{
    "ww2l2v_13TeV_top_1j": {
        "Vg": {
            "Wg": 0.510372861685676, 
            "Zg": 0.10163544144463657, 
            "ZgS": 0.035027086690337134, 
            "WgS": 0.3529646101793503
        }, 
        "Higgs": {
            "qqH_htt": 0.01875995159777931, 
            "qqH_hww": 0.04149565961999462, 
            "ggZH_hww": 0.03583234202616247, 
            "WH_htt": 0.07015133292623908, 
            "ggH_htt": 0.10094087586646162, 
            "WH_hww": 0.12889560845140746, 
            "ggH_hww": 0.4088354938010389, 
            "ttH_hww": 0.1298350893020864, 
            "ZH_htt": 0.022220822186774875, 
            "ZH_hww": 0.043032824222055274
        }
    }, 
    "ww2l2v_13TeV_top_0j": {
        "Vg": {
            "Wg": 0.44820845583092983, 
            "Zg": 0.1298735301021419, 
            "ZgS": 0.07561996906741965, 
            "WgS": 0.34629804499950856
        }, 
        "Higgs": {
            "qqH_htt": 0.004793487793357587, 
            "qqH_hww": 0.012255774293955222, 
            "ggZH_hww": 0.006937247463111772, 
            "WH_htt": 0.10334327031175247, 
            "ggH_htt": 0.04998669126889109, 
            "WH_hww": 0.15650285638290162, 
            "ggH_hww": 0.6131426724779223, 
            "ttH_hww": 0.016958417162846465, 
            "ZH_htt": 0.011790605901798897, 
            "ZH_hww": 0.02428897694346251
        }
    }, 
    "ww2l2v_13TeV_sr_2j_B0": {
        "Vg": {
            "Wg": 0.6519086838192056, 
            "Zg": 0.06078964547780503, 
            "ZgS": 0.019697270671713712, 
            "WgS": 0.2676044000312757
        }, 
        "Higgs": {
            "qqH_htt": 0.0019420225293502022, 
            "qqH_hww": 0.20417413050878705, 
            "ggZH_hww": 0.08670356777265811, 
            "WH_htt": 0.009238046641540725, 
            "ggH_htt": 0.006389008772175641, 
            "WH_hww": 0.08388881905281029, 
            "ggH_hww": 0.5374210920256567, 
            "ttH_hww": 0.03901495345263207, 
            "ZH_htt": 0.001969110051942589, 
            "ZH_hww": 0.029259249192446827
        }
    }, 
    "ww2l2v_13TeV_sr_1j_B0": {
        "Vg": {
            "Wg": 0.591531226274815, 
            "Zg": 0.05494262105617074, 
            "ZgS": 0.014322168468501918, 
            "WgS": 0.3392039842005124
        }, 
        "Higgs": {
            "qqH_htt": 0.0007272404384507611, 
            "qqH_hww": 0.0922818360586555, 
            "ggZH_hww": 0.02120464620705415, 
            "WH_htt": 0.011478555660120468, 
            "ggH_htt": 0.0049918488434745854, 
            "WH_hww": 0.05910908155425245, 
            "ggH_hww": 0.792338116058822, 
            "ttH_hww": 0.0013123804459088985, 
            "ZH_htt": 0.0017100331157555353, 
            "ZH_hww": 0.014846261617505685
        }
    }, 
    "ww2l2v_13TeV_top_2j": {
        "Vg": {
            "Wg": 0.618393050800994, 
            "Zg": 0.06248354677037049, 
            "ZgS": 0.04390931239660268, 
            "WgS": 0.27521409003203273
        }, 
        "Higgs": {
            "qqH_htt": 0.008878819784243427, 
            "qqH_hww": 0.012654193357202139, 
            "ggZH_hww": 0.026353687769420896, 
            "WH_htt": 0.00789686320597401, 
            "ggH_htt": 0.02439700641501228, 
            "WH_hww": 0.020547616494193576, 
            "ggH_hww": 0.039302961574579874, 
            "ttH_hww": 0.8452260757451047, 
            "ZH_htt": 0.00548430349032562, 
            "ZH_hww": 0.009258472163943453
        }
    }, 
    "ww2l2v_13TeV_sr_0j_B0": {
        "Vg": {
            "Wg": 0.6019220913703003, 
            "Zg": 0.05501954306852545, 
            "ZgS": 0.01662202105081664, 
            "WgS": 0.32643634451035775
        }, 
        "Higgs": {
            "qqH_htt": 1.5622779464853746e-05, 
            "qqH_hww": 0.010848718198590707, 
            "ggZH_hww": 0.009738696535388922, 
            "WH_htt": 0.006165251007611214, 
            "ggH_htt": 0.0014671267494988773, 
            "WH_hww": 0.028087303996396477, 
            "ggH_hww": 0.9337595064435913, 
            "ttH_hww": 9.558198457971231e-05, 
            "ZH_htt": 0.0015274808787359903, 
            "ZH_hww": 0.008294711426141839
        }
    }
}