{
    "ww2l2v_13TeV_top_1j": {
        "Vg": {
            "Wg": 0.5109994271982651, 
            "Zg": 0.10157800509378591, 
            "ZgS": 0.034827706060421876, 
            "WgS": 0.3525948616475272
        }, 
        "Higgs": {
            "qqH_htt": 0.018773114962385148, 
            "qqH_hww": 0.04148060303468688, 
            "ggZH_hww": 0.03591431654007592, 
            "WH_htt": 0.07024397572961101, 
            "ggH_htt": 0.10089908006460739, 
            "WH_hww": 0.12892885699920847, 
            "ggH_hww": 0.4083284721994957, 
            "ttH_hww": 0.13023246763512583, 
            "ZH_htt": 0.022199410023756, 
            "ZH_hww": 0.04299970281104767
        }
    }, 
    "ww2l2v_13TeV_top_0j": {
        "Vg": {
            "Wg": 0.4487739499906057, 
            "Zg": 0.12996636035571488, 
            "ZgS": 0.07549187070688733, 
            "WgS": 0.3457678189467922
        }, 
        "Higgs": {
            "qqH_htt": 0.0047835461814780674, 
            "qqH_hww": 0.01223890063525674, 
            "ggZH_hww": 0.00693312805103779, 
            "WH_htt": 0.10352913477455918, 
            "ggH_htt": 0.05001682629204274, 
            "WH_hww": 0.15681531884409736, 
            "ggH_hww": 0.612500921427019, 
            "ttH_hww": 0.01698647702929837, 
            "ZH_htt": 0.011807720100278607, 
            "ZH_hww": 0.024388026664932203
        }
    }, 
    "ww2l2v_13TeV_sr_2j_B0": {
        "Vg": {
            "Wg": 0.6520444845877095, 
            "Zg": 0.060636620244149814, 
            "ZgS": 0.019732587498378813, 
            "WgS": 0.267586307669762
        }, 
        "Higgs": {
            "qqH_htt": 0.0019405586089768548, 
            "qqH_hww": 0.20411040906371444, 
            "ggZH_hww": 0.08680495781220714, 
            "WH_htt": 0.00925136024881466, 
            "ggH_htt": 0.006401423142687902, 
            "WH_hww": 0.08390370884063708, 
            "ggH_hww": 0.5372524195406352, 
            "ttH_hww": 0.039095790724390005, 
            "ZH_htt": 0.0019719075827310684, 
            "ZH_hww": 0.02926746443520554
        }
    }, 
    "ww2l2v_13TeV_sr_1j_B0": {
        "Vg": {
            "Wg": 0.591663184974874, 
            "Zg": 0.05480001950732853, 
            "ZgS": 0.014287777105588952, 
            "WgS": 0.33924901841220845
        }, 
        "Higgs": {
            "qqH_htt": 0.000728245004245575, 
            "qqH_hww": 0.09231513604952316, 
            "ggZH_hww": 0.021249412245936666, 
            "WH_htt": 0.011506862792579094, 
            "ggH_htt": 0.004995843607617136, 
            "WH_hww": 0.05918723925420182, 
            "ggH_hww": 0.7921344490129986, 
            "ttH_hww": 0.001315453530588723, 
            "ZH_htt": 0.0017119649470687154, 
            "ZH_hww": 0.014855393555240562
        }
    }, 
    "ww2l2v_13TeV_top_2j": {
        "Vg": {
            "Wg": 0.6195722789012295, 
            "Zg": 0.06186227917184958, 
            "ZgS": 0.043655861761005575, 
            "WgS": 0.2749095801659154
        }, 
        "Higgs": {
            "qqH_htt": 0.008858926856779808, 
            "qqH_hww": 0.012630536873792274, 
            "ggZH_hww": 0.02635174627889819, 
            "WH_htt": 0.007891022830712257, 
            "ggH_htt": 0.024398905196651135, 
            "WH_hww": 0.020546250795107787, 
            "ggH_hww": 0.03925815083169451, 
            "ttH_hww": 0.8453380996190724, 
            "ZH_htt": 0.00547811995292391, 
            "ZH_hww": 0.009248240764367737
        }
    }, 
    "ww2l2v_13TeV_sr_0j_B0": {
        "Vg": {
            "Wg": 0.6020666558673747, 
            "Zg": 0.055021142036943256, 
            "ZgS": 0.01655905956805355, 
            "WgS": 0.3263531425276284
        }, 
        "Higgs": {
            "qqH_htt": 1.5554699811148382e-05, 
            "qqH_hww": 0.010853149564118153, 
            "ggZH_hww": 0.009770621745307424, 
            "WH_htt": 0.006184144249559545, 
            "ggH_htt": 0.00146724714800005, 
            "WH_hww": 0.02815511715154832, 
            "ggH_hww": 0.9336122729564084, 
            "ttH_hww": 9.586304889815056e-05, 
            "ZH_htt": 0.0015316800996610597, 
            "ZH_hww": 0.008314349336688037
        }
    }
}