{
    "ww2l2v_13TeV_top_1j": {
        "Vg": {
            "Wg": 0.6135803964533578, 
            "Zg": 0.1178059230450081, 
            "ZgS": 0.021797805200009818, 
            "WgS": 0.24681587530162424
        }, 
        "Higgs": {
            "qqH_htt": 0.027691953676777827, 
            "qqH_hww": 0.039798962520534595, 
            "ggZH_hww": 0.032304136808926374, 
            "WH_htt": 0.06780380929282295, 
            "ggH_htt": 0.13083724871249328, 
            "WH_hww": 0.11589926325650965, 
            "ggH_hww": 0.39393874259052825, 
            "ttH_hww": 0.1298542373747937, 
            "ZH_htt": 0.021361861282323102, 
            "ZH_hww": 0.040509784484290316
        }
    }, 
    "ww2l2v_13TeV_top_0j": {
        "Vg": {
            "Wg": 0.6176675215268942, 
            "Zg": 0.19128517741557358, 
            "ZgS": 0.09191208331076901, 
            "WgS": 0.09913521774676302
        }, 
        "Higgs": {
            "qqH_htt": 0.004360582423575457, 
            "qqH_hww": 0.013366496433182646, 
            "ggZH_hww": 0.007836443943907518, 
            "WH_htt": 0.10585627132384913, 
            "ggH_htt": 0.05052971615053805, 
            "WH_hww": 0.15277640978270238, 
            "ggH_hww": 0.6172674280963768, 
            "ttH_hww": 0.01389514964427139, 
            "ZH_htt": 0.01192693232708876, 
            "ZH_hww": 0.02218456987450782
        }
    }, 
    "ww2l2v_13TeV_sr_2j_B0": {
        "Vg": {
            "Wg": 0.7675151974511918, 
            "Zg": 0.06742031438176721, 
            "ZgS": 0.029040464760350475, 
            "WgS": 0.1360240234066906
        }, 
        "Higgs": {
            "qqH_htt": 0.002114572379904935, 
            "qqH_hww": 0.2018164059094225, 
            "ggZH_hww": 0.08321763857328827, 
            "WH_htt": 0.01014920180264948, 
            "ggH_htt": 0.006528950095149148, 
            "WH_hww": 0.08385270506983032, 
            "ggH_hww": 0.5390314948142494, 
            "ttH_hww": 0.04157492803837862, 
            "ZH_htt": 0.0023434861782201124, 
            "ZH_hww": 0.029370617138907273
        }
    }, 
    "ww2l2v_13TeV_sr_1j_B0": {
        "Vg": {
            "Wg": 0.7495326279361653, 
            "Zg": 0.07473308717138975, 
            "ZgS": 0.022124329665950716, 
            "WgS": 0.15360995522649407
        }, 
        "Higgs": {
            "qqH_htt": 0.0007457345156399936, 
            "qqH_hww": 0.09086930568350106, 
            "ggZH_hww": 0.020483112543162277, 
            "WH_htt": 0.012103264418409986, 
            "ggH_htt": 0.0055638076091581515, 
            "WH_hww": 0.05877608630913251, 
            "ggH_hww": 0.7928116114069389, 
            "ttH_hww": 0.0016134824106450681, 
            "ZH_htt": 0.0018960541332422745, 
            "ZH_hww": 0.015137540970169708
        }
    }, 
    "ww2l2v_13TeV_top_2j": {
        "Vg": {
            "Wg": 0.7059044989497457, 
            "Zg": 0.12681562648665198, 
            "ZgS": 0.024615663158161705, 
            "WgS": 0.14266421140544064
        }, 
        "Higgs": {
            "qqH_htt": 0.009237985405996766, 
            "qqH_hww": 0.011949682079515786, 
            "ggZH_hww": 0.023999264025163555, 
            "WH_htt": 0.008442044639100631, 
            "ggH_htt": 0.0266380455114914, 
            "WH_hww": 0.019482465690531657, 
            "ggH_hww": 0.03716912874198117, 
            "ttH_hww": 0.8482457708330119, 
            "ZH_htt": 0.00584258257092568, 
            "ZH_hww": 0.008993030502281478
        }
    }, 
    "ww2l2v_13TeV_sr_0j_B0": {
        "Vg": {
            "Wg": 0.7395796382977281, 
            "Zg": 0.08029241708433933, 
            "ZgS": 0.01723328670950141, 
            "WgS": 0.1628946579084311
        }, 
        "Higgs": {
            "qqH_htt": 1.237072391209144e-05, 
            "qqH_hww": 0.010868995809213109, 
            "ggZH_hww": 0.008845996531628876, 
            "WH_htt": 0.0061721301797847, 
            "ggH_htt": 0.0018103326543919924, 
            "WH_hww": 0.027108655099303564, 
            "ggH_hww": 0.9352638020231806, 
            "ttH_hww": 9.673416743309377e-05, 
            "ZH_htt": 0.0017582837363347694, 
            "ZH_hww": 0.008062699074817357
        }
    }
}