{
    "PS_ISR": {
        "ggWW_B0": [
            1.000671295119162, 
            0.9993658520686676
        ], 
        "WW_B0": [
            0.9994349732857696, 
            1.0004385279934682
        ]
    }, 
    "PS_FSR": {
        "ggWW_B0": [
            0.9996755205304944, 
            1.0001294414382456
        ], 
        "WW_B0": [
            0.9994415902102932, 
            0.999732523868552
        ]
    }, 
    "QCDscale_WW": {
        "ggWW_B0": [
            1.0, 
            1.0
        ], 
        "WW_B0": [
            0.9828552383503476, 
            1.012456241532564
        ]
    }, 
    "CMS_hww_WWresum": {
        "WW_B0": [
            0.9863528977208232, 
            1.0484530490851791
        ]
    }, 
    "CMS_hww_WWqscale": {
        "WW_B0": [
            1.0138236471113333, 
            0.9862380272397041
        ]
    }, 
    "pdf_WW": {
        "WW_B0": [
            0.9900426249547024, 
            1.0101597029913654
        ]
    }
}