{
    "PS_ISR": {
        "ggWW_B0": [
            1.000671295119162, 
            0.9993658520686678
        ], 
        "WW_B0": [
            0.9997766332636301, 
            1.000174072090715
        ]
    }, 
    "PS_FSR": {
        "ggWW_B0": [
            0.9996755205304944, 
            1.0001294414382456
        ], 
        "WW_B0": [
            0.9989365827362716, 
            1.0005716685422459
        ]
    }, 
    "QCDscale_WW": {
        "ggWW_B0": [
            1.0, 
            1.0
        ], 
        "WW_B0": [
            0.9826751719578071, 
            1.0139061098582265
        ]
    }, 
    "pdf_WW": {
        "WW_B0": [
            0.9999694281619504, 
            1.0000305737074384
        ]
    }
}