{
    "PS_ISR": {
        "ggWW_B0": [
            1.0006712951191619, 
            0.9993658520686675
        ], 
        "WW_B0": [
            0.9997766332636301, 
            1.000174072090715
        ]
    }, 
    "PS_FSR": {
        "ggWW_B0": [
            0.9996755205304941, 
            1.0001294414382453
        ], 
        "WW_B0": [
            0.9989365827362717, 
            1.000571668542246
        ]
    }, 
    "QCDscale_uR_WW": {
        "WW_B0": [
            0.9826398423266085, 
            1.0174730868658923
        ]
    }, 
    "QCDscale_uF_WW": {
        "WW_B0": [
            1.0020891046468072, 
            0.9984639744120328
        ]
    }, 
    "pdf_WW": {
        "WW_B0": [
            0.9999694281619502, 
            1.0000305737074386
        ]
    }
}