{
    "PS_ISR": {
        "ggWW_B0": [
            1.0009119015412333, 
            0.9991543129980862
        ], 
        "WW_B0": [
            0.9998257666649831, 
            1.0001530483778118
        ]
    }, 
    "PS_FSR": {
        "ggWW_B0": [
            0.9991716755460448, 
            1.0003575612738722
        ], 
        "WW_B0": [
            0.9979105626156789, 
            1.0002775228725702
        ]
    }, 
    "QCDscale_WW": {
        "ggWW_B0": [
            1.0, 
            1.0
        ], 
        "WW_B0": [
            0.9830933436348587, 
            1.0122062415620003
        ]
    }, 
    "CMS_hww_WWresum": {
        "WW_B0": [
            0.9864285317954664, 
            1.0483746866420829
        ]
    }, 
    "CMS_hww_WWqscale": {
        "WW_B0": [
            1.0135551923891741, 
            0.9865405295434577
        ]
    }, 
    "pdf_WW": {
        "ggWW_B0": [
            0.5, 
            -4990127687623374.0
        ], 
        "WW_B0": [
            0.9895056484129338, 
            1.010719336560355
        ]
    }
}