{
    "PS_ISR": {
        "WW_minnlo_B0": [
            0.9997766332636301, 
            1.000174072090715
        ], 
        "ggWW_B0": [
            1.000671295119162, 
            0.9993658520686678
        ]
    }, 
    "PS_FSR": {
        "WW_minnlo_B0": [
            0.9989365827362716, 
            1.0005716685422459
        ], 
        "ggWW_B0": [
            0.9996755205304945, 
            1.0001294414382456
        ]
    }, 
    "QCDscale_WW": {
        "WW_minnlo_B0": [
            0.9826751719578072, 
            1.0139061098582265
        ], 
        "ggWW_B0": [
            1.0, 
            1.0
        ]
    }, 
    "pdf_WW": {
        "WW_minnlo_B0": [
            0.9999694281619504, 
            1.0000305737074384
        ]
    }
}