{
    "PS_ISR": {
        "ggWW_B0": [
            1.0006712951175851, 
            0.9993658520671018
        ], 
        "WW_B0": [
            0.9994349732857807, 
            1.000438527993477
        ]
    }, 
    "PS_FSR": {
        "ggWW_B0": [
            0.9996755205289155, 
            1.0001294414366706
        ], 
        "WW_B0": [
            0.9994415902103146, 
            0.9997325238685587
        ]
    }, 
    "QCDscale_WW": {
        "ggWW_B0": [
            1.0, 
            1.0
        ], 
        "WW_B0": [
            0.9828552383503678, 
            1.0124562415325817
        ]
    }, 
    "CMS_hww_WWresum": {
        "WW_B0": [
            0.9863528977208279, 
            1.048453049085182
        ]
    }, 
    "CMS_hww_WWqscale": {
        "WW_B0": [
            1.0138236471113313, 
            0.9862380272397097
        ]
    }, 
    "pdf_WW": {
        "WW_B0": [
            0.9895460531535092, 
            1.0106771842803652
        ]
    }
}