{
  "ggWW": {
    "CMS_PU_2017": [
      1.0000719880084752, 
      0.999754354839089
    ]
  }, 
  "Vg": {
    "CMS_PU_2017": [
      0.9978657257270556, 
      1.0022841469465518
    ]
  }, 
  "VVV": {
    "CMS_PU_2017": [
      0.9997247178446871, 
      1.0004750114175216
    ]
  }, 
  "top": {
    "CMS_PU_2017": [
      1.000247916795676, 
      0.999848643195891
    ]
  }, 
  "Wjets": {
    "CMS_PU_2017": [
      0.9984122589281711, 
      1.0016876365376672
    ]
  },
  "Wjets": {
    "CMS_PU_2017": [
      0.9984122589281711, 
      1.0016876365376672
    ]
  },
  "Wjets_boost": {
    "CMS_PU_2017": [
      0.9984122589281711, 
      1.0016876365376672
    ]
  }, 
  "VBS": {
    "QCDscale_VBS": [
      1.054402293730381, 
      0.9640341753539801
    ], 
    "CMS_PU_2017": [
      1.000148910470167, 
      0.9999312716288549
    ]
  }, 
  "VBS_dipoleRecoil": {
    "CMS_PU_2017": [
      1.000148910470167, 
      0.9999312716288549
    ]
  }, 
  "VBF-V": {
    "CMS_PU_2017": [
      0.9996314826367474, 
      1.0004321972028625
    ]
  }, 
  "VBF-V_dipole": {
    "CMS_PU_2017": [
      0.9996314826367474, 
      1.0004321972028625
    ]
  },
  "VV": {
    "CMS_PU_2017": [
      0.9997786580245885, 
      1.000280079679146
    ]
  }, 
  "DY": {
    "CMS_PU_2017": [
      0.996458204231044, 
      1.003507156949331
    ]
  }, 
  "VgS": {
    "CMS_PU_2017": [
      0.9975886233439147, 
      1.0023525950360337
    ]
  }
}