{
    "ww2l2v_13TeV_sr_1j_B10": {
        "Vg": {
            "Wg": 0.5241960835782876, 
            "Zg": 0.0, 
            "ZgS": 0.0, 
            "WgS": 0.47580391642171244
        }, 
        "Higgs": {
            "qqH_htt": 0.0, 
            "qqH_hww": 0.24136439322934966, 
            "ggZH_hww": 0.04314524344706822, 
            "WH_htt": 0.00418689748402382, 
            "ggH_htt": 0.0, 
            "WH_hww": 0.02410811282301825, 
            "ggH_hww": 0.6775296923665569, 
            "ttH_hww": 0.0, 
            "ZH_htt": 0.0, 
            "ZH_hww": 0.009665660649983046
        }
    }, 
    "ww2l2v_13TeV_top_1j": {
        "Vg": {
            "Wg": 0.3917150326507643, 
            "Zg": 0.0780042931462109, 
            "ZgS": 0.002159865378957625, 
            "WgS": 0.5281208088240672
        }, 
        "Higgs": {
            "qqH_htt": 0.0418745983430768, 
            "qqH_hww": 0.08267038133918503, 
            "ggZH_hww": 0.03746355707039963, 
            "WH_htt": 0.05525401056697343, 
            "ggH_htt": 0.16402395130204095, 
            "WH_hww": 0.09760281184965192, 
            "ggH_hww": 0.31678835279638506, 
            "ttH_hww": 0.14894680196698146, 
            "ZH_htt": 0.018296307948638832, 
            "ZH_hww": 0.037079226816666734
        }
    }, 
    "ww2l2v_13TeV_sr_2j_B10": {
        "Vg": {
            "Wg": 0.46670879632898193, 
            "Zg": 0.08477181496969825, 
            "ZgS": 0.026344041745141454, 
            "WgS": 0.4221753469561784
        }, 
        "Higgs": {
            "qqH_htt": 0.0063961112998213235, 
            "qqH_hww": 0.1012398312422845, 
            "ggZH_hww": 0.14718762705019495, 
            "WH_htt": 0.011359678431844225, 
            "ggH_htt": 0.0, 
            "WH_hww": 0.06016243238422169, 
            "ggH_hww": 0.5582238221314441, 
            "ttH_hww": 0.08800700394658022, 
            "ZH_htt": 0.0023444256608759193, 
            "ZH_hww": 0.02507906785273315
        }
    }, 
    "ww2l2v_13TeV_sr_1j_B6": {
        "Vg": {
            "Wg": 0.5821964379562264, 
            "Zg": 0.06803654261451332, 
            "ZgS": 0.020917276627271383, 
            "WgS": 0.3288497428019889
        }, 
        "Higgs": {
            "qqH_htt": 0.0038677435822314647, 
            "qqH_hww": 0.2603029807490577, 
            "ggZH_hww": 0.04481301610589412, 
            "WH_htt": 0.006504774847252456, 
            "ggH_htt": 0.0, 
            "WH_hww": 0.04271209957160425, 
            "ggH_hww": 0.626416210206295, 
            "ttH_hww": 0.0051495325378643104, 
            "ZH_htt": 0.0009185816114775731, 
            "ZH_hww": 0.009315060788322999
        }
    }, 
    "ww2l2v_13TeV_sr_1j_B7": {
        "Vg": {
            "Wg": 0.3892645427402913, 
            "Zg": 0.2017555035876138, 
            "ZgS": 0.06292277880548601, 
            "WgS": 0.346057174866609
        }, 
        "Higgs": {
            "qqH_htt": 0.0, 
            "qqH_hww": 0.2399334463394172, 
            "ggZH_hww": 0.04059870384959533, 
            "WH_htt": 0.00741945414447823, 
            "ggH_htt": 0.019477984840388034, 
            "WH_hww": 0.0265089362935132, 
            "ggH_hww": 0.6603716970844145, 
            "ttH_hww": 0.0010307752970418267, 
            "ZH_htt": 0.0007916685120825211, 
            "ZH_hww": 0.0038673336390690326
        }
    }, 
    "ww2l2v_13TeV_sr_1j_B4": {
        "Vg": {
            "Wg": 0.6097135037040207, 
            "Zg": 0.05368400160479016, 
            "ZgS": 0.032633553084932654, 
            "WgS": 0.3039689416062565
        }, 
        "Higgs": {
            "qqH_htt": 0.0034184975591852957, 
            "qqH_hww": 0.23166301846559453, 
            "ggZH_hww": 0.04654543952866078, 
            "WH_htt": 0.012211934938063912, 
            "ggH_htt": 0.0055105094510948084, 
            "WH_hww": 0.0564407827133209, 
            "ggH_hww": 0.6217053854104824, 
            "ttH_hww": 0.002364416975384554, 
            "ZH_htt": 0.001262037395489164, 
            "ZH_hww": 0.018877977562723785
        }
    }, 
    "ww2l2v_13TeV_sr_2j_B6": {
        "Vg": {
            "Wg": 0.6381242970803693, 
            "Zg": 0.029776229064537255, 
            "ZgS": 0.02070770505903472, 
            "WgS": 0.3113917687960586
        }, 
        "Higgs": {
            "qqH_htt": 0.0017252480230150928, 
            "qqH_hww": 0.12846241131728708, 
            "ggZH_hww": 0.16986481196392547, 
            "WH_htt": 0.011320280478760117, 
            "ggH_htt": 0.013698380105067206, 
            "WH_hww": 0.08493185977475523, 
            "ggH_hww": 0.4752943509497843, 
            "ttH_hww": 0.07535497863273366, 
            "ZH_htt": 0.002303982343451169, 
            "ZH_hww": 0.03704369641122078
        }
    }, 
    "ww2l2v_13TeV_sr_2j_B1": {
        "Vg": {
            "Wg": 0.6319234477400956, 
            "Zg": 0.08603391469409807, 
            "ZgS": 0.005724924378498112, 
            "WgS": 0.27631771318730824
        }, 
        "Higgs": {
            "qqH_htt": 0.0011110373037738655, 
            "qqH_hww": 0.0688765155749977, 
            "ggZH_hww": 0.044791310048921625, 
            "WH_htt": 0.014744855694931103, 
            "ggH_htt": 0.0020358140107498016, 
            "WH_hww": 0.15268644989235824, 
            "ggH_hww": 0.6536254572434953, 
            "ttH_hww": 0.018117433687826968, 
            "ZH_htt": 0.003035256577095228, 
            "ZH_hww": 0.0409758699658501
        }
    }, 
    "ww2l2v_13TeV_top_2j": {
        "Vg": {
            "Wg": 0.5070204409695509, 
            "Zg": 0.12645227941960432, 
            "ZgS": 0.09468343558034342, 
            "WgS": 0.2718438440305012
        }, 
        "Higgs": {
            "qqH_htt": 0.005838633271489789, 
            "qqH_hww": 0.00717748306647734, 
            "ggZH_hww": 0.028004547085960417, 
            "WH_htt": 0.007346926448843965, 
            "ggH_htt": 0.0267942497916737, 
            "WH_hww": 0.017777218952100736, 
            "ggH_hww": 0.03625495440844649, 
            "ttH_hww": 0.8570061063835515, 
            "ZH_htt": 0.00520318631743472, 
            "ZH_hww": 0.008596694274021389
        }
    }, 
    "ww2l2v_13TeV_sr_2j_B0": {
        "Vg": {
            "Wg": 0.683804466128922, 
            "Zg": -0.04824896157536311, 
            "ZgS": 0.02182520162453175, 
            "WgS": 0.3426192938219094
        }, 
        "Higgs": {
            "qqH_htt": 0.0, 
            "qqH_hww": 0.04619227510235755, 
            "ggZH_hww": 0.021566232210843223, 
            "WH_htt": 0.010581705676380337, 
            "ggH_htt": 0.013711081513471224, 
            "WH_hww": 0.10799778549606769, 
            "ggH_hww": 0.7656709719498723, 
            "ttH_hww": 0.00702609763877136, 
            "ZH_htt": 0.0024972216996529493, 
            "ZH_hww": 0.024756628712583332
        }
    }, 
    "ww2l2v_13TeV_sr_2j_B3": {
        "Vg": {
            "Wg": 0.5437324793663281, 
            "Zg": 0.0510818193841258, 
            "ZgS": 0.010018307601613615, 
            "WgS": 0.3951673936479325
        }, 
        "Higgs": {
            "qqH_htt": 0.0019610675394851696, 
            "qqH_hww": 0.11343240931333845, 
            "ggZH_hww": 0.1142581378473792, 
            "WH_htt": 0.010612332366403738, 
            "ggH_htt": 0.006699021573842379, 
            "WH_hww": 0.12350748764313539, 
            "ggH_hww": 0.5221947707832546, 
            "ttH_hww": 0.054932047828938096, 
            "ZH_htt": 0.003480831206810239, 
            "ZH_hww": 0.04892189389741275
        }
    }, 
    "ww2l2v_13TeV_sr_1j_B1": {
        "Vg": {
            "Wg": 0.5908855165224896, 
            "Zg": 0.06112494593128065, 
            "ZgS": 0.023522993876175454, 
            "WgS": 0.32446654367005445
        }, 
        "Higgs": {
            "qqH_htt": 0.0012406228534128814, 
            "qqH_hww": 0.09889134814156414, 
            "ggZH_hww": 0.017887117034077884, 
            "WH_htt": 0.014118661558294058,