{
    "ww2l2v_13TeV_sr_1j_B10": {
        "Vg": {
            "Wg": 0.6949105669008244, 
            "Zg": 0.0, 
            "ZgS": 0.0, 
            "WgS": 0.3050894330991755
        }, 
        "Higgs": {
            "qqH_htt": 0.0, 
            "qqH_hww": 0.249269874516551, 
            "ggZH_hww": 0.045903677065476135, 
            "WH_htt": 0.00755600190380656, 
            "ggH_htt": 0.0, 
            "WH_hww": 0.02140080892701597, 
            "ggH_hww": 0.6671065745495418, 
            "ttH_hww": 0.0, 
            "ZH_htt": 0.0, 
            "ZH_hww": 0.008763063037608527
        }
    }, 
    "ww2l2v_13TeV_top_1j": {
        "Vg": {
            "Wg": 0.5560431330579171, 
            "Zg": 0.07576004972100364, 
            "ZgS": 0.0021839713129313135, 
            "WgS": 0.366012845908148
        }, 
        "Higgs": {
            "qqH_htt": 0.05262506418170388, 
            "qqH_hww": 0.08126883883345008, 
            "ggZH_hww": 0.033018719333953596, 
            "WH_htt": 0.059263448863320856, 
            "ggH_htt": 0.16625211434635578, 
            "WH_hww": 0.10268661836811455, 
            "ggH_hww": 0.30893304292584356, 
            "ttH_hww": 0.14071114047441893, 
            "ZH_htt": 0.020222332540654267, 
            "ZH_hww": 0.035018680132184614
        }
    }, 
    "ww2l2v_13TeV_sr_2j_B10": {
        "Vg": {
            "Wg": 0.5898651717099576, 
            "Zg": 0.041587365549316205, 
            "ZgS": 0.06149184197534999, 
            "WgS": 0.3070556207653763
        }, 
        "Higgs": {
            "qqH_htt": 0.005320283457336013, 
            "qqH_hww": 0.09131872815551612, 
            "ggZH_hww": 0.1483611173284877, 
            "WH_htt": 0.011311731672962663, 
            "ggH_htt": 0.009641992662496908, 
            "WH_hww": 0.06013397361035148, 
            "ggH_hww": 0.5561058141020438, 
            "ttH_hww": 0.09118829982609583, 
            "ZH_htt": 0.002387158266511293, 
            "ZH_hww": 0.024230900918198198
        }
    }, 
    "ww2l2v_13TeV_sr_1j_B6": {
        "Vg": {
            "Wg": 0.6887069221049877, 
            "Zg": 0.038495342908247424, 
            "ZgS": 0.018387883528460696, 
            "WgS": 0.254409851458304
        }, 
        "Higgs": {
            "qqH_htt": 0.003339674321467164, 
            "qqH_hww": 0.256856228400935, 
            "ggZH_hww": 0.04589511961592655, 
            "WH_htt": 0.009037417019807207, 
            "ggH_htt": 0.0014757457019773646, 
            "WH_hww": 0.03852606599053048, 
            "ggH_hww": 0.628965596334361, 
            "ttH_hww": 0.004438081013693463, 
            "ZH_htt": 0.0012725922121760882, 
            "ZH_hww": 0.0101934793891257
        }
    }, 
    "ww2l2v_13TeV_sr_1j_B7": {
        "Vg": {
            "Wg": 0.5862176433331596, 
            "Zg": 0.10133207238221183, 
            "ZgS": 0.04242941336758884, 
            "WgS": 0.2700208709170397
        }, 
        "Higgs": {
            "qqH_htt": 0.0, 
            "qqH_hww": 0.23816725896588126, 
            "ggZH_hww": 0.040049221389426494, 
            "WH_htt": 0.00793431953958387, 
            "ggH_htt": 0.01717995998289481, 
            "WH_hww": 0.026729134888629304, 
            "ggH_hww": 0.6611556805345773, 
            "ttH_hww": 0.0017165780614726712, 
            "ZH_htt": 0.0010571209596884348, 
            "ZH_hww": 0.006010725677845893
        }
    }, 
    "ww2l2v_13TeV_sr_1j_B4": {
        "Vg": {
            "Wg": 0.6473259002499111, 
            "Zg": 0.06709160164545104, 
            "ZgS": 0.02230281237795246, 
            "WgS": 0.2632796857266852
        }, 
        "Higgs": {
            "qqH_htt": 0.003369051802275643, 
            "qqH_hww": 0.22972901789000114, 
            "ggZH_hww": 0.04404856506619537, 
            "WH_htt": 0.01304555215954305, 
            "ggH_htt": 0.004771912772622621, 
            "WH_hww": 0.056705163732476846, 
            "ggH_hww": 0.6244588691460851, 
            "ttH_hww": 0.0027396038703396347, 
            "ZH_htt": 0.001549272443905232, 
            "ZH_hww": 0.01958299111655545
        }
    }, 
    "ww2l2v_13TeV_sr_2j_B6": {
        "Vg": {
            "Wg": 0.6865383659043396, 
            "Zg": 0.06025001868881349, 
            "ZgS": 0.010992064724890609, 
            "WgS": 0.24221955068195633
        }, 
        "Higgs": {
            "qqH_htt": 0.0014864925011069817, 
            "qqH_hww": 0.12649006861448334, 
            "ggZH_hww": 0.1628479070645767, 
            "WH_htt": 0.012151004861994122, 
            "ggH_htt": 0.01740041049108406, 
            "WH_hww": 0.08866931907568297, 
            "ggH_hww": 0.4718175324754139, 
            "ttH_hww": 0.07716338836399032, 
            "ZH_htt": 0.003155044909569331, 
            "ZH_hww": 0.0388188316420982
        }
    }, 
    "ww2l2v_13TeV_sr_2j_B1": {
        "Vg": {
            "Wg": 0.6998444831392281, 
            "Zg": 0.0549144428537087, 
            "ZgS": 0.03232647045663184, 
            "WgS": 0.21291460355043126
        }, 
        "Higgs": {
            "qqH_htt": 0.0017592364468178644, 
            "qqH_hww": 0.0668811574391796, 
            "ggZH_hww": 0.045514536765437576, 
            "WH_htt": 0.015378936498158137, 
            "ggH_htt": 0.007388477046341982, 
            "WH_hww": 0.1452886908553639, 
            "ggH_hww": 0.6549026599680444, 
            "ttH_hww": 0.018047560698693548, 
            "ZH_htt": 0.0034366734919706924, 
            "ZH_hww": 0.041402070789992244
        }
    }, 
    "ww2l2v_13TeV_top_2j": {
        "Vg": {
            "Wg": 0.595055482640992, 
            "Zg": 0.1006982260155257, 
            "ZgS": 0.05297259248993819, 
            "WgS": 0.2512736988535441
        }, 
        "Higgs": {
            "qqH_htt": 0.006228605952837427, 
            "qqH_hww": 0.007071755629353899, 
            "ggZH_hww": 0.02671996095480254, 
            "WH_htt": 0.008067546740212657, 
            "ggH_htt": 0.02925239866076587, 
            "WH_hww": 0.01787854377233173, 
            "ggH_hww": 0.03591720652771206, 
            "ttH_hww": 0.8542151275339825, 
            "ZH_htt": 0.00586542567568956, 
            "ZH_hww": 0.00878342855231171
        }
    }, 
    "ww2l2v_13TeV_sr_2j_B0": {
        "Vg": {
            "Wg": 0.722887688116844, 
            "Zg": -0.010285841772807777, 
            "ZgS": 0.014284858594756521, 
            "WgS": 0.2731132950612074
        }, 
        "Higgs": {
            "qqH_htt": 0.0, 
            "qqH_hww": 0.047073942530470154, 
            "ggZH_hww": 0.019886219061458734, 
            "WH_htt": 0.01274991853381595, 
            "ggH_htt": 0.020425699216534268, 
            "WH_hww": 0.11102345480659334, 
            "ggH_hww": 0.7518311240506108, 
            "ttH_hww": 0.009360254561153544, 
            "ZH_htt": 0.002105366775207853, 
            "ZH_hww": 0.025544020464155322
        }
    }, 
    "ww2l2v_13TeV_sr_2j_B3": {
        "Vg": {
            "Wg": 0.671946120483669, 
            "Zg": 0.049469536934697377, 
            "ZgS": 0.022576858625148022, 
            "WgS": 0.2560074839564855
        }, 
        "Higgs": {
            "qqH_htt": 0.0016742117561896375, 
            "qqH_hww": 0.11076524637130536, 
            "ggZH_hww": 0.10952796857123717, 
            "WH_htt": 0.012226183760979753, 
            "ggH_htt": 0.007795125551055739, 
            "WH_hww": 0.12512051881047911, 
            "ggH_hww": 0.5268989539294775, 
            "ttH_hww": 0.05395650652928337, 
            "ZH_htt": 0.003660717616569331, 
            "ZH_hww": 0.04837456710342301
        }
    }, 
    "ww2l2v_13TeV_sr_1j_B1": {
        "Vg": {
            "Wg": 0.6367864586341515, 
            "Zg": 0.06141576303011215, 
            "ZgS": 0.027668941222483392, 
            "WgS": 0.27412883711325275
        }, 
        "Higgs": {
            "qqH_htt": 0.0015723399924423528, 
            "qqH_hww": 0.0969668160057491, 
            "ggZH_hww": 0.01696191155913693,