{
    "PS_ISR": {
        "ggWW_B10": [
            0.9280734788533195, 
            1.067006957814446
        ], 
        "ggWW_B6": [
            0.9258468646915314, 
            1.0638494576528836
        ], 
        "ggWW_B7": [
            0.926254359194985, 
            1.0644515729638537
        ], 
        "ggWW_B4": [
            0.9229744625364343, 
            1.06907080137188
        ], 
        "ggWW_B5": [
            0.9218403044190875, 
            1.0678696712832336
        ], 
        "ggWW_B2": [
            0.9319414354606502, 
            1.0634573335071984
        ], 
        "ggWW_B3": [
            0.9252556580505781, 
            1.068826783974972
        ], 
        "ggWW_B0": [
            0.951716372749629, 
            1.0442790897111383
        ], 
        "ggWW_B1": [
            0.9398462189034404, 
            1.055590405752171
        ], 
        "ggWW_B8": [
            0.928659408629859, 
            1.0641657017904185
        ], 
        "ggWW_B9": [
            0.9299365781882855, 
            1.0650143170013135
        ], 
        "WW_B10": [
            1.0075360485095917, 
            0.9949344477612218
        ], 
        "WW_B8": [
            0.9966153582134911, 
            1.002201558406573
        ], 
        "WW_B9": [
            0.9976123430105641, 
            1.002036817031494
        ], 
        "WW_B6": [
            1.0007296346993297, 
            0.9998649976556968
        ], 
        "WW_B7": [
            1.0004238708137008, 
            0.9997015849783519
        ], 
        "WW_B4": [
            0.9975747197927314, 
            1.0017859211487259
        ], 
        "WW_B5": [
            0.9975389492879425, 
            1.0022155202963845
        ], 
        "WW_B2": [
            0.9982263511662813, 
            1.0015822692230225
        ], 
        "WW_B3": [
            0.9994010254493968, 
            1.0000089553531046
        ], 
        "WW_B0": [
            0.992677074054622, 
            1.0057870410663956
        ], 
        "WW_B1": [
            0.9945222356449362, 
            1.0043531026625987
        ]
    }, 
    "PS_FSR": {
        "ggWW_B10": [
            1.0746238744572378, 
            0.954704334400934
        ], 
        "ggWW_B6": [
            1.021148292920982, 
            0.9861333137202765
        ], 
        "ggWW_B7": [
            1.022707884147859, 
            0.9881503902990337
        ], 
        "ggWW_B4": [
            1.0254401106808158, 
            0.9836300917027225
        ], 
        "ggWW_B5": [
            1.0294949279538321, 
            0.9818275666753148
        ], 
        "ggWW_B2": [
            1.0190416963261275, 
            0.987641703484534
        ], 
        "ggWW_B3": [
            1.0273509068998896, 
            0.9826557871483971
        ], 
        "ggWW_B0": [
            1.006135927304117, 
            0.997047451029151
        ], 
        "ggWW_B1": [
            1.0152844648920014, 
            0.992212910716605
        ], 
        "ggWW_B8": [
            1.040894347566432, 
            0.9814577808546197
        ], 
        "ggWW_B9": [
            1.0017492644348027, 
            0.9982898548792265
        ], 
        "WW_B10": [
            0.9982150082247113, 
            0.9991892687755469
        ], 
        "WW_B8": [
            1.0027440017995657, 
            0.9955296477465376
        ], 
        "WW_B9": [
            0.998429476513809, 
            0.9917303546063879
        ], 
        "WW_B6": [
            1.0047378766997999, 
            0.9962814900605206
        ], 
        "WW_B7": [
            1.0170960807690703, 
            0.9902166259130263
        ], 
        "WW_B4": [
            1.0135344638788777, 
            0.9953309579991304
        ], 
        "WW_B5": [
            1.0062508823110312, 
            0.9917175001421166
        ], 
        "WW_B2": [
            1.0067367389700124, 
            0.995408731916586
        ], 
        "WW_B3": [
            1.0037680846973056, 
            0.9968587165953162
        ], 
        "WW_B0": [
            1.0120792535907221, 
            0.9950112247475428
        ], 
        "WW_B1": [
            1.0108119085966647, 
            0.996138972852447
        ]
    }, 
    "QCDscale_WW": {
        "ggWW_B10": [
            1.0, 
            1.0
        ], 
        "ggWW_B6": [
            1.0, 
            1.0
        ], 
        "ggWW_B7": [
            1.0, 
            1.0
        ], 
        "ggWW_B4": [
            1.0, 
            1.0
        ], 
        "ggWW_B5": [
            1.0, 
            1.0
        ], 
        "ggWW_B2": [
            1.0, 
            1.0
        ], 
        "ggWW_B3": [
            1.0, 
            1.0
        ], 
        "ggWW_B0": [
            1.0, 
            1.0
        ], 
        "ggWW_B1": [
            1.0, 
            1.0
        ], 
        "ggWW_B8": [
            1.0, 
            1.0
        ], 
        "ggWW_B9": [
            1.0, 
            1.0
        ], 
        "WW_B10": [
            0.9246124302397678, 
            1.0697126492627371
        ], 
        "WW_B8": [
            0.9363277716102382, 
            1.058276311006867
        ], 
        "WW_B9": [
            0.9286887471508843, 
            1.0658069785018678
        ], 
        "WW_B6": [
            0.9487903578345441, 
            1.046090336999384
        ], 
        "WW_B7": [
            0.9430165484132339, 
            1.0516141302135864
        ], 
        "WW_B4": [
            0.9631115965876045, 
            1.0321292991153392
        ], 
        "WW_B5": [
            0.9562440037548458, 
            1.0387627748494865
        ], 
        "WW_B2": [
            0.9768830796918023, 
            1.018585542070359
        ], 
        "WW_B3": [
            0.969387044645145, 
            1.0260527156948185
        ], 
        "WW_B0": [
            0.9862797509776607, 
            1.009635460322521
        ], 
        "WW_B1": [
            0.9810487070648518, 
            1.014716985343123
        ]
    }, 
    "CMS_hww_WWresum": {
        "WW_B10": [
            0.9999519967837481, 
            1.0001224079556332
        ], 
        "WW_B8": [
            0.9998845378494772, 
            1.000224859675229
        ], 
        "WW_B9": [
            0.9999521205877584, 
            1.0000945110413837
        ], 
        "WW_B6": [
            0.9997523135514799, 
            1.000495192283757
        ], 
        "WW_B7": [
            0.9998372306408059, 
            1.0003208225748201
        ], 
        "WW_B4": [
            0.9979927256516492, 
            1.0040639757493162
        ], 
        "WW_B5": [
            0.999286677599887, 
            1.0014538396034876
        ], 
        "WW_B2": [
            0.9859989018108214, 
            1.0292710229803559
        ], 
        "WW_B3": [
            0.994603989754967, 
            1.010975121942023
        ], 
        "WW_B0": [
            0.9341802010947042, 
            1.1670358009176314
        ], 
        "WW_B1": [
            0.9574394915845865, 
            1.0975695873642077
        ]
    }, 
    "CMS_hww_WWqscale": {
        "WW_B10": [
            1.079000129886501, 
            0.9082550262136995
        ], 
        "WW_B8": [
            1.081077114377348, 
            0.906141224448942
        ], 
        "WW_B9": [
            1.0807780414150576, 
            0.9065435114040645
        ], 
        "WW_B6": [
            1.0788276500056175, 
            0.9072371261682738
        ], 
        "WW_B7": [
            1.0809055248211015, 
            0.90613610417416
        ], 
        "WW_B4": [
            1.072682433780148, 
            0.9207136158688561
        ], 
        "WW_B5": [
            1.0736426619644521, 
            0.9103201124414388
        ], 
        "WW_B2": [
            1.0599767158127225, 
            0.9417910011802954
        ],