{
    "PS_ISR": {
        "ggWW_B10": [
            0.921535867526771, 
            1.0716582604883678
        ], 
        "ggWW_B6": [
            0.9246115239660843, 
            1.0652173700609244
        ], 
        "ggWW_B7": [
            0.9226777866832591, 
            1.067738616211865
        ], 
        "ggWW_B4": [
            0.9225517360451458, 
            1.0694169022942175
        ], 
        "ggWW_B5": [
            0.9209194423804485, 
            1.068644763570161
        ], 
        "ggWW_B2": [
            0.9316140217629563, 
            1.063673336049505
        ], 
        "ggWW_B3": [
            0.9252096623375083, 
            1.0688151939981771
        ], 
        "ggWW_B0": [
            0.9520935656478752, 
            1.0439588593753892
        ], 
        "ggWW_B1": [
            0.9399053976277426, 
            1.055562016996552
        ], 
        "ggWW_B8": [
            0.9310151870611052, 
            1.061333613813305
        ], 
        "ggWW_B9": [
            0.9287177849838242, 
            1.0654464181167176
        ], 
        "WW_B10": [
            1.0053113803344802, 
            0.9968788709950251
        ], 
        "WW_B8": [
            0.995394106149949, 
            1.0024777164682581
        ], 
        "WW_B9": [
            0.9976241074181201, 
            1.0019654262799118
        ], 
        "WW_B6": [
            0.9994670388961184, 
            1.0004785365562328
        ], 
        "WW_B7": [
            0.9993533604230697, 
            1.0006566225529563
        ], 
        "WW_B4": [
            0.9973664452712857, 
            1.0023277058252371
        ], 
        "WW_B5": [
            0.9961412178676206, 
            1.0033538714766186
        ], 
        "WW_B2": [
            0.9986756481225272, 
            1.0012607860554457
        ], 
        "WW_B3": [
            0.9984411966082958, 
            1.0005610726013114
        ], 
        "WW_B0": [
            0.9932375063625638, 
            1.0055053873418975
        ], 
        "WW_B1": [
            0.9950549941188094, 
            1.0037915370245425
        ]
    }, 
    "PS_FSR": {
        "ggWW_B10": [
            1.0791491180024766, 
            0.9539065322752838
        ], 
        "ggWW_B6": [
            1.017664563969951, 
            0.9877913318206148
        ], 
        "ggWW_B7": [
            1.0176330810134728, 
            0.9876250487761391
        ], 
        "ggWW_B4": [
            1.027598220910878, 
            0.9848181728524661
        ], 
        "ggWW_B5": [
            1.0370042358926237, 
            0.9800100137292804
        ], 
        "ggWW_B2": [
            1.0183842719567135, 
            0.9873442620213616
        ], 
        "ggWW_B3": [
            1.0260273236605866, 
            0.9837452308540581
        ], 
        "ggWW_B0": [
            1.0065183059011626, 
            0.9968468238146094
        ], 
        "ggWW_B1": [
            1.0150531416415276, 
            0.992520391208118
        ], 
        "ggWW_B8": [
            1.0705018706446499, 
            0.9746561430024555
        ], 
        "ggWW_B9": [
            1.0242935510509705, 
            0.9958476082626578
        ], 
        "WW_B10": [
            0.9819021378424357, 
            1.0102641024222216
        ], 
        "WW_B8": [
            0.99834703142681, 
            0.9965682908966712
        ], 
        "WW_B9": [
            0.9964819525372851, 
            0.9994704823233309
        ], 
        "WW_B6": [
            0.9999134068909515, 
            0.9943179515564764
        ], 
        "WW_B7": [
            1.0117326119064232, 
            0.9865873514811405
        ], 
        "WW_B4": [
            1.0173438285606817, 
            0.9950772140969291
        ], 
        "WW_B5": [
            0.9929703373212003, 
            0.9963511145464474
        ], 
        "WW_B2": [
            1.0104412983239341, 
            0.9945571028194264
        ], 
        "WW_B3": [
            1.0093098405473448, 
            0.9942570282233336
        ], 
        "WW_B0": [
            1.0209554104358871, 
            0.9890534175531384
        ], 
        "WW_B1": [
            1.0123250780421902, 
            0.996036774508933
        ]
    }, 
    "QCDscale_WW": {
        "ggWW_B10": [
            1.0, 
            1.0
        ], 
        "ggWW_B6": [
            1.0, 
            1.0
        ], 
        "ggWW_B7": [
            1.0, 
            1.0
        ], 
        "ggWW_B4": [
            1.0, 
            1.0
        ], 
        "ggWW_B5": [
            1.0, 
            1.0
        ], 
        "ggWW_B2": [
            1.0, 
            1.0
        ], 
        "ggWW_B3": [
            1.0, 
            1.0
        ], 
        "ggWW_B0": [
            1.0, 
            1.0
        ], 
        "ggWW_B1": [
            1.0, 
            1.0
        ], 
        "ggWW_B8": [
            1.0, 
            1.0
        ], 
        "ggWW_B9": [
            1.0, 
            1.0
        ], 
        "WW_B10": [
            0.9225038112135289, 
            1.0721698690819776
        ], 
        "WW_B8": [
            0.9351944498556506, 
            1.0595313084644866
        ], 
        "WW_B9": [
            0.9286042579692306, 
            1.06596661503041
        ], 
        "WW_B6": [
            0.9481732820653915, 
            1.0467539527089997
        ], 
        "WW_B7": [
            0.9431653902703127, 
            1.0514285036743343
        ], 
        "WW_B4": [
            0.9635817797905172, 
            1.0316386920718148
        ], 
        "WW_B5": [
            0.9561051511310893, 
            1.0388937299344485
        ], 
        "WW_B2": [
            0.979372433842879, 
            1.0160482255662215
        ], 
        "WW_B3": [
            0.9691095413403629, 
            1.0263433587982433
        ], 
        "WW_B0": [
            0.9868368275446012, 
            1.0090771723004293
        ], 
        "WW_B1": [
            0.9812415488862819, 
            1.0145408481057958
        ]
    }, 
    "CMS_hww_WWresum": {
        "WW_B10": [
            1.0000473781614387, 
            0.9999628801228004
        ], 
        "WW_B8": [
            0.9997614007227378, 
            1.0004648349046839
        ], 
        "WW_B9": [
            1.0, 
            1.0
        ], 
        "WW_B6": [
            0.9997467163376321, 
            1.0005050188608078
        ], 
        "WW_B7": [
            0.9997244655152937, 
            1.0005431031003253
        ], 
        "WW_B4": [
            0.9978158784178044, 
            1.004422711504561
        ], 
        "WW_B5": [
            0.9992178050162627, 
            1.0015985880524656
        ], 
        "WW_B2": [
            0.9859276180097297, 
            1.0294328097501209
        ], 
        "WW_B3": [
            0.9946406716335108, 
            1.0109044417799127
        ], 
        "WW_B0": [
            0.9346889957918753, 
            1.1655513301896927
        ], 
        "WW_B1": [
            0.9569809071899326, 
            1.09880332239677
        ]
    }, 
    "CMS_hww_WWqscale": {
        "WW_B10": [
            1.0790358217844038, 
            0.9082025536065473
        ], 
        "WW_B8": [
            1.0810578788568654, 
            0.9062527978024275
        ], 
        "WW_B9": [
            1.0810759077780472, 
            0.906158282756566
        ], 
        "WW_B6": [
            1.0788092525196384, 
            0.9073202255152933
        ], 
        "WW_B7": [
            1.0808463432813762, 
            0.9062159177612163
        ], 
        "WW_B4": [
            1.072648021405305, 
            0.92073381793277
        ], 
        "WW_B5": [
            1.0736084636225656, 
            0.9108188175817719
        ], 
        "WW_B2": [
            1.059939758208809, 
            0.9419142753755094
        ], 
        "WW_B3": [
            1.0678894176319893, 
            0.9329935362703817
        ],