{
    "ww2l2v_13TeV_sr_1j_B10": {
        "Vg": {
            "Wg": 0.0, 
            "Zg": 0.0, 
            "ZgS": 0.0, 
            "WgS": 1.0
        }, 
        "Higgs": {
            "qqH_htt": 0.0, 
            "qqH_hww": 0.2556826370368774, 
            "ggZH_hww": 0.007108394366512926, 
            "WH_htt": 0.008681527626578174, 
            "ggH_htt": 0.0, 
            "WH_hww": 0.04034472330492348, 
            "ggH_hww": 0.6674477600565575, 
            "ttH_hww": 0.006392994618279264, 
            "ZH_htt": 0.0018038198921388232, 
            "ZH_hww": 0.01253814309813234
        }
    }, 
    "ww2l2v_13TeV_sr_1j_B11": {
        "Vg": {
            "Wg": 0.0, 
            "Zg": 0.42336870354752754, 
            "ZgS": 0.0, 
            "WgS": 0.5766312964524726
        }, 
        "Higgs": {
            "qqH_htt": 0.013252486089685697, 
            "qqH_hww": 0.35755189811124893, 
            "ggZH_hww": 0.015536659656517014, 
            "WH_htt": 0.005863125933230801, 
            "ggH_htt": 0.0, 
            "WH_hww": 0.07256232590079385, 
            "ggH_hww": 0.5050827439334937, 
            "ttH_hww": 0.009280583627457626, 
            "ZH_htt": 0.0047986928462546066, 
            "ZH_hww": 0.016071483901317803
        }
    }, 
    "ww2l2v_13TeV_top_1j": {
        "Vg": {
            "Wg": 0.0, 
            "Zg": 0.30974580733993606, 
            "ZgS": 0.11319320519675771, 
            "WgS": 0.5770609874633061
        }, 
        "Higgs": {
            "qqH_htt": 0.05054084307845239, 
            "qqH_hww": 0.07612854386090592, 
            "ggZH_hww": 0.0045765831270577735, 
            "WH_htt": 0.061718665936217026, 
            "ggH_htt": 0.1568162424949592, 
            "WH_hww": 0.10143407374124867, 
            "ggH_hww": 0.32968660847198356, 
            "ttH_hww": 0.1630598800940759, 
            "ZH_htt": 0.018446994757842894, 
            "ZH_hww": 0.03759156443725681
        }
    }, 
    "ww2l2v_13TeV_sr_2j_B10": {
        "Vg": {
            "Wg": 0.9187577221229993, 
            "Zg": -0.03193962199893937, 
            "ZgS": 0.07229055699349098, 
            "WgS": 0.040891342882449055
        }, 
        "Higgs": {
            "qqH_htt": 0.0007360795418865688, 
            "qqH_hww": 0.08757315648387415, 
            "ggZH_hww": 0.0189787657298095, 
            "WH_htt": 0.013765100085193271, 
            "ggH_htt": 0.01289423148894987, 
            "WH_hww": 0.08892893764105347, 
            "ggH_hww": 0.6852353191798113, 
            "ttH_hww": 0.06105502791233395, 
            "ZH_htt": 0.0027333482238523234, 
            "ZH_hww": 0.02810003371323561
        }
    }, 
    "ww2l2v_13TeV_sr_1j_B6": {
        "Vg": {
            "Wg": 0.6633716669307935, 
            "Zg": -0.028766784946214246, 
            "ZgS": 0.06873299316960785, 
            "WgS": 0.296662124845813
        }, 
        "Higgs": {
            "qqH_htt": 0.00356294410705691, 
            "qqH_hww": 0.25316922588992596, 
            "ggZH_hww": 0.00494095606429835, 
            "WH_htt": 0.009563599940262716, 
            "ggH_htt": 0.012229397952375442, 
            "WH_hww": 0.03929586673631272, 
            "ggH_hww": 0.6640740762869041, 
            "ttH_hww": 0.0022591218535432628, 
            "ZH_htt": 0.0012323825200231042, 
            "ZH_hww": 0.00967242864929742
        }
    }, 
    "ww2l2v_13TeV_sr_1j_B7": {
        "Vg": {
            "Wg": 0.0, 
            "Zg": 0.04008673129292623, 
            "ZgS": 0.03974440259858883, 
            "WgS": 0.920168866108485
        }, 
        "Higgs": {
            "qqH_htt": 0.005287502530219417, 
            "qqH_hww": 0.3314858100278446, 
            "ggZH_hww": 0.006399399221812635, 
            "WH_htt": 0.011014652902516964, 
            "ggH_htt": 0.007732483340354499, 
            "WH_hww": 0.050401867037074576, 
            "ggH_hww": 0.5762980433859344, 
            "ttH_hww": 0.0038882442420364056, 
            "ZH_htt": 0.0008428972775360556, 
            "ZH_hww": 0.006649100034670427
        }
    }, 
    "ww2l2v_13TeV_sr_1j_B4": {
        "Vg": {
            "Wg": 0.5955799963380468, 
            "Zg": 0.042132701846805065, 
            "ZgS": 0.0026160520169160755, 
            "WgS": 0.35967124979823206
        }, 
        "Higgs": {
            "qqH_htt": 0.0031525316670828764, 
            "qqH_hww": 0.21194859744270575, 
            "ggZH_hww": 0.0043137858569985985, 
            "WH_htt": 0.013489840347756236, 
            "ggH_htt": 0.005109832171474825, 
            "WH_hww": 0.06225657324474145, 
            "ggH_hww": 0.6732517137983484, 
            "ttH_hww": 0.0050982696055947374, 
            "ZH_htt": 0.0014076544761062388, 
            "ZH_hww": 0.019971201389190812
        }
    }, 
    "ww2l2v_13TeV_sr_2j_B6": {
        "Vg": {
            "Wg": 0.20170648390530924, 
            "Zg": 0.04697138706822162, 
            "ZgS": 0.04653714083608243, 
            "WgS": 0.7047849881903867
        }, 
        "Higgs": {
            "qqH_htt": 0.001938693182426331, 
            "qqH_hww": 0.15793367094369515, 
            "ggZH_hww": 0.01739330887683738, 
            "WH_htt": 0.011756268710561348, 
            "ggH_htt": 0.007073282857974828, 
            "WH_hww": 0.09617054933205563, 
            "ggH_hww": 0.5872535284917281, 
            "ttH_hww": 0.0820904693122149, 
            "ZH_htt": 0.003004958266419203, 
            "ZH_hww": 0.03538527002608711
        }
    }, 
    "ww2l2v_13TeV_sr_2j_B1": {
        "Vg": {
            "Wg": 0.47549361274326346, 
            "Zg": 0.07232627407962848, 
            "ZgS": 0.12345061982539222, 
            "WgS": 0.3287294933517159
        }, 
        "Higgs": {
            "qqH_htt": 0.000323772717116, 
            "qqH_hww": 0.07919527392491958, 
            "ggZH_hww": 0.004217681565635605, 
            "WH_htt": 0.01705519590876983, 
            "ggH_htt": 0.006374749753719558, 
            "WH_hww": 0.15250890037368725, 
            "ggH_hww": 0.6715377235156468, 
            "ttH_hww": 0.0190290391074579, 
            "ZH_htt": 0.002586395287468962, 
            "ZH_hww": 0.0471712678455785
        }
    }, 
    "ww2l2v_13TeV_top_2j": {
        "Vg": {
            "Wg": 0.29866831624555346, 
            "Zg": 0.1327642612277377, 
            "ZgS": 0.061724956723070906, 
            "WgS": 0.5068424658036379
        }, 
        "Higgs": {
            "qqH_htt": 0.004821976065202648, 
            "qqH_hww": 0.008583700963878301, 
            "ggZH_hww": 0.0026455607687118983, 
            "WH_htt": 0.007886480269275522, 
            "ggH_htt": 0.019188372745418944, 
            "WH_hww": 0.01766259421404831, 
            "ggH_hww": 0.0312846884394721, 
            "ttH_hww": 0.8947112074464896, 
            "ZH_htt": 0.005047041665766897, 
            "ZH_hww": 0.008168377421735831
        }
    }, 
    "ww2l2v_13TeV_sr_2j_B0": {
        "Vg": {
            "Wg": 0.0, 
            "Zg": 0.06458483110853488, 
            "ZgS": 0.12300848368059338, 
            "WgS": 0.8124066852108718
        }, 
        "Higgs": {
            "qqH_htt": 0.0008842472006107951, 
            "qqH_hww": 0.047087462507891226, 
            "ggZH_hww": 0.0019953558926448173, 
            "WH_htt": 0.011254042103874368, 
            "ggH_htt": 0.0028482117591243986, 
            "WH_hww": 0.11782703617933922, 
            "ggH_hww": 0.7828388381638889, 
            "ttH_hww": 0.007102488851142198, 
            "ZH_htt": 0.0022319275301541128, 
            "ZH_hww": 0.02593038981132996
        }
    }, 
    "ww2l2v_13TeV_sr_2j_B11": {
        "Vg": {
            "Wg": 0.551878074211863, 
            "Zg": 0.08805386052726473, 
            "ZgS": 0.0, 
            "WgS": 0.3600680652608724
        }, 
        "Higgs": {
            "qqH_htt": 0.003951776516958126, 
            "qqH_hww": 0.13541150484582817, 
            "ggZH_hww": 0.04865896960112584, 
            "WH_htt": 0.02306698758144668,