{
    "ww2l2v_13TeV_top_1j": {
        "Vg": {
            "Wg": 0.243442543615148, 
            "Zg": 0.2268800605778832, 
            "ZgS": 0.04538649189076016, 
            "WgS": 0.48429090391620866
        }, 
        "Higgs": {
            "qqH_htt": 0.020806836388500494, 
            "qqH_hww": 0.05376574651113585, 
            "ggZH_hww": 0.004027736124504765, 
            "WH_htt": 0.07314305578544639, 
            "ggH_htt": 0.11800574836823234, 
            "WH_hww": 0.06381134415088059, 
            "ggH_hww": 0.483773280423545, 
            "ttH_hww": 0.1292789601450135, 
            "ZH_htt": 0.021742629516017027, 
            "ZH_hww": 0.03164466258672395
        }
    }, 
    "ww2l2v_13TeV_top_0j": {
        "Vg": {
            "Wg": 0.0, 
            "Zg": 0.2873574834140421, 
            "ZgS": 0.17829022455080556, 
            "WgS": 0.5343522920351522
        }, 
        "Higgs": {
            "qqH_htt": 0.0022618072984671293, 
            "qqH_hww": 0.03608898140276432, 
            "ggZH_hww": 0.002581782240107933, 
            "WH_htt": 0.09865185755640149, 
            "ggH_htt": 0.028313721044560314, 
            "WH_hww": 0.16051662671147449, 
            "ggH_hww": 0.6282763201710145, 
            "ttH_hww": 0.015848155704771674, 
            "ZH_htt": 0.008147473919091113, 
            "ZH_hww": 0.019313273951346993
        }
    }, 
    "ww2l2v_13TeV_sr_2j_B0": {
        "Vg": {
            "Wg": 0.49381126788727825, 
            "Zg": 0.09717045621436411, 
            "ZgS": 0.0537927474465189, 
            "WgS": 0.35522552845183886
        }, 
        "Higgs": {
            "qqH_htt": 0.0037812000511237673, 
            "qqH_hww": 0.20006565056599854, 
            "ggZH_hww": 0.009116716415464429, 
            "WH_htt": 0.011805444049446763, 
            "ggH_htt": 0.00876704798909336, 
            "WH_hww": 0.09150975688252093, 
            "ggH_hww": 0.6124593975494352, 
            "ttH_hww": 0.0327642709027341, 
            "ZH_htt": 0.002283166711559877, 
            "ZH_hww": 0.027447348882622895
        }
    }, 
    "ww2l2v_13TeV_sr_1j_B0": {
        "Vg": {
            "Wg": 0.3990179772283404, 
            "Zg": 0.07209820291290629, 
            "ZgS": 0.03463632094181887, 
            "WgS": 0.4942474989169344
        }, 
        "Higgs": {
            "qqH_htt": 0.001130555776511404, 
            "qqH_hww": 0.08064523552508585, 
            "ggZH_hww": 0.00234736048597292, 
            "WH_htt": 0.012303105250726474, 
            "ggH_htt": 0.004773587156123942, 
            "WH_hww": 0.05904169200626435, 
            "ggH_hww": 0.8248556471820099, 
            "ttH_hww": 0.0010190345367127598, 
            "ZH_htt": 0.0015673055287024188, 
            "ZH_hww": 0.012316476551890021
        }
    }, 
    "ww2l2v_13TeV_top_2j": {
        "Vg": {
            "Wg": 0.7768387935459692, 
            "Zg": 0.10281241303970472, 
            "ZgS": -0.006349033689437633, 
            "WgS": 0.1266978271037636
        }, 
        "Higgs": {
            "qqH_htt": 0.007270364633112951, 
            "qqH_hww": 0.010589435283279098, 
            "ggZH_hww": 0.0026726154483996834, 
            "WH_htt": 0.008897475069837827, 
            "ggH_htt": 0.024372469031258462, 
            "WH_hww": 0.018328013943365192, 
            "ggH_hww": 0.045883463394648466, 
            "ttH_hww": 0.8693490315736653, 
            "ZH_htt": 0.005271760958664355, 
            "ZH_hww": 0.007365370663768739
        }
    }, 
    "ww2l2v_13TeV_sr_0j_B0": {
        "Vg": {
            "Wg": 0.48399389925838643, 
            "Zg": 0.08960649842510593, 
            "ZgS": 0.034075435384109114, 
            "WgS": 0.3923241669323985
        }, 
        "Higgs": {
            "qqH_htt": 0.00013868072681119616, 
            "qqH_hww": 0.010716463632062493, 
            "ggZH_hww": 0.0009656692308710118, 
            "WH_htt": 0.0061154910226825995, 
            "ggH_htt": 0.0029439343132863904, 
            "WH_hww": 0.029531546894464866, 
            "ggH_hww": 0.9405739736681134, 
            "ttH_hww": 0.00012637598279738004, 
            "ZH_htt": 0.0015941173271757975, 
            "ZH_hww": 0.007293747201734838
        }
    }
}