{
    "QCDscale_WW": {
        "WW_B0": [
            0.9825547976366868, 
            1.0127302902811943
        ]
    }, 
    "pdf_WW_eigen22": {
        "WW_B0": [
            1.0004108789074795, 
            0.9995894584582405
        ]
    }, 
    "pdf_WW_eigen23": {
        "WW_B0": [
            1.0000099375278173, 
            0.9999900626696846
        ]
    }, 
    "pdf_WW_eigen20": {
        "WW_B0": [
            1.005420919755465, 
            0.994637222616263
        ]
    }, 
    "pdf_WW_eigen21": {
        "WW_B0": [
            1.0021541824747753, 
            0.9978550587150754
        ]
    }, 
    "pdf_WW_eigen26": {
        "WW_B0": [
            1.00097163849075, 
            0.9990302460098568
        ]
    }, 
    "pdf_WW_eigen27": {
        "WW_B0": [
            1.0025962790552372, 
            0.9974171326336543
        ]
    }, 
    "pdf_WW_eigen24": {
        "WW_B0": [
            1.0024573681121176, 
            0.9975546501374405
        ]
    }, 
    "pdf_WW_eigen25": {
        "WW_B0": [
            0.9983147139412272, 
            1.0016909856478455
        ]
    }, 
    "PS_FSR": {
        "WW_nonfid": [
            0.9971478515001044, 
            1.006092648353635, 
            1.0107022578651659, 
            1.0088275276643528, 
            1.0053090569452647, 
            0.9909125839786503, 
            0.9838461084111471, 
            0.9828023841756489
        ], 
        "ggWW_nonfid": [
            0.9933946179669011, 
            1.0075106847217425, 
            1.0184408502321491, 
            1.018561025902173, 
            1.0110578913564823, 
            0.9881757684119021, 
            0.971020454717344, 
            0.9637996933204751
        ], 
        "ggWW_B0": [
            0.9930688314585371, 
            1.0066204485498913, 
            1.0206062745843352, 
            1.0046304172881872, 
            1.0123904100346837, 
            0.9899494738624706, 
            0.9655378774472968, 
            0.9586409216779237
        ], 
        "WW_B0": [
            0.9958339708698724, 
            1.0045669451988186, 
            1.0087718199548568, 
            1.0076966285581173, 
            1.0060669401025244, 
            0.9950629732196837, 
            0.984793889096655, 
            0.9815198257654537
        ]
    }, 
    "pdf_WW_eigen28": {
        "WW_B0": [
            1.0021541951847792, 
            0.9978550461138886
        ]
    }, 
    "pdf_WW_eigen29": {
        "WW_B0": [
            0.9983547148687207, 
            1.0016507169313282
        ]
    }, 
    "pdf_WW_eigen9": {
        "WW_B0": [
            1.0001834559823661, 
            0.9998166113051404
        ]
    }, 
    "pdf_WW_eigen8": {
        "WW_B0": [
            0.9976078631193489, 
            1.0024036365358584
        ]
    }, 
    "pdf_WW_eigen3": {
        "WW_B0": [
            0.9999845482443432, 
            1.0000154522331834
        ]
    }, 
    "pdf_WW_eigen2": {
        "WW_B0": [
            0.9946971850400155, 
            1.005359657503968
        ]
    }, 
    "pdf_WW_eigen1": {
        "WW_B0": [
            0.9923367187146769, 
            1.0077825611964644
        ]
    }, 
    "pdf_WW_eigen7": {
        "WW_B0": [
            1.0002913448208892, 
            0.9997088248438577
        ]
    }, 
    "pdf_WW_eigen6": {
        "WW_B0": [
            0.9993315248827614, 
            1.0006693700316605
        ]
    }, 
    "pdf_WW_eigen5": {
        "WW_B0": [
            1.004604602260454, 
            0.9954374155132213
        ]
    }, 
    "pdf_WW_eigen4": {
        "WW_B0": [
            1.006881998555409, 
            0.9932114391761586
        ]
    }, 
    "CMS_hww_WWresum": {
        "WW_B0": [
            0.9867311467777995, 
            1.047749668365878
        ]
    }, 
    "pdf_WW_eigen19": {
        "WW_B0": [
            0.9981843058525491, 
            1.0018223116687128
        ]
    }, 
    "pdf_WW_eigen18": {
        "WW_B0": [
            0.9991122617985299, 
            1.000889317163106
        ]
    }, 
    "pdf_WW_eigen13": {
        "WW_B0": [
            0.9989253553017298, 
            1.0010769593956879
        ]
    }, 
    "pdf_WW_eigen12": {
        "WW_B0": [
            1.0006650586036776, 
            0.9993358248271477
        ]
    }, 
    "pdf_WW_eigen11": {
        "WW_B0": [
            0.9975970676030149, 
            1.0024145363321355
        ]
    }, 
    "pdf_WW_eigen10": {
        "WW_B0": [
            1.0026021292022964, 
            0.9974113428384911
        ]
    }, 
    "pdf_WW_eigen17": {
        "WW_B0": [
            1.0004831686967015, 
            0.9995172977565329
        ]
    }, 
    "pdf_WW_eigen16": {
        "WW_B0": [
            0.9998152428082155, 
            1.000184825487461
        ]
    }, 
    "pdf_WW_eigen15": {
        "WW_B0": [
            0.997797064351952, 
            1.0022126844509593
        ]
    }, 
    "pdf_WW_eigen14": {
        "WW_B0": [
            0.9994725059895377, 
            1.0005280510980448
        ]
    }, 
    "pdf_WW_eigen31": {
        "WW_B0": [
            1.0103005771500173, 
            0.9899073432294111
        ]
    }, 
    "pdf_WW_eigen30": {
        "WW_B0": [
            0.9980642137603395, 
            1.001943309904812
        ]
    }, 
    "PS_ISR": {
        "WW_nonfid": [
            1.0006118038080223, 
            1.0163199216809102, 
            0.9661727017939356, 
            0.9223326112539854, 
            0.9996984557298679, 
            0.9809153420533597, 
            1.0419783356588457, 
            1.1043076546715167
        ], 
        "ggWW_nonfid": [
            1.040644628946409, 
            0.9618003485827404, 
            0.9017528418780484, 
            0.8580360788988162, 
            0.9512741354364223, 
            1.0433807121682648, 
            1.127540869749669, 
            1.1998189323868196
        ], 
        "ggWW_B0": [
            1.0412844670014993, 
            0.9616111248776399, 
            0.9018590207117122, 
            0.8632379503714055, 
            0.9497294241948441, 
            1.042842983939099, 
            1.126795399396348, 
            1.190549159210888
        ], 
        "WW_B0": [
            1.000827453494929, 
            1.0183265091359002, 
            0.9684974041075627, 
            0.9237827148301779, 
            0.9985891747293353, 
            0.9776528322543019, 
            1.037859338413536, 
            1.1012311760266396
        ]
    }, 
    "pdf_WW_eigen32": {
        "WW_B0": [
            0.9924299490427121, 
            1.007686424203079
        ]
    }, 
    "CMS_hww_WWqscale": {
        "WW_B0": [
            1.013463170797863, 
            0.9865297944213067
        ]
    }
}