{
    "QCDscale_WW": {
        "WW_B0": [
            0.9832471732588982, 
            1.012104016270474
        ]
    }, 
    "pdf_WW_eigen22": {
        "WW_B0": [
            1.0003918528937614, 
            0.9996084539631264
        ]
    }, 
    "pdf_WW_eigen23": {
        "WW_B0": [
            1.0000154809616517, 
            0.9999845195176481
        ]
    }, 
    "pdf_WW_eigen20": {
        "WW_B0": [
            1.0054002349703735, 
            0.9946574668977967
        ]
    }, 
    "pdf_WW_eigen21": {
        "WW_B0": [
            1.0021463352362732, 
            0.9978628388921036
        ]
    }, 
    "pdf_WW_eigen26": {
        "WW_B0": [
            1.0009214609739936, 
            0.9990802340827942
        ]
    }, 
    "pdf_WW_eigen27": {
        "WW_B0": [
            1.0025530332400503, 
            0.9974599364930735
        ]
    }, 
    "pdf_WW_eigen24": {
        "WW_B0": [
            1.0023861747024827, 
            0.9976251588691717
        ]
    }, 
    "pdf_WW_eigen25": {
        "WW_B0": [
            0.9983396889607739, 
            1.001665842673182
        ]
    }, 
    "PS_FSR": {
        "WW_nonfid": [
            0.9973129154955146, 
            1.0031898111546755, 
            1.0077818743798674, 
            1.0088207981006667, 
            1.0049699096705276, 
            0.9955445316784195, 
            0.9890693624754211, 
            0.9842548079308239
        ], 
        "ggWW_nonfid": [
            0.9934392452102548, 
            1.0043794477193526, 
            1.0116126845519418, 
            1.0178752671563562, 
            1.0110014078439542, 
            0.9931190688930499, 
            0.9822771734682282, 
            0.9689439781695229
        ], 
        "ggWW_B0": [
            0.9930013067543012, 
            1.0063815301991026, 
            1.019879169045443, 
            1.0053699734325263, 
            1.0126773770058377, 
            0.9904709610942288, 
            0.9658704776980113, 
            0.9553379785900054
        ], 
        "WW_B0": [
            0.9955457656381306, 
            1.0047476048939947, 
            1.0089371135591079, 
            1.0068868141435603, 
            1.0065776183872035, 
            0.9945473332169469, 
            0.9846091835983949, 
            0.982540301533392
        ]
    }, 
    "pdf_WW_eigen28": {
        "WW_B0": [
            1.0020975585394123, 
            0.9979112042035002
        ]
    }, 
    "pdf_WW_eigen29": {
        "WW_B0": [
            0.9983663522583769, 
            1.0016390028482287
        ]
    }, 
    "pdf_WW_eigen9": {
        "WW_B0": [
            1.0001966023620827, 
            0.9998034749125081
        ]
    }, 
    "pdf_WW_eigen8": {
        "WW_B0": [
            0.9976714999715738, 
            1.0023393945891563
        ]
    }, 
    "pdf_WW_eigen3": {
        "WW_B0": [
            0.999993309967286, 
            1.0000066901222178
        ]
    }, 
    "pdf_WW_eigen2": {
        "WW_B0": [
            0.994649257757214, 
            1.0054086225329029
        ]
    }, 
    "pdf_WW_eigen1": {
        "WW_B0": [
            0.992363103589539, 
            1.007755350019922
        ]
    }, 
    "pdf_WW_eigen7": {
        "WW_B0": [
            1.000300309675283, 
            0.9996998705882427
        ]
    }, 
    "pdf_WW_eigen6": {
        "WW_B0": [
            0.9993560186842168, 
            1.0006448118092963
        ]
    }, 
    "pdf_WW_eigen5": {
        "WW_B0": [
            1.0046592916435997, 
            0.9953837254948505
        ]
    }, 
    "pdf_WW_eigen4": {
        "WW_B0": [
            1.006968202520691, 
            0.9931275743862741
        ]
    }, 
    "pdf_WW_eigen19": {
        "WW_B0": [
            0.9982118821380792, 
            1.0017945355440332
        ]
    }, 
    "pdf_WW_eigen18": {
        "WW_B0": [
            0.9991212305851853, 
            1.00088031660542
        ]
    }, 
    "pdf_WW_eigen13": {
        "WW_B0": [
            0.9989245557298924, 
            1.0010777624169358
        ]
    }, 
    "pdf_WW_eigen12": {
        "WW_B0": [
            1.0006351234450706, 
            0.9993656822950122
        ]
    }, 
    "pdf_WW_eigen11": {
        "WW_B0": [
            0.9976435006398265, 
            1.0023676581299077
        ]
    }, 
    "pdf_WW_eigen10": {
        "WW_B0": [
            1.0025075614734358, 
            0.9975049515015396
        ]
    }, 
    "pdf_WW_eigen17": {
        "WW_B0": [
            1.0005580185423704, 
            0.9994426035327512
        ]
    }, 
    "pdf_WW_eigen16": {
        "WW_B0": [
            0.9998553343675549, 
            1.0001447075008465
        ]
    }, 
    "pdf_WW_eigen15": {
        "WW_B0": [
            0.9978291438073283, 
            1.0021803225259789
        ]
    }, 
    "pdf_WW_eigen14": {
        "WW_B0": [
            0.9994710072624476, 
            1.0005295529969178
        ]
    }, 
    "pdf_WW_eigen31": {
        "WW_B0": [
            1.01035545144051, 
            0.9898546675544628
        ]
    }, 
    "pdf_WW_eigen30": {
        "WW_B0": [
            0.9980060755631728, 
            1.0020019077423583
        ]
    }, 
    "PS_ISR": {
        "WW_nonfid": [
            1.0007048851347276, 
            1.0109917414528917, 
            0.9899144777576914, 
            0.9442949287447526, 
            0.9995591132709818, 
            0.9873027286469594, 
            1.0130745761905808, 
            1.07371515093759
        ], 
        "ggWW_nonfid": [
            1.0410044069520974, 
            0.9827320444855364, 
            0.9329930778926844, 
            0.885155320646931, 
            0.9508361979941568, 
            1.0189795860553874, 
            1.084465367712733, 
            1.1563128660296187
        ], 
        "ggWW_B0": [
            1.0415144706381607, 
            0.9635442586985424, 
            0.9036793121681213, 
            0.864906584779744, 
            0.9496683370230373, 
            1.0403457248826438, 
            1.1240160721870807, 
            1.1879367767353028
        ], 
        "WW_B0": [
            1.0004915808703314, 
            1.0182908231647663, 
            0.9680274906342732, 
            0.9240958580013012, 
            0.9990127188716662, 
            0.9776605742768744, 
            1.0384594269087806, 
            1.1008016850839426
        ]
    }, 
    "pdf_WW_eigen32": {
        "WW_B0": [
            0.9923977284440038, 
            1.0077196452347732
        ]
    }
}