{
    "ww2l2v_13TeV_sr_1j_B10": {
        "Vg": {
            "Wg": 0.9673072385119295, 
            "Zg": 0.004038608463788691, 
            "ZgS": 0.0, 
            "WgS": 0.028654153024281776
        }, 
        "Higgs": {
            "qqH_htt": 0.007980481472240177, 
            "qqH_hww": 0.2799887155155316, 
            "ggZH_hww": 0.07788046650337895, 
            "WH_htt": 0.008050740635185091, 
            "ggH_htt": 0.029144888716127207, 
            "WH_hww": 0.04022081399051482, 
            "ggH_hww": 0.540981910856045, 
            "ttH_hww": 0.006226088511123575, 
            "ZH_htt": 0.0, 
            "ZH_hww": 0.009525893799853706
        }
    }, 
    "ww2l2v_13TeV_top_1j": {
        "Vg": {
            "Wg": 0.5468302264217989, 
            "Zg": 0.11462768319215391, 
            "ZgS": 0.016591826444500683, 
            "WgS": 0.3219502639415466
        }, 
        "Higgs": {
            "qqH_htt": 0.049924431950369434, 
            "qqH_hww": 0.08102207967458036, 
            "ggZH_hww": 0.029267996636479613, 
            "WH_htt": 0.060040137624871155, 
            "ggH_htt": 0.14457422222218078, 
            "WH_hww": 0.10167367428646526, 
            "ggH_hww": 0.3323968486106855, 
            "ttH_hww": 0.147467439719775, 
            "ZH_htt": 0.018482094791940927, 
            "ZH_hww": 0.03515107448265189
        }
    }, 
    "ww2l2v_13TeV_sr_2j_B10": {
        "Vg": {
            "Wg": 0.7098499379838953, 
            "Zg": 0.05970047157014721, 
            "ZgS": 0.060025411970735826, 
            "WgS": 0.17042417847522157
        }, 
        "Higgs": {
            "qqH_htt": 0.0034783680562326157, 
            "qqH_hww": 0.08051207742933444, 
            "ggZH_hww": 0.19899118166814053, 
            "WH_htt": 0.01857098363111548, 
            "ggH_htt": 0.01723227196850065, 
            "WH_hww": 0.07732596924692382, 
            "ggH_hww": 0.4563203772729907, 
            "ttH_hww": 0.11345325143488706, 
            "ZH_htt": 0.006252248605629368, 
            "ZH_hww": 0.02786327068624531
        }
    }, 
    "ww2l2v_13TeV_sr_1j_B6": {
        "Vg": {
            "Wg": 0.7943146622458045, 
            "Zg": 0.0026780282231875664, 
            "ZgS": 0.0027750085358928677, 
            "WgS": 0.20023230099511505
        }, 
        "Higgs": {
            "qqH_htt": 0.0, 
            "qqH_hww": 0.24813169436903618, 
            "ggZH_hww": 0.037610852607061755, 
            "WH_htt": 0.007538096736584175, 
            "ggH_htt": 0.0, 
            "WH_hww": 0.042816746520481994, 
            "ggH_hww": 0.6480117915380238, 
            "ttH_hww": 0.001595244240202539, 
            "ZH_htt": 0.0019473477271729433, 
            "ZH_hww": 0.012348226261436564
        }
    }, 
    "ww2l2v_13TeV_sr_1j_B7": {
        "Vg": {
            "Wg": 0.745764631067516, 
            "Zg": 0.015646210540352166, 
            "ZgS": -0.009641570644894685, 
            "WgS": 0.2482307290370265
        }, 
        "Higgs": {
            "qqH_htt": 0.0029470267881632054, 
            "qqH_hww": 0.27466907191706524, 
            "ggZH_hww": 0.04446837132576772, 
            "WH_htt": 0.011314781130070435, 
            "ggH_htt": 0.01141613175839301, 
            "WH_hww": 0.03290387416952479, 
            "ggH_hww": 0.609217654173626, 
            "ttH_hww": 0.00274510718406367, 
            "ZH_htt": 0.0020579417853431804, 
            "ZH_hww": 0.008260039767982683
        }
    }, 
    "ww2l2v_13TeV_sr_1j_B4": {
        "Vg": {
            "Wg": 0.6116046650620857, 
            "Zg": 0.051826866666200025, 
            "ZgS": 0.00959009467064784, 
            "WgS": 0.3269783736010663
        }, 
        "Higgs": {
            "qqH_htt": 0.0027205501053065777, 
            "qqH_hww": 0.22245876927861596, 
            "ggZH_hww": 0.039078148165562654, 
            "WH_htt": 0.011375664881500975, 
            "ggH_htt": 0.00768975265266422, 
            "WH_hww": 0.06025614550331534, 
            "ggH_hww": 0.6338902165439356, 
            "ttH_hww": 0.005377472846735948, 
            "ZH_htt": 0.001474112989126091, 
            "ZH_hww": 0.015679167033236626
        }
    }, 
    "ww2l2v_13TeV_sr_2j_B6": {
        "Vg": {
            "Wg": 0.712455837852458, 
            "Zg": 0.02734982049043293, 
            "ZgS": 0.029720615229824186, 
            "WgS": 0.23047372642728478
        }, 
        "Higgs": {
            "qqH_htt": 0.002037889286220556, 
            "qqH_hww": 0.13836890143317865, 
            "ggZH_hww": 0.1651316666209451, 
            "WH_htt": 0.011746880981070984, 
            "ggH_htt": 0.004875929719065822, 
            "WH_hww": 0.08516189598427634, 
            "ggH_hww": 0.4598872793917991, 
            "ttH_hww": 0.09711836300197195, 
            "ZH_htt": 0.0014859524959273311, 
            "ZH_hww": 0.03418524108554418
        }
    }, 
    "ww2l2v_13TeV_sr_1j_B2": {
        "Vg": {
            "Wg": 0.6531453140973004, 
            "Zg": 0.07102651164911661, 
            "ZgS": 0.018366410296082318, 
            "WgS": 0.2574617639575007
        }, 
        "Higgs": {
            "qqH_htt": 0.0010076902661211298, 
            "qqH_hww": 0.1431514073591455, 
            "ggZH_hww": 0.02221044093882638, 
            "WH_htt": 0.015150624580609161, 
            "ggH_htt": 0.004521635582440731, 
            "WH_hww": 0.06752080904551169, 
            "ggH_hww": 0.7205549709154928, 
            "ttH_hww": 0.0034402691323159322, 
            "ZH_htt": 0.0023548000991903276, 
            "ZH_hww": 0.02008735208034624
        }
    }, 
    "ww2l2v_13TeV_top_2j": {
        "Vg": {
            "Wg": 0.6692278957545971, 
            "Zg": 0.10659802779963506, 
            "ZgS": 0.023458976342181692, 
            "WgS": 0.20071510010358612
        }, 
        "Higgs": {
            "qqH_htt": 0.006415784739474695, 
            "qqH_hww": 0.0070973660514031065, 
            "ggZH_hww": 0.024475123039770164, 
            "WH_htt": 0.008604335039687407, 
            "ggH_htt": 0.023237363344796577, 
            "WH_hww": 0.019609999862186075, 
            "ggH_hww": 0.035232356034743964, 
            "ttH_hww": 0.860383851764978, 
            "ZH_htt": 0.005843530153976564, 
            "ZH_hww": 0.009100289968983476
        }
    }, 
    "ww2l2v_13TeV_sr_2j_B0": {
        "Vg": {
            "Wg": 0.6539927848072918, 
            "Zg": 0.052974529806291096, 
            "ZgS": 0.06366570362081324, 
            "WgS": 0.22936698176560388
        }, 
        "Higgs": {
            "qqH_htt": 0.0019160586521488182, 
            "qqH_hww": 0.0535398937681828, 
            "ggZH_hww": 0.03114591671040705, 
            "WH_htt": 0.011636482112705192, 
            "ggH_htt": 0.00911618110318797, 
            "WH_hww": 0.12810408191493938, 
            "ggH_hww": 0.7300197534091704, 
            "ttH_hww": 0.00778601818732687, 
            "ZH_htt": 0.002716444385022681, 
            "ZH_hww": 0.024019169756908924
        }
    }, 
    "ww2l2v_13TeV_sr_1j_B0": {
        "Vg": {
            "Wg": 0.6219516079266709, 
            "Zg": 0.06397526613818752, 
            "ZgS": 0.018785026117533046, 
            "WgS": 0.2952880998176085
        }, 
        "Higgs": {
            "qqH_htt": 0.0001654377924956863, 
            "qqH_hww": 0.06186725804940077, 
            "ggZH_hww": 0.013220362454617855, 
            "WH_htt": 0.012234816632400218, 
            "ggH_htt": 0.004189559363218476, 
            "WH_hww": 0.06757635855402004, 
            "ggH_hww": 0.8237880275864248, 
            "ttH_hww": 0.001495916338733749, 
            "ZH_htt": 0.0017684792343511911, 
            "ZH_hww": 0.013693783994337242
        }
    }, 
    "ww2l2v_13TeV_sr_1j_B1": {
        "Vg": {
            "Wg": 0.6525533571762443, 
            "Zg": 0.07304219976828978, 
            "ZgS": 0.024295100289203345, 
            "WgS": 0.2501093427662627
        }, 
        "Higgs": {
            "qqH_htt": 0.0008439077223461743,