{
    "ww2l2v_13TeV_sr_1j_B10": {
        "Vg": {
            "Wg": 0.9833678204599402, 
            "Zg": 0.016632179540059865, 
            "ZgS": 0.0, 
            "WgS": 0.0
        }, 
        "Higgs": {
            "qqH_htt": 0.009044964496484528, 
            "qqH_hww": 0.28001733400280404, 
            "ggZH_hww": 0.0746869866593504, 
            "WH_htt": 0.007306057181312662, 
            "ggH_htt": 0.033315414187627894, 
            "WH_hww": 0.03229699236063323, 
            "ggH_hww": 0.554253464561923, 
            "ttH_hww": 0.0, 
            "ZH_htt": 0.0, 
            "ZH_hww": 0.009078786549864189
        }
    }, 
    "ww2l2v_13TeV_top_1j": {
        "Vg": {
            "Wg": 0.51580797440716, 
            "Zg": 0.09589985723760516, 
            "ZgS": 0.032519569568561904, 
            "WgS": 0.35577259878667283
        }, 
        "Higgs": {
            "qqH_htt": 0.041767158175090455, 
            "qqH_hww": 0.08861215923033489, 
            "ggZH_hww": 0.03209055306983835, 
            "WH_htt": 0.05771451479002278, 
            "ggH_htt": 0.11496967813908998, 
            "WH_hww": 0.11034671185121972, 
            "ggH_hww": 0.3483793334576851, 
            "ttH_hww": 0.15156726167585635, 
            "ZH_htt": 0.01850425979008497, 
            "ZH_hww": 0.03604836982077737
        }
    }, 
    "ww2l2v_13TeV_sr_2j_B10": {
        "Vg": {
            "Wg": 0.7808351270297159, 
            "Zg": 0.03886256401843376, 
            "ZgS": 0.049440242501700496, 
            "WgS": 0.13086206645014978
        }, 
        "Higgs": {
            "qqH_htt": 0.0038990804042360236, 
            "qqH_hww": 0.08114658529842474, 
            "ggZH_hww": 0.2068120840463174, 
            "WH_htt": 0.019785557826156135, 
            "ggH_htt": 0.019429703228599982, 
            "WH_hww": 0.07072592562046837, 
            "ggH_hww": 0.44261973917752495, 
            "ttH_hww": 0.12431033116469777, 
            "ZH_htt": 0.0038273927886739796, 
            "ZH_hww": 0.027443600444900476
        }
    }, 
    "ww2l2v_13TeV_sr_1j_B6": {
        "Vg": {
            "Wg": 0.7879471320636949, 
            "Zg": 0.02523247699495373, 
            "ZgS": -0.02721933902345767, 
            "WgS": 0.21403972996480908
        }, 
        "Higgs": {
            "qqH_htt": 0.0, 
            "qqH_hww": 0.25160092303181175, 
            "ggZH_hww": 0.03599127823280603, 
            "WH_htt": 0.007330709147964798, 
            "ggH_htt": 0.0, 
            "WH_hww": 0.04288818161748992, 
            "ggH_hww": 0.6481059778739295, 
            "ttH_hww": 0.0009463246558333891, 
            "ZH_htt": 0.0018251410066821125, 
            "ZH_hww": 0.01131146443348231
        }
    }, 
    "ww2l2v_13TeV_sr_1j_B7": {
        "Vg": {
            "Wg": 0.7753703735062502, 
            "Zg": 0.0, 
            "ZgS": -0.03888466761057269, 
            "WgS": 0.26351429410432253
        }, 
        "Higgs": {
            "qqH_htt": 0.00330802545727708, 
            "qqH_hww": 0.28332888956351243, 
            "ggZH_hww": 0.04449023153572708, 
            "WH_htt": 0.01053586142935101, 
            "ggH_htt": 0.012904830096472216, 
            "WH_hww": 0.0314461834761154, 
            "ggH_hww": 0.6028767714888723, 
            "ttH_hww": 0.0012235491672546262, 
            "ZH_htt": 0.0020734416777223874, 
            "ZH_hww": 0.007812216107695375
        }
    }, 
    "ww2l2v_13TeV_sr_1j_B4": {
        "Vg": {
            "Wg": 0.6067521311780238, 
            "Zg": 0.09117056701084725, 
            "ZgS": -0.009705860561051344, 
            "WgS": 0.31178316237218023
        }, 
        "Higgs": {
            "qqH_htt": 0.0024750443749077507, 
            "qqH_hww": 0.22078376941219618, 
            "ggZH_hww": 0.03829721306256272, 
            "WH_htt": 0.01053556738002402, 
            "ggH_htt": 0.006837769666124543, 
            "WH_hww": 0.0591074441538217, 
            "ggH_hww": 0.6408036519667709, 
            "ttH_hww": 0.004260458033313614, 
            "ZH_htt": 0.0015200768258898747, 
            "ZH_hww": 0.015379005124388601
        }
    }, 
    "ww2l2v_13TeV_sr_2j_B6": {
        "Vg": {
            "Wg": 0.5705576780759036, 
            "Zg": 0.013881850065453947, 
            "ZgS": 0.04644983235038687, 
            "WgS": 0.36911063950825557
        }, 
        "Higgs": {
            "qqH_htt": 0.0023097085618193937, 
            "qqH_hww": 0.14155914299315986, 
            "ggZH_hww": 0.1679164902073743, 
            "WH_htt": 0.009810948716028401, 
            "ggH_htt": 0.0038058894549202207, 
            "WH_hww": 0.08435704179512236, 
            "ggH_hww": 0.46201161312226974, 
            "ttH_hww": 0.09286672238652173, 
            "ZH_htt": 0.0012109425315628979, 
            "ZH_hww": 0.03415150023122103
        }
    }, 
    "ww2l2v_13TeV_sr_2j_B1": {
        "Vg": {
            "Wg": 0.8369664415012407, 
            "Zg": 0.022718910292378842, 
            "ZgS": 0.0024133297715537294, 
            "WgS": 0.13790131843482686
        }, 
        "Higgs": {
            "qqH_htt": 0.0, 
            "qqH_hww": 0.07253179667209057, 
            "ggZH_hww": 0.039659512597662955, 
            "WH_htt": 0.012480979107569902, 
            "ggH_htt": 0.0033300063200258035, 
            "WH_hww": 0.14833012162809553, 
            "ggH_hww": 0.6581263852062018, 
            "ttH_hww": 0.017780803659161726, 
            "ZH_htt": 0.002523644671458209, 
            "ZH_hww": 0.045236750137733456
        }
    }, 
    "ww2l2v_13TeV_top_2j": {
        "Vg": {
            "Wg": 0.6213403909494044, 
            "Zg": 0.06411867292447945, 
            "ZgS": 0.045799021435057194, 
            "WgS": 0.26874191469105885
        }, 
        "Higgs": {
            "qqH_htt": 0.0063424098875287825, 
            "qqH_hww": 0.007258627875398396, 
            "ggZH_hww": 0.026489269694988424, 
            "WH_htt": 0.007564305521225967, 
            "ggH_htt": 0.021093902979556402, 
            "WH_hww": 0.019663033582776938, 
            "ggH_hww": 0.03592232858014234, 
            "ttH_hww": 0.8611544879450429, 
            "ZH_htt": 0.00542355740224423, 
            "ZH_hww": 0.009088076531095654
        }
    }, 
    "ww2l2v_13TeV_sr_2j_B0": {
        "Vg": {
            "Wg": 0.763917733000281, 
            "Zg": 0.022834576520382066, 
            "ZgS": 0.0, 
            "WgS": 0.213247690479337
        }, 
        "Higgs": {
            "qqH_htt": 0.001197296819665246, 
            "qqH_hww": 0.0553162105536533, 
            "ggZH_hww": 0.032662387969802684, 
            "WH_htt": 0.010386563066065847, 
            "ggH_htt": 0.009892345948044242, 
            "WH_hww": 0.12872637846998708, 
            "ggH_hww": 0.7274830592135777, 
            "ttH_hww": 0.00944269580315793, 
            "ZH_htt": 0.0017881991221807413, 
            "ZH_hww": 0.023104863033865414
        }
    }, 
    "ww2l2v_13TeV_sr_2j_B3": {
        "Vg": {
            "Wg": 0.6058901856009717, 
            "Zg": 0.06187205368019381, 
            "ZgS": 0.00879860225689769, 
            "WgS": 0.32343915846193666
        }, 
        "Higgs": {
            "qqH_htt": 0.0004232186201924408, 
            "qqH_hww": 0.11269373931163519, 
            "ggZH_hww": 0.13182399719180637, 
            "WH_htt": 0.01086072122600838, 
            "ggH_htt": 0.00416602527173071, 
            "WH_hww": 0.11572641586347258, 
            "ggH_hww": 0.5201376718904207, 
            "ttH_hww": 0.05690064215698958, 
            "ZH_htt": 0.002594683795628246, 
            "ZH_hww": 0.04467288467211584
        }
    }, 
    "ww2l2v_13TeV_sr_1j_B1": {
        "Vg": {
            "Wg": 0.6205683552403333, 
            "Zg": 0.045751359645171644, 
            "ZgS": 0.011300467428993169, 
            "WgS": 0.3223798176855019
        }, 
        "Higgs": {
            "qqH_htt": 0.0006216721769792806, 
            "qqH_hww": 0.09704827285766436, 
            "ggZH_hww": 0.016232229225858236,