{
    "PS_ISR": {
        "ggWW_B10": [
            0.9282828294895477, 
            1.0692272572110495
        ], 
        "ggWW_B6": [
            0.9273828827140013, 
            1.0624007767217383
        ], 
        "ggWW_B7": [
            0.9310053980760281, 
            1.0605780023895435
        ], 
        "ggWW_B4": [
            0.9228762218782107, 
            1.0692369432761866
        ], 
        "ggWW_B5": [
            0.9211537380982777, 
            1.0685398719796255
        ], 
        "ggWW_B2": [
            0.9315546322474066, 
            1.0637002541263718
        ], 
        "ggWW_B3": [
            0.92467344667374, 
            1.0694431447352832
        ], 
        "ggWW_B0": [
            0.9517632711944278, 
            1.0440535937367406
        ], 
        "ggWW_B1": [
            0.9398726276294871, 
            1.0555715154150385
        ], 
        "ggWW_B8": [
            0.9300349311464385, 
            1.0629901690679535
        ], 
        "ggWW_B9": [
            0.9247977171347774, 
            1.0689776588285633
        ], 
        "WW_B10": [
            1.0003614857930712, 
            0.9995144316839039
        ], 
        "WW_B8": [
            0.9973708557096707, 
            1.0024566250078102
        ], 
        "WW_B9": [
            1.0090521619668957, 
            0.9926369873106377
        ], 
        "WW_B6": [
            0.9983726239984209, 
            1.0015566072451363
        ], 
        "WW_B7": [
            0.9985911401709977, 
            1.0012149647334105
        ], 
        "WW_B4": [
            1.0010722423916851, 
            0.9991662769636613
        ], 
        "WW_B5": [
            1.0011419458811157, 
            0.9989361057286611
        ], 
        "WW_B2": [
            0.9989366504195389, 
            1.0008987003933798
        ], 
        "WW_B3": [
            0.9966183548856167, 
            1.0024683350897279
        ], 
        "WW_B0": [
            0.994157836490035, 
            1.0047907773970948
        ], 
        "WW_B1": [
            0.9932072115990686, 
            1.005228307912069
        ]
    }, 
    "PS_FSR": {
        "ggWW_B10": [
            1.1219163166430384, 
            0.9555541134408533
        ], 
        "ggWW_B6": [
            1.0456595796415489, 
            0.9779963868624029
        ], 
        "ggWW_B7": [
            1.0574329342891395, 
            0.9729659842923962
        ], 
        "ggWW_B4": [
            1.0307010967689914, 
            0.9797535828868827
        ], 
        "ggWW_B5": [
            1.02378619576995, 
            0.9873394491658883
        ], 
        "ggWW_B2": [
            1.0185616234622832, 
            0.9886231380165423
        ], 
        "ggWW_B3": [
            1.0212193965315874, 
            0.9860010077784149
        ], 
        "ggWW_B0": [
            1.0087613306331853, 
            0.9963583119727707
        ], 
        "ggWW_B1": [
            1.008988046591446, 
            0.9947497923273443
        ], 
        "ggWW_B8": [
            0.9984566799747158, 
            0.9932532591527323
        ], 
        "ggWW_B9": [
            1.0443852118363774, 
            0.9727407619037796
        ], 
        "WW_B10": [
            0.981436020617845, 
            1.0079213145500647
        ], 
        "WW_B8": [
            0.9903894198836013, 
            0.998460516483132
        ], 
        "WW_B9": [
            0.9558275396976006, 
            1.004270263014001
        ], 
        "WW_B6": [
            1.011213258746112, 
            0.9866369261331037
        ], 
        "WW_B7": [
            1.0247479229174734, 
            0.9855829593941171
        ], 
        "WW_B4": [
            0.991188773041411, 
            0.9988385642060522
        ], 
        "WW_B5": [
            1.012634084720807, 
            0.9952349168259662
        ], 
        "WW_B2": [
            1.0031914113579556, 
            0.9946599505699016
        ], 
        "WW_B3": [
            1.0048347860429936, 
            0.9975397298382359
        ], 
        "WW_B0": [
            1.0060021364021596, 
            0.9995185924491695
        ], 
        "WW_B1": [
            1.0018747018838325, 
            0.9984510180710686
        ]
    }, 
    "QCDscale_WW": {
        "ggWW_B10": [
            1.0, 
            1.0
        ], 
        "ggWW_B6": [
            1.0, 
            1.0
        ], 
        "ggWW_B7": [
            1.0, 
            1.0
        ], 
        "ggWW_B4": [
            1.0, 
            1.0
        ], 
        "ggWW_B5": [
            1.0, 
            1.0
        ], 
        "ggWW_B2": [
            1.0, 
            1.0
        ], 
        "ggWW_B3": [
            1.0, 
            1.0
        ], 
        "ggWW_B0": [
            1.0, 
            1.0
        ], 
        "ggWW_B1": [
            1.0, 
            1.0
        ], 
        "ggWW_B8": [
            1.0, 
            1.0
        ], 
        "ggWW_B9": [
            1.0, 
            1.0
        ], 
        "WW_B10": [
            0.9236949648879428, 
            1.0706186503516892
        ], 
        "WW_B8": [
            0.9381283797365281, 
            1.056373302465831
        ], 
        "WW_B9": [
            0.9318198289558646, 
            1.0625340518414477
        ], 
        "WW_B6": [
            0.9489973603994509, 
            1.0456796813752376
        ], 
        "WW_B7": [
            0.9439127202677692, 
            1.050651099078146
        ], 
        "WW_B4": [
            0.9633574652396836, 
            1.0317781905231171
        ], 
        "WW_B5": [
            0.9562778905607525, 
            1.0387789982856994
        ], 
        "WW_B2": [
            0.9741761425988129, 
            1.0213314065868966
        ], 
        "WW_B3": [
            0.9690266196653985, 
            1.0263729790234615
        ], 
        "WW_B0": [
            0.9855080847681799, 
            1.0103427037639892
        ], 
        "WW_B1": [
            0.9816477064459445, 
            1.0141875274524221
        ]
    }, 
    "CMS_hww_WWresum": {
        "WW_B10": [
            0.9999608266313053, 
            1.0000946967695328
        ], 
        "WW_B8": [
            0.9999261507260451, 
            1.0001574009470886
        ], 
        "WW_B9": [
            0.9999055265706654, 
            1.000186510473644
        ], 
        "WW_B6": [
            0.9995762710851597, 
            1.0008487191116235
        ], 
        "WW_B7": [
            0.9996710394836474, 
            1.0006560511997198
        ], 
        "WW_B4": [
            0.9978229424944614, 
            1.0043879370127682
        ], 
        "WW_B5": [
            0.9989916646408703, 
            1.0020457208480649
        ], 
        "WW_B2": [
            0.9855608891513383, 
            1.0301495234361568
        ], 
        "WW_B3": [
            0.9951215014441911, 
            1.0099465658369207
        ], 
        "WW_B0": [
            0.934335486946777, 
            1.1666489050993754
        ], 
        "WW_B1": [
            0.9567757886854844, 
            1.0993162888172954
        ]
    }, 
    "CMS_hww_WWqscale": {
        "WW_B10": [
            1.0796740668457976, 
            0.9076816783050132
        ], 
        "WW_B8": [
            1.0810250495689215, 
            0.9061493283188687
        ], 
        "WW_B9": [
            1.0809377977911008, 
            0.9063563546429141
        ], 
        "WW_B6": [
            1.0789304275426383, 
            0.9074044481923046
        ], 
        "WW_B7": [
            1.080758891559829, 
            0.9064718641047811
        ], 
        "WW_B4": [
            1.0727434049760274, 
            0.9210125539904165
        ], 
        "WW_B5": [
            1.0738785489584342, 
            0.9106911299727772
        ], 
        "WW_B2": [
            1.0600099232895634, 
            0.9420278882702865
        ],