{
    "PS_ISR": {
        "ggWW_B10": [
            0.9327792141938873, 
            1.0650285281877079
        ], 
        "ggWW_B6": [
            0.9287792783840007, 
            1.0610549716652455
        ], 
        "ggWW_B7": [
            0.9315216238619983, 
            1.059871094628161
        ], 
        "ggWW_B4": [
            0.9231544851711123, 
            1.0688268468414766
        ], 
        "ggWW_B5": [
            0.922377039847894, 
            1.0675168539429365
        ], 
        "ggWW_B2": [
            0.9315856693523225, 
            1.0636663154596335
        ], 
        "ggWW_B3": [
            0.9252335903105401, 
            1.068965374216056
        ], 
        "ggWW_B0": [
            0.9515135895652737, 
            1.0443000708562047
        ], 
        "ggWW_B1": [
            0.9395819163891183, 
            1.0558390848105246
        ], 
        "ggWW_B8": [
            0.9326246954810415, 
            1.060953567973928
        ], 
        "ggWW_B9": [
            0.9249173807536045, 
            1.0687222359352024
        ], 
        "WW_B10": [
            0.9970683184172554, 
            1.0023444771291385
        ], 
        "WW_B8": [
            1.0003392829237716, 
            1.0000382191792183
        ], 
        "WW_B9": [
            1.003938269625071, 
            0.9965182133581065
        ], 
        "WW_B6": [
            0.9982498416538181, 
            1.001743974410794
        ], 
        "WW_B7": [
            0.9989283921297689, 
            1.001011154573027
        ], 
        "WW_B4": [
            1.0004603788783584, 
            0.9995978893525089
        ], 
        "WW_B5": [
            0.9980919252361959, 
            1.0011592150633433
        ], 
        "WW_B2": [
            0.9972877593278829, 
            1.002089204355346
        ], 
        "WW_B3": [
            0.9971456276342694, 
            1.0019225056901173
        ], 
        "WW_B0": [
            0.9928127071433512, 
            1.005746391475302
        ], 
        "WW_B1": [
            0.9939349421018634, 
            1.0047185133240013
        ]
    }, 
    "PS_FSR": {
        "ggWW_B10": [
            1.0409015375243658, 
            0.9882808900233506
        ], 
        "ggWW_B6": [
            1.033245688828906, 
            0.9785738436510296
        ], 
        "ggWW_B7": [
            1.0460789584546135, 
            0.9768956021155216
        ], 
        "ggWW_B4": [
            1.0294024810813418, 
            0.9812331902435923
        ], 
        "ggWW_B5": [
            1.0273179485611652, 
            0.9845834995000791
        ], 
        "ggWW_B2": [
            1.0197698565277107, 
            0.9884679489557012
        ], 
        "ggWW_B3": [
            1.0242371502095065, 
            0.9840119297568253
        ], 
        "ggWW_B0": [
            1.008401657220532, 
            0.9967457311974689
        ], 
        "ggWW_B1": [
            1.0104104374939242, 
            0.9936811559437597
        ], 
        "ggWW_B8": [
            1.0223245745763287, 
            0.9815113843647186
        ], 
        "ggWW_B9": [
            1.0388524243646955, 
            0.9772859836852061
        ], 
        "WW_B10": [
            1.000298010802576, 
            0.9979869785465478
        ], 
        "WW_B8": [
            0.991489880580491, 
            0.9963438005459858
        ], 
        "WW_B9": [
            0.9707099788874615, 
            1.0044582858495443
        ], 
        "WW_B6": [
            1.0166601222302014, 
            0.9871976228853839
        ], 
        "WW_B7": [
            1.0191212806572674, 
            0.9873441122628598
        ], 
        "WW_B4": [
            1.0011235373229244, 
            0.9970497072615286
        ], 
        "WW_B5": [
            1.012897069799199, 
            0.992776462450322
        ], 
        "WW_B2": [
            1.0065425522045717, 
            0.9935634503298876
        ], 
        "WW_B3": [
            1.0069620546129445, 
            0.996031303542414
        ], 
        "WW_B0": [
            1.0089316264258523, 
            0.9976301202907492
        ], 
        "WW_B1": [
            1.0025601012873349, 
            0.9971654376282734
        ]
    }, 
    "QCDscale_WW": {
        "ggWW_B10": [
            1.0, 
            1.0
        ], 
        "ggWW_B6": [
            1.0, 
            1.0
        ], 
        "ggWW_B7": [
            1.0, 
            1.0
        ], 
        "ggWW_B4": [
            1.0, 
            1.0
        ], 
        "ggWW_B5": [
            1.0, 
            1.0
        ], 
        "ggWW_B2": [
            1.0, 
            1.0
        ], 
        "ggWW_B3": [
            1.0, 
            1.0
        ], 
        "ggWW_B0": [
            1.0, 
            1.0
        ], 
        "ggWW_B1": [
            1.0, 
            1.0
        ], 
        "ggWW_B8": [
            1.0, 
            1.0
        ], 
        "ggWW_B9": [
            1.0, 
            1.0
        ], 
        "WW_B10": [
            0.9231481875925417, 
            1.0712231005776953
        ], 
        "WW_B8": [
            0.9383455565470061, 
            1.0561071802288267
        ], 
        "WW_B9": [
            0.9321122646329894, 
            1.0623334922019103
        ], 
        "WW_B6": [
            0.9499616651186474, 
            1.0447362424058455
        ], 
        "WW_B7": [
            0.9428709276207736, 
            1.0517478928158017
        ], 
        "WW_B4": [
            0.963612102518031, 
            1.0315769279390117
        ], 
        "WW_B5": [
            0.9558425614778367, 
            1.039212535567242
        ], 
        "WW_B2": [
            0.9749853257262105, 
            1.0205591704769357
        ], 
        "WW_B3": [
            0.9690813660186613, 
            1.0263449975029793
        ], 
        "WW_B0": [
            0.9857271396600742, 
            1.0101707485385114
        ], 
        "WW_B1": [
            0.9810577660097084, 
            1.014709867298746
        ]
    }, 
    "CMS_hww_WWresum": {
        "WW_B10": [
            0.9999798878333586, 
            1.0000486155062585
        ], 
        "WW_B8": [
            0.999854701475577, 
            1.0002898668729725
        ], 
        "WW_B9": [
            0.9999533252346361, 
            1.0000921327312526
        ], 
        "WW_B6": [
            0.9996166642790222, 
            1.0007660137488643
        ], 
        "WW_B7": [
            0.9997819838404945, 
            1.0004513034233125
        ], 
        "WW_B4": [
            0.9978438934694965, 
            1.004346609763851
        ], 
        "WW_B5": [
            0.999195383657146, 
            1.0016247087081507
        ], 
        "WW_B2": [
            0.9858377112938448, 
            1.029565025568589
        ], 
        "WW_B3": [
            0.9948754550170971, 
            1.01044052144817
        ], 
        "WW_B0": [
            0.9343776756981111, 
            1.1665627031462975
        ], 
        "WW_B1": [
            0.957255524374304, 
            1.098049877884192
        ]
    }, 
    "CMS_hww_WWqscale": {
        "WW_B10": [
            1.079969743028638, 
            0.9073750818082182
        ], 
        "WW_B8": [
            1.081091450493868, 
            0.90607792672549
        ], 
        "WW_B9": [
            1.0810662400810318, 
            0.9062431314917148
        ], 
        "WW_B6": [
            1.0789041264370562, 
            0.907331771595329
        ], 
        "WW_B7": [
            1.0806752373511845, 
            0.9064573235171337
        ], 
        "WW_B4": [
            1.0727397673822747, 
            0.9208881701785495
        ], 
        "WW_B5": [
            1.0739725216679177, 
            0.9104462244754177
        ], 
        "WW_B2": [
            1.0600089687961172, 
            0.9419361898872822
        ],