{
    "ww2l2v_13TeV_sr_2j_B11": {
        "Vg": {
            "Wg": 0.5497191175675613, 
            "Zg": 0.10825671658564424, 
            "ZgS": 0.006225719152953725, 
            "WgS": 0.3357984466938407
        }, 
        "Higgs": {
            "qqH_htt": 0.004540168141335852, 
            "qqH_hww": 0.26615748329103595, 
            "ggZH_hww": 0.019753608605337078, 
            "WH_htt": 0.015808423921551518, 
            "ggH_htt": 0.010976081244203155, 
            "WH_hww": 0.05653304215692022, 
            "ggH_hww": 0.5354053811254305, 
            "ttH_hww": 0.0632323179469364, 
            "ZH_htt": 0.0018122816658484768, 
            "ZH_hww": 0.02578121190140089
        }
    }, 
    "ww2l2v_13TeV_sr_2j_B10": {
        "Vg": {
            "Wg": 0.0, 
            "Zg": 0.7975070464163558, 
            "ZgS": -0.3291369979824376, 
            "WgS": 0.5316299515660817
        }, 
        "Higgs": {
            "qqH_htt": 0.0040434571327086525, 
            "qqH_hww": 0.17141068586148578, 
            "ggZH_hww": 0.011781121439725562, 
            "WH_htt": 0.014820199134489752, 
            "ggH_htt": 0.020594410075576396, 
            "WH_hww": 0.06949221418013195, 
            "ggH_hww": 0.6006788039899902, 
            "ttH_hww": 0.07204152293809998, 
            "ZH_htt": 0.0011523367942486468, 
            "ZH_hww": 0.03398524845354312
        }
    }, 
    "ww2l2v_13TeV_top_2j": {
        "Vg": {
            "Wg": 0.25981192280821713, 
            "Zg": 0.10202351012605651, 
            "ZgS": -0.1077358796967226, 
            "WgS": 0.745900446762449
        }, 
        "Higgs": {
            "qqH_htt": 0.0066067352608033935, 
            "qqH_hww": 0.004538656156231934, 
            "ggZH_hww": 0.0030262990810152137, 
            "WH_htt": 0.007554085781828814, 
            "ggH_htt": 0.02174895919725805, 
            "WH_hww": 0.015435866873265352, 
            "ggH_hww": 0.05368312110575389, 
            "ttH_hww": 0.8758843051313197, 
            "ZH_htt": 0.005394208562479443, 
            "ZH_hww": 0.00612776285004419
        }
    }, 
    "ww2l2v_13TeV_sr_2j_B5": {
        "Vg": {
            "Wg": 0.8195899515423843, 
            "Zg": -0.04639674016958959, 
            "ZgS": 0.0318829343240097, 
            "WgS": 0.19492385430319556
        }, 
        "Higgs": {
            "qqH_htt": 0.0005278146967816102, 
            "qqH_hww": 0.04932141793639994, 
            "ggZH_hww": 0.013831684180275045, 
            "WH_htt": 0.01744889660173068, 
            "ggH_htt": 0.007348920874203541, 
            "WH_hww": 0.0823306055418602, 
            "ggH_hww": 0.7220745905014091, 
            "ttH_hww": 0.05362342709704512, 
            "ZH_htt": 0.0012517540227037437, 
            "ZH_hww": 0.05224088854759093
        }
    }, 
    "ww2l2v_13TeV_sr_2j_B4": {
        "Vg": {
            "Wg": 0.35962110364618977, 
            "Zg": 0.3847369595870837, 
            "ZgS": 0.07538011353624316, 
            "WgS": 0.18026182323048326
        }, 
        "Higgs": {
            "qqH_htt": 0.0005914894631462968, 
            "qqH_hww": 0.02402350358950539, 
            "ggZH_hww": 0.009784905611598426, 
            "WH_htt": 0.007779050288553521, 
            "ggH_htt": 0.0068273869651502015, 
            "WH_hww": 0.12926985605436217, 
            "ggH_hww": 0.6667525827169427, 
            "ttH_hww": 0.04430315136422883, 
            "ZH_htt": 0.002380732344109187, 
            "ZH_hww": 0.10828734160240328
        }
    }, 
    "ww2l2v_13TeV_sr_2j_B7": {
        "Vg": {
            "Wg": 0.5116755976793472, 
            "Zg": 0.05703275870147027, 
            "ZgS": 0.005014536033721521, 
            "WgS": 0.426277107585461
        }, 
        "Higgs": {
            "qqH_htt": 0.0004126178295212997, 
            "qqH_hww": 0.10973504327613712, 
            "ggZH_hww": 0.020391888980970215, 
            "WH_htt": 0.014656714043049229, 
            "ggH_htt": 0.0077657858431062704, 
            "WH_hww": 0.09100146355642706, 
            "ggH_hww": 0.672752277996232, 
            "ttH_hww": 0.05452389507210041, 
            "ZH_htt": 0.0036693739744700026, 
            "ZH_hww": 0.02509093942798631
        }
    }, 
    "ww2l2v_13TeV_sr_2j_B6": {
        "Vg": {
            "Wg": 0.6717138286694166, 
            "Zg": 0.0214846371501744, 
            "ZgS": 0.009397414346595783, 
            "WgS": 0.29740411983381315
        }, 
        "Higgs": {
            "qqH_htt": 0.0011720233019804148, 
            "qqH_hww": 0.08711146677196116, 
            "ggZH_hww": 0.017412351375481343, 
            "WH_htt": 0.012777819303107323, 
            "ggH_htt": 0.01276679541361446, 
            "WH_hww": 0.07550829444550011, 
            "ggH_hww": 0.6999297989520307, 
            "ttH_hww": 0.06727199708047822, 
            "ZH_htt": 0.0017592318887693188, 
            "ZH_hww": 0.02429022146707704
        }
    }, 
    "ww2l2v_13TeV_sr_2j_B1": {
        "Vg": {
            "Wg": 0.0, 
            "Zg": 0.42911309570199113, 
            "ZgS": 0.19835275001019564, 
            "WgS": 0.3725341542878133
        }, 
        "Higgs": {
            "qqH_htt": 0.002682891228143612, 
            "qqH_hww": 0.07296448740662898, 
            "ggZH_hww": 0.012160983917523538, 
            "WH_htt": 0.008070273326248543, 
            "ggH_htt": 0.01335586302221939, 
            "WH_hww": 0.12866208055147352, 
            "ggH_hww": 0.7176613018744122, 
            "ttH_hww": 0.018303313937030115, 
            "ZH_htt": 0.002525598890451083, 
            "ZH_hww": 0.02361320584586906
        }
    }, 
    "ww2l2v_13TeV_sr_2j_B0": {
        "Vg": {
            "Wg": 0.8279504243365845, 
            "Zg": 0.0, 
            "ZgS": 0.08777366409880485, 
            "WgS": 0.0842759115646106
        }, 
        "Higgs": {
            "qqH_htt": 0.0007589668552362491, 
            "qqH_hww": 0.08455041646376077, 
            "ggZH_hww": 0.0064850805718704736, 
            "WH_htt": 0.009195369235598811, 
            "ggH_htt": 0.013414228427667471, 
            "WH_hww": 0.06520892147990409, 
            "ggH_hww": 0.7916846825768694, 
            "ttH_hww": 0.01035362538165263, 
            "ZH_htt": 0.0033409937588052213, 
            "ZH_hww": 0.01500771524863494
        }
    }, 
    "ww2l2v_13TeV_sr_2j_B3": {
        "Vg": {
            "Wg": 0.4422148485630693, 
            "Zg": -0.14764244648920574, 
            "ZgS": 0.13766412030872666, 
            "WgS": 0.5677634776174098
        }, 
        "Higgs": {
            "qqH_htt": 0.00044454723417059475, 
            "qqH_hww": 0.047669698296145674, 
            "ggZH_hww": 0.013010423331293748, 
            "WH_htt": 0.007536924251449254, 
            "ggH_htt": 0.007822667780208617, 
            "WH_hww": 0.2636889533777476, 
            "ggH_hww": 0.5560623102641721, 
            "ttH_hww": 0.03884479696725888, 
            "ZH_htt": 0.0030589452602143566, 
            "ZH_hww": 0.061860733237339156
        }
    }, 
    "ww2l2v_13TeV_sr_2j_B2": {
        "Vg": {
            "Wg": 0.86596920566641, 
            "Zg": 0.0, 
            "ZgS": -0.03790809996683434, 
            "WgS": 0.1719388943004243
        }, 
        "Higgs": {
            "qqH_htt": 0.0025757271568852044, 
            "qqH_hww": 0.0762071328783563, 
            "ggZH_hww": 0.009738388139460383, 
            "WH_htt": 0.009202083466416388, 
            "ggH_htt": 0.008970132383261302, 
            "WH_hww": 0.17494501600643303, 
            "ggH_hww": 0.6469023794490377, 
            "ttH_hww": 0.03024385661233037, 
            "ZH_htt": 0.0005630766211586915, 
            "ZH_hww": 0.040652207286660726
        }
    }, 
    "ww2l2v_13TeV_sr_2j_B9": {
        "Vg": {
            "Wg": 0.7499357403306236, 
            "Zg": 0.06568863090183322, 
            "ZgS": 0.05215387772607278, 
            "WgS": 0.13222175104147038
        }, 
        "Higgs": {
            "qqH_htt": 0.0034499444052899114,