{
    "QCDscale_WW": {
        "WW_B10": [
            0.9446168252709272, 
            1.049639711701046
        ], 
        "WW_B11": [
            0.9342235254119163, 
            1.0595061503131264
        ], 
        "WW_B8": [
            0.9529995703435772, 
            1.0409209210114072
        ], 
        "WW_B9": [
            0.9485540252857635, 
            1.045857937063646
        ], 
        "WW_B6": [
            0.9605312725687019, 
            1.033985979308085
        ], 
        "WW_B7": [
            0.9557952785523997, 
            1.038878505533171
        ], 
        "WW_B4": [
            0.9688416654921495, 
            1.0260625576500548
        ], 
        "WW_B5": [
            0.962802344097895, 
            1.0319478341029313
        ], 
        "WW_B2": [
            0.96473627195679, 
            1.0301459106601307
        ], 
        "WW_B3": [
            0.9644747113027309, 
            1.0302697303095487
        ], 
        "WW_B0": [
            0.9772376331594266, 
            1.0180628723486256
        ], 
        "WW_B1": [
            0.9684569273738881, 
            1.0264148555176167
        ]
    }, 
    "PS_FSR": {
        "ggWW_B10": [
            0.9719240973594206, 
            0.9719240973594206, 
            1.0019325670126324, 
            0.9958063301981811, 
            1.0665872894588473, 
            1.0665872894588473, 
            1.0119746387238462, 
            0.974015037783616
        ], 
        "ggWW_B11": [
            0.9770107429752365, 
            0.9770107429752365, 
            1.0093298881294381, 
            0.983837476988421, 
            1.070353568881978, 
            1.070353568881978, 
            0.989535166311546, 
            1.0181286327290802
        ], 
        "ggWW_B6": [
            0.9759483732689013, 
            0.9759483732689013, 
            1.0087011229205, 
            0.9772198909303242, 
            1.033515492309286, 
            1.033515492309286, 
            0.9984656948124084, 
            1.004016911361768
        ], 
        "ggWW_B7": [
            0.9761983350050173, 
            0.9761983350050173, 
            1.008059664140638, 
            0.98254728520844, 
            1.0663274574804122, 
            1.0663274574804122, 
            0.9985936455319938, 
            1.0030453754644924
        ], 
        "ggWW_B4": [
            0.9778741408542873, 
            0.9778741408542873, 
            0.9945347118740054, 
            1.0143928758899372, 
            1.055727230825504, 
            1.055727230825504, 
            1.0236388202260744, 
            0.9377469956103164
        ], 
        "ggWW_B5": [
            0.9907635032779112, 
            0.9907635032779112, 
            1.0019782418068242, 
            0.9949193111817611, 
            1.0344333165102877, 
            1.0344333165102877, 
            0.9940361795355434, 
            1.015316790820627
        ], 
        "ggWW_B2": [
            1.0085459496170177, 
            1.0085459496170177, 
            1.0027432889679284, 
            0.9931159527027418, 
            0.9616578090667133, 
            0.9616578090667133, 
            1.0187612214378574, 
            0.952920331309436
        ], 
        "ggWW_B3": [
            0.9986253251285969, 
            0.9986253251285969, 
            1.0078623691313904, 
            0.9790419208312562, 
            1.026857473010968, 
            1.026857473010968, 
            0.996036455155595, 
            1.0105652997524959
        ], 
        "ggWW_B0": [
            1.0332861824119026, 
            1.0332861824119026, 
            1.0162737684251892, 
            0.9513693892922142, 
            0.9806564790689913, 
            0.9806564790689913, 
            0.9921156741954871, 
            1.023560589586562
        ], 
        "ggWW_B1": [
            1.0112561208987187, 
            1.0112561208987187, 
            0.9856311297712116, 
            1.0341163350328946, 
            1.0117391280454282, 
            1.0117391280454282, 
            1.0123530711683473, 
            0.9706698224735758
        ], 
        "ggWW_B8": [
            0.9814187779834885, 
            0.9814187779834885, 
            0.9992487287551745, 
            1.0018716954761353, 
            1.0347491457852005, 
            1.0347491457852005, 
            1.0286966956123855, 
            0.9285058815605303
        ], 
        "ggWW_B9": [
            0.9785210156464742, 
            0.9785210156464742, 
            1.00610012582914, 
            0.9856270283127502, 
            1.060417056159097, 
            1.060417056159097, 
            0.9765074731868031, 
            1.0553525340633256
        ], 
        "ggWW_nonfid": [
            0.9933742925652523, 
            1.0074099908977472, 
            1.0191657606579707, 
            1.0185992871092238, 
            1.011350174582192, 
            0.9885259360698911, 
            0.9702377917770639, 
            0.9641024072175086
        ], 
        "WW_B10": [
            0.9929595529192875, 
            0.9929595529192875, 
            1.0139528183140787, 
            0.9786495320199087, 
            1.0244120405881623, 
            1.0244120405881623, 
            0.9790955118491109, 
            1.031987846100984
        ], 
        "WW_B11": [
            0.9798705524165717, 
            0.9798705524165717, 
            1.008343131130081, 
            0.990294469390843, 
            1.0206357692415433, 
            1.0206357692415433, 
            0.9910480249407896, 
            1.0104137962828275
        ], 
        "WW_B8": [
            0.9820998301906354, 
            0.9820998301906354, 
            1.0029766085207499, 
            0.9946466619919846, 
            1.0172437291158076, 
            1.0172437291158076, 
            0.9982598631909734, 
            1.0031295820239607
        ], 
        "WW_B9": [
            0.9878473846675345, 
            0.9878473846675345, 
            0.9921136620605209, 
            1.013494099788321, 
            1.0342137837041707, 
            1.0342137837041707, 
            1.0167789893921504, 
            0.9712899245578341
        ], 
        "WW_B6": [
            0.9908133603778314, 
            0.9908133603778314, 
            1.0004817929636938, 
            0.9988835859358809, 
            1.0136610520511653, 
            1.0136610520511653, 
            0.9949365014477953, 
            1.0117331746690301
        ], 
        "WW_B7": [
            0.9859703443912019, 
            0.9859703443912019, 
            1.002645251179648, 
            0.9943741563246447, 
            1.0322972391927576, 
            1.0322972391927576, 
            1.0000684138192597, 
            0.9998544994685759
        ], 
        "WW_B4": [
            0.9928183434383262, 
            0.9928183434383262, 
            0.9983633456676964, 
            1.0047728552525252, 
            1.0188537280828116, 
            1.0188537280828116, 
            1.0083558621057098, 
            0.9756324108558242
        ], 
        "WW_B5": [
            0.9925533765036968, 
            0.9925533765036968, 
            0.9990165845150015, 
            1.0025926241269325, 
            1.0135993331083506, 
            1.0135993331083506, 
            1.0058935793083519, 
            0.9844624818889774
        ], 
        "WW_B2": [
            1.0168245658752235, 
            1.0168245658752235, 
            1.0023941633635582, 
            0.9922241370880083, 
            0.9889773900941883, 
            0.9889773900941883, 
            0.9991234033147075, 
            1.002847047013454
        ], 
        "WW_B3": [
            0.9976940606489508, 
            0.9976940606489508, 
            0.997765829024369, 
            1.0065649062007374, 
            1.0024660418129416, 
            1.0024660418129416, 
            1.004230301651909, 
            0.9875696471539018
        ],