{
    "QCDscale_WW": {
        "WW_B10": [
            0.9446813863683907, 
            1.049612603851706
        ], 
        "WW_B11": [
            0.9339781631921033, 
            1.059721330571191
        ], 
        "WW_B8": [
            0.952017594588722, 
            1.0419121774699256
        ], 
        "WW_B9": [
            0.947575489890836, 
            1.0468263693201851
        ], 
        "WW_B6": [
            0.9594450090328488, 
            1.0350917577521765
        ], 
        "WW_B7": [
            0.9546649848252567, 
            1.0400338093504542
        ], 
        "WW_B4": [
            0.967749104587756, 
            1.027151672045009
        ], 
        "WW_B5": [
            0.9609903408884206, 
            1.0337927592181466
        ], 
        "WW_B2": [
            0.9639902058469683, 
            1.0308619340374525
        ], 
        "WW_B3": [
            0.9632255566844127, 
            1.0315137765231563
        ], 
        "WW_B0": [
            0.9758795407062506, 
            1.019463536009047
        ], 
        "WW_B1": [
            0.9676630449280464, 
            1.0272197815633197
        ]
    }, 
    "PS_FSR": {
        "ggWW_B10": [
            0.9694434240872924, 
            0.9694434240872924, 
            1.0026837549207415, 
            0.9943878059597159, 
            1.0689270010712661, 
            1.0689270010712661, 
            1.011327887193826, 
            0.9763114357026913
        ], 
        "ggWW_B11": [
            0.9763841607326725, 
            0.9763841607326725, 
            1.006241745608696, 
            0.9893766682870471, 
            1.0699246500094908, 
            1.0699246500094908, 
            0.9920551217912121, 
            1.0135220308423618
        ], 
        "ggWW_B6": [
            0.9743528039067142, 
            0.9743528039067142, 
            1.0071968986088229, 
            0.9809753779640704, 
            1.0348350639382349, 
            1.0348350639382349, 
            1.0008337350246925, 
            0.9977960654185892
        ], 
        "ggWW_B7": [
            0.9735781135462002, 
            0.9735781135462002, 
            1.008673821595373, 
            0.9811678365324356, 
            1.0700259270766366, 
            1.0700259270766366, 
            0.9966291025745728, 
            1.0073187222782982
        ], 
        "ggWW_B4": [
            0.9788520351745966, 
            0.9788520351745966, 
            0.996321032752723, 
            1.0097658732528847, 
            1.0489422378760742, 
            1.0489422378760742, 
            1.022419645294427, 
            0.9404867182544047
        ], 
        "ggWW_B5": [
            0.9882282334974327, 
            0.9882282334974327, 
            1.002466553658095, 
            0.9938147315391016, 
            1.0388150887964778, 
            1.0388150887964778, 
            0.9892694207881265, 
            1.0269086030010115
        ], 
        "ggWW_B2": [
            1.0096542240079283, 
            1.0096542240079283, 
            1.0039863685627237, 
            0.9900456943350749, 
            0.9501304330397605, 
            0.9501304330397605, 
            1.0201624311695137, 
            0.9496526726890965
        ], 
        "ggWW_B3": [
            0.9972696291677039, 
            0.9972696291677039, 
            1.009896856563356, 
            0.9743239300230374, 
            1.0320108200430425, 
            1.0320108200430425, 
            0.9916492357806049, 
            1.0216649402854026
        ], 
        "ggWW_B0": [
            1.0325178574129175, 
            1.0325178574129175, 
            1.0143887099087312, 
            0.9567492981329805, 
            0.9807294529058523, 
            0.9807294529058523, 
            0.9939301209618245, 
            1.0182453138824972
        ], 
        "ggWW_B1": [
            1.0119314691578272, 
            1.0119314691578272, 
            0.9864431077481514, 
            1.0312444094348168, 
            1.016647621237788, 
            1.016647621237788, 
            1.0072679747648354, 
            0.9832495844109503
        ], 
        "ggWW_B8": [
            0.9798914931992291, 
            0.9798914931992291, 
            1.001134252467072, 
            0.9971860158728423, 
            1.0329960919378063, 
            1.0329960919378063, 
            1.0284984359830895, 
            0.9292977984766903
        ], 
        "ggWW_B9": [
            0.9834994521818033, 
            0.9834994521818033, 
            1.0074672984765352, 
            0.9819855216204901, 
            1.0491290416850017, 
            1.0491290416850017, 
            0.9749072676521805, 
            1.0605349425609611
        ], 
        "ggWW_nonfid": [
            0.9933742925652521, 
            1.007409990897747, 
            1.0190303278374093, 
            1.0185012138416385, 
            1.0113501745821918, 
            0.9885259360698911, 
            0.9703168272476155, 
            0.9635722943521493
        ], 
        "WW_B10": [
            0.9945092978829638, 
            0.9945092978829638, 
            1.0133886571147608, 
            0.9795064118183665, 
            1.0224494176543168, 
            1.0224494176543168, 
            0.9760637790544744, 
            1.0366384059639098
        ], 
        "WW_B11": [
            0.9782838233801757, 
            0.9782838233801757, 
            1.0090837668282755, 
            0.9895801445294766, 
            1.0215343222739557, 
            1.0215343222739557, 
            0.9914998417310936, 
            1.0097504066664147
        ], 
        "WW_B8": [
            0.9812921000051383, 
            0.9812921000051383, 
            1.002984412136822, 
            0.994690984502129, 
            1.019591270804829, 
            1.019591270804829, 
            0.9982926181620443, 
            1.0030372871516808
        ], 
        "WW_B9": [
            0.9866010770007035, 
            0.9866010770007035, 
            0.990471659853717, 
            1.016279302572339, 
            1.0355898816002185, 
            1.0355898816002185, 
            1.0206135589808518, 
            0.9647814458142586
        ], 
        "WW_B6": [
            0.9926438844485813, 
            0.9926438844485813, 
            0.9996632807901222, 
            1.0007777551216437, 
            1.0120010850768908, 
            1.0120010850768908, 
            0.9958346015805198, 
            1.0096212507614748
        ], 
        "WW_B7": [
            0.9839693522401096, 
            0.9839693522401096, 
            1.0021984500558614, 
            0.9953918802196823, 
            1.0350055007830365, 
            1.0350055007830365, 
            1.0007210843350693, 
            0.9984885519783124
        ], 
        "WW_B4": [
            0.9920697654908953, 
            0.9920697654908953, 
            0.9983866817663158, 
            1.0046327505705654, 
            1.0191165262448516, 
            1.0191165262448516, 
            1.0085297509235094, 
            0.9755062531169504
        ], 
        "WW_B5": [
            0.9926369469392176, 
            0.9926369469392176, 
            0.9997718607161281, 
            1.000590050450323, 
            1.0140153403191152, 
            1.0140153403191152, 
            1.0052797366393535, 
            0.9863446972885903
        ], 
        "WW_B2": [
            1.0191890763768918, 
            1.0191890763768918, 
            1.001511847411215, 
            0.9952979072885352, 
            0.9854930835735665, 
            0.9854930835735665, 
            0.9997793176834561, 
            1.000686358097036
        ], 
        "WW_B3": [
            0.9979350575542691, 
            0.9979350575542691, 
            0.9988982057382455, 
            1.003160140471446, 
            1.0041026275756102, 
            1.0041026275756102, 
            1.0011070912348274, 
            0.9968246668745666
        ],