{
    "PS_ISR": {
        "ggWW_B10": [
            1.1357288219563462, 
            1.1357288219563462, 
            1.017568295375282, 
            0.9632616667635688, 
            0.860975914821868, 
            0.860975914821868, 
            0.97556675439707, 
            1.051094127223689
        ], 
        "ggWW_B11": [
            1.1422197597620527, 
            1.1422197597620527, 
            1.0131077123744496, 
            0.9776909240969778, 
            0.8554653478524326, 
            0.8554653478524326, 
            0.983548575129298, 
            1.0280000106554652
        ], 
        "ggWW_B6": [
            1.1029292290174977, 
            1.1029292290174977, 
            1.0149656823149502, 
            0.9604390078244703, 
            0.890937066038251, 
            0.890937066038251, 
            0.9808028513720743, 
            1.050746650281569
        ], 
        "ggWW_B7": [
            1.1168209311896509, 
            1.1168209311896509, 
            1.012984475098419, 
            0.9718087633109275, 
            0.8772585709535458, 
            0.8772585709535458, 
            0.9830449286985746, 
            1.0368119946717602
        ], 
        "ggWW_B4": [
            1.093928419239344, 
            1.093928419239344, 
            1.0141616438521686, 
            0.9624077058540979, 
            0.8982333489303668, 
            0.8982333489303668, 
            0.9824257133671352, 
            1.0466512051428183
        ], 
        "ggWW_B5": [
            1.0956391000510604, 
            1.0956391000510604, 
            1.0164350028590636, 
            0.958786663932764, 
            0.8975841193798978, 
            0.8975841193798978, 
            0.9799476701787923, 
            1.05028434828636
        ], 
        "ggWW_B2": [
            1.0899633639873196, 
            1.0899633639873196, 
            1.0188267992975129, 
            0.9529878605174459, 
            0.9031456057158732, 
            0.9031456057158732, 
            0.9769521225509957, 
            1.057552535207222
        ], 
        "ggWW_B3": [
            1.0969773576026518, 
            1.0969773576026518, 
            1.016443423800848, 
            0.9573397373733126, 
            0.8933270259766851, 
            0.8933270259766851, 
            0.9802411277712623, 
            1.0512617499064674
        ], 
        "ggWW_B0": [
            1.0744574405394554, 
            1.0744574405394554, 
            1.0190554153673772, 
            0.9427217523854203, 
            0.9173160503476256, 
            0.9173160503476256, 
            0.9757108406555389, 
            1.0730102417848009
        ], 
        "ggWW_B1": [
            1.0855916503372962, 
            1.0855916503372962, 
            1.0200326310721415, 
            0.9538310317993953, 
            0.9064522837291225, 
            0.9064522837291225, 
            0.9749018307939439, 
            1.0578434541022037
        ], 
        "ggWW_B8": [
            1.114823866150566, 
            1.114823866150566, 
            1.0101811427721603, 
            0.9747414486731131, 
            0.8792613539869247, 
            0.8792613539869247, 
            0.9857776184546599, 
            1.0352845218157485
        ], 
        "ggWW_B9": [
            1.130085242266406, 
            1.130085242266406, 
            1.0168332561348083, 
            0.9593906243804045, 
            0.8670913970775475, 
            0.8670913970775475, 
            0.9784969686271726, 
            1.0518749712465558
        ], 
        "ggWW_nonfid": [
            1.0409480186355968, 
            0.9619655507391905, 
            0.9004284274916803, 
            0.8573343693376356, 
            0.9509330147553844, 
            1.043176422348978, 
            1.129361631364269, 
            1.2009175185382805
        ], 
        "WW_B10": [
            1.0504868995171677, 
            1.0504868995171677, 
            1.0202538303419504, 
            0.968998111269054, 
            0.9412929125913571, 
            0.9412929125913571, 
            0.9739658118618885, 
            1.039849697081077
        ], 
        "WW_B11": [
            1.0588615286382455, 
            1.0588615286382455, 
            1.0214427794020502, 
            0.9754033027840181, 
            0.9329509036663931, 
            0.9329509036663931, 
            0.9726968433223777, 
            1.0313190498884572
        ], 
        "WW_B8": [
            1.0462396712678192, 
            1.0462396712678192, 
            1.0165608957059118, 
            0.9705395743180001, 
            0.9460260009839305, 
            0.9460260009839305, 
            0.9783282627844403, 
            1.0385521782744471
        ], 
        "WW_B9": [
            1.0514929397726407, 
            1.0514929397726407, 
            1.0185431977936867, 
            0.9683186868953334, 
            0.940668816743277, 
            0.940668816743277, 
            0.9763953112200822, 
            1.040328941334455
        ], 
        "WW_B6": [
            1.0460668881578188, 
            1.0460668881578188, 
            1.016144191745009, 
            0.9627100936146576, 
            0.9465977566983151, 
            0.9465977566983151, 
            0.9794549705298028, 
            1.0474549756177538
        ], 
        "WW_B7": [
            1.0457071910546285, 
            1.0457071910546285, 
            1.019111566538137, 
            0.9599406920514554, 
            0.9462614191636508, 
            0.9462614191636508, 
            0.9749972097051007, 
            1.0524077643764886
        ], 
        "WW_B4": [
            1.0417310950288423, 
            1.0417310950288423, 
            1.0150698989997584, 
            0.9567257830898851, 
            0.9509944349003147, 
            0.9509944349003147, 
            0.9809403595590449, 
            1.0547310247191384
        ], 
        "WW_B5": [
            1.0452524283474376, 
            1.0452524283474376, 
            1.0140076334617518, 
            0.9637712090097523, 
            0.9466196310739955, 
            0.9466196310739955, 
            0.9821423480989661, 
            1.0461863269099447
        ], 
        "WW_B2": [
            1.0290236532041865, 
            1.0290236532041865, 
            1.0106599767399096, 
            0.9668457289001006, 
            0.9649309081795192, 
            0.9649309081795192, 
            0.9869384309133006, 
            1.04062361607875
        ], 
        "WW_B3": [
            1.0354056569819856, 
            1.0354056569819856, 
            1.0115358626274877, 
            0.966913109254972, 
            0.9575863914049173, 
            0.9575863914049173, 
            0.9853593327224164, 
            1.0419920186543699
        ], 
        "WW_B0": [
            1.0170141095976395, 
            1.0170141095976395, 
            1.009152170123382, 
            0.9562451107299658, 
            0.9793811050974117, 
            0.9793811050974117, 
            0.9885634275229354, 
            1.054676208551266
        ], 
        "WW_B1": [
            1.0222983376364678, 
            1.0222983376364678, 
            1.0129577990199354, 
            0.9557270950223195, 
            0.9718623265265337, 
            0.9718623265265337, 
            0.9838075007758081, 
            1.0553249034346712
        ], 
        "WW_nonfid": [
            1.000614720409238, 
            1.0165243144342964, 
            0.9655198599118388, 
            0.9222167857883472, 
            0.9996958537879939, 
            0.9806677518325161, 
            1.0427782899106475, 
            1.104462039394051
        ]
    }, 
    "QCDscale_WW": {
        "WW_B10": [
            0.9446813863683907, 
            1.049612603851706
        ], 
        "WW_B11": [
            0.9339781631921033, 
            1.059721330571191
        ], 
        "WW_B8": [
            0.952017594588722, 
            1.0419121774699256
        ],