{
    "ww2l2v_13TeV_sr_2j_B11": {
        "Vg": {
            "Wg": 0.6311338214933339, 
            "Zg": 0.007276479029011456, 
            "ZgS": 0.0, 
            "WgS": 0.36158969947765474
        }, 
        "Higgs": {
            "qqH_htt": 0.0033401165571844025, 
            "qqH_hww": 0.09153635984048106, 
            "ggZH_hww": 0.1429264163641733, 
            "WH_htt": 0.010121167375200144, 
            "ggH_htt": 0.007510061046266051, 
            "WH_hww": 0.1150325475386345, 
            "ggH_hww": 0.5405551338846867, 
            "ttH_hww": 0.04313271609332705, 
            "ZH_htt": 0.0015604545590042346, 
            "ZH_hww": 0.04428502674104244
        }
    }, 
    "ww2l2v_13TeV_sr_2j_B10": {
        "Vg": {
            "Wg": 0.5639945923289377, 
            "Zg": 0.024209110704742614, 
            "ZgS": 0.026661323342786723, 
            "WgS": 0.38513497362353294
        }, 
        "Higgs": {
            "qqH_htt": 0.0034760782061967685, 
            "qqH_hww": 0.08825807775169912, 
            "ggZH_hww": 0.09567619367845677, 
            "WH_htt": 0.010210705106677981, 
            "ggH_htt": 0.009806228264565278, 
            "WH_hww": 0.09525466571025679, 
            "ggH_hww": 0.6133130431841538, 
            "ttH_hww": 0.04669005467896979, 
            "ZH_htt": 0.0019177527002744034, 
            "ZH_hww": 0.03539720071874918
        }
    }, 
    "ww2l2v_13TeV_sr_2j_B13": {
        "Vg": {
            "Wg": 0.6229277818396788, 
            "Zg": 0.13736238843561652, 
            "ZgS": 0.11979230746388027, 
            "WgS": 0.1199175222608244
        }, 
        "Higgs": {
            "qqH_htt": 0.0, 
            "qqH_hww": 0.10097540715026392, 
            "ggZH_hww": 0.12410867413645923, 
            "WH_htt": 0.008831340270623624, 
            "ggH_htt": 0.0222131797916766, 
            "WH_hww": 0.11636053873264932, 
            "ggH_hww": 0.5526223088159892, 
            "ttH_hww": 0.03593798534811924, 
            "ZH_htt": 0.002265952924200599, 
            "ZH_hww": 0.03668461283001836
        }
    }, 
    "ww2l2v_13TeV_sr_2j_B12": {
        "Vg": {
            "Wg": 0.9558445288462233, 
            "Zg": 0.006433744273519627, 
            "ZgS": -0.0229868862163375, 
            "WgS": 0.06070861309659474
        }, 
        "Higgs": {
            "qqH_htt": 0.0014896209037892722, 
            "qqH_hww": 0.09018635111772619, 
            "ggZH_hww": 0.15565998852655555, 
            "WH_htt": 0.009578156108383317, 
            "ggH_htt": 0.007772626387068292, 
            "WH_hww": 0.1220811760833628, 
            "ggH_hww": 0.5244795162960768, 
            "ttH_hww": 0.041163555568476895, 
            "ZH_htt": 0.0014923818497008777, 
            "ZH_hww": 0.04609662715885992
        }
    }, 
    "ww2l2v_13TeV_top_2j": {
        "Vg": {
            "Wg": 0.5070204409695509, 
            "Zg": 0.12645227941960432, 
            "ZgS": 0.09468343558034342, 
            "WgS": 0.2718438440305012
        }, 
        "Higgs": {
            "qqH_htt": 0.005838633271489789, 
            "qqH_hww": 0.00717748306647734, 
            "ggZH_hww": 0.028004547085960417, 
            "WH_htt": 0.007346926448843965, 
            "ggH_htt": 0.0267942497916737, 
            "WH_hww": 0.017777218952100732, 
            "ggH_hww": 0.03625495440844649, 
            "ttH_hww": 0.8570061063835515, 
            "ZH_htt": 0.00520318631743472, 
            "ZH_hww": 0.008596694274021389
        }
    }, 
    "ww2l2v_13TeV_sr_2j_B5": {
        "Vg": {
            "Wg": 0.6579546162898614, 
            "Zg": 0.06775994659955815, 
            "ZgS": 0.003591922052043022, 
            "WgS": 0.2706935150585374
        }, 
        "Higgs": {
            "qqH_htt": 0.0049634584526681, 
            "qqH_hww": 0.11172285430619273, 
            "ggZH_hww": 0.1042036148641106, 
            "WH_htt": 0.016297940720326778, 
            "ggH_htt": 0.004936499439735187, 
            "WH_hww": 0.12464805442453157, 
            "ggH_hww": 0.5177779872060819, 
            "ttH_hww": 0.07150111714336688, 
            "ZH_htt": 0.005546153557749699, 
            "ZH_hww": 0.038402319885236645
        }
    }, 
    "ww2l2v_13TeV_sr_2j_B4": {
        "Vg": {
            "Wg": 0.6321776846690031, 
            "Zg": 0.08268516084396003, 
            "ZgS": 0.08231000003834392, 
            "WgS": 0.20282715444869284
        }, 
        "Higgs": {
            "qqH_htt": 0.0, 
            "qqH_hww": 0.10874411748497453, 
            "ggZH_hww": 0.09151696561305571, 
            "WH_htt": 0.013057218874961743, 
            "ggH_htt": 0.010918671660946778, 
            "WH_hww": 0.10197199414934306, 
            "ggH_hww": 0.5834046237893259, 
            "ttH_hww": 0.04622601528443037, 
            "ZH_htt": 0.0037334602254664993, 
            "ZH_hww": 0.04042693291749526
        }
    }, 
    "ww2l2v_13TeV_sr_2j_B7": {
        "Vg": {
            "Wg": 0.6648023861572308, 
            "Zg": 0.060222234155421724, 
            "ZgS": 0.05004436757986171, 
            "WgS": 0.22493101210748578
        }, 
        "Higgs": {
            "qqH_htt": 0.0013799071930921784, 
            "qqH_hww": 0.12856312248547086, 
            "ggZH_hww": 0.10891964026685184, 
            "WH_htt": 0.023625430381804306, 
            "ggH_htt": 0.01018874995836386, 
            "WH_hww": 0.12915063844298047, 
            "ggH_hww": 0.44946369043792195, 
            "ttH_hww": 0.09034831359576083, 
            "ZH_htt": 0.005266626359340368, 
            "ZH_hww": 0.0530938808784135
        }
    }, 
    "ww2l2v_13TeV_sr_2j_B6": {
        "Vg": {
            "Wg": 0.4416603599309819, 
            "Zg": 0.17696773647841701, 
            "ZgS": 0.0015555377233209531, 
            "WgS": 0.3798163658672802
        }, 
        "Higgs": {
            "qqH_htt": 0.0033085167376008403, 
            "qqH_hww": 0.1198485761213842, 
            "ggZH_hww": 0.11975099707179726, 
            "WH_htt": 0.02198632837986661, 
            "ggH_htt": 0.0017250307293402284, 
            "WH_hww": 0.14756457193086278, 
            "ggH_hww": 0.43396141275179884, 
            "ttH_hww": 0.1010201163006405, 
            "ZH_htt": 0.005054693264204494, 
            "ZH_hww": 0.045779756712504276
        }
    }, 
    "ww2l2v_13TeV_sr_2j_B1": {
        "Vg": {
            "Wg": 0.5699246014702224, 
            "Zg": -0.028792963351856056, 
            "ZgS": 0.03886172122831578, 
            "WgS": 0.42000664065331783
        }, 
        "Higgs": {
            "qqH_htt": 0.0035471979889419815, 
            "qqH_hww": 0.09522397346141806, 
            "ggZH_hww": 0.14508223144737678, 
            "WH_htt": 0.009720294955338278, 
            "ggH_htt": 0.008229170055313, 
            "WH_hww": 0.11974573717005561, 
            "ggH_hww": 0.5433522396085645, 
            "ttH_hww": 0.03459693896271342, 
            "ZH_htt": 0.0020804503723766236, 
            "ZH_hww": 0.03842176597790178
        }
    }, 
    "ww2l2v_13TeV_sr_2j_B0": {
        "Vg": {
            "Wg": 0.658040976729921, 
            "Zg": -0.02466234685355138, 
            "ZgS": 0.07810597636406903, 
            "WgS": 0.28851539375956126
        }, 
        "Higgs": {
            "qqH_htt": 0.0063165138572805375, 
            "qqH_hww": 0.10996082331910752, 
            "ggZH_hww": 0.13305501268126071, 
            "WH_htt": 0.006625287240180296, 
            "ggH_htt": 0.006885019758547304, 
            "WH_hww": 0.11051414728832408, 
            "ggH_hww": 0.5406050414723588, 
            "ttH_hww": 0.049091989111120844, 
            "ZH_htt": 0.0022156165831409033, 
            "ZH_hww": 0.03473054868867903
        }
    }, 
    "ww2l2v_13TeV_sr_2j_B3": {
        "Vg": {
            "Wg": 0.502813672267367, 
            "Zg": 0.04053607306172787, 
            "ZgS": 0.006226363189149396, 
            "WgS": 0.45042389148175577
        }, 
        "Higgs": {
            "qqH_htt": 0.0010176426387939574,