{
    "ww2l2v_13TeV_sr_2j_B11": {
        "Vg": {
            "Wg": 0.6927914471983103, 
            "Zg": 0.023462339389314867, 
            "ZgS": -0.01611143946459981, 
            "WgS": 0.2998576528769747
        }, 
        "Higgs": {
            "qqH_htt": 0.002862991883580496, 
            "qqH_hww": 0.08901694254151636, 
            "ggZH_hww": 0.14247171592747152, 
            "WH_htt": 0.010993328128126022, 
            "ggH_htt": 0.009359297752277153, 
            "WH_hww": 0.11476511663069186, 
            "ggH_hww": 0.5384754945190418, 
            "ttH_hww": 0.04616535113920499, 
            "ZH_htt": 0.0020516470024841546, 
            "ZH_hww": 0.043838114475605636
        }
    }, 
    "ww2l2v_13TeV_sr_2j_B10": {
        "Vg": {
            "Wg": 0.6483226834702818, 
            "Zg": -0.007756017033905318, 
            "ZgS": 0.061555258190836196, 
            "WgS": 0.29787807537278727
        }, 
        "Higgs": {
            "qqH_htt": 0.002984805275577503, 
            "qqH_hww": 0.08536396061626418, 
            "ggZH_hww": 0.09120883219420714, 
            "WH_htt": 0.011359316827307179, 
            "ggH_htt": 0.012354903748817953, 
            "WH_hww": 0.09711701092569515, 
            "ggH_hww": 0.6119937869100878, 
            "ttH_hww": 0.04953138450879377, 
            "ZH_htt": 0.002900813856074032, 
            "ZH_hww": 0.03518518513717536
        }
    }, 
    "ww2l2v_13TeV_sr_2j_B13": {
        "Vg": {
            "Wg": 0.6400441150355519, 
            "Zg": 0.09457771918347274, 
            "ZgS": 0.053748096866851704, 
            "WgS": 0.21163006891412364
        }, 
        "Higgs": {
            "qqH_htt": 0.0, 
            "qqH_hww": 0.1018853139208255, 
            "ggZH_hww": 0.12070828627552983, 
            "WH_htt": 0.010239153041680878, 
            "ggH_htt": 0.02674480003827203, 
            "WH_hww": 0.11561442393348657, 
            "ggH_hww": 0.5422874485804451, 
            "ttH_hww": 0.03824971389925261, 
            "ZH_htt": 0.002252169027075047, 
            "ZH_hww": 0.04201869128343252
        }
    }, 
    "ww2l2v_13TeV_sr_2j_B12": {
        "Vg": {
            "Wg": 0.9181525306773421, 
            "Zg": -0.03776094287582472, 
            "ZgS": 0.026449952581850303, 
            "WgS": 0.09315845961663231
        }, 
        "Higgs": {
            "qqH_htt": 0.0012580086076316801, 
            "qqH_hww": 0.08951348980990868, 
            "ggZH_hww": 0.14868456913796904, 
            "WH_htt": 0.01115344586756719, 
            "ggH_htt": 0.007905263152027045, 
            "WH_hww": 0.12172411931481053, 
            "ggH_hww": 0.529692405555197, 
            "ttH_hww": 0.041369117644637354, 
            "ZH_htt": 0.0015406621285550255, 
            "ZH_hww": 0.04715891878169639
        }
    }, 
    "ww2l2v_13TeV_top_2j": {
        "Vg": {
            "Wg": 0.5950554826409921, 
            "Zg": 0.1006982260155257, 
            "ZgS": 0.05297259248993819, 
            "WgS": 0.25127369885354417
        }, 
        "Higgs": {
            "qqH_htt": 0.006228605952837427, 
            "qqH_hww": 0.007071755629353897, 
            "ggZH_hww": 0.02671996095480254, 
            "WH_htt": 0.008067546740212657, 
            "ggH_htt": 0.02925239866076587, 
            "WH_hww": 0.017878543772331727, 
            "ggH_hww": 0.03591720652771206, 
            "ttH_hww": 0.8542151275339825, 
            "ZH_htt": 0.00586542567568956, 
            "ZH_hww": 0.00878342855231171
        }
    }, 
    "ww2l2v_13TeV_sr_2j_B5": {
        "Vg": {
            "Wg": 0.7312648244260047, 
            "Zg": 0.06607547911061815, 
            "ZgS": 0.01877885830575384, 
            "WgS": 0.18388083815762335
        }, 
        "Higgs": {
            "qqH_htt": 0.004076705958180653, 
            "qqH_hww": 0.10711064203181737, 
            "ggZH_hww": 0.09472631562611684, 
            "WH_htt": 0.016146331510761745, 
            "ggH_htt": 0.01219235803914626, 
            "WH_hww": 0.12064443575763956, 
            "ggH_hww": 0.5321239199934351, 
            "ttH_hww": 0.06709423935060858, 
            "ZH_htt": 0.005505713759334537, 
            "ZH_hww": 0.04037933797295937
        }
    }, 
    "ww2l2v_13TeV_sr_2j_B4": {
        "Vg": {
            "Wg": 0.6404378913630314, 
            "Zg": 0.09849079107739354, 
            "ZgS": 0.05060681928800372, 
            "WgS": 0.21046449827157127
        }, 
        "Higgs": {
            "qqH_htt": 0.0, 
            "qqH_hww": 0.10356819874337574, 
            "ggZH_hww": 0.0873315845997313, 
            "WH_htt": 0.014032541026676134, 
            "ggH_htt": 0.016703642970625224, 
            "WH_hww": 0.09853223270572058, 
            "ggH_hww": 0.5865332886418982, 
            "ttH_hww": 0.04867811424861422, 
            "ZH_htt": 0.004258329765526682, 
            "ZH_hww": 0.04036206729783176
        }
    }, 
    "ww2l2v_13TeV_sr_2j_B7": {
        "Vg": {
            "Wg": 0.7044516629698108, 
            "Zg": 0.09623401108175153, 
            "ZgS": 0.020209988614312367, 
            "WgS": 0.1791043373341253
        }, 
        "Higgs": {
            "qqH_htt": 0.004709877195535596, 
            "qqH_hww": 0.12288530686663099, 
            "ggZH_hww": 0.10875497623289712, 
            "WH_htt": 0.025311320566456835, 
            "ggH_htt": 0.009827542705702502, 
            "WH_hww": 0.1263166763675533, 
            "ggH_hww": 0.45168460476666583, 
            "ttH_hww": 0.09370172954557578, 
            "ZH_htt": 0.005770672002583266, 
            "ZH_hww": 0.05103729375039885
        }
    }, 
    "ww2l2v_13TeV_sr_2j_B6": {
        "Vg": {
            "Wg": 0.6174415504317914, 
            "Zg": 0.1239058417267302, 
            "ZgS": 0.008966846970876408, 
            "WgS": 0.24968576087060199
        }, 
        "Higgs": {
            "qqH_htt": 0.0027274035642861076, 
            "qqH_hww": 0.11885495727657243, 
            "ggZH_hww": 0.11587306441041234, 
            "WH_htt": 0.02322803438577241, 
            "ggH_htt": 0.0033174380530175515, 
            "WH_hww": 0.1428200189453945, 
            "ggH_hww": 0.4401994400497536, 
            "ttH_hww": 0.09848034167205548, 
            "ZH_htt": 0.005913275357969677, 
            "ZH_hww": 0.04858602628476597
        }
    }, 
    "ww2l2v_13TeV_sr_2j_B1": {
        "Vg": {
            "Wg": 0.6168462634156926, 
            "Zg": -0.003760490793236775, 
            "ZgS": 0.022808626658324217, 
            "WgS": 0.36410560071922005
        }, 
        "Higgs": {
            "qqH_htt": 0.00367688085149905, 
            "qqH_hww": 0.09501760170257986, 
            "ggZH_hww": 0.1397760731017156, 
            "WH_htt": 0.010714839143495847, 
            "ggH_htt": 0.010484387911736838, 
            "WH_hww": 0.12299575973089319, 
            "ggH_hww": 0.5404853562885342, 
            "ttH_hww": 0.03595360471527888, 
            "ZH_htt": 0.001971228254679537, 
            "ZH_hww": 0.03892426829958683
        }
    }, 
    "ww2l2v_13TeV_sr_2j_B0": {
        "Vg": {
            "Wg": 0.6718813559706849, 
            "Zg": 0.04338792242827102, 
            "ZgS": 0.03119509930047615, 
            "WgS": 0.253535622300568
        }, 
        "Higgs": {
            "qqH_htt": 0.0055415530682827495, 
            "qqH_hww": 0.10974066640688487, 
            "ggZH_hww": 0.12913946769158596, 
            "WH_htt": 0.007645895018828103, 
            "ggH_htt": 0.00604295202977826, 
            "WH_hww": 0.11136219489968943, 
            "ggH_hww": 0.5464832661827395, 
            "ttH_hww": 0.04729585130541142, 
            "ZH_htt": 0.002299037706638549, 
            "ZH_hww": 0.03444911569016115
        }
    }, 
    "ww2l2v_13TeV_sr_2j_B3": {
        "Vg": {
            "Wg": 0.7421421077120522, 
            "Zg": 0.07445030089574617, 
            "ZgS": -0.005397051962483401, 
            "WgS": 0.188804643354685
        }, 
        "Higgs": {
            "qqH_htt": 0.0016025146846728546,