{
    "PS_ISR": {
        "ggWW_B10": [
            0.8856283902682756, 
            1.1090408991442942
        ], 
        "ggWW_B11": [
            0.8864987698191253, 
            1.107473200927912
        ], 
        "ggWW_B12": [
            0.8916765247302877, 
            1.1020473972587255
        ], 
        "ggWW_B13": [
            0.8926644822460192, 
            1.100414494781591
        ], 
        "ggWW_B6": [
            0.8895289972984154, 
            1.1031552409804573
        ], 
        "ggWW_B7": [
            0.8891284824138826, 
            1.1036211858985547
        ], 
        "ggWW_B4": [
            0.8845838654810556, 
            1.1099140515794041
        ], 
        "ggWW_B5": [
            0.8821873996952674, 
            1.1128821067200567
        ], 
        "ggWW_B2": [
            0.8870927934065468, 
            1.106562518057557
        ], 
        "ggWW_B3": [
            0.8828062761816502, 
            1.1113515271115748
        ], 
        "ggWW_B0": [
            0.8956434385628871, 
            1.097886745185542
        ], 
        "ggWW_B1": [
            0.8933828528145425, 
            1.0999645491329615
        ], 
        "ggWW_B8": [
            0.8802358402057281, 
            1.1143765691929333
        ], 
        "ggWW_B9": [
            0.8855048207125887, 
            1.109083770999564
        ], 
        "WW_B10": [
            0.9431065689532616, 
            1.0507998843267043
        ], 
        "WW_B11": [
            0.951308413257159, 
            1.0436099296692452
        ], 
        "WW_B12": [
            0.9633808248876146, 
            1.030988836328093
        ], 
        "WW_B13": [
            0.9733207949074543, 
            1.0229096417340842
        ], 
        "WW_B8": [
            0.9451704207623564, 
            1.0490819052903941
        ], 
        "WW_B9": [
            0.939661254814654, 
            1.0533141696500856
        ], 
        "WW_B6": [
            0.9461305773533918, 
            1.0479172125102179
        ], 
        "WW_B7": [
            0.9565818441732411, 
            1.0384232993055778
        ], 
        "WW_B4": [
            0.9452384833919799, 
            1.049167566975675
        ], 
        "WW_B5": [
            0.9367197706396343, 
            1.0554722546999307
        ], 
        "WW_B2": [
            0.9510971546414336, 
            1.0433154489023002
        ], 
        "WW_B3": [
            0.9453091802779005, 
            1.0479647231745133
        ], 
        "WW_B0": [
            0.9665367538067007, 
            1.0284834086133388
        ], 
        "WW_B1": [
            0.9585382022471214, 
            1.0364280835660868
        ]
    }, 
    "PS_FSR": {
        "ggWW_B10": [
            1.038383975188452, 
            0.9812445956158372
        ], 
        "ggWW_B11": [
            1.0215111713285732, 
            0.9860537718077175
        ], 
        "ggWW_B12": [
            0.999935260064729, 
            0.9999905520934343
        ], 
        "ggWW_B13": [
            1.0186721198755282, 
            0.9975936009813725
        ], 
        "ggWW_B6": [
            1.0406445794433261, 
            0.9771894444515845
        ], 
        "ggWW_B7": [
            1.0324947925461871, 
            0.9812423672394455
        ], 
        "ggWW_B4": [
            1.0266192034037351, 
            0.9864672100176083
        ], 
        "ggWW_B5": [
            1.0465532428588635, 
            0.9695055265235344
        ], 
        "ggWW_B2": [
            1.022331568688018, 
            0.9909446625335968
        ], 
        "ggWW_B3": [
            1.0185657154800174, 
            0.9867829875868246
        ], 
        "ggWW_B0": [
            1.012872025422737, 
            0.9960578562665092
        ], 
        "ggWW_B1": [
            1.0008615187080354, 
            1.0039250474041383
        ], 
        "ggWW_B8": [
            1.035968712951243, 
            0.9778492122720517
        ], 
        "ggWW_B9": [
            1.0241817021884398, 
            0.9869264433188487
        ], 
        "WW_B10": [
            1.0240076851074265, 
            0.9781951359117712
        ], 
        "WW_B11": [
            1.0175748556577096, 
            0.9962676469401975
        ], 
        "WW_B12": [
            1.0053243685185984, 
            1.0003861786706143
        ], 
        "WW_B13": [
            1.014467353940369, 
            0.993692823742783
        ], 
        "WW_B8": [
            0.9791657615105428, 
            0.9907395703495425
        ], 
        "WW_B9": [
            1.0114106971862185, 
            0.9866449328022739
        ], 
        "WW_B6": [
            1.0358161072932741, 
            0.9804528164734603
        ], 
        "WW_B7": [
            1.0103592258925078, 
            0.9920436844524895
        ], 
        "WW_B4": [
            0.997259493167327, 
            0.9963121025755654
        ], 
        "WW_B5": [
            1.0068710962539542, 
            0.9889187905237614
        ], 
        "WW_B2": [
            1.023312530926513, 
            0.9866550151524227
        ], 
        "WW_B3": [
            1.0200932815141384, 
            0.9934320611968378
        ], 
        "WW_B0": [
            1.010312268178481, 
            0.999545427865363
        ], 
        "WW_B1": [
            0.9932693046496589, 
            1.0086334421259147
        ]
    }, 
    "QCDscale_WW": {
        "ggWW_B10": [
            1.0, 
            1.0
        ], 
        "ggWW_B11": [
            1.0, 
            1.0
        ], 
        "ggWW_B12": [
            1.0, 
            1.0
        ], 
        "ggWW_B13": [
            1.0, 
            1.0
        ], 
        "ggWW_B6": [
            1.0, 
            1.0
        ], 
        "ggWW_B7": [
            1.0, 
            1.0
        ], 
        "ggWW_B4": [
            1.0, 
            1.0
        ], 
        "ggWW_B5": [
            1.0, 
            1.0
        ], 
        "ggWW_B2": [
            1.0, 
            1.0
        ], 
        "ggWW_B3": [
            1.0, 
            1.0
        ], 
        "ggWW_B0": [
            1.0, 
            1.0
        ], 
        "ggWW_B1": [
            1.0, 
            1.0
        ], 
        "ggWW_B8": [
            1.0, 
            1.0
        ], 
        "ggWW_B9": [
            1.0, 
            1.0
        ], 
        "WW_B10": [
            0.9539196507211252, 
            1.0405569917655486
        ], 
        "WW_B11": [
            0.9566207283384387, 
            1.037861857534338
        ], 
        "WW_B12": [
            0.9566832203494826, 
            1.0376103839354696
        ], 
        "WW_B13": [
            0.955843054070045, 
            1.0386844514786508
        ], 
        "WW_B8": [
            0.9582890486711363, 
            1.036132003631357
        ], 
        "WW_B9": [
            0.9525288444116207, 
            1.0419150435873814
        ], 
        "WW_B6": [
            0.9584625548140148, 
            1.0359277469466521
        ], 
        "WW_B7": [
            0.95523484827311, 
            1.0390931332412547
        ], 
        "WW_B4": [
            0.9567662205104557, 
            1.0377022158006943
        ], 
        "WW_B5": [
            0.9511570075919188, 
            1.04332003154582
        ], 
        "WW_B2": [
            0.9571048494193134, 
            1.0374175670416381
        ], 
        "WW_B3": [
            0.9585862523549277, 
            1.0358912590561582
        ], 
        "WW_B0": [
            0.9554893186476499, 
            1.0391816610347675
        ], 
        "WW_B1": [
            0.9547364936510793, 
            1.0394493772544415
        ]
    }, 
    "CMS_hww_WWresum": {
        "WW_B13": [
            0.9994282752221488, 
            1.0011750438730236
        ], 
        "WW_B12": [
            0.9982511061718388, 
            1.003439058107084
        ],