{
    "PS_ISR": {
        "ggWW_B10": [
            0.8855096795768903, 
            1.1090070770522529
        ], 
        "ggWW_B11": [
            0.8873666483034014, 
            1.106562745991989
        ], 
        "ggWW_B12": [
            0.8931259339045229, 
            1.100437886850087
        ], 
        "ggWW_B13": [
            0.8929808203983762, 
            1.1002447408533116
        ], 
        "ggWW_B6": [
            0.8911077560490442, 
            1.101627327214154
        ], 
        "ggWW_B7": [
            0.8893490095968039, 
            1.1032401799119453
        ], 
        "ggWW_B4": [
            0.88542010928838, 
            1.1091407570816645
        ], 
        "ggWW_B5": [
            0.8833071570909514, 
            1.111774053075325
        ], 
        "ggWW_B2": [
            0.8882866867337512, 
            1.1057030810727162
        ], 
        "ggWW_B3": [
            0.8843577829261706, 
            1.1102725015666093
        ], 
        "ggWW_B0": [
            0.8942888104724456, 
            1.0992111488227838
        ], 
        "ggWW_B1": [
            0.8930201728033826, 
            1.1004511145816616
        ], 
        "ggWW_B8": [
            0.8812186911186779, 
            1.1137102838032114
        ], 
        "ggWW_B9": [
            0.8854530341358172, 
            1.109068385803992
        ], 
        "WW_B10": [
            0.9445678976549642, 
            1.0496838563279292
        ], 
        "WW_B11": [
            0.9507386403783367, 
            1.0441016369877598
        ], 
        "WW_B12": [
            0.9610549824417759, 
            1.0330172681788392
        ], 
        "WW_B13": [
            0.9696313643441826, 
            1.0266661202263112
        ], 
        "WW_B8": [
            0.9436467980234475, 
            1.0511899837182601
        ], 
        "WW_B9": [
            0.939284454622184, 
            1.0534868095596324
        ], 
        "WW_B6": [
            0.9424172348333408, 
            1.0508733340029266
        ], 
        "WW_B7": [
            0.9551928260368615, 
            1.0400129920387151
        ], 
        "WW_B4": [
            0.9473964264912071, 
            1.0472971004664655
        ], 
        "WW_B5": [
            0.9392483385497633, 
            1.0537375634867254
        ], 
        "WW_B2": [
            0.9491990318755295, 
            1.0447030277849827
        ], 
        "WW_B3": [
            0.9462331730557996, 
            1.0474469180572028
        ], 
        "WW_B0": [
            0.9668117039420989, 
            1.0284115030719798
        ], 
        "WW_B1": [
            0.9620445809453506, 
            1.0333830140014182
        ]
    }, 
    "PS_FSR": {
        "ggWW_B10": [
            1.0271939812090074, 
            0.9855104434126261
        ], 
        "ggWW_B11": [
            1.0204706428557526, 
            0.986803587845264
        ], 
        "ggWW_B12": [
            1.0077424711055618, 
            0.9958447221568746
        ], 
        "ggWW_B13": [
            1.0230216444744131, 
            0.9924991952476553
        ], 
        "ggWW_B6": [
            1.036215835193591, 
            0.9790844835849772
        ], 
        "ggWW_B7": [
            1.0323266939216635, 
            0.9812842547298699
        ], 
        "ggWW_B4": [
            1.023020336517558, 
            0.9888060543887012
        ], 
        "ggWW_B5": [
            1.0467486868867766, 
            0.9721576412991548
        ], 
        "ggWW_B2": [
            1.0200536340383632, 
            0.9907839553629211
        ], 
        "ggWW_B3": [
            1.0206613337610577, 
            0.9862965849614198
        ], 
        "ggWW_B0": [
            1.0169298867018466, 
            0.9956885296776954
        ], 
        "ggWW_B1": [
            1.0047575563073177, 
            1.002459031945499
        ], 
        "ggWW_B8": [
            1.0331632541053481, 
            0.9776596993427615
        ], 
        "ggWW_B9": [
            1.0241032190984802, 
            0.9870922344185009
        ], 
        "WW_B10": [
            1.0307437065846454, 
            0.9815129569357672
        ], 
        "WW_B11": [
            1.0231037504028015, 
            0.9954270337605727
        ], 
        "WW_B12": [
            0.9891199664538862, 
            1.002445990467911
        ], 
        "WW_B13": [
            1.0118800466833004, 
            0.9950555585665627
        ], 
        "WW_B8": [
            0.987735563596322, 
            0.992332976191805
        ], 
        "WW_B9": [
            1.004178951070679, 
            0.9842202471709912
        ], 
        "WW_B6": [
            1.0358483303885124, 
            0.9845355800932258
        ], 
        "WW_B7": [
            1.0128876745026139, 
            0.9859567423286959
        ], 
        "WW_B4": [
            0.9971329503571138, 
            0.9986018784037244
        ], 
        "WW_B5": [
            1.0147277572379527, 
            0.9915609078055885
        ], 
        "WW_B2": [
            1.0018726637695168, 
            0.99378250875904
        ], 
        "WW_B3": [
            1.0190116942924559, 
            0.9930092539162948
        ], 
        "WW_B0": [
            1.0146957583042, 
            1.0027211779687493
        ], 
        "WW_B1": [
            0.9928472748042385, 
            1.0083974491103096
        ]
    }, 
    "QCDscale_WW": {
        "ggWW_B10": [
            1.0, 
            1.0
        ], 
        "ggWW_B11": [
            1.0, 
            1.0
        ], 
        "ggWW_B12": [
            1.0, 
            1.0
        ], 
        "ggWW_B13": [
            1.0, 
            1.0
        ], 
        "ggWW_B6": [
            1.0, 
            1.0
        ], 
        "ggWW_B7": [
            1.0, 
            1.0
        ], 
        "ggWW_B4": [
            1.0, 
            1.0
        ], 
        "ggWW_B5": [
            1.0, 
            1.0
        ], 
        "ggWW_B2": [
            1.0, 
            1.0
        ], 
        "ggWW_B3": [
            1.0, 
            1.0
        ], 
        "ggWW_B0": [
            1.0, 
            1.0
        ], 
        "ggWW_B1": [
            1.0, 
            1.0
        ], 
        "ggWW_B8": [
            1.0, 
            1.0
        ], 
        "ggWW_B9": [
            1.0, 
            1.0
        ], 
        "WW_B10": [
            0.954209627971245, 
            1.040212538757482
        ], 
        "WW_B11": [
            0.9550459151455054, 
            1.0393677314075302
        ], 
        "WW_B12": [
            0.9560390809969805, 
            1.0381947118459094
        ], 
        "WW_B13": [
            0.9561220101884256, 
            1.0383013889235029
        ], 
        "WW_B8": [
            0.957733711180237, 
            1.0367111856235995
        ], 
        "WW_B9": [
            0.9557197826850121, 
            1.0387748913843466
        ], 
        "WW_B6": [
            0.9564875038288929, 
            1.0379400503081633
        ], 
        "WW_B7": [
            0.9558241443789546, 
            1.0385480629969923
        ], 
        "WW_B4": [
            0.9563590730404727, 
            1.0382348497751461
        ], 
        "WW_B5": [
            0.953775021797806, 
            1.0405976056654016
        ], 
        "WW_B2": [
            0.9568313882893831, 
            1.0376521778726377
        ], 
        "WW_B3": [
            0.9574299399216554, 
            1.0370367457495377
        ], 
        "WW_B0": [
            0.9560190692585788, 
            1.0385348142297133
        ], 
        "WW_B1": [
            0.956198932880203, 
            1.038093077888686
        ]
    }, 
    "CMS_hww_WWresum": {
        "WW_B13": [
            0.9992806264036712, 
            1.001461270619098
        ], 
        "WW_B12": [
            0.9981887026401106, 
            1.0035891148771272
        ],