{
    "ww2l2v_13TeV_sr_1j_B10": {
        "Vg": {
            "Wg": 0.0, 
            "Zg": 0.0, 
            "ZgS": 0.0, 
            "WgS": 1.0
        }, 
        "Higgs": {
            "qqH_htt": 0.02649641314770135, 
            "qqH_hww": 0.36176871376325187, 
            "ggZH_hww": 0.05708719402790921, 
            "WH_htt": 0.02350842808867545, 
            "ggH_htt": 0.023110238463798043, 
            "WH_hww": 0.17438047936815285, 
            "ggH_hww": 0.32457766894260387, 
            "ttH_hww": 0.00907086419790735, 
            "ZH_htt": 0.0, 
            "ZH_hww": 0.0
        }
    }, 
    "ww2l2v_13TeV_sr_1j_B11": {
        "Vg": {
            "Wg": 0.9422961338322718, 
            "Zg": 0.0, 
            "ZgS": 0.0, 
            "WgS": 0.057703866167728095
        }, 
        "Higgs": {
            "qqH_htt": 0.0, 
            "qqH_hww": 0.17131058530123577, 
            "ggZH_hww": 0.0443641894113886, 
            "WH_htt": 0.005078124604612356, 
            "ggH_htt": 0.014811990610918192, 
            "WH_hww": 0.08152545325272557, 
            "ggH_hww": 0.607273492852784, 
            "ttH_hww": 0.002092830492150823, 
            "ZH_htt": 0.0, 
            "ZH_hww": 0.07354333347418458
        }
    }, 
    "ww2l2v_13TeV_top_1j": {
        "Vg": {
            "Wg": 0.0, 
            "Zg": -0.39529265517540685, 
            "ZgS": 0.29695519330669623, 
            "WgS": 1.0983374618687105
        }, 
        "Higgs": {
            "qqH_htt": 0.05570133149525804, 
            "qqH_hww": 0.04175488108608785, 
            "ggZH_hww": 0.006613427120844014, 
            "WH_htt": 0.032386689833729936, 
            "ggH_htt": 0.12909454797767542, 
            "WH_hww": 0.07643568147180005, 
            "ggH_hww": 0.4669847766461771, 
            "ttH_hww": 0.15649637111812267, 
            "ZH_htt": 0.011141242738829236, 
            "ZH_hww": 0.023391050511475817
        }
    }, 
    "ww2l2v_13TeV_sr_2j_B10": {
        "Vg": {
            "Wg": 0.8835498849072335, 
            "Zg": 0.0, 
            "ZgS": 0.0, 
            "WgS": 0.11645011509276654
        }, 
        "Higgs": {
            "qqH_htt": 0.0, 
            "qqH_hww": 0.1524534752524283, 
            "ggZH_hww": 0.03364204228749868, 
            "WH_htt": 0.03133687723998186, 
            "ggH_htt": 0.0, 
            "WH_hww": 0.06717693929147836, 
            "ggH_hww": 0.5259731497048543, 
            "ttH_hww": 0.10307011328174111, 
            "ZH_htt": 0.0010005909224897304, 
            "ZH_hww": 0.0853468120195277
        }
    }, 
    "ww2l2v_13TeV_sr_1j_B6": {
        "Vg": {
            "Wg": 0.28652123342443564, 
            "Zg": 0.07771321172026217, 
            "ZgS": 0.07176204219066785, 
            "WgS": 0.5640035126646343
        }, 
        "Higgs": {
            "qqH_htt": 0.00595540502368178, 
            "qqH_hww": 0.20637292197732288, 
            "ggZH_hww": 0.007326648566013451, 
            "WH_htt": 0.011296400866834116, 
            "ggH_htt": 0.007865076340888856, 
            "WH_hww": 0.019566487113864387, 
            "ggH_hww": 0.7239426558641737, 
            "ttH_hww": 0.002476787864207357, 
            "ZH_htt": 0.0, 
            "ZH_hww": 0.015197616383013379
        }
    }, 
    "ww2l2v_13TeV_sr_1j_B7": {
        "Vg": {
            "Wg": 0.0, 
            "Zg": 0.339905124502775, 
            "ZgS": 0.0, 
            "WgS": 0.660094875497225
        }, 
        "Higgs": {
            "qqH_htt": 0.0036018140141018365, 
            "qqH_hww": 0.2581164371284466, 
            "ggZH_hww": 0.010232634637440917, 
            "WH_htt": 0.007159399407153868, 
            "ggH_htt": 0.009463195778680393, 
            "WH_hww": 0.05293578274687905, 
            "ggH_hww": 0.6476905587407011, 
            "ttH_hww": 0.003566682895086071, 
            "ZH_htt": 0.0, 
            "ZH_hww": 0.00723349465150998
        }
    }, 
    "ww2l2v_13TeV_sr_1j_B4": {
        "Vg": {
            "Wg": 0.438064258878829, 
            "Zg": 0.04331911283321986, 
            "ZgS": 0.015244507528830702, 
            "WgS": 0.5033721207591204
        }, 
        "Higgs": {
            "qqH_htt": 0.0007876003230648108, 
            "qqH_hww": 0.17631817344839557, 
            "ggZH_hww": 0.009841051518294336, 
            "WH_htt": 0.007892417267501735, 
            "ggH_htt": 0.00169446977163622, 
            "WH_hww": 0.048018015416237625, 
            "ggH_hww": 0.7387317961328579, 
            "ttH_hww": 0.00343067605346629, 
            "ZH_htt": 0.0020765027109835377, 
            "ZH_hww": 0.011209297357562022
        }
    }, 
    "ww2l2v_13TeV_sr_2j_B6": {
        "Vg": {
            "Wg": 0.38314115279321953, 
            "Zg": 0.048951650536140055, 
            "ZgS": 0.02273927609699035, 
            "WgS": 0.5451679205736499
        }, 
        "Higgs": {
            "qqH_htt": 0.0034379797559449766, 
            "qqH_hww": 0.09445212942323826, 
            "ggZH_hww": 0.017386917129735002, 
            "WH_htt": 0.011940691416547862, 
            "ggH_htt": 0.015357388450477861, 
            "WH_hww": 0.09240320743886686, 
            "ggH_hww": 0.6247173414883924, 
            "ttH_hww": 0.07440873246967354, 
            "ZH_htt": 0.001059512912035464, 
            "ZH_hww": 0.06483609951508772
        }
    }, 
    "ww2l2v_13TeV_sr_2j_B1": {
        "Vg": {
            "Wg": 0.596593195386313, 
            "Zg": 0.09891192320541388, 
            "ZgS": -0.017084945648212314, 
            "WgS": 0.32157982705648547
        }, 
        "Higgs": {
            "qqH_htt": 0.0006210290695270149, 
            "qqH_hww": 0.06449970956105254, 
            "ggZH_hww": 0.010717127261368137, 
            "WH_htt": 0.012648997390336723, 
            "ggH_htt": 0.009407621446093573, 
            "WH_hww": 0.12794808424457924, 
            "ggH_hww": 0.7169162121034928, 
            "ttH_hww": 0.01810255214516471, 
            "ZH_htt": 0.0029432564116430708, 
            "ZH_hww": 0.036195410366742356
        }
    }, 
    "ww2l2v_13TeV_top_2j": {
        "Vg": {
            "Wg": 0.259811922808217, 
            "Zg": 0.10202351012605648, 
            "ZgS": -0.10773587969672258, 
            "WgS": 0.7459004467624489
        }, 
        "Higgs": {
            "qqH_htt": 0.0066067352608033935, 
            "qqH_hww": 0.004538656156231934, 
            "ggZH_hww": 0.0030262990810152137, 
            "WH_htt": 0.007554085781828814, 
            "ggH_htt": 0.02174895919725805, 
            "WH_hww": 0.015435866873265352, 
            "ggH_hww": 0.05368312110575389, 
            "ttH_hww": 0.8758843051313197, 
            "ZH_htt": 0.005394208562479443, 
            "ZH_hww": 0.00612776285004419
        }
    }, 
    "ww2l2v_13TeV_sr_2j_B0": {
        "Vg": {
            "Wg": 0.5927093838713238, 
            "Zg": 0.0, 
            "ZgS": 0.1762423955779406, 
            "WgS": 0.2310482205507356
        }, 
        "Higgs": {
            "qqH_htt": 0.0, 
            "qqH_hww": 0.08088451940253034, 
            "ggZH_hww": 0.003505814268813104, 
            "WH_htt": 0.0073432894097443455, 
            "ggH_htt": 0.011080047540420832, 
            "WH_hww": 0.10375176567848536, 
            "ggH_hww": 0.7561790638159712, 
            "ttH_hww": 0.006552769590373571, 
            "ZH_htt": 0.001900182683860078, 
            "ZH_hww": 0.028802547609801225
        }
    }, 
    "ww2l2v_13TeV_sr_2j_B11": {
        "Vg": {
            "Wg": 0.6788943209093231, 
            "Zg": 0.16645802938181975, 
            "ZgS": 0.0, 
            "WgS": 0.15464764970885708
        }, 
        "Higgs": {
            "qqH_htt": 0.00821002302734093, 
            "qqH_hww": 0.06780018925710188, 
            "ggZH_hww": 0.09485541903747288, 
            "WH_htt": 0.03541179721946233, 
            "ggH_htt": 0.05351522679796211, 
            "WH_hww": 0.0979432223664539, 
            "ggH_hww": 0.47214706687671903, 
            "ttH_hww": 0.11290731421757266,