{
    "QCDscale_WW": {
        "WW_B10": [
            0.926003038472044, 
            1.0678966437188295
        ], 
        "WW_B11": [
            0.9092809030960559, 
            1.0846935018002788
        ], 
        "WW_B8": [
            0.9373065875422407, 
            1.0571526444262955
        ], 
        "WW_B9": [
            0.9307897786400665, 
            1.0634336430371867
        ], 
        "WW_B6": [
            0.9506105913126373, 
            1.0440921539855947
        ], 
        "WW_B7": [
            0.9444821951940499, 
            1.0502037445952317
        ], 
        "WW_B4": [
            0.9628096360317581, 
            1.0323917276909138
        ], 
        "WW_B5": [
            0.9568853388882438, 
            1.0379676644415954
        ], 
        "WW_B2": [
            0.97650258087426, 
            1.0189993502586985
        ], 
        "WW_B3": [
            0.9686974128276934, 
            1.0265473584714178
        ], 
        "WW_B0": [
            0.9863178741133228, 
            1.0094184567623075
        ], 
        "WW_B1": [
            0.981874350009655, 
            1.0138057105808147
        ]
    }, 
    "PS_FSR": {
        "ggWW_B10": [
            1.042141371077263, 
            0.9246161345017556, 
            1.0210183441491005, 
            1.012823575857516, 
            0.9596717804514067, 
            0.9850494900970838, 
            1.0095817187391438, 
            0.9975133200291727
        ], 
        "ggWW_B11": [
            1.0910448317225976, 
            0.9030508494596033, 
            1.0884036895805014, 
            0.9735883458455491, 
            0.7805015852893173, 
            0.9839775831218218, 
            0.8692372152501817, 
            1.1302973459370105
        ], 
        "ggWW_B6": [
            0.9762706886442507, 
            1.0013967768735834, 
            0.9948512673668115, 
            1.006376060552224, 
            1.0546297664917732, 
            0.9953865309637189, 
            0.9905288524204994, 
            1.024516862883258
        ], 
        "ggWW_B7": [
            0.9825710631448173, 
            0.9842080787350478, 
            1.0457772931422598, 
            0.9644703549303482, 
            1.0568799964483035, 
            1.0206059053785617, 
            0.9744804647888893, 
            1.0024061476685882
        ], 
        "ggWW_B4": [
            0.9847031419097088, 
            0.9987197897831018, 
            1.0002275771525422, 
            1.0036395490524228, 
            1.0387811424142777, 
            1.0034803839009032, 
            1.0109096042245045, 
            0.9621771032684755
        ], 
        "ggWW_B5": [
            0.9779036180782184, 
            0.9874527183962358, 
            1.0118401853654162, 
            1.007291120885796, 
            1.0239713769956327, 
            1.0265836400171278, 
            0.9856169244793734, 
            0.96436131860994
        ], 
        "ggWW_B2": [
            0.9882496725992203, 
            0.9964264884384004, 
            1.0124736360685993, 
            0.9847573593753697, 
            1.0101345416494498, 
            1.012513634050816, 
            0.9788093566081884, 
            0.974261125585347
        ], 
        "ggWW_B3": [
            0.9804853854588965, 
            0.9934509533304446, 
            1.0144615328350945, 
            0.9939015127093751, 
            1.0422092021274358, 
            1.0185445893890943, 
            0.9681010066269149, 
            0.9905435119942482
        ], 
        "ggWW_B0": [
            0.9961787555649736, 
            0.9979822360568831, 
            1.0102901808159246, 
            0.9935239146348701, 
            1.011750216625399, 
            1.0057368496068133, 
            0.9750678043203603, 
            0.985742768661744
        ], 
        "ggWW_B1": [
            0.9922022832326041, 
            0.9977932549510171, 
            1.0098779023888411, 
            0.9830349618331716, 
            1.0124383907864358, 
            1.0040749752315101, 
            0.9904952436097559, 
            0.9896506116708224
        ], 
        "ggWW_B8": [
            0.9770422270244845, 
            0.9922722969725909, 
            0.984101343443498, 
            1.0287419519153036, 
            1.0745475354375393, 
            1.0294793614340632, 
            1.0426290369296054, 
            0.9140135626261368
        ], 
        "ggWW_B9": [
            0.9801636668191532, 
            1.0366787145161829, 
            0.9704573203384292, 
            1.0022149208893334, 
            1.0177773059656903, 
            1.1309653886630051, 
            0.9546410469751413, 
            0.9331069201335818
        ], 
        "ggWW_nonfid": [
            0.9933742925652523, 
            1.0075592342160344, 
            1.0183474019986622, 
            1.0185922471319173, 
            1.011350174582192, 
            0.9880941931176077, 
            0.9712134666025699, 
            0.9636512543901217
        ], 
        "WW_B10": [
            0.9783700760680117, 
            0.9881893510310185, 
            1.0172582948005742, 
            0.9945777991117625, 
            1.0299031398425662, 
            1.0144931344418036, 
            0.9691778226219205, 
            1.0212870906922134
        ], 
        "WW_B11": [
            0.9931194756847289, 
            0.9989409376881869, 
            0.9932586380903151, 
            1.0093393198253346, 
            0.9979232134889185, 
            1.0096685834572368, 
            1.0003711330520906, 
            0.9882385545040551
        ], 
        "WW_B8": [
            0.9948117030985302, 
            0.9972155880035735, 
            1.0058698549157135, 
            0.9957276683607561, 
            1.0022567971809329, 
            1.0084289794696772, 
            0.9981639094695446, 
            0.9840505936702812
        ], 
        "WW_B9": [
            0.99443007875959, 
            0.9905693561404809, 
            1.0170035786630656, 
            0.9905297574720511, 
            0.9971264673356887, 
            1.0201486942982623, 
            0.9719761639719304, 
            1.0081402048216683
        ], 
        "WW_B6": [
            0.9895526957979688, 
            0.9996966752400118, 
            1.002301213445679, 
            0.9962254557280777, 
            1.0106347636733102, 
            0.9931172410355655, 
            0.9998080698505567, 
            1.0220004594530478
        ], 
        "WW_B7": [
            0.9948872009781646, 
            0.9995748416051128, 
            0.998246841565278, 
            1.004464321489475, 
            1.0139187233530598, 
            0.999628609716893, 
            1.0057999840045726, 
            0.9898196877102285
        ], 
        "WW_B4": [
            0.9943943993770704, 
            0.9975291803973831, 
            1.005071023204507, 
            0.9991729910546754, 
            1.013481001654717, 
            1.011777267298534, 
            0.9869000659488424, 
            0.9760433215501914
        ], 
        "WW_B5": [
            0.9938844600896569, 
            0.996767291780976, 
            1.00855656311107, 
            0.9926761587565641, 
            1.0078325272651771, 
            1.011171684509078, 
            0.9860442267627569, 
            0.9893028701710962
        ], 
        "WW_B2": [
            0.9948377629200856, 
            0.9993258296975047, 
            1.0012138084796363, 
            1.002398129847103, 
            1.008034175699147, 
            1.0032935855941356, 
            0.9929245820502458, 
            0.9926721109126642
        ], 
        "WW_B3": [
            0.9923742087009632, 
            0.9991629951197325, 
            1.000385137382739, 
            1.0047164650557425, 
            1.0109924760286404, 
            1.0061586349992209, 
            0.9918734820672693, 
            0.981805201576655
        ],