{
    "PS_ISR": {
        "ggWW_B10": [
            1.0946681011605397, 
            1.128319713020246, 
            0.9718356747286581, 
            0.9710971715158995, 
            0.9058958625434917, 
            0.8505674953612983, 
            1.0309736054481582, 
            1.0353537488115896
        ], 
        "ggWW_B11": [
            1.0858419702274031, 
            1.0229973786721975, 
            1.0476888172194676, 
            0.9426645979977398, 
            0.9113120173550072, 
            0.9723221956117332, 
            0.9380640498239092, 
            1.0732112034438714
        ], 
        "ggWW_B6": [
            1.0599796296905315, 
            1.0544854152121133, 
            0.9802528916836917, 
            0.9369884790128292, 
            0.9296067930496948, 
            0.9340542662796841, 
            1.0216693168811013, 
            1.0801061467790232
        ], 
        "ggWW_B7": [
            1.0744003749421307, 
            1.04432853791982, 
            0.9959666503674288, 
            0.9398267758451824, 
            0.9149782578408925, 
            0.9456226862764548, 
            1.0049622971160528, 
            1.0737950106358254
        ], 
        "ggWW_B4": [
            1.0705788654615018, 
            1.043866056628922, 
            0.9723569756991051, 
            0.9233686322244165, 
            0.9192864444937255, 
            0.947262991393102, 
            1.0299786095562056, 
            1.1000130006452582
        ], 
        "ggWW_B5": [
            1.0672498431947428, 
            1.0413119963483504, 
            0.979868678161577, 
            0.9404268929913865, 
            0.9213813853671962, 
            0.9502146153707434, 
            1.020965916961474, 
            1.0780073225806883
        ], 
        "ggWW_B2": [
            1.0638823714688792, 
            1.027810661799918, 
            0.9600862277448674, 
            0.9175352985344909, 
            0.9305942185569988, 
            0.9653357923312653, 
            1.0479696906109053, 
            1.1090497984534022
        ], 
        "ggWW_B3": [
            1.0666906671781191, 
            1.0322683684425094, 
            0.9660444632562726, 
            0.9199133400497294, 
            0.9265485964484356, 
            0.9600813920860102, 
            1.0400087107672318, 
            1.1049705697111778
        ], 
        "ggWW_B0": [
            1.0437746069718663, 
            1.0154996125475755, 
            0.9408557896371236, 
            0.8994073346583223, 
            0.9514238864285994, 
            0.9805636476650426, 
            1.0732308047578532, 
            1.13320876309909
        ], 
        "ggWW_B1": [
            1.0549523733224941, 
            1.0226305497973474, 
            0.9544797432518922, 
            0.9078649293055562, 
            0.9397417706372759, 
            0.9717319843233635, 
            1.0554048796314415, 
            1.1220276579877813
        ], 
        "ggWW_B8": [
            1.0465381248501209, 
            1.0647348776215209, 
            0.9874593298723259, 
            0.9505340404691254, 
            0.9485906062389939, 
            0.9252135410574928, 
            1.0136354781648862, 
            1.0582657416491104
        ], 
        "ggWW_B9": [
            1.080365611060365, 
            1.0535735281385714, 
            0.9989977428925151, 
            0.9507996195606835, 
            0.9100411997663655, 
            0.9330069788040642, 
            0.995285834036812, 
            1.0689484328372703
        ], 
        "ggWW_nonfid": [
            1.0409480186355966, 
            0.9609863145972474, 
            0.901443973326397, 
            0.8579528427503776, 
            0.9509330147553844, 
            1.04433747251206, 
            1.1279724868407757, 
            1.1999309730250995
        ], 
        "WW_B10": [
            0.9986372474470598, 
            1.045761827143674, 
            0.9898300238955449, 
            0.9349767285992213, 
            1.0000654127066504, 
            0.9439667927848836, 
            1.0090208138470353, 
            1.084825211742805
        ], 
        "WW_B11": [
            0.9986562251429287, 
            1.0500260552416727, 
            0.9971987334245621, 
            0.9448183105200358, 
            0.999626460343593, 
            0.9387798776074643, 
            1.00097054936614, 
            1.0704821829199842
        ], 
        "WW_B8": [
            0.9993697006544029, 
            1.0411609338157324, 
            0.986642668450283, 
            0.9300749578308235, 
            0.999232580390632, 
            0.9491025211681628, 
            1.0139024588136005, 
            1.0912051341401918
        ], 
        "WW_B9": [
            1.0034882105111487, 
            1.0467706323066772, 
            0.9875815290053239, 
            0.9422519649831884, 
            0.9938700167865524, 
            0.9423220972127986, 
            1.0127462396874891, 
            1.0749553088859034
        ], 
        "WW_B6": [
            0.999290608536046, 
            1.0369882568698952, 
            0.9806545762319003, 
            0.9236230045058953, 
            0.9991989935476955, 
            0.9540200511296372, 
            1.0209261724144707, 
            1.1013566633563021
        ], 
        "WW_B7": [
            0.998467329437445, 
            1.042295887653454, 
            0.9807804460914185, 
            0.9277419187671081, 
            1.0005365939797333, 
            0.9477709603001551, 
            1.0207741770961916, 
            1.0949107432621115
        ], 
        "WW_B4": [
            1.0002999822183691, 
            1.0323359077313867, 
            0.9706111617805216, 
            0.9176465822037221, 
            0.9980597345229485, 
            0.9600617061453822, 
            1.033437604694853, 
            1.1089240526583541
        ], 
        "WW_B5": [
            1.0006148923437808, 
            1.0344544313989734, 
            0.9762390991609926, 
            0.9225489106555846, 
            0.9979295897272232, 
            0.957252362887563, 
            1.0267605029905735, 
            1.1023652741157732
        ], 
        "WW_B2": [
            1.0021605747168623, 
            1.0220691170041865, 
            0.9608990607964445, 
            0.9190705453027164, 
            0.9962422676247412, 
            0.9726496108620328, 
            1.0468719289987005, 
            1.1063720770787504
        ], 
        "WW_B3": [
            1.0006951867884388, 
            1.0265046970287788, 
            0.9667918417737283, 
            0.9161883933237003, 
            0.9976310329924871, 
            0.9670615831299926, 
            1.0392147053540792, 
            1.1105637940942583
        ], 
        "WW_B0": [
            1.0048621856260735, 
            1.0069889914167443, 
            0.9558025332954414, 
            0.9162470327186749, 
            0.9926451826711011, 
            0.9911465287772941, 
            1.0552758313538944, 
            1.1124254966217861
        ], 
        "WW_B1": [
            1.0049958596844655, 
            1.0145396997897962, 
            0.9586239178047162, 
            0.915870531434214, 
            0.99249740535051, 
            0.9817675457346748, 
            1.0505999011624336, 
            1.112397895894824
        ], 
        "WW_nonfid": [
            1.000614720409238, 
            1.0162392456125038, 
            0.9661675872534535, 
            0.9223410623366973, 
            0.9996958537879939, 
            0.9810146376067509, 
            1.0419852300014996, 
            1.1042969997136285
        ]
    }, 
    "QCDscale_WW": {
        "WW_B10": [
            0.926003038472044, 
            1.0678966437188295
        ], 
        "WW_B11": [
            0.9092809030960559, 
            1.0846935018002788
        ], 
        "WW_B8": [
            0.9373065875422407, 
            1.0571526444262955
        ],