{
    "QCDscale_WW": {
        "WW_B10": [
            0.9258820950411056, 
            1.06805732083459
        ], 
        "WW_B11": [
            0.9091819286626518, 
            1.0848381695365654
        ], 
        "WW_B8": [
            0.937085333632516, 
            1.0573998622028846
        ], 
        "WW_B9": [
            0.9307620712616091, 
            1.0634572466173637
        ], 
        "WW_B6": [
            0.9509174005402441, 
            1.043805564191173
        ], 
        "WW_B7": [
            0.9452884026028974, 
            1.0493184991878737
        ], 
        "WW_B4": [
            0.9634680918129075, 
            1.0316876130429453
        ], 
        "WW_B5": [
            0.9577231973133419, 
            1.0371020292815418
        ], 
        "WW_B2": [
            0.9777489003025923, 
            1.0177253136519215
        ], 
        "WW_B3": [
            0.9699757721377066, 
            1.0252666658119087
        ], 
        "WW_B0": [
            0.9874642985343711, 
            1.008274158405652
        ], 
        "WW_B1": [
            0.9832267273661459, 
            1.0124453689725865
        ]
    }, 
    "PS_FSR": {
        "ggWW_B10": [
            1.042141371077263, 
            0.9246161345017555, 
            1.0210183441491005, 
            1.0128235758575161, 
            0.9596717804514067, 
            0.9850494900970838, 
            1.0095817187391438, 
            0.9975133200291729
        ], 
        "ggWW_B11": [
            1.0910448317225976, 
            0.903050849459603, 
            1.0884036895805012, 
            0.973588345845549, 
            0.7805015852893173, 
            0.9839775831218216, 
            0.8692372152501816, 
            1.1302973459370105
        ], 
        "ggWW_B6": [
            0.9781754450230824, 
            1.0004301196443468, 
            0.9943901330767394, 
            1.0088126394950727, 
            1.0540826841090285, 
            1.002467820325018, 
            0.9893415152145868, 
            1.0138163799836104
        ], 
        "ggWW_B7": [
            0.9843670275715806, 
            0.9897087301970335, 
            1.0385998277195994, 
            0.9628584836422022, 
            1.0576601003270907, 
            1.012851710929081, 
            0.979352537858544, 
            1.008765635355368
        ], 
        "ggWW_B4": [
            0.985908796139941, 
            0.9968123579747878, 
            1.001566461818577, 
            1.0066446085372018, 
            1.0353580874765271, 
            1.007665108617457, 
            1.0064383001681734, 
            0.9590539099338871
        ], 
        "ggWW_B5": [
            0.9781427547757153, 
            0.9855811459177732, 
            1.0157165822044623, 
            1.0039947545542485, 
            1.0244130338960946, 
            1.0288897878651035, 
            0.9813636966078139, 
            0.967588649052656
        ], 
        "ggWW_B2": [
            0.9892795866080063, 
            0.9961565673960052, 
            1.0128237663900845, 
            0.9859719019472785, 
            1.010970103174736, 
            1.0129584084341956, 
            0.9780483384537948, 
            0.9719218231205081
        ], 
        "ggWW_B3": [
            0.9815038181801146, 
            0.9938667045828147, 
            1.014209628762288, 
            0.9926655807424472, 
            1.0397601218886057, 
            1.0193202413122864, 
            0.9681293495061879, 
            0.9845481498953261
        ], 
        "ggWW_B0": [
            0.9961496868294077, 
            0.9981248906441512, 
            1.0083160536791627, 
            1.0032875689493819, 
            1.0123084215480276, 
            1.0058723601891468, 
            0.9765194817719872, 
            0.9702979714249403
        ], 
        "ggWW_B1": [
            0.9937388181550516, 
            0.9977681097440044, 
            1.010103576207387, 
            0.9826240217469634, 
            1.0099883500536264, 
            1.0042839547740208, 
            0.9898988586158151, 
            0.9891370176614699
        ], 
        "ggWW_B8": [
            0.9711356671878141, 
            0.9862736660698223, 
            0.975628942810363, 
            1.045558029066326, 
            1.07914544453899, 
            1.0338844271660004, 
            1.0477933339485936, 
            0.9036994207878807
        ], 
        "ggWW_B9": [
            0.9789700809481713, 
            1.0382998314793974, 
            0.9692755542873513, 
            1.000994482293458, 
            1.0216528177511774, 
            1.118562475175927, 
            0.9582761473126865, 
            0.9366600224133249
        ], 
        "ggWW_nonfid": [
            0.9933742925652521, 
            1.0076883021658853, 
            1.0185035312026751, 
            1.0186895107391098, 
            1.0113501745821918, 
            0.9879042069129179, 
            0.9712181509545783, 
            0.964205900129004
        ], 
        "WW_B10": [
            0.978399272282626, 
            0.9890348966897571, 
            1.016951210421972, 
            0.9935028090821254, 
            1.0308837557707322, 
            1.012572859223217, 
            0.9711830023888715, 
            1.0216629537602553
        ], 
        "WW_B11": [
            0.993276705599633, 
            0.9994874959571219, 
            0.9935409992033793, 
            1.008367592201082, 
            0.9976565105537294, 
            1.008974903641228, 
            0.9981754293948893, 
            0.9917496372645592
        ], 
        "WW_B8": [
            0.9956325438609226, 
            0.9987928773882562, 
            1.00462921196582, 
            0.9943260926915561, 
            1.0036790144027083, 
            1.0065768898278051, 
            0.9992682870837052, 
            0.9863368597220306
        ], 
        "WW_B9": [
            0.9945032803332595, 
            0.9922379570470334, 
            1.0157255720064224, 
            0.9897866516598085, 
            0.9987491076186061, 
            1.0170254357984296, 
            0.9752516601821214, 
            1.0082758806613796
        ], 
        "WW_B6": [
            0.9902788027560756, 
            0.9987913072707264, 
            1.0038044563314028, 
            0.9959907068650864, 
            1.0102207744347365, 
            0.9950640143368014, 
            0.996850772009799, 
            1.0218439919444762
        ], 
        "WW_B7": [
            0.9955370433874777, 
            0.9997930299924493, 
            0.998368965912603, 
            1.003682015519007, 
            1.0123484817579091, 
            0.9998707784895384, 
            1.005525260371967, 
            0.9896681212481528
        ], 
        "WW_B4": [
            0.9931074352089804, 
            0.9976704699017794, 
            1.0055075600381804, 
            0.9974319463871638, 
            1.0144482152022531, 
            1.0102628454930864, 
            0.9860846341337457, 
            0.9850827728091495
        ], 
        "WW_B5": [
            0.9939185790601046, 
            0.99717148152526, 
            1.0080439676864517, 
            0.9921941007169292, 
            1.0086751438684987, 
            1.0099492288362675, 
            0.9882755110977048, 
            0.9887845964662373
        ], 
        "WW_B2": [
            0.9943497142765514, 
            0.9991864023531452, 
            1.001898701063826, 
            1.001541291563249, 
            1.0090511473655899, 
            1.0036183538839545, 
            0.9928088774288404, 
            0.9883529578920147
        ], 
        "WW_B3": [
            0.9930012368107413, 
            0.9994370032707435, 
            1.0002474921378077, 
            1.0033248803620811, 
            1.0097407475453661, 
            1.0049935010587019, 
            0.9927936054434936, 
            0.9865271032698817
        ],