{
    "ww2l2v_13TeV_sr_2j_B11": {
        "Vg": {
            "Wg": 0.6586302537914833, 
            "Zg": 0.1081698145739438, 
            "ZgS": 0.07667170790883618, 
            "WgS": 0.15652822372573671
        }, 
        "Higgs": {
            "qqH_htt": 0.001441608812353202, 
            "qqH_hww": 0.10458656999833164, 
            "ggZH_hww": 0.014794790828316135, 
            "WH_htt": 0.011414008870480299, 
            "ggH_htt": 0.0070842631516629265, 
            "WH_hww": 0.11779083363024966, 
            "ggH_hww": 0.6668936384509163, 
            "ttH_hww": 0.038165238792309826, 
            "ZH_htt": 0.002746209507874402, 
            "ZH_hww": 0.03508283795750547
        }
    }, 
    "ww2l2v_13TeV_sr_2j_B10": {
        "Vg": {
            "Wg": 0.7455868330879263, 
            "Zg": 0.1287644439277868, 
            "ZgS": 0.019830576691056107, 
            "WgS": 0.10581814629323087
        }, 
        "Higgs": {
            "qqH_htt": 0.0006156883791054855, 
            "qqH_hww": 0.10786049036492833, 
            "ggZH_hww": 0.01144484652758389, 
            "WH_htt": 0.013539232833892013, 
            "ggH_htt": 0.002625439385286771, 
            "WH_hww": 0.11246209206307954, 
            "ggH_hww": 0.6605284921109634, 
            "ttH_hww": 0.044591539641080244, 
            "ZH_htt": 0.002684995643436502, 
            "ZH_hww": 0.04364718305064389
        }
    }, 
    "ww2l2v_13TeV_sr_2j_B13": {
        "Vg": {
            "Wg": 0.0, 
            "Zg": 0.0500028709835011, 
            "ZgS": 0.0821001955878328, 
            "WgS": 0.8678969334286661
        }, 
        "Higgs": {
            "qqH_htt": 0.0009792319115622793, 
            "qqH_hww": 0.12119992143415191, 
            "ggZH_hww": 0.01464987485481163, 
            "WH_htt": 0.01107897951835998, 
            "ggH_htt": 0.015845715663858388, 
            "WH_hww": 0.10955928017154078, 
            "ggH_hww": 0.6509893623156146, 
            "ttH_hww": 0.03667234935839798, 
            "ZH_htt": 0.0011922036880138763, 
            "ZH_hww": 0.037833081083688644
        }
    }, 
    "ww2l2v_13TeV_sr_2j_B12": {
        "Vg": {
            "Wg": 0.6197867322580858, 
            "Zg": 0.006309019464794955, 
            "ZgS": 0.0704010728667204, 
            "WgS": 0.30350317541039884
        }, 
        "Higgs": {
            "qqH_htt": 0.0003261071947633093, 
            "qqH_hww": 0.1240657576103028, 
            "ggZH_hww": 0.01750895149028081, 
            "WH_htt": 0.011173397406525624, 
            "ggH_htt": 0.0071438473964541855, 
            "WH_hww": 0.13687927146666953, 
            "ggH_hww": 0.6103674704073144, 
            "ttH_hww": 0.04518300025123431, 
            "ZH_htt": 0.0021713379506609915, 
            "ZH_hww": 0.04518085882579409
        }
    }, 
    "ww2l2v_13TeV_sr_2j_B9": {
        "Vg": {
            "Wg": 0.29936714123208125, 
            "Zg": 0.275243382134218, 
            "ZgS": 0.11032587852562362, 
            "WgS": 0.3150635981080771
        }, 
        "Higgs": {
            "qqH_htt": 0.0034573488050036664, 
            "qqH_hww": 0.10491911762999385, 
            "ggZH_hww": 0.008749399101399373, 
            "WH_htt": 0.01380928336660507, 
            "ggH_htt": 0.010619547112055663, 
            "WH_hww": 0.08630330143254669, 
            "ggH_hww": 0.6816298175642654, 
            "ttH_hww": 0.04699139463758172, 
            "ZH_htt": 0.0026601604965543293, 
            "ZH_hww": 0.040860629853994065
        }
    }, 
    "ww2l2v_13TeV_sr_2j_B5": {
        "Vg": {
            "Wg": 0.2761096814630376, 
            "Zg": 0.12199284301424006, 
            "ZgS": 0.1639460000528672, 
            "WgS": 0.43795147546985513
        }, 
        "Higgs": {
            "qqH_htt": 0.002218952833799758, 
            "qqH_hww": 0.1284444641108832, 
            "ggZH_hww": 0.011064354224100372, 
            "WH_htt": 0.018745668669901665, 
            "ggH_htt": 0.01401647583749935, 
            "WH_hww": 0.12218651245571488, 
            "ggH_hww": 0.5772434239459767, 
            "ttH_hww": 0.07377585599055773, 
            "ZH_htt": 0.0029944928340419354, 
            "ZH_hww": 0.049309799097524615
        }
    }, 
    "ww2l2v_13TeV_sr_2j_B4": {
        "Vg": {
            "Wg": 0.20143960414617637, 
            "Zg": 0.15403717289118227, 
            "ZgS": 0.04708539000646764, 
            "WgS": 0.5974378329561737
        }, 
        "Higgs": {
            "qqH_htt": 0.0009899458557531102, 
            "qqH_hww": 0.11428882071662858, 
            "ggZH_hww": 0.008039238066389603, 
            "WH_htt": 0.01439725158101864, 
            "ggH_htt": 0.014705777501132115, 
            "WH_hww": 0.10401770731854403, 
            "ggH_hww": 0.6540481075931507, 
            "ttH_hww": 0.044228278542653876, 
            "ZH_htt": 0.002824905353611739, 
            "ZH_hww": 0.04245996747111761
        }
    }, 
    "ww2l2v_13TeV_sr_2j_B7": {
        "Vg": {
            "Wg": 0.0, 
            "Zg": 0.17980500948317327, 
            "ZgS": 0.29174133096900207, 
            "WgS": 0.5284536595478248
        }, 
        "Higgs": {
            "qqH_htt": 0.004204654135102121, 
            "qqH_hww": 0.1445721637402516, 
            "ggZH_hww": 0.011647534471891834, 
            "WH_htt": 0.023537351345547363, 
            "ggH_htt": 0.0023209118017338865, 
            "WH_hww": 0.14369812672923543, 
            "ggH_hww": 0.510250530008651, 
            "ttH_hww": 0.09560222482727307, 
            "ZH_htt": 0.005363966374822085, 
            "ZH_hww": 0.058802536565491746
        }
    }, 
    "ww2l2v_13TeV_sr_2j_B6": {
        "Vg": {
            "Wg": 0.6532941222657871, 
            "Zg": 0.07197897567794985, 
            "ZgS": 0.15285348863561973, 
            "WgS": 0.12187341342064334
        }, 
        "Higgs": {
            "qqH_htt": 0.005248589694446966, 
            "qqH_hww": 0.16719760411355156, 
            "ggZH_hww": 0.013473119901443094, 
            "WH_htt": 0.02342414217411654, 
            "ggH_htt": 0.011600201650524613, 
            "WH_hww": 0.1510837832393445, 
            "ggH_hww": 0.4541540297540854, 
            "ttH_hww": 0.10710948316689117, 
            "ZH_htt": 0.005631716391860881, 
            "ZH_hww": 0.06107732991373537
        }
    }, 
    "ww2l2v_13TeV_sr_2j_B1": {
        "Vg": {
            "Wg": 0.4333684110991968, 
            "Zg": 0.046104166050128556, 
            "ZgS": 0.12855922318785573, 
            "WgS": 0.3919681996628189
        }, 
        "Higgs": {
            "qqH_htt": 0.0010822236497415464, 
            "qqH_hww": 0.1102702338123166, 
            "ggZH_hww": 0.01754668730436305, 
            "WH_htt": 0.010577715383782242, 
            "ggH_htt": 0.011093735292862665, 
            "WH_hww": 0.1464021522081937, 
            "ggH_hww": 0.6047706950051155, 
            "ttH_hww": 0.04323347193751893, 
            "ZH_htt": 0.0019727317760429982, 
            "ZH_hww": 0.05305035363006302
        }
    }, 
    "ww2l2v_13TeV_sr_2j_B0": {
        "Vg": {
            "Wg": 0.7451827602991261, 
            "Zg": 0.06112023081538317, 
            "ZgS": 0.0395034046418572, 
            "WgS": 0.1541936042436335
        }, 
        "Higgs": {
            "qqH_htt": 0.0010370278555614353, 
            "qqH_hww": 0.12436336964529658, 
            "ggZH_hww": 0.014404649851185823, 
            "WH_htt": 0.0073290889876044645, 
            "ggH_htt": 0.0031257122132631685, 
            "WH_hww": 0.11404823726295284, 
            "ggH_hww": 0.6565433117790882, 
            "ttH_hww": 0.034203223093883024, 
            "ZH_htt": 0.0020819403002467827, 
            "ZH_hww": 0.04286343901091784
        }
    }, 
    "ww2l2v_13TeV_sr_2j_B3": {
        "Vg": {
            "Wg": 0.22290184897048218, 
            "Zg": -0.08465091602429044, 
            "ZgS": 0.0358564535212618, 
            "WgS": 0.8258926135325465
        },