{
    "PS_ISR": {
        "ggWW_B10": [
            0.9364229495752818, 
            1.024896592877956, 
            1.1062216712795747, 
            1.1835084760672088, 
            1.052887469886105, 
            0.9753336965553988, 
            0.9158198111558331, 
            0.8674463758108609
        ], 
        "ggWW_B11": [
            0.925492124732359, 
            1.0087896950824895, 
            1.0818291861865037, 
            1.153376239774903, 
            1.06244444658339, 
            0.9885040664170975, 
            0.9334332982607041, 
            0.8872317335824051
        ], 
        "ggWW_B6": [
            0.9538286750944005, 
            1.051486417089641, 
            1.1414049421454733, 
            1.2208187568163973, 
            1.0378520901568329, 
            0.9547407685189858, 
            0.8912114825825089, 
            0.8438717530779117
        ], 
        "ggWW_B7": [
            0.9522047367004729, 
            1.0491751839712238, 
            1.1378239282925187, 
            1.2093824467746004, 
            1.0392935436663917, 
            0.9565540301345093, 
            0.8936588175660088, 
            0.850139421746633
        ], 
        "ggWW_B4": [
            0.9555972014365604, 
            1.0546918474563265, 
            1.1403298634933525, 
            1.2221185534427221, 
            1.0363528021412367, 
            0.9524622374884393, 
            0.8919796301400149, 
            0.8425208957587925
        ], 
        "ggWW_B5": [
            0.9556118285843221, 
            1.053419042974815, 
            1.1414994134504197, 
            1.2185561406950263, 
            1.0364591711466276, 
            0.9532150458543243, 
            0.8911409681152798, 
            0.8449087686033895
        ], 
        "ggWW_B2": [
            0.9560671085689979, 
            1.054827559455077, 
            1.1464242072613802, 
            1.2173709202237897, 
            1.03602054642752, 
            0.9521957493644237, 
            0.8879160973361878, 
            0.8442777450313501
        ], 
        "ggWW_B3": [
            0.9554349600082762, 
            1.0546362376381486, 
            1.1479378285261672, 
            1.2243820190961647, 
            1.0364370340995908, 
            0.9522190700463362, 
            0.8873198650345817, 
            0.8427507041681418
        ], 
        "ggWW_B0": [
            0.9575336070482859, 
            1.0553133072306426, 
            1.1462803447217689, 
            1.2304424218725087, 
            1.0347754999404253, 
            0.9519423440721504, 
            0.8879997450055117, 
            0.8372284695377283
        ], 
        "ggWW_B1": [
            0.9567669551663633, 
            1.05440548289493, 
            1.1478190026314568, 
            1.227692296700848, 
            1.0354630895918895, 
            0.9523616303689727, 
            0.8870345098105603, 
            0.8391173615312816
        ], 
        "ggWW_B8": [
            0.9494683895768392, 
            1.0447437307222252, 
            1.131666254403066, 
            1.2130346813386232, 
            1.0415953804658555, 
            0.9599247302677133, 
            0.8979926780452007, 
            0.8481063213428759
        ], 
        "ggWW_B9": [
            0.9435300912188213, 
            1.0369041035572284, 
            1.120605669316691, 
            1.1975891146124977, 
            1.046763118556156, 
            0.9660142270723645, 
            0.905303075768951, 
            0.8584511989388468
        ], 
        "ggWW_nonfid": [
            0.9509012496342897, 
            1.042037461050889, 
            1.1251422813644727, 
            1.1968390014183723, 
            1.0404677488585214, 
            0.962169930720228, 
            0.9025595990731023, 
            0.8589245771015582
        ], 
        "WW_B10": [
            0.9984415666762152, 
            0.9767278566270343, 
            1.0319922792940939, 
            1.1018232929017646, 
            1.001121543901395, 
            1.0189872685947168, 
            0.9725306786899491, 
            0.9224574042536586
        ], 
        "WW_B11": [
            0.9985161836683077, 
            0.9756163254083261, 
            1.0278839074926391, 
            1.0900255161391694, 
            1.0012142299476365, 
            1.019636028777015, 
            0.9759884424447115, 
            0.930878992310251
        ], 
        "WW_B8": [
            0.9989662555889198, 
            0.9780779105205857, 
            1.0389581908477576, 
            1.1067215409916775, 
            1.000841864487659, 
            1.0177408328423263, 
            0.9666826897517434, 
            0.9190637789078113
        ], 
        "WW_B9": [
            0.9985239156731562, 
            0.9778310826585498, 
            1.0368831051036698, 
            1.1005594574624022, 
            1.001051736195353, 
            1.0180651117633674, 
            0.9687585802117737, 
            0.9237113502531966
        ], 
        "WW_B6": [
            0.9986487998593009, 
            0.9801604665183544, 
            1.04089073741912, 
            1.1129032716524185, 
            1.000948603786634, 
            1.0161250329014888, 
            0.9655959848488199, 
            0.9155050911161622
        ], 
        "WW_B7": [
            0.9993253149295791, 
            0.9775289359176926, 
            1.0422531917825941, 
            1.107519248908162, 
            1.0003945667598484, 
            1.0181970780879066, 
            0.9646489413666017, 
            0.9195708999247509
        ], 
        "WW_B4": [
            0.9984772020920012, 
            0.980369775484132, 
            1.042184490205628, 
            1.1043192189997935, 
            1.001287783141715, 
            1.015575536338213, 
            0.9648851611330237, 
            0.9199089230871168
        ], 
        "WW_B5": [
            0.9984586994096444, 
            0.9798122772780826, 
            1.0419654837829042, 
            1.1007315013623538, 
            1.0011757340631846, 
            1.0166153479453717, 
            0.9640238310120948, 
            0.9235954673237664
        ], 
        "WW_B2": [
            0.9983201876274511, 
            0.9812139440962142, 
            1.0387363822781668, 
            1.101169929848119, 
            1.0013779767357145, 
            1.0153019826430503, 
            0.9666352095348612, 
            0.922014077669099
        ], 
        "WW_B3": [
            0.9996424335607139, 
            0.9773365289903774, 
            1.0439027391200704, 
            1.1097736317929607, 
            1.0002974388569885, 
            1.01829101548757, 
            0.9631536487646413, 
            0.915573584565044
        ], 
        "WW_B0": [
            0.9990656419307835, 
            0.9775413990232165, 
            1.0437348093923817, 
            1.1075647514669986, 
            1.0006455419586333, 
            1.0180447221024358, 
            0.9639718262113325, 
            0.9187556412311115
        ], 
        "WW_B1": [
            1.0000610147704636, 
            0.9769984944016322, 
            1.0384206746901836, 
            1.115883048069914, 
            0.9999074458683319, 
            1.0185328919978014, 
            0.9671858804761928, 
            0.9135324179583013
        ], 
        "WW_nonfid": [
            0.9994918255098146, 
            0.9803756099554999, 
            1.041006567940561, 
            1.1027498844683943, 
            1.0003769687628654, 
            1.0158720171880795, 
            0.9656483200014927, 
            0.9216436080384098
        ]
    }, 
    "QCDscale_WW": {
        "WW_B10": [
            0.9765367706985681, 
            1.0182411401076001
        ], 
        "WW_B11": [
            0.9700761623509718, 
            1.0248661803980963
        ], 
        "WW_B8": [
            0.9844939482571107, 
            1.0109837770567534
        ],