{
    "PS_ISR": {
        "ggWW_B10": [
            0.998095416173307, 
            1.001393952060002
        ], 
        "ggWW_B11": [
            0.9981027420340053, 
            1.001451667818678
        ], 
        "ggWW_B6": [
            1.002435179908629, 
            0.9979795842012003
        ], 
        "ggWW_B7": [
            1.001756441888988, 
            0.9984889668896136
        ], 
        "ggWW_B4": [
            1.0022761774325952, 
            0.9980809590732752
        ], 
        "ggWW_B5": [
            1.0026032526441564, 
            0.9978590868122638
        ], 
        "ggWW_B2": [
            1.001594920842028, 
            0.9986642592697464
        ], 
        "ggWW_B3": [
            1.0020446314552762, 
            0.9982244815493804
        ], 
        "ggWW_B0": [
            1.0011097203902826, 
            0.9990995287331712
        ], 
        "ggWW_B1": [
            1.0015405576300942, 
            0.9987608961862654
        ], 
        "ggWW_B8": [
            1.0004294421762647, 
            0.99950861059053
        ], 
        "ggWW_B9": [
            0.9990412934207559, 
            1.0006610407368521
        ], 
        "WW_B10": [
            0.9990623219151965, 
            1.0007015447377292
        ], 
        "WW_B11": [
            0.9987106824180026, 
            1.0010214748006554
        ], 
        "WW_B8": [
            0.9994522011304912, 
            1.0004085319025684
        ], 
        "WW_B9": [
            0.9995896449495187, 
            1.0003909206407002
        ], 
        "WW_B6": [
            0.9996683723779098, 
            1.0003009304165489
        ], 
        "WW_B7": [
            0.9994325277944145, 
            1.0004439162819585
        ], 
        "WW_B4": [
            1.0010026742036309, 
            0.999249363156687
        ], 
        "WW_B5": [
            0.9994422307482844, 
            1.000440820327428
        ], 
        "WW_B2": [
            0.9989652485703199, 
            1.0007675045609592
        ], 
        "WW_B3": [
            0.9992134730092981, 
            1.0005004945487823
        ], 
        "WW_B0": [
            1.001034572641643, 
            0.9991654916193863
        ], 
        "WW_B1": [
            1.0000047756834072, 
            1.0000137254745392
        ]
    }, 
    "PS_FSR": {
        "ggWW_B10": [
            1.0008933785528094, 
            0.9992977174791767
        ], 
        "ggWW_B11": [
            1.000496698538238, 
            0.999912931474716
        ], 
        "ggWW_B6": [
            1.0003905642407362, 
            0.9999415827186854
        ], 
        "ggWW_B7": [
            0.9998822081319728, 
            1.000131934321626
        ], 
        "ggWW_B4": [
            1.0006079584267105, 
            0.999753849578048
        ], 
        "ggWW_B5": [
            0.9998599239183097, 
            0.9996631582018651
        ], 
        "ggWW_B2": [
            0.9991832680650404, 
            1.0003304057333045
        ], 
        "ggWW_B3": [
            0.9998586118406009, 
            0.9995748091187217
        ], 
        "ggWW_B0": [
            1.0002625760227661, 
            0.999719696998061
        ], 
        "ggWW_B1": [
            0.9992578284732168, 
            1.0001367103033296
        ], 
        "ggWW_B8": [
            1.0002091633397503, 
            1.0000588793835972
        ], 
        "ggWW_B9": [
            1.0001058325776202, 
            0.9999274688387257
        ], 
        "WW_B10": [
            1.0026985113633053, 
            1.0001851331272529
        ], 
        "WW_B11": [
            0.9979132950301612, 
            0.9994957496607941
        ], 
        "WW_B8": [
            0.9991885448437791, 
            0.999897944580919
        ], 
        "WW_B9": [
            1.0005822718874093, 
            0.9996314959264192
        ], 
        "WW_B6": [
            1.0012163138292958, 
            0.9990769760271577
        ], 
        "WW_B7": [
            0.9984387100161569, 
            1.0001976119305445
        ], 
        "WW_B4": [
            0.995559183750416, 
            1.0020098472384098
        ], 
        "WW_B5": [
            1.0077434216880274, 
            0.9965634697173524
        ], 
        "WW_B2": [
            1.0055237578328646, 
            0.9987629504621134
        ], 
        "WW_B3": [
            0.9982632573596428, 
            1.0016421321461828
        ], 
        "WW_B0": [
            0.9970320849995222, 
            1.0018527687485357
        ], 
        "WW_B1": [
            1.00071361449493, 
            0.998572707990665
        ]
    }, 
    "QCDscale_WW": {
        "ggWW_B10": [
            1.0, 
            1.0
        ], 
        "ggWW_B11": [
            1.0, 
            1.0
        ], 
        "ggWW_B6": [
            1.0, 
            1.0
        ], 
        "ggWW_B7": [
            1.0, 
            1.0
        ], 
        "ggWW_B4": [
            1.0, 
            1.0
        ], 
        "ggWW_B5": [
            1.0, 
            1.0
        ], 
        "ggWW_B2": [
            1.0, 
            1.0
        ], 
        "ggWW_B3": [
            1.0, 
            1.0
        ], 
        "ggWW_B0": [
            1.0, 
            1.0
        ], 
        "ggWW_B1": [
            1.0, 
            1.0
        ], 
        "ggWW_B8": [
            1.0, 
            1.0
        ], 
        "ggWW_B9": [
            1.0, 
            1.0
        ], 
        "WW_B10": [
            0.9763397686088011, 
            1.0184315373336885
        ], 
        "WW_B11": [
            0.9699348287163141, 
            1.0249830868939118
        ], 
        "WW_B8": [
            0.9845879035994614, 
            1.0108885314511546
        ], 
        "WW_B9": [
            0.9805821837755275, 
            1.0145463666827894
        ], 
        "WW_B6": [
            0.988556008466163, 
            1.0072943711202427
        ], 
        "WW_B7": [
            0.986806678216302, 
            1.0088344255128632
        ], 
        "WW_B4": [
            0.9903520517005094, 
            1.0056279710312355
        ], 
        "WW_B5": [
            0.9894924277028438, 
            1.0064426682446843
        ], 
        "WW_B2": [
            0.9899569599793411, 
            1.0059651601611224
        ], 
        "WW_B3": [
            0.9900212686109658, 
            1.0059519679962126
        ], 
        "WW_B0": [
            0.9896773912499925, 
            1.0063199228071487
        ], 
        "WW_B1": [
            0.9905140994964355, 
            1.0055458160393271
        ]
    }, 
    "CMS_hww_WWresum": {
        "WW_B10": [
            0.9855897704865854, 
            1.0481441518271455
        ], 
        "WW_B11": [
            0.9837309554253252, 
            1.0500882602982986
        ], 
        "WW_B8": [
            0.9870954500908485, 
            1.0473460159366397
        ], 
        "WW_B9": [
            0.9868761917482656, 
            1.0465113585187722
        ], 
        "WW_B6": [
            0.9878159548540663, 
            1.0476156165896866
        ], 
        "WW_B7": [
            0.9876095489752642, 
            1.0472741732779893
        ], 
        "WW_B4": [
            0.9881013254374449, 
            1.0476161352766953
        ], 
        "WW_B5": [
            0.9882663438976457, 
            1.0472481732639527
        ], 
        "WW_B2": [
            0.9883943282143096, 
            1.0470470789520345
        ], 
        "WW_B3": [
            0.988278711050527, 
            1.0473865200455348
        ], 
        "WW_B0": [
            0.9862387326972067, 
            1.0506171265814428
        ], 
        "WW_B1": [
            0.9869418890888155, 
            1.0496348435574723
        ]
    }, 
    "CMS_hww_WWqscale": {
        "WW_B10": [
            1.0190112164569034, 
            0.980119996532152
        ],