{
    "PS_ISR": {
        "ggWW_B10": [
            0.9980954161729628, 
            1.001393952059666
        ], 
        "ggWW_B11": [
            0.9981027420336631, 
            1.001451667818338
        ], 
        "ggWW_B6": [
            1.0024351799084747, 
            0.9979795842010405
        ], 
        "ggWW_B7": [
            1.0017564418887397, 
            0.9984889668893627
        ], 
        "ggWW_B4": [
            1.0022761774325477, 
            0.9980809590732299
        ], 
        "ggWW_B5": [
            1.0026032526441109, 
            0.99785908681222
        ], 
        "ggWW_B2": [
            1.0015949208419808, 
            0.9986642592697028
        ], 
        "ggWW_B3": [
            1.0020446314552336, 
            0.9982244815493362
        ], 
        "ggWW_B0": [
            1.001109720390144, 
            0.9990995287330386
        ], 
        "ggWW_B1": [
            1.0015405576298246, 
            0.9987608961859961
        ], 
        "ggWW_B8": [
            1.0004294421768871, 
            0.9995086105911597
        ], 
        "ggWW_B9": [
            0.9990412934220391, 
            1.0006610407381247
        ], 
        "WW_B10": [
            0.9990623219151955, 
            1.0007015447377252
        ], 
        "WW_B11": [
            0.9987106824180022, 
            1.0010214748006532
        ], 
        "WW_B8": [
            0.999452201130493, 
            1.0004085319025688
        ], 
        "WW_B9": [
            0.9995896449495192, 
            1.000390920640696
        ], 
        "WW_B6": [
            0.9996683723779072, 
            1.0003009304165476
        ], 
        "WW_B7": [
            0.999432527794414, 
            1.0004439162819563
        ], 
        "WW_B4": [
            1.001002674203629, 
            0.9992493631566862
        ], 
        "WW_B5": [
            0.9994422307482846, 
            1.0004408203274278
        ], 
        "WW_B2": [
            0.9989652485703187, 
            1.0007675045609592
        ], 
        "WW_B3": [
            0.9992134730092995, 
            1.000500494548782
        ], 
        "WW_B0": [
            1.0010345726416432, 
            0.999165491619386
        ], 
        "WW_B1": [
            1.000004775683409, 
            1.0000137254745423
        ]
    }, 
    "PS_FSR": {
        "ggWW_B10": [
            1.0008933785524738, 
            0.9992977174788436
        ], 
        "ggWW_B11": [
            1.0004966985379027, 
            0.9999129314743795
        ], 
        "ggWW_B6": [
            1.0003905642405806, 
            0.9999415827185285
        ], 
        "ggWW_B7": [
            0.9998822081317263, 
            1.0001319343213793
        ], 
        "ggWW_B4": [
            1.0006079584266647, 
            0.9997538495780052
        ], 
        "ggWW_B5": [
            0.9998599239182623, 
            0.9996631582018192
        ], 
        "ggWW_B2": [
            0.9991832680649936, 
            1.000330405733261
        ], 
        "ggWW_B3": [
            0.9998586118405589, 
            0.999574809118681
        ], 
        "ggWW_B0": [
            1.0002625760226305, 
            0.9997196969979277
        ], 
        "ggWW_B1": [
            0.9992578284729506, 
            1.0001367103030663
        ], 
        "ggWW_B8": [
            1.000209163340373, 
            1.0000588793842227
        ], 
        "ggWW_B9": [
            1.000105832578891, 
            0.9999274688400025
        ], 
        "WW_B10": [
            1.0026985113633053, 
            1.0001851331272515
        ], 
        "WW_B11": [
            0.9979132950301626, 
            0.9994957496607939
        ], 
        "WW_B8": [
            0.9991885448437793, 
            0.99989794458092
        ], 
        "WW_B9": [
            1.0005822718874084, 
            0.9996314959264191
        ], 
        "WW_B6": [
            1.0012163138292944, 
            0.9990769760271554
        ], 
        "WW_B7": [
            0.9984387100161578, 
            1.000197611930544
        ], 
        "WW_B4": [
            0.9955591837504142, 
            1.0020098472384082
        ], 
        "WW_B5": [
            1.0077434216880279, 
            0.9965634697173524
        ], 
        "WW_B2": [
            1.0055237578328637, 
            0.9987629504621119
        ], 
        "WW_B3": [
            0.9982632573596433, 
            1.0016421321461828
        ], 
        "WW_B0": [
            0.9970320849995215, 
            1.001852768748535
        ], 
        "WW_B1": [
            1.0007136144949318, 
            0.9985727079906658
        ]
    }, 
    "QCDscale_WW": {
        "ggWW_B10": [
            1.0, 
            1.0
        ], 
        "ggWW_B11": [
            1.0, 
            1.0
        ], 
        "ggWW_B6": [
            1.0, 
            1.0
        ], 
        "ggWW_B7": [
            1.0, 
            1.0
        ], 
        "ggWW_B4": [
            1.0, 
            1.0
        ], 
        "ggWW_B5": [
            1.0, 
            1.0
        ], 
        "ggWW_B2": [
            1.0, 
            1.0
        ], 
        "ggWW_B3": [
            1.0, 
            1.0
        ], 
        "ggWW_B0": [
            1.0, 
            1.0
        ], 
        "ggWW_B1": [
            1.0, 
            1.0
        ], 
        "ggWW_B8": [
            1.0, 
            1.0
        ], 
        "ggWW_B9": [
            1.0, 
            1.0
        ], 
        "WW_B10": [
            0.9763397686087996, 
            1.0184315373336872
        ], 
        "WW_B11": [
            0.9699348287163136, 
            1.0249830868939105
        ], 
        "WW_B8": [
            0.9845879035994606, 
            1.0108885314511553
        ], 
        "WW_B9": [
            0.9805821837755281, 
            1.0145463666827903
        ], 
        "WW_B6": [
            0.9885560084661617, 
            1.0072943711202387
        ], 
        "WW_B7": [
            0.9868066782163029, 
            1.0088344255128625
        ], 
        "WW_B4": [
            0.9903520517005076, 
            1.0056279710312337
        ], 
        "WW_B5": [
            0.9894924277028437, 
            1.0064426682446848
        ], 
        "WW_B2": [
            0.98995695997934, 
            1.005965160161122
        ], 
        "WW_B3": [
            0.9900212686109664, 
            1.005951967996212
        ], 
        "WW_B0": [
            0.9896773912499922, 
            1.0063199228071484
        ], 
        "WW_B1": [
            0.9905140994964382, 
            1.0055458160393287
        ]
    }, 
    "CMS_hww_WWresum": {
        "WW_B10": [
            0.9855897704865846, 
            1.0481441518271475
        ], 
        "WW_B11": [
            0.9837309554253257, 
            1.050088260298297
        ], 
        "WW_B8": [
            0.9870954500908475, 
            1.0473460159366386
        ], 
        "WW_B9": [
            0.9868761917482646, 
            1.046511358518771
        ], 
        "WW_B6": [
            0.9878159548540653, 
            1.0476156165896848
        ], 
        "WW_B7": [
            0.9876095489752624, 
            1.047274173277988
        ], 
        "WW_B4": [
            0.9881013254374434, 
            1.0476161352766933
        ], 
        "WW_B5": [
            0.9882663438976461, 
            1.047248173263952
        ], 
        "WW_B2": [
            0.9883943282143081, 
            1.0470470789520334
        ], 
        "WW_B3": [
            0.9882787110505272, 
            1.047386520045535
        ], 
        "WW_B0": [
            0.9862387326972073, 
            1.0506171265814412
        ], 
        "WW_B1": [
            0.9869418890888162, 
            1.0496348435574745
        ]
    }, 
    "CMS_hww_WWqscale": {
        "WW_B10": [
            1.0190112164569032, 
            0.9801199965321514
        ], 
        "WW_B11": [
            1.0241444468758985, 
            0.9742944687120135
        ],