{
    "ww2l2v_13TeV_sr_2j_B10": {
        "Vg": {
            "Wg": 0.6841315486799083, 
            "Zg": 0.05563920766981372, 
            "ZgS": 0.0, 
            "WgS": 0.26022924365027805
        }, 
        "Higgs": {
            "qqH_htt": 0.0034808525270719533, 
            "qqH_hww": 0.20756505741051856, 
            "ggZH_hww": 0.01503677741814915, 
            "WH_htt": 0.012120837233050305, 
            "ggH_htt": 0.005814515163634996, 
            "WH_hww": 0.07585320027423521, 
            "ggH_hww": 0.5774794069191643, 
            "ttH_hww": 0.0736084529629886, 
            "ZH_htt": 0.003662714821272498, 
            "ZH_hww": 0.025378185269914446
        }
    }, 
    "ww2l2v_13TeV_top_2j": {
        "Vg": {
            "Wg": 0.6382413889158575, 
            "Zg": 0.06977979980266152, 
            "ZgS": 0.027773241747869663, 
            "WgS": 0.26420556953361124
        }, 
        "Higgs": {
            "qqH_htt": 0.005287119997762647, 
            "qqH_hww": 0.0073259087980595316, 
            "ggZH_hww": 0.0027656985108707654, 
            "WH_htt": 0.008740052218872623, 
            "ggH_htt": 0.017715625839331072, 
            "WH_hww": 0.019375048589516466, 
            "ggH_hww": 0.0348009059468142, 
            "ttH_hww": 0.888202636595779, 
            "ZH_htt": 0.00654106848359688, 
            "ZH_hww": 0.009245935019396693
        }
    }, 
    "ww2l2v_13TeV_sr_2j_B5": {
        "Vg": {
            "Wg": 0.4538850917665928, 
            "Zg": 0.11668693546741349, 
            "ZgS": 0.07956217057395737, 
            "WgS": 0.34986580219203633
        }, 
        "Higgs": {
            "qqH_htt": 0.0015116392420828403, 
            "qqH_hww": 0.0643531090403489, 
            "ggZH_hww": 0.00925273844403794, 
            "WH_htt": 0.017099686643547992, 
            "ggH_htt": 0.01702172101672557, 
            "WH_hww": 0.10596285903258351, 
            "ggH_hww": 0.6702465503629422, 
            "ttH_hww": 0.06357814852155017, 
            "ZH_htt": 0.003692544129791138, 
            "ZH_hww": 0.04728100356638972
        }
    }, 
    "ww2l2v_13TeV_sr_2j_B4": {
        "Vg": {
            "Wg": 0.6728357309021914, 
            "Zg": 0.05385019142332352, 
            "ZgS": 0.056310296403222895, 
            "WgS": 0.21700378127126238
        }, 
        "Higgs": {
            "qqH_htt": 0.0017531142272080935, 
            "qqH_hww": 0.05150249463038511, 
            "ggZH_hww": 0.021910505254889606, 
            "WH_htt": 0.01635763071116643, 
            "ggH_htt": 0.010982623671870376, 
            "WH_hww": 0.14718546095285004, 
            "ggH_hww": 0.6037376128140007, 
            "ttH_hww": 0.05380450849382334, 
            "ZH_htt": 0.004683577099118249, 
            "ZH_hww": 0.08808247214468802
        }
    }, 
    "ww2l2v_13TeV_sr_2j_B7": {
        "Vg": {
            "Wg": 0.6480518056395713, 
            "Zg": 0.0553767242874919, 
            "ZgS": 0.015638076799848615, 
            "WgS": 0.28093339327308814
        }, 
        "Higgs": {
            "qqH_htt": 0.003665547087268502, 
            "qqH_hww": 0.0894367679916919, 
            "ggZH_hww": 0.009529062918370461, 
            "WH_htt": 0.017155401039734237, 
            "ggH_htt": 0.024506585252918576, 
            "WH_hww": 0.09902673593784071, 
            "ggH_hww": 0.6589500275377987, 
            "ttH_hww": 0.06245986591357756, 
            "ZH_htt": 0.0042795958516389085, 
            "ZH_hww": 0.030990410469160345
        }
    }, 
    "ww2l2v_13TeV_sr_2j_B6": {
        "Vg": {
            "Wg": 0.5699511603392451, 
            "Zg": 0.05703643353747769, 
            "ZgS": 0.065882249668979, 
            "WgS": 0.30713015645429825
        }, 
        "Higgs": {
            "qqH_htt": 0.0013539847644280555, 
            "qqH_hww": 0.07324988791473538, 
            "ggZH_hww": 0.008845762635221048, 
            "WH_htt": 0.019530769060079382, 
            "ggH_htt": 0.014887095671776875, 
            "WH_hww": 0.1041378556223608, 
            "ggH_hww": 0.6738971378844261, 
            "ttH_hww": 0.06561880248924737, 
            "ZH_htt": 0.004180073880502315, 
            "ZH_hww": 0.03429863007722281
        }
    }, 
    "ww2l2v_13TeV_sr_2j_B1": {
        "Vg": {
            "Wg": 0.6616076211086551, 
            "Zg": 0.037695938080854426, 
            "ZgS": 0.05193179252692542, 
            "WgS": 0.24876464828356498
        }, 
        "Higgs": {
            "qqH_htt": 0.0017982520866468008, 
            "qqH_hww": 0.08657793377354973, 
            "ggZH_hww": 0.008001974640975308, 
            "WH_htt": 0.012963036481821306, 
            "ggH_htt": 0.008543054968282513, 
            "WH_hww": 0.11063058429773469, 
            "ggH_hww": 0.7112357482963078, 
            "ttH_hww": 0.022898662590683384, 
            "ZH_htt": 0.003649216206679435, 
            "ZH_hww": 0.03370153665731904
        }
    }, 
    "ww2l2v_13TeV_sr_2j_B0": {
        "Vg": {
            "Wg": 0.5145811991050104, 
            "Zg": 0.04636877089988784, 
            "ZgS": -0.01633561049300825, 
            "WgS": 0.45538564048811
        }, 
        "Higgs": {
            "qqH_htt": 0.00040847403447346535, 
            "qqH_hww": 0.09620258371414939, 
            "ggZH_hww": 0.004297306385988243, 
            "WH_htt": 0.008918024033532524, 
            "ggH_htt": 0.025259227050220035, 
            "WH_hww": 0.09664503337079357, 
            "ggH_hww": 0.726371783688626, 
            "ttH_hww": 0.017617989640090828, 
            "ZH_htt": 0.0029754738246597916, 
            "ZH_hww": 0.021304104257466077
        }
    }, 
    "ww2l2v_13TeV_sr_2j_B3": {
        "Vg": {
            "Wg": 0.6317630906290737, 
            "Zg": 0.05402919210591837, 
            "ZgS": 0.06874975408919033, 
            "WgS": 0.24545796317581764
        }, 
        "Higgs": {
            "qqH_htt": 0.000991453456845948, 
            "qqH_hww": 0.04432406915344089, 
            "ggZH_hww": 0.020990614745017188, 
            "WH_htt": 0.013853773336667388, 
            "ggH_htt": 0.011560233197476979, 
            "WH_hww": 0.25804995974875555, 
            "ggH_hww": 0.515977732944761, 
            "ttH_hww": 0.04387327873568847, 
            "ZH_htt": 0.004041362795618151, 
            "ZH_hww": 0.08633752188572853
        }
    }, 
    "ww2l2v_13TeV_sr_2j_B2": {
        "Vg": {
            "Wg": 0.609057562301639, 
            "Zg": 0.05391913071377082, 
            "ZgS": 0.021145855596022674, 
            "WgS": 0.3158774513885675
        }, 
        "Higgs": {
            "qqH_htt": 0.0020052802690455635, 
            "qqH_hww": 0.06446412699012448, 
            "ggZH_hww": 0.012821408401989018, 
            "WH_htt": 0.013711522082214716, 
            "ggH_htt": 0.014318933036140565, 
            "WH_hww": 0.20469596960113232, 
            "ggH_hww": 0.6040954886561128, 
            "ttH_hww": 0.031200384191495657, 
            "ZH_htt": 0.003488229146287857, 
            "ZH_hww": 0.04919865762545693
        }
    }, 
    "ww2l2v_13TeV_sr_2j_B9": {
        "Vg": {
            "Wg": 0.6508591618508986, 
            "Zg": 0.05254262355847795, 
            "ZgS": 0.04088637157856243, 
            "WgS": 0.25571184301206096
        }, 
        "Higgs": {
            "qqH_htt": 0.006438819885128745, 
            "qqH_hww": 0.15275693107044155, 
            "ggZH_hww": 0.012725988927813854, 
            "WH_htt": 0.01711579521173054, 
            "ggH_htt": 0.013683185325153259, 
            "WH_hww": 0.08797340232612691, 
            "ggH_hww": 0.6136096189800553, 
            "ttH_hww": 0.06657312372335081, 
            "ZH_htt": 0.004220720143749282, 
            "ZH_hww": 0.02490241440644986
        }
    }, 
    "ww2l2v_13TeV_sr_2j_B8": {
        "Vg": {
            "Wg": 0.6462614831664909, 
            "Zg": 0.056311282638545845, 
            "ZgS": 0.043647942728548134, 
            "WgS": 0.2537792914664151
        },