{
    "ww2l2v_13TeV_sr_2j_B10": {
        "Vg": {
            "Wg": 0.6722858459699347, 
            "Zg": 0.04081300518419837, 
            "ZgS": 0.0, 
            "WgS": 0.2869011488458669
        }, 
        "Higgs": {
            "qqH_htt": 0.002729288642731319, 
            "qqH_hww": 0.20920229048155695, 
            "ggZH_hww": 0.015801632826255064, 
            "WH_htt": 0.010494650995574428, 
            "ggH_htt": 0.000814104730570618, 
            "WH_hww": 0.0748603362041108, 
            "ggH_hww": 0.5883992324019401, 
            "ttH_hww": 0.07001475752112682, 
            "ZH_htt": 0.0034810196012687784, 
            "ZH_hww": 0.02420268659486525
        }
    }, 
    "ww2l2v_13TeV_sr_2j_B9": {
        "Vg": {
            "Wg": 0.6064308863779014, 
            "Zg": 0.02062331138548248, 
            "ZgS": 0.016765498538423997, 
            "WgS": 0.3561803036981922
        }, 
        "Higgs": {
            "qqH_htt": 0.004146167470924206, 
            "qqH_hww": 0.15707643226982385, 
            "ggZH_hww": 0.012653443770979128, 
            "WH_htt": 0.014034565998425558, 
            "ggH_htt": 0.009718356033104319, 
            "WH_hww": 0.08494540426850022, 
            "ggH_hww": 0.6261137448180721, 
            "ttH_hww": 0.06387048019790038, 
            "ZH_htt": 0.0029133332498663227, 
            "ZH_hww": 0.02452807192240398
        }
    }, 
    "ww2l2v_13TeV_sr_2j_B5": {
        "Vg": {
            "Wg": 0.5191528841510608, 
            "Zg": 0.07719136697440113, 
            "ZgS": 0.060228707105608195, 
            "WgS": 0.3434270417689299
        }, 
        "Higgs": {
            "qqH_htt": 0.0014905656845091875, 
            "qqH_hww": 0.06496324881122988, 
            "ggZH_hww": 0.009452176385383546, 
            "WH_htt": 0.0149898940536717, 
            "ggH_htt": 0.016709949694269897, 
            "WH_hww": 0.10400072776910638, 
            "ggH_hww": 0.6766739932940888, 
            "ttH_hww": 0.061497695787566156, 
            "ZH_htt": 0.00320574695972838, 
            "ZH_hww": 0.04701600156044604
        }
    }, 
    "ww2l2v_13TeV_sr_2j_B4": {
        "Vg": {
            "Wg": 0.553625765438321, 
            "Zg": 0.0005695563087608136, 
            "ZgS": 0.042567630662877096, 
            "WgS": 0.403237047590041
        }, 
        "Higgs": {
            "qqH_htt": 0.0012910410341293822, 
            "qqH_hww": 0.051639106048775515, 
            "ggZH_hww": 0.02308066626117429, 
            "WH_htt": 0.014339310334807724, 
            "ggH_htt": 0.012638096965853435, 
            "WH_hww": 0.14566732668526508, 
            "ggH_hww": 0.6077154460897497, 
            "ttH_hww": 0.051482791347626775, 
            "ZH_htt": 0.0040307140904822705, 
            "ZH_hww": 0.08811550114213566
        }
    }, 
    "ww2l2v_13TeV_sr_2j_B7": {
        "Vg": {
            "Wg": 0.6596007074201402, 
            "Zg": -0.011411849829241335, 
            "ZgS": 0.023336394116404088, 
            "WgS": 0.328474748292697
        }, 
        "Higgs": {
            "qqH_htt": 0.003732594868857806, 
            "qqH_hww": 0.09069266104698084, 
            "ggZH_hww": 0.009725008727681539, 
            "WH_htt": 0.014787492889446098, 
            "ggH_htt": 0.021654955946724484, 
            "WH_hww": 0.09833851598133045, 
            "ggH_hww": 0.6639801221930258, 
            "ttH_hww": 0.06263646367878704, 
            "ZH_htt": 0.003411741386725178, 
            "ZH_hww": 0.031040443280440873
        }
    }, 
    "ww2l2v_13TeV_sr_2j_B6": {
        "Vg": {
            "Wg": 0.4829336266019939, 
            "Zg": 0.0820623914767474, 
            "ZgS": 0.06142176174034927, 
            "WgS": 0.3735822201809093
        }, 
        "Higgs": {
            "qqH_htt": 0.0007106843504094608, 
            "qqH_hww": 0.07289005528512547, 
            "ggZH_hww": 0.009202156079443993, 
            "WH_htt": 0.016850845008457495, 
            "ggH_htt": 0.0136413705965316, 
            "WH_hww": 0.10299785460939695, 
            "ggH_hww": 0.6802317315323219, 
            "ttH_hww": 0.0649650075740242, 
            "ZH_htt": 0.004047799795652797, 
            "ZH_hww": 0.03446249516863599
        }
    }, 
    "ww2l2v_13TeV_sr_2j_B1": {
        "Vg": {
            "Wg": 0.683137177118693, 
            "Zg": -0.020888816652217226, 
            "ZgS": 0.04507662729410703, 
            "WgS": 0.2926750122394173
        }, 
        "Higgs": {
            "qqH_htt": 0.0, 
            "qqH_hww": 0.08830914751311073, 
            "ggZH_hww": 0.008422730780139711, 
            "WH_htt": 0.011623969355962842, 
            "ggH_htt": 0.009139495900297803, 
            "WH_hww": 0.10976371609098996, 
            "ggH_hww": 0.7136434222223706, 
            "ttH_hww": 0.02312333810357709, 
            "ZH_htt": 0.0032707297765411482, 
            "ZH_hww": 0.03270345025701001
        }
    }, 
    "ww2l2v_13TeV_sr_2j_B0": {
        "Vg": {
            "Wg": 0.3937089132928719, 
            "Zg": 0.01715776161970871, 
            "ZgS": -0.03904669863801349, 
            "WgS": 0.6281800237254329
        }, 
        "Higgs": {
            "qqH_htt": 0.0, 
            "qqH_hww": 0.09638156915769937, 
            "ggZH_hww": 0.004471737346691474, 
            "WH_htt": 0.008320963120776997, 
            "ggH_htt": 0.022933315462397363, 
            "WH_hww": 0.09619504639215057, 
            "ggH_hww": 0.731563818031655, 
            "ttH_hww": 0.017475995418558484, 
            "ZH_htt": 0.002439831485696749, 
            "ZH_hww": 0.02021772358437393
        }
    }, 
    "ww2l2v_13TeV_sr_2j_B3": {
        "Vg": {
            "Wg": 0.5233739583356426, 
            "Zg": 0.07534663837871311, 
            "ZgS": 0.07125079599297439, 
            "WgS": 0.3300286072926699
        }, 
        "Higgs": {
            "qqH_htt": 0.00073016593720375, 
            "qqH_hww": 0.04359752026097621, 
            "ggZH_hww": 0.022139188724056992, 
            "WH_htt": 0.012382516050499058, 
            "ggH_htt": 0.01411094237265884, 
            "WH_hww": 0.25980353243795445, 
            "ggH_hww": 0.513541702384683, 
            "ttH_hww": 0.04335398318222936, 
            "ZH_htt": 0.003392019841107392, 
            "ZH_hww": 0.08694842880863084
        }
    }, 
    "ww2l2v_13TeV_sr_2j_B2": {
        "Vg": {
            "Wg": 0.47219250462555007, 
            "Zg": 0.06901957464344939, 
            "ZgS": -0.00447360289763664, 
            "WgS": 0.46326152362863704
        }, 
        "Higgs": {
            "qqH_htt": 0.0012163874907705594, 
            "qqH_hww": 0.06499217460388503, 
            "ggZH_hww": 0.013177775874613159, 
            "WH_htt": 0.011971858431725296, 
            "ggH_htt": 0.016305518468648496, 
            "WH_hww": 0.20086078963656329, 
            "ggH_hww": 0.609521489869425, 
            "ttH_hww": 0.030145315909825793, 
            "ZH_htt": 0.003068913472826873, 
            "ZH_hww": 0.04873977624171655
        }
    }, 
    "ww2l2v_13TeV_top_2j": {
        "Vg": {
            "Wg": 0.5602862759373075, 
            "Zg": 0.12868612542445063, 
            "ZgS": 0.00851840918815802, 
            "WgS": 0.30250918945008387
        }, 
        "Higgs": {
            "qqH_htt": 0.004171366454018587, 
            "qqH_hww": 0.007617713387324506, 
            "ggZH_hww": 0.002880484360985047, 
            "WH_htt": 0.007295170372315668, 
            "ggH_htt": 0.013870860057828921, 
            "WH_hww": 0.019271507650384333, 
            "ggH_hww": 0.03513151817234968, 
            "ttH_hww": 0.8953140366642914, 
            "ZH_htt": 0.005315662091388071, 
            "ZH_hww": 0.009131680789113802
        }
    }, 
    "ww2l2v_13TeV_sr_2j_B8": {
        "Vg": {
            "Wg": 0.5477084401849789, 
            "Zg": 0.06598248130448983, 
            "ZgS": 0.020605743105380568, 
            "WgS": 0.3657033354051506
        }, 
        "Higgs": {
            "qqH_htt": 0.00040171334865084625,