{
    "PS_ISR": {
        "ggWW_B10": [
            0.8661125648053299, 
            1.131214378628684
        ], 
        "ggWW_B6": [
            0.8856772229747236, 
            1.1085796191549484
        ], 
        "ggWW_B7": [
            0.880947244542314, 
            1.1142279083275382
        ], 
        "ggWW_B4": [
            0.8957658760430617, 
            1.0975203540500802
        ], 
        "ggWW_B5": [
            0.8905335061717856, 
            1.1033714122358302
        ], 
        "ggWW_B2": [
            0.9030907064853358, 
            1.0897623706238537
        ], 
        "ggWW_B3": [
            0.9003729025903029, 
            1.0924663696696453
        ], 
        "ggWW_B0": [
            0.9164414071847875, 
            1.0763604881072402
        ], 
        "ggWW_B1": [
            0.9075299468568822, 
            1.0848791172685732
        ], 
        "ggWW_B8": [
            0.8757669340466777, 
            1.1199415843845368
        ], 
        "ggWW_B9": [
            0.8701003541379684, 
            1.1261879768966063
        ], 
        "WW_B10": [
            0.940599012851085, 
            1.0532369248766937
        ], 
        "WW_B8": [
            0.9452355556562729, 
            1.0483858934246237
        ], 
        "WW_B9": [
            0.9405754710058922, 
            1.0529711452448767
        ], 
        "WW_B6": [
            0.9485870138930523, 
            1.0453079864299746
        ], 
        "WW_B7": [
            0.9473983481517406, 
            1.0465844079988458
        ], 
        "WW_B4": [
            0.9507817539968977, 
            1.0425823958404454
        ], 
        "WW_B5": [
            0.9514311647315927, 
            1.0426165767638484
        ], 
        "WW_B2": [
            0.9649773488359575, 
            1.0298950368002606
        ], 
        "WW_B3": [
            0.9568899008581092, 
            1.0374307763486874
        ], 
        "WW_B0": [
            0.9776384988715725, 
            1.018456750215172
        ], 
        "WW_B1": [
            0.9728762777632353, 
            1.0230873535040905
        ]
    }, 
    "PS_FSR": {
        "ggWW_B10": [
            1.0429474142009056, 
            0.9728091234443992
        ], 
        "ggWW_B6": [
            1.0351646315926897, 
            0.979964114372968
        ], 
        "ggWW_B7": [
            1.0340496825733692, 
            0.9797786150068524
        ], 
        "ggWW_B4": [
            1.027327588131639, 
            0.9841494976443248
        ], 
        "ggWW_B5": [
            1.0280699962166302, 
            0.9828278571842312
        ], 
        "ggWW_B2": [
            1.0167213891603442, 
            0.9962604196799425
        ], 
        "ggWW_B3": [
            1.0207676435303408, 
            0.9908617752606707
        ], 
        "ggWW_B0": [
            0.9716684877549064, 
            1.0289146092698598
        ], 
        "ggWW_B1": [
            0.9982243731854645, 
            1.0066031182784638
        ], 
        "ggWW_B8": [
            1.0382036771942658, 
            0.9771388597946543
        ], 
        "ggWW_B9": [
            1.0317790760963736, 
            0.9791938034782522
        ], 
        "WW_B10": [
            1.0165888317043346, 
            0.9870613901452499
        ], 
        "WW_B8": [
            1.0286452686571717, 
            0.9884266596574669
        ], 
        "WW_B9": [
            1.0247274701571458, 
            0.9832119196318582
        ], 
        "WW_B6": [
            1.0197089440586127, 
            0.9894114301402012
        ], 
        "WW_B7": [
            1.0169092262983457, 
            0.9892939299799748
        ], 
        "WW_B4": [
            1.029831211862605, 
            0.987398938647376
        ], 
        "WW_B5": [
            1.0237900397680335, 
            0.9846014674713258
        ], 
        "WW_B2": [
            1.0152108582579147, 
            1.0025573143532256
        ], 
        "WW_B3": [
            1.005624188082848, 
            0.9993037221303711
        ], 
        "WW_B0": [
            0.9587223440298129, 
            1.0351720658006667
        ], 
        "WW_B1": [
            0.9777359250364174, 
            1.016689749954789
        ]
    }, 
    "QCDscale_WW": {
        "ggWW_B10": [
            1.0, 
            1.0
        ], 
        "ggWW_B6": [
            1.0, 
            1.0
        ], 
        "ggWW_B7": [
            1.0, 
            1.0
        ], 
        "ggWW_B4": [
            1.0, 
            1.0
        ], 
        "ggWW_B5": [
            1.0, 
            1.0
        ], 
        "ggWW_B2": [
            1.0, 
            1.0
        ], 
        "ggWW_B3": [
            1.0, 
            1.0
        ], 
        "ggWW_B0": [
            1.0, 
            1.0
        ], 
        "ggWW_B1": [
            1.0, 
            1.0
        ], 
        "ggWW_B8": [
            1.0, 
            1.0
        ], 
        "ggWW_B9": [
            1.0, 
            1.0
        ], 
        "WW_B10": [
            0.9426859566293022, 
            1.0515202524488083
        ], 
        "WW_B8": [
            0.9514326639589051, 
            1.0431226907052258
        ], 
        "WW_B9": [
            0.9479080912950657, 
            1.0464720299150274
        ], 
        "WW_B6": [
            0.9589904680580404, 
            1.035799670089741
        ], 
        "WW_B7": [
            0.9553933291812233, 
            1.0393051823518125
        ], 
        "WW_B4": [
            0.9644192049662363, 
            1.0305024404475909
        ], 
        "WW_B5": [
            0.9624072681184176, 
            1.0324572979047892
        ], 
        "WW_B2": [
            0.9641208009002892, 
            1.0307333594055357
        ], 
        "WW_B3": [
            0.9655799066301264, 
            1.029323948669395
        ], 
        "WW_B0": [
            0.9715633873932666, 
            1.0237327018265705
        ], 
        "WW_B1": [
            0.9658301935677972, 
            1.0291840646358383
        ]
    }, 
    "CMS_hww_WWresum": {
        "WW_B10": [
            0.9966046323203198, 
            1.0070827861494083
        ], 
        "WW_B8": [
            0.9937690769321403, 
            1.0130128989429101
        ], 
        "WW_B9": [
            0.9948139954997335, 
            1.0109052163324548
        ], 
        "WW_B6": [
            0.9903597616933417, 
            1.0202208371331076
        ], 
        "WW_B7": [
            0.9921571077293122, 
            1.0164472868080472
        ], 
        "WW_B4": [
            0.986264201887049, 
            1.0294601650931505
        ], 
        "WW_B5": [
            0.9873728979988443, 
            1.0269505328199668
        ], 
        "WW_B2": [
            0.9930518128536734, 
            1.0144104465331585
        ], 
        "WW_B3": [
            0.9878397869913591, 
            1.0260201971771945
        ], 
        "WW_B0": [
            0.9964673661577879, 
            1.0071055738222363
        ], 
        "WW_B1": [
            0.9966515486106204, 
            1.0067368399087102
        ]
    }, 
    "CMS_hww_WWqscale": {
        "WW_B10": [
            1.0719875178211207, 
            0.9174197374321592
        ], 
        "WW_B8": [
            1.0706596172019849, 
            0.9205570824916686
        ], 
        "WW_B9": [
            1.0708770086240975, 
            0.9194202273425555
        ], 
        "WW_B6": [
            1.068006694651164, 
            0.9252612150160546
        ], 
        "WW_B7": [
            1.069312344205676, 
            0.9229918653736037
        ], 
        "WW_B4": [
            1.0652310051302845, 
            0.9289470987801582
        ], 
        "WW_B5": [
            1.0657664810005527, 
            0.9283859867804364
        ], 
        "WW_B2": [
            1.0703116222823872, 
            0.9222093481479976
        ],