{
    "PS_ISR": {
        "ggWW_B10": [
            0.8656862373411515, 
            1.1314391720866979
        ], 
        "ggWW_B6": [
            0.8848153220891075, 
            1.1094182136405306
        ], 
        "ggWW_B7": [
            0.8812939723700721, 
            1.1139582508729104
        ], 
        "ggWW_B4": [
            0.8969151083655109, 
            1.0962740099675157
        ], 
        "ggWW_B5": [
            0.8897954259819891, 
            1.1042673582381342
        ], 
        "ggWW_B2": [
            0.9034822980645467, 
            1.08901602278211
        ], 
        "ggWW_B3": [
            0.9005113320513919, 
            1.0923948009284767
        ], 
        "ggWW_B0": [
            0.9162201173409097, 
            1.0762193832538811
        ], 
        "ggWW_B1": [
            0.9075637823496224, 
            1.0852999255077938
        ], 
        "ggWW_B8": [
            0.874998248916106, 
            1.1206028892243047
        ], 
        "ggWW_B9": [
            0.8701170204809072, 
            1.1261118513799815
        ], 
        "WW_B10": [
            0.9403310817717888, 
            1.0530836428006507
        ], 
        "WW_B8": [
            0.9448639173614796, 
            1.048843215233288
        ], 
        "WW_B9": [
            0.9414480452422853, 
            1.0520972072610213
        ], 
        "WW_B6": [
            0.947159387237714, 
            1.0465912978056486
        ], 
        "WW_B7": [
            0.9471795472073311, 
            1.0466574057575806
        ], 
        "WW_B4": [
            0.9509709196632994, 
            1.042772173054424
        ], 
        "WW_B5": [
            0.9513334315779101, 
            1.0427531917993895
        ], 
        "WW_B2": [
            0.9641783602647546, 
            1.0300672556673833
        ], 
        "WW_B3": [
            0.9563165117131491, 
            1.0376660813309924
        ], 
        "WW_B0": [
            0.9774121571159365, 
            1.0185445290075255
        ], 
        "WW_B1": [
            0.9732162740440573, 
            1.0227933680070422
        ]
    }, 
    "PS_FSR": {
        "ggWW_B10": [
            1.0509936937861089, 
            0.9733704135184802
        ], 
        "ggWW_B6": [
            1.0425579717627569, 
            0.9785872667025415
        ], 
        "ggWW_B7": [
            1.0310420026783043, 
            0.9815910777267879
        ], 
        "ggWW_B4": [
            1.0238531414792222, 
            0.9836241537223128
        ], 
        "ggWW_B5": [
            1.0248927283191285, 
            0.985080686326204
        ], 
        "ggWW_B2": [
            1.0130220172166455, 
            0.9965773775939901
        ], 
        "ggWW_B3": [
            1.0172402401904599, 
            0.9904909576208404
        ], 
        "ggWW_B0": [
            0.9780904605007995, 
            1.0253216043176476
        ], 
        "ggWW_B1": [
            0.9982427310551873, 
            1.0045560039169257
        ], 
        "ggWW_B8": [
            1.0331493577305355, 
            0.9751034861911498
        ], 
        "ggWW_B9": [
            1.035651493371911, 
            0.9750256920225331
        ], 
        "WW_B10": [
            1.0008801055230858, 
            0.9934184688058374
        ], 
        "WW_B8": [
            1.021905265423519, 
            0.9928714342716944
        ], 
        "WW_B9": [
            1.0216044403198787, 
            0.9851469271780894
        ], 
        "WW_B6": [
            1.0234504794863744, 
            0.9885713787974368
        ], 
        "WW_B7": [
            1.0238650922550974, 
            0.9868512670288634
        ], 
        "WW_B4": [
            1.0281931301240832, 
            0.9862301066807766
        ], 
        "WW_B5": [
            1.0200559313252309, 
            0.9873721796588933
        ], 
        "WW_B2": [
            1.0235616656510793, 
            0.9979228264396621
        ], 
        "WW_B3": [
            1.0014639088671333, 
            1.0014214012351432
        ], 
        "WW_B0": [
            0.9660074084122485, 
            1.0355471136682475
        ], 
        "WW_B1": [
            0.9881195721942814, 
            1.0137996697015157
        ]
    }, 
    "QCDscale_WW": {
        "WW_B10": [
            0.940938345511736, 
            1.05354756258061
        ], 
        "WW_B8": [
            0.9515353883165442, 
            1.0429932614994175
        ], 
        "WW_B9": [
            0.9478227578178141, 
            1.0465549989123824
        ], 
        "WW_B6": [
            0.9595592190867029, 
            1.0352414675538149
        ], 
        "WW_B7": [
            0.9554130220971826, 
            1.0393026751213184
        ], 
        "WW_B4": [
            0.9648043876767518, 
            1.0301212240210589
        ], 
        "WW_B5": [
            0.9624844222669574, 
            1.032393468309892
        ], 
        "WW_B2": [
            0.9639536540204999, 
            1.0309019195997726
        ], 
        "WW_B3": [
            0.9664724393863161, 
            1.0284363854486747
        ], 
        "WW_B0": [
            0.9714762227904926, 
            1.0238238977940406
        ], 
        "WW_B1": [
            0.9654273599360575, 
            1.029598623032704
        ]
    }, 
    "CMS_hww_WWresum": {
        "WW_B10": [
            0.9963775904353704, 
            1.0075169599379616
        ], 
        "WW_B8": [
            0.9936883188263977, 
            1.0131189955356275
        ], 
        "WW_B9": [
            0.9947532591271911, 
            1.01094503445744
        ], 
        "WW_B6": [
            0.9901010108338916, 
            1.0207940023299207
        ], 
        "WW_B7": [
            0.99245219970636, 
            1.0158716058899038
        ], 
        "WW_B4": [
            0.9864533061751023, 
            1.029105522577587
        ], 
        "WW_B5": [
            0.9873521009234631, 
            1.0269908514551809
        ], 
        "WW_B2": [
            0.9928176813545022, 
            1.0149693093715775
        ], 
        "WW_B3": [
            0.9884530369411438, 
            1.0247424923688913
        ], 
        "WW_B0": [
            0.9963741978577962, 
            1.007279958425834
        ], 
        "WW_B1": [
            0.9969816325036223, 
            1.0060760935354125
        ]
    }, 
    "CMS_hww_WWqscale": {
        "WW_B10": [
            1.0719116685597765, 
            0.9174963364082637
        ], 
        "WW_B8": [
            1.0707640390057978, 
            0.920626189146008
        ], 
        "WW_B9": [
            1.0710986729496639, 
            0.9191512078405223
        ], 
        "WW_B6": [
            1.0677643883064616, 
            0.9255903074737352
        ], 
        "WW_B7": [
            1.0697934924358032, 
            0.9222576101717297
        ], 
        "WW_B4": [
            1.0650982568937652, 
            0.9290526165053627
        ], 
        "WW_B5": [
            1.0656767186773772, 
            0.9285341973002119
        ], 
        "WW_B2": [
            1.0701588441096617, 
            0.9224326873517447
        ], 
        "WW_B3": [
            1.0663968407952351, 
            0.9274101151489104
        ], 
        "WW_B0": [
            1.0697493486641845, 
            0.9262646474727411
        ], 
        "WW_B1": [
            1.0725706292047594, 
            0.9198225165049271
        ]
    }, 
    "pdf_WW": {
        "WW_B10": [
            0.9891287437388273, 
            1.0111128781535863
        ], 
        "WW_B8": [
            0.9910528657215709, 
            1.0091101538174325
        ], 
        "WW_B9": [
            0.9900980545671795, 
            1.0101020044259972
        ], 
        "WW_B6": [
            0.9920112656242202, 
            1.0081184466026853
        ], 
        "WW_B7": [
            0.9911757111537202, 
            1.0089828228940234
        ],