{
    "ww2l2v_13TeV_sr_1j_B10": {
        "Vg": {
            "Wg": 0.0, 
            "Zg": 0.7641461220969583, 
            "ZgS": 0.0, 
            "WgS": 0.23585387790304163
        }, 
        "Higgs": {
            "qqH_htt": 0.0044942745209832395, 
            "qqH_hww": 0.24685914018627209, 
            "ggZH_hww": 0.006070867999073584, 
            "WH_htt": 0.008457778047027858, 
            "ggH_htt": 0.0, 
            "WH_hww": 0.0818458205333872, 
            "ggH_hww": 0.6397918608570318, 
            "ttH_hww": 0.0, 
            "ZH_htt": 0.002175230191585607, 
            "ZH_hww": 0.010305027664638672
        }
    }, 
    "ww2l2v_13TeV_sr_1j_B11": {
        "Vg": {
            "Wg": 0.0, 
            "Zg": 0.2172451337645755, 
            "ZgS": 0.0, 
            "WgS": 0.7827548662354246
        }, 
        "Higgs": {
            "qqH_htt": 0.0027881122880775407, 
            "qqH_hww": 0.27563223578297136, 
            "ggZH_hww": 0.004604470482392739, 
            "WH_htt": 0.006964089601938648, 
            "ggH_htt": 0.008103143306392618, 
            "WH_hww": 0.03999591033136195, 
            "ggH_hww": 0.6332625907390285, 
            "ttH_hww": 0.006529968101318343, 
            "ZH_htt": 0.00047309055024587654, 
            "ZH_hww": 0.021646388816272722
        }
    }, 
    "ww2l2v_13TeV_top_1j": {
        "Vg": {
            "Wg": 0.2502448912046075, 
            "Zg": 0.1698880198673462, 
            "ZgS": 0.03866375468937524, 
            "WgS": 0.5412033342386711
        }, 
        "Higgs": {
            "qqH_htt": 0.04549718111191681, 
            "qqH_hww": 0.07679927497645751, 
            "ggZH_hww": 0.003608205461809625, 
            "WH_htt": 0.0593567739095256, 
            "ggH_htt": 0.13579241099860034, 
            "WH_hww": 0.0547139261123862, 
            "ggH_hww": 0.43074406321585906, 
            "ttH_hww": 0.14383449388929231, 
            "ZH_htt": 0.020947156095054344, 
            "ZH_hww": 0.028706514229098045
        }
    }, 
    "ww2l2v_13TeV_sr_2j_B10": {
        "Vg": {
            "Wg": 0.0, 
            "Zg": -0.7835197330518802, 
            "ZgS": 0.9887482748098774, 
            "WgS": 0.7947714582420028
        }, 
        "Higgs": {
            "qqH_htt": 0.0013820458978042558, 
            "qqH_hww": 0.13867073173094033, 
            "ggZH_hww": 0.02009553692092553, 
            "WH_htt": 0.022750870684831528, 
            "ggH_htt": 0.014268947751772997, 
            "WH_hww": 0.07721497628212817, 
            "ggH_hww": 0.5883550251816877, 
            "ttH_hww": 0.10338223215404505, 
            "ZH_htt": 0.0027738868977264003, 
            "ZH_hww": 0.031105746498137955
        }
    }, 
    "ww2l2v_13TeV_sr_1j_B6": {
        "Vg": {
            "Wg": 0.4479905095187705, 
            "Zg": 0.0746586980317577, 
            "ZgS": 0.0465968477902335, 
            "WgS": 0.43075394465923844
        }, 
        "Higgs": {
            "qqH_htt": 0.0021141801141527175, 
            "qqH_hww": 0.22680450693239743, 
            "ggZH_hww": 0.005787010985233155, 
            "WH_htt": 0.007932698415857212, 
            "ggH_htt": 0.005154327701743555, 
            "WH_hww": 0.06853921318356782, 
            "ggH_hww": 0.667872567734249, 
            "ttH_hww": 0.0022886486574726795, 
            "ZH_htt": 0.001836358843940873, 
            "ZH_hww": 0.01167048743138552
        }
    }, 
    "ww2l2v_13TeV_sr_1j_B7": {
        "Vg": {
            "Wg": 0.7308394951880838, 
            "Zg": 0.0094652803306355, 
            "ZgS": -0.0006612913053481995, 
            "WgS": 0.2603565157866287
        }, 
        "Higgs": {
            "qqH_htt": 0.0033749835918888745, 
            "qqH_hww": 0.2658812549461194, 
            "ggZH_hww": 0.005144462127174607, 
            "WH_htt": 0.010513084957574146, 
            "ggH_htt": 0.0, 
            "WH_hww": 0.058451173384318565, 
            "ggH_hww": 0.640841248863571, 
            "ttH_hww": 0.0012565899272898723, 
            "ZH_htt": 0.001513081866408403, 
            "ZH_hww": 0.013024120335655386
        }
    }, 
    "ww2l2v_13TeV_sr_1j_B4": {
        "Vg": {
            "Wg": 0.5806563581261873, 
            "Zg": 0.0745850568582792, 
            "ZgS": 0.02760326749383052, 
            "WgS": 0.317155317521703
        }, 
        "Higgs": {
            "qqH_htt": 0.0032216066298235337, 
            "qqH_hww": 0.21474435311909185, 
            "ggZH_hww": 0.00438742611866899, 
            "WH_htt": 0.0098645591377493, 
            "ggH_htt": 0.004772906429202667, 
            "WH_hww": 0.05110480500820236, 
            "ggH_hww": 0.69171923813101, 
            "ttH_hww": 0.002884454705115405, 
            "ZH_htt": 0.0012128062307857717, 
            "ZH_hww": 0.016087844490350132
        }
    }, 
    "ww2l2v_13TeV_sr_2j_B6": {
        "Vg": {
            "Wg": 0.0, 
            "Zg": 0.23247187287779955, 
            "ZgS": 0.05331639482992113, 
            "WgS": 0.7142117322922793
        }, 
        "Higgs": {
            "qqH_htt": 0.0032187470457736393, 
            "qqH_hww": 0.13787422700694701, 
            "ggZH_hww": 0.01920927420886514, 
            "WH_htt": 0.010639571227451315, 
            "ggH_htt": 0.008281437355594466, 
            "WH_hww": 0.0927641880635982, 
            "ggH_hww": 0.6172410470350499, 
            "ttH_hww": 0.07029840551202966, 
            "ZH_htt": 0.0031844160957898333, 
            "ZH_hww": 0.03728868644890086
        }
    }, 
    "ww2l2v_13TeV_sr_1j_B2": {
        "Vg": {
            "Wg": 0.4397263302923814, 
            "Zg": 0.11179934206013485, 
            "ZgS": 0.02667177572167478, 
            "WgS": 0.42180255192580896
        }, 
        "Higgs": {
            "qqH_htt": 0.0035771768955910814, 
            "qqH_hww": 0.14784180593321455, 
            "ggZH_hww": 0.003076893405448224, 
            "WH_htt": 0.017053202367135676, 
            "ggH_htt": 0.007504889849964853, 
            "WH_hww": 0.0776252696178798, 
            "ggH_hww": 0.7210993387493123, 
            "ttH_hww": 0.0023057720269612303, 
            "ZH_htt": 0.001959603455335, 
            "ZH_hww": 0.01795604769915713
        }
    }, 
    "ww2l2v_13TeV_top_2j": {
        "Vg": {
            "Wg": 0.7671740021417475, 
            "Zg": 0.12973139303079198, 
            "ZgS": -0.0027121162867088347, 
            "WgS": 0.10580672111416943
        }, 
        "Higgs": {
            "qqH_htt": 0.004583593653020871, 
            "qqH_hww": 0.007274066142996597, 
            "ggZH_hww": 0.002676295343435986, 
            "WH_htt": 0.008496372271267249, 
            "ggH_htt": 0.020215828440871993, 
            "WH_hww": 0.017981553135826202, 
            "ggH_hww": 0.039289238026995646, 
            "ttH_hww": 0.8875728657601978, 
            "ZH_htt": 0.004910640328426897, 
            "ZH_hww": 0.006999546896960655
        }
    }, 
    "ww2l2v_13TeV_sr_2j_B0": {
        "Vg": {
            "Wg": 0.27615298838893454, 
            "Zg": 0.07677675735808155, 
            "ZgS": -0.08527426791561855, 
            "WgS": 0.7323445221686025
        }, 
        "Higgs": {
            "qqH_htt": 0.002470865505785051, 
            "qqH_hww": 0.07028903850752716, 
            "ggZH_hww": 0.003199809889494912, 
            "WH_htt": 0.014180435672267339, 
            "ggH_htt": 0.005055919261358321, 
            "WH_hww": 0.12809261430217958, 
            "ggH_hww": 0.7379377987689254, 
            "ttH_hww": 0.009039172312995482, 
            "ZH_htt": 0.002115509356283357, 
            "ZH_hww": 0.027618836423183277
        }
    }, 
    "ww2l2v_13TeV_sr_2j_B11": {
        "Vg": {
            "Wg": 0.7151253047574052, 
            "Zg": 0.19615446473030526, 
            "ZgS": 0.00396321091729473, 
            "WgS": 0.08475701959499476
        }, 
        "Higgs": {
            "qqH_htt": 0.008329167494701778, 
            "qqH_hww": 0.10852865609979483, 
            "ggZH_hww": 0.01711868469607456,