{
    "ww2l2v_13TeV_top_1j": {
        "Vg": {
            "Wg": 0.6659016437453328, 
            "Zg": 0.10689646023649693, 
            "ZgS": 0.13488477050858064, 
            "WgS": 0.0923171255095896
        }, 
        "Higgs": {
            "qqH_htt": 0.03736429396791315, 
            "qqH_hww": 0.08275724462702747, 
            "ggZH_hww": 0.005567908342390003, 
            "WH_htt": 0.0517270447396411, 
            "ggH_htt": 0.11781030333843323, 
            "WH_hww": 0.10460894737788524, 
            "ggH_hww": 0.39242098647914314, 
            "ttH_hww": 0.15385641977699746, 
            "ZH_htt": 0.020665875646094484, 
            "ZH_hww": 0.033220975704474666
        }
    }, 
    "ww2l2v_13TeV_top_0j": {
        "Vg": {
            "Wg": 0.1960691634346586, 
            "Zg": 0.07276069596143578, 
            "ZgS": 0.021713739366262155, 
            "WgS": 0.7094564012376435
        }, 
        "Higgs": {
            "qqH_htt": 0.00425994697902869, 
            "qqH_hww": 0.015747158183237187, 
            "ggZH_hww": 0.0011039763263824137, 
            "WH_htt": 0.09421943769091412, 
            "ggH_htt": 0.02994427458799856, 
            "WH_hww": 0.20184154076314262, 
            "ggH_hww": 0.6097985902983211, 
            "ttH_hww": 0.013091411899376803, 
            "ZH_htt": 0.008350654701113165, 
            "ZH_hww": 0.02164300857048534
        }
    }, 
    "ww2l2v_13TeV_sr_3j_B0": {
        "Vg": {
            "Wg": 0.524217584153002, 
            "Zg": 0.07025899325219331, 
            "ZgS": 0.08705562174335113, 
            "WgS": 0.3184678008514535
        }, 
        "Higgs": {
            "qqH_htt": 0.0024430369829439515, 
            "qqH_hww": 0.0629971732365498, 
            "ggZH_hww": 0.025099820444226595, 
            "WH_htt": 0.013415516929315929, 
            "ggH_htt": 0.011759656760611518, 
            "WH_hww": 0.1398815227302679, 
            "ggH_hww": 0.5308492573602217, 
            "ttH_hww": 0.15639392967710805, 
            "ZH_htt": 0.0037271924727630096, 
            "ZH_hww": 0.05343289340599155
        }
    }, 
    "ww2l2v_13TeV_sr_2j_B0": {
        "Vg": {
            "Wg": 0.5770658069511495, 
            "Zg": 0.04869405738789657, 
            "ZgS": 0.0428897206820149, 
            "WgS": 0.33135041497893897
        }, 
        "Higgs": {
            "qqH_htt": 0.002012695324965095, 
            "qqH_hww": 0.13688943951086202, 
            "ggZH_hww": 0.009942842176844902, 
            "WH_htt": 0.012005902349511153, 
            "ggH_htt": 0.007513039841642649, 
            "WH_hww": 0.11734545530381837, 
            "ggH_hww": 0.6526678628307098, 
            "ttH_hww": 0.01658544871737992, 
            "ZH_htt": 0.0025109271632373703, 
            "ZH_hww": 0.04252638678102878
        }
    }, 
    "ww2l2v_13TeV_sr_1j_B0": {
        "Vg": {
            "Wg": 0.5012062948159006, 
            "Zg": 0.03553678369633404, 
            "ZgS": 0.013960712737839474, 
            "WgS": 0.44929620874992593
        }, 
        "Higgs": {
            "qqH_htt": 0.0013761889062153772, 
            "qqH_hww": 0.13907089502793304, 
            "ggZH_hww": 0.0030339139332240667, 
            "WH_htt": 0.01266826761706446, 
            "ggH_htt": 0.0066514573993799765, 
            "WH_hww": 0.06767838046605688, 
            "ggH_hww": 0.7478843873042054, 
            "ttH_hww": 0.002326751568253599, 
            "ZH_htt": 0.0016907481382623145, 
            "ZH_hww": 0.01761900963940478
        }
    }, 
    "ww2l2v_13TeV_top_3j": {
        "Vg": {
            "Wg": 0.48059957846574625, 
            "Zg": 0.2886241503997037, 
            "ZgS": 0.0, 
            "WgS": 0.2307762711345501
        }, 
        "Higgs": {
            "qqH_htt": 0.0013859390231265418, 
            "qqH_hww": 0.001882199818629458, 
            "ggZH_hww": 0.002107201838255692, 
            "WH_htt": 0.003806798871672015, 
            "ggH_htt": 0.00940228741241731, 
            "WH_hww": 0.009761909780422292, 
            "ggH_hww": 0.018927597901661763, 
            "ttH_hww": 0.9452494943891125, 
            "ZH_htt": 0.002372268856357275, 
            "ZH_hww": 0.005104302108345173
        }
    }, 
    "ww2l2v_13TeV_top_2j": {
        "Vg": {
            "Wg": 0.5773856709476267, 
            "Zg": 0.09206782485244756, 
            "ZgS": 0.04818628969025692, 
            "WgS": 0.28236021450966897
        }, 
        "Higgs": {
            "qqH_htt": 0.018770996011061022, 
            "qqH_hww": 0.03260129133427168, 
            "ggZH_hww": 0.007281373820222548, 
            "WH_htt": 0.024538321038105885, 
            "ggH_htt": 0.07874026890165076, 
            "WH_hww": 0.06623784099836932, 
            "ggH_hww": 0.1592436421587164, 
            "ttH_hww": 0.5644104997871026, 
            "ZH_htt": 0.017011573876318797, 
            "ZH_hww": 0.03116419207418096
        }
    }, 
    "ww2l2v_13TeV_sr_0j_B0": {
        "Vg": {
            "Wg": 0.5117837734379761, 
            "Zg": 0.03657381404927885, 
            "ZgS": 0.031229938973896886, 
            "WgS": 0.4204124735388482
        }, 
        "Higgs": {
            "qqH_htt": 0.0005696559947691214, 
            "qqH_hww": 0.04178590867231898, 
            "ggZH_hww": 0.00119888013426359, 
            "WH_htt": 0.006075425487479276, 
            "ggH_htt": 0.002622930426857068, 
            "WH_hww": 0.02992350547689914, 
            "ggH_hww": 0.9075837476767099, 
            "ttH_hww": 0.00023005536497094431, 
            "ZH_htt": 0.0015314400692190728, 
            "ZH_hww": 0.008478450696512861
        }
    }
}