{
    "ww2l2v_13TeV_top_1j": {
        "Vg": {
            "Wg": 0.6473818517435757, 
            "Zg": 0.12307883062124593, 
            "ZgS": 0.09092986739929981, 
            "WgS": 0.1386094502358785
        }, 
        "Higgs": {
            "qqH_htt": 0.04466773039456972, 
            "qqH_hww": 0.08448860814962486, 
            "ggZH_hww": 0.005675163902289085, 
            "ggH_htt": 0.186037580957406, 
            "WH_hww": 0.11132660212653248, 
            "ggH_hww": 0.4067543930986298, 
            "ttH_hww": 0.161049921370948
        }
    }, 
    "ww2l2v_13TeV_top_0j": {
        "Vg": {
            "Wg": 0.33540984278445996, 
            "Zg": 0.1313743828906638, 
            "ZgS": -0.02916814237582971, 
            "WgS": 0.562383916700706
        }, 
        "Higgs": {
            "qqH_htt": 0.0040712299197020315, 
            "qqH_hww": 0.019882093087202804, 
            "ggZH_hww": 0.0010597764228990787, 
            "ggH_htt": 0.05605429506182005, 
            "WH_hww": 0.23400024751576787, 
            "ggH_hww": 0.6714663032148339, 
            "ttH_hww": 0.013466054777774314
        }
    }, 
    "ww2l2v_13TeV_sr_3j_B0": {
        "Vg": {
            "Wg": 0.5496620820524303, 
            "Zg": 0.0832905246094342, 
            "ZgS": 0.05708478023305005, 
            "WgS": 0.3099626131050854
        }, 
        "Higgs": {
            "qqH_htt": 0.002597995504224722, 
            "qqH_hww": 0.06694721532322076, 
            "ggZH_hww": 0.02633802640097855, 
            "ggH_htt": 0.014452589405327291, 
            "WH_hww": 0.15185350341879872, 
            "ggH_hww": 0.5678675732010198, 
            "ttH_hww": 0.1699430967464302
        }
    }, 
    "ww2l2v_13TeV_sr_2j_B0": {
        "Vg": {
            "Wg": 0.6568204371457538, 
            "Zg": 0.048955936757091464, 
            "ZgS": 0.03387112831433449, 
            "WgS": 0.2603524977828204
        }, 
        "Higgs": {
            "qqH_htt": 0.002594449531823282, 
            "qqH_hww": 0.14192831346564938, 
            "ggZH_hww": 0.01012939083457344, 
            "ggH_htt": 0.01055433309599027, 
            "WH_hww": 0.12395931374397375, 
            "ggH_hww": 0.6923758918883423, 
            "ttH_hww": 0.018458307439647454
        }
    }, 
    "ww2l2v_13TeV_sr_1j_B0": {
        "Vg": {
            "Wg": 0.6276318907417725, 
            "Zg": 0.045896054934820234, 
            "ZgS": 0.012647526417482636, 
            "WgS": 0.31382452790592474
        }, 
        "Higgs": {
            "qqH_htt": 0.0017696333242209462, 
            "qqH_hww": 0.14026815110298346, 
            "ggZH_hww": 0.002969842365377845, 
            "ggH_htt": 0.00825691628574907, 
            "WH_hww": 0.06920422359740282, 
            "ggH_hww": 0.7750769972149675, 
            "ttH_hww": 0.0024542361092982383
        }
    }, 
    "ww2l2v_13TeV_top_3j": {
        "Vg": {
            "Wg": 0.5209765843036742, 
            "Zg": 0.2296163407278446, 
            "ZgS": 0.034224398193986885, 
            "WgS": 0.2151826767744943
        }, 
        "Higgs": {
            "qqH_htt": 0.002015995045263421, 
            "qqH_hww": 0.0019296148362952087, 
            "ggZH_hww": 0.001994110025950026, 
            "ggH_htt": 0.013075130427744502, 
            "WH_hww": 0.00955534663815213, 
            "ggH_hww": 0.01883998075739151, 
            "ttH_hww": 0.9525898222692033
        }
    }, 
    "ww2l2v_13TeV_top_2j": {
        "Vg": {
            "Wg": 0.5736701857685824, 
            "Zg": 0.13776056404059525, 
            "ZgS": 0.038426685669426267, 
            "WgS": 0.25014256452139594
        }, 
        "Higgs": {
            "qqH_htt": 0.023980890284262292, 
            "qqH_hww": 0.035335042945076174, 
            "ggZH_hww": 0.007893494473657739, 
            "ggH_htt": 0.10427291266740463, 
            "WH_hww": 0.06827210230167635, 
            "ggH_hww": 0.1609002648453969, 
            "ttH_hww": 0.5993452924825259
        }
    }, 
    "ww2l2v_13TeV_sr_0j_B0": {
        "Vg": {
            "Wg": 0.5940745237882464, 
            "Zg": 0.05774651244237488, 
            "ZgS": 0.025490762403227864, 
            "WgS": 0.32268820136615084
        }, 
        "Higgs": {
            "qqH_htt": 0.0005959306072173312, 
            "qqH_hww": 0.04029295327551959, 
            "ggZH_hww": 0.001112118375161363, 
            "ggH_htt": 0.003280356849126137, 
            "WH_hww": 0.02932771896413375, 
            "ggH_hww": 0.9251528699849199, 
            "ttH_hww": 0.0002380519439219274
        }
    }
}