{
    "PS_ISR": {
        "ggWW_B2": [
            0.8954299787607721, 
            1.0987791983529425
        ], 
        "ggWW_B3": [
            0.8557128947442402, 
            1.13883919447371
        ], 
        "ggWW_B0": [
            1.035989340262276, 
            0.9724235924850508
        ], 
        "ggWW_B1": [
            0.9514886421513062, 
            1.0451329693109153
        ], 
        "WW_B2": [
            0.9615128930695642, 
            1.0340395390900017
        ], 
        "WW_B3": [
            0.917553899274764, 
            1.073631247649295
        ], 
        "WW_B0": [
            1.0012327402621617, 
            0.9990600953168687
        ], 
        "WW_B1": [
            1.015155222962142, 
            0.9881321736725289
        ]
    }, 
    "PS_FSR": {
        "ggWW_B2": [
            1.0245788623984426, 
            0.9863474147169315
        ], 
        "ggWW_B3": [
            1.0214196937804585, 
            0.9951150665539052
        ], 
        "ggWW_B0": [
            0.9920499862683558, 
            1.0046930404311851
        ], 
        "ggWW_B1": [
            1.014315538327291, 
            0.9913735943488042
        ], 
        "WW_B2": [
            1.0128288701755879, 
            0.9922053833863772
        ], 
        "WW_B3": [
            1.0022090451524168, 
            1.0018945742127914
        ], 
        "WW_B0": [
            0.9959601656921311, 
            1.0025036096235673
        ], 
        "WW_B1": [
            1.0058634805989728, 
            0.9957256314584306
        ]
    }, 
    "QCDscale_WW": {
        "ggWW_B2": [
            1.0, 
            1.0
        ], 
        "ggWW_B3": [
            1.0, 
            1.0
        ], 
        "ggWW_B0": [
            1.0, 
            1.0
        ], 
        "ggWW_B1": [
            1.0, 
            1.0
        ], 
        "WW_B2": [
            0.9587278671014914, 
            1.0358496639201253
        ], 
        "WW_B3": [
            0.9466810966929956, 
            1.047548372474408
        ], 
        "WW_B0": [
            0.9922171801779615, 
            1.0038909091572015
        ], 
        "WW_B1": [
            0.9717137772352675, 
            1.0233249793370516
        ]
    }, 
    "CMS_hww_WWresum": {
        "WW_B2": [
            0.9915501339901553, 
            1.0177762884282218
        ], 
        "WW_B3": [
            0.9959888857032759, 
            1.0083213644928337
        ], 
        "WW_B0": [
            0.9926477666203133, 
            1.0468616111222389
        ], 
        "WW_B1": [
            0.9714625432765828, 
            1.0628728073676041
        ]
    }, 
    "CMS_hww_WWqscale": {
        "WW_B2": [
            1.0682704046515046, 
            0.9248142991523842
        ], 
        "WW_B3": [
            1.071082808018095, 
            0.9187738251289459
        ], 
        "WW_B0": [
            0.9859449681998199, 
            1.0209547917134634
        ], 
        "WW_B1": [
            1.0588111577184947, 
            0.94002486427618
        ]
    }, 
    "pdf_WW": {
        "WW_B2": [
            0.9913173154112848, 
            1.0088361271996353
        ], 
        "WW_B3": [
            0.9897017977672722, 
            1.010514768660929
        ], 
        "WW_B0": [
            0.9882373920578564, 
            1.0120459925166383
        ], 
        "WW_B1": [
            0.9918534221080666, 
            1.008281509821582
        ]
    }
}