{
    "PS_ISR": {
        "ggWW_B2": [
            0.8954299787609695, 
            1.0987791983531883
        ], 
        "ggWW_B3": [
            0.8557128947441345, 
            1.1388391944735685
        ], 
        "ggWW_B0": [
            1.0359893402548466, 
            0.9724235924780729
        ], 
        "ggWW_B1": [
            0.9514886421541725, 
            1.045132969314088
        ], 
        "WW_B2": [
            0.9615128930695638, 
            1.0340395390900003
        ], 
        "WW_B3": [
            0.9175538992747634, 
            1.0736312476492955
        ], 
        "WW_B0": [
            1.001232740262164, 
            0.9990600953168692
        ], 
        "WW_B1": [
            1.0151552229621394, 
            0.9881321736725258
        ]
    }, 
    "PS_FSR": {
        "ggWW_B2": [
            1.0245788623986631, 
            0.9863474147171523
        ], 
        "ggWW_B3": [
            1.0214196937803295, 
            0.9951150665537788
        ], 
        "ggWW_B0": [
            0.9920499862612367, 
            1.0046930404239691
        ], 
        "ggWW_B1": [
            1.0143155383303613, 
            0.9913735943517856
        ], 
        "WW_B2": [
            1.0128288701755848, 
            0.9922053833863763
        ], 
        "WW_B3": [
            1.002209045152415, 
            1.00189457421279
        ], 
        "WW_B0": [
            0.99596016569213, 
            1.0025036096235707
        ], 
        "WW_B1": [
            1.0058634805989692, 
            0.99572563145843
        ]
    }, 
    "QCDscale_WW": {
        "ggWW_B2": [
            1.0, 
            1.0
        ], 
        "ggWW_B3": [
            1.0, 
            1.0
        ], 
        "ggWW_B0": [
            1.0, 
            1.0
        ], 
        "ggWW_B1": [
            1.0, 
            1.0
        ], 
        "WW_B2": [
            0.95872786710149, 
            1.0358496639201262
        ], 
        "WW_B3": [
            0.9466810966929968, 
            1.0475483724744084
        ], 
        "WW_B0": [
            0.9922171801779599, 
            1.0038909091571993
        ], 
        "WW_B1": [
            0.971713777235267, 
            1.0233249793370514
        ]
    }, 
    "CMS_hww_WWresum": {
        "WW_B2": [
            0.9915501339901559, 
            1.0177762884282227
        ], 
        "WW_B3": [
            0.9959888857032757, 
            1.0083213644928337
        ], 
        "WW_B0": [
            0.9926477666203124, 
            1.04686161112224
        ], 
        "WW_B1": [
            0.9714625432765815, 
            1.0628728073676057
        ]
    }, 
    "CMS_hww_WWqscale": {
        "WW_B2": [
            1.068270404651503, 
            0.9248142991523818
        ], 
        "WW_B3": [
            1.071082808018096, 
            0.9187738251289441
        ], 
        "WW_B0": [
            0.985944968199821, 
            1.0209547917134627
        ], 
        "WW_B1": [
            1.0588111577184962, 
            0.9400248642761799
        ]
    }, 
    "pdf_WW": {
        "WW_B2": [
            0.9913825101849738, 
            1.0087686167460277
        ], 
        "WW_B3": [
            0.9897017977672716, 
            1.0105147686609297
        ], 
        "WW_B0": [
            0.9882540865300169, 
            1.0120284845473189
        ], 
        "WW_B1": [
            0.9919021742799549, 
            1.0082311343021595
        ]
    }
}