{
    "PS_ISR": {
        "ggWW_B2": [
            0.8954299638381711, 
            1.0988597592057583
        ], 
        "ggWW_B3": [
            0.8559643833988325, 
            1.1386873313705743
        ], 
        "ggWW_B0": [
            1.036012621700745, 
            0.972394223606172
        ], 
        "ggWW_B1": [
            0.9514983697836125, 
            1.0451462521425983
        ], 
        "WW_B2": [
            0.9615601821836369, 
            1.0339412441811169
        ], 
        "WW_B3": [
            0.9176613694930719, 
            1.073541316620907
        ], 
        "WW_B0": [
            1.0012377391717497, 
            0.9990647508226171
        ], 
        "WW_B1": [
            1.0152131029908182, 
            0.9880360997027955
        ]
    }, 
    "PS_FSR": {
        "ggWW_B2": [
            1.0251416942678289, 
            0.9861020428350882
        ], 
        "ggWW_B3": [
            1.023867259583462, 
            0.9951318845142325
        ], 
        "ggWW_B0": [
            0.9920478984162313, 
            1.0046763551542224
        ], 
        "ggWW_B1": [
            1.0138730059824663, 
            0.9914083809361526
        ], 
        "WW_B2": [
            1.0115920765972175, 
            0.9943262421453247
        ], 
        "WW_B3": [
            1.0107115412587973, 
            0.9992618656378529
        ], 
        "WW_B0": [
            0.9957090192554737, 
            1.0026208447753042
        ], 
        "WW_B1": [
            1.007918782769823, 
            0.994567228312357
        ]
    }, 
    "QCDscale_WW": {
        "ggWW_B2": [
            1.0, 
            1.0
        ], 
        "ggWW_B3": [
            1.0, 
            1.0
        ], 
        "ggWW_B0": [
            1.0, 
            1.0
        ], 
        "ggWW_B1": [
            1.0, 
            1.0
        ], 
        "WW_B2": [
            0.959052619616905, 
            1.0354983151916877
        ], 
        "WW_B3": [
            0.9469187607844552, 
            1.0473068719501157
        ], 
        "WW_B0": [
            0.9922807704692514, 
            1.0038397716173484
        ], 
        "WW_B1": [
            0.9717458896956352, 
            1.0232960117035108
        ]
    }, 
    "CMS_hww_WWresum": {
        "WW_B2": [
            0.9912354279086272, 
            1.0184251528629902
        ], 
        "WW_B3": [
            0.9958737008069509, 
            1.0085774487214234
        ], 
        "WW_B0": [
            0.9927084098439297, 
            1.0467452228963623
        ], 
        "WW_B1": [
            0.9713262586209135, 
            1.0631924886709592
        ]
    }, 
    "CMS_hww_WWqscale": {
        "WW_B2": [
            1.0681680909223181, 
            0.9249648105079902
        ], 
        "WW_B3": [
            1.0707799155268296, 
            0.9190992202475142
        ], 
        "WW_B0": [
            0.9858845082993639, 
            1.0210152007858833
        ], 
        "WW_B1": [
            1.0587912673731672, 
            0.9400582779818049
        ]
    }, 
    "pdf_WW": {
        "WW_B2": [
            0.9913677908105947, 
            1.0087838573781618
        ], 
        "WW_B3": [
            0.9896941895210732, 
            1.0105227003908357
        ], 
        "WW_B0": [
            0.9882933270954511, 
            1.0119873365607763
        ], 
        "WW_B1": [
            0.9918917547604998, 
            1.0082418999312643
        ]
    }
}