{
    "ww2l2v_13TeV_top_1j": {
        "Vg": {
            "Wg": 0.5468302264217989, 
            "Zg": 0.11462768319215391, 
            "ZgS": 0.016591826444500683, 
            "WgS": 0.32195026394154663
        }, 
        "Higgs": {
            "qqH_htt": 0.049924431950369434, 
            "qqH_hww": 0.08102207967458036, 
            "ggZH_hww": 0.029267996636479613, 
            "WH_htt": 0.060040137624871155, 
            "ggH_htt": 0.14457422222218078, 
            "WH_hww": 0.10167367428646526, 
            "ggH_hww": 0.3323968486106855, 
            "ttH_hww": 0.147467439719775, 
            "ZH_htt": 0.018482094791940924, 
            "ZH_hww": 0.03515107448265189
        }
    }, 
    "ww2l2v_13TeV_sr_1j_B6": {
        "Vg": {
            "Wg": 0.7390717619068522, 
            "Zg": 0.04628356033716019, 
            "ZgS": 0.00828912688512671, 
            "WgS": 0.20635555087086094
        }, 
        "Higgs": {
            "qqH_htt": 0.0, 
            "qqH_hww": 0.1932593577220081, 
            "ggZH_hww": 0.06958128899306215, 
            "WH_htt": 0.05197052359066874, 
            "ggH_htt": 0.008912328609765315, 
            "WH_hww": 0.16733821799747345, 
            "ggH_hww": 0.4670227921462358, 
            "ttH_hww": 0.01580978383558857, 
            "ZH_htt": 0.004586623495374525, 
            "ZH_hww": 0.021519083609823266
        }
    }, 
    "ww2l2v_13TeV_sr_1j_B5": {
        "Vg": {
            "Wg": 0.7104225762316431, 
            "Zg": 0.035453535434747156, 
            "ZgS": 0.019314987196511015, 
            "WgS": 0.2348089011370988
        }, 
        "Higgs": {
            "qqH_htt": 0.003619556196049611, 
            "qqH_hww": 0.20258489108933117, 
            "ggZH_hww": 0.04631351904135075, 
            "WH_htt": 0.023982142372026102, 
            "ggH_htt": 0.01173826846540272, 
            "WH_hww": 0.11827467616926302, 
            "ggH_hww": 0.5575677742269571, 
            "ttH_hww": 0.008837823916474854, 
            "ZH_htt": 0.0034233093580525458, 
            "ZH_hww": 0.023658039165091908
        }
    }, 
    "ww2l2v_13TeV_sr_1j_B2": {
        "Vg": {
            "Wg": 0.685359238767915, 
            "Zg": 0.049641057213344664, 
            "ZgS": 0.02494085797717789, 
            "WgS": 0.24005884604156258
        }, 
        "Higgs": {
            "qqH_htt": 0.0015187506366655383, 
            "qqH_hww": 0.14275993148637509, 
            "ggZH_hww": 0.029818524282043794, 
            "WH_htt": 0.015403856485597764, 
            "ggH_htt": 0.003219995715449377, 
            "WH_hww": 0.07200388525917029, 
            "ggH_hww": 0.7148877489444876, 
            "ttH_hww": 0.0026797308620651887, 
            "ZH_htt": 0.0024324357272998472, 
            "ZH_hww": 0.015275140600845375
        }
    }, 
    "ww2l2v_13TeV_top_2j": {
        "Vg": {
            "Wg": 0.6692278957545971, 
            "Zg": 0.10659802779963506, 
            "ZgS": 0.023458976342181692, 
            "WgS": 0.20071510010358612
        }, 
        "Higgs": {
            "qqH_htt": 0.006415784739474695, 
            "qqH_hww": 0.0070973660514031065, 
            "ggZH_hww": 0.024475123039770164, 
            "WH_htt": 0.008604335039687407, 
            "ggH_htt": 0.023237363344796574, 
            "WH_hww": 0.019609999862186072, 
            "ggH_hww": 0.035232356034743964, 
            "ttH_hww": 0.860383851764978, 
            "ZH_htt": 0.005843530153976564, 
            "ZH_hww": 0.009100289968983476
        }
    }, 
    "ww2l2v_13TeV_sr_1j_B3": {
        "Vg": {
            "Wg": 0.6577675057428328, 
            "Zg": 0.023822161366205085, 
            "ZgS": 0.033039283656044326, 
            "WgS": 0.2853710492349179
        }, 
        "Higgs": {
            "qqH_htt": 0.0012486891791153717, 
            "qqH_hww": 0.15295876002289346, 
            "ggZH_hww": 0.026778272599826666, 
            "WH_htt": 0.013447169565322546, 
            "ggH_htt": 0.007505764583792979, 
            "WH_hww": 0.07415485064635856, 
            "ggH_hww": 0.7016937302752516, 
            "ttH_hww": 0.0023627437551750233, 
            "ZH_htt": 0.0017375466603807557, 
            "ZH_hww": 0.018112472711882977
        }
    }, 
    "ww2l2v_13TeV_sr_1j_B0": {
        "Vg": {
            "Wg": 0.6194097403247754, 
            "Zg": 0.07626142489252805, 
            "ZgS": 0.023310793102157768, 
            "WgS": 0.2810180416805389
        }, 
        "Higgs": {
            "qqH_htt": 0.0006263998665457007, 
            "qqH_hww": 0.11465225456615451, 
            "ggZH_hww": 0.015558658229303959, 
            "WH_htt": 0.00885638677706334, 
            "ggH_htt": 0.00451260157587494, 
            "WH_hww": 0.05012239288234905, 
            "ggH_hww": 0.7877404194390618, 
            "ttH_hww": 0.0014481318331309792, 
            "ZH_htt": 0.0014881555972644574, 
            "ZH_hww": 0.014994599233251358
        }
    }, 
    "ww2l2v_13TeV_top_0j": {
        "Vg": {
            "Wg": 0.47949156195283504, 
            "Zg": 0.1375852449363862, 
            "ZgS": 0.07082799573188928, 
            "WgS": 0.3120951973788896
        }, 
        "Higgs": {
            "qqH_htt": 0.004041494197113449, 
            "qqH_hww": 0.013017209717403298, 
            "ggZH_hww": 0.008476385640548974, 
            "WH_htt": 0.10817829140226855, 
            "ggH_htt": 0.05024389874470229, 
            "WH_hww": 0.15238140940748152, 
            "ggH_hww": 0.6147241418712691, 
            "ttH_hww": 0.01431865263237852, 
            "ZH_htt": 0.012244228899994247, 
            "ZH_hww": 0.022374287486840082
        }
    }, 
    "ww2l2v_13TeV_sr_1j_B1": {
        "Vg": {
            "Wg": 0.5966141294633511, 
            "Zg": 0.0793189774517307, 
            "ZgS": 0.008989037533958657, 
            "WgS": 0.31507785555095946
        }, 
        "Higgs": {
            "qqH_htt": 0.0016141248557687616, 
            "qqH_hww": 0.1250051553863623, 
            "ggZH_hww": 0.0191333032541154, 
            "WH_htt": 0.01038727439134677, 
            "ggH_htt": 0.002972257176044287, 
            "WH_hww": 0.05645680158484016, 
            "ggH_hww": 0.7639837801600684, 
            "ttH_hww": 0.0021980460515295254, 
            "ZH_htt": 0.0020955400350023876, 
            "ZH_hww": 0.016153717104922097
        }
    }, 
    "ww2l2v_13TeV_sr_0j_B6": {
        "Vg": {
            "Wg": 0.6776668683717548, 
            "Zg": 0.06487311728475008, 
            "ZgS": 0.0084669048336757, 
            "WgS": 0.24899310950981943
        }, 
        "Higgs": {
            "qqH_htt": 0.001452976114969515, 
            "qqH_hww": 0.13980249793055677, 
            "ggZH_hww": 0.12458638726454635, 
            "WH_htt": 0.14687327669091058, 
            "ggH_htt": 0.0, 
            "WH_hww": 0.3753200855876757, 
            "ggH_hww": 0.1042562790173958, 
            "ttH_hww": 0.006869108252538661, 
            "ZH_htt": 0.018708480476412447, 
            "ZH_hww": 0.0821309086649942
        }
    }, 
    "ww2l2v_13TeV_sr_0j_B5": {
        "Vg": {
            "Wg": 0.7378696550007185, 
            "Zg": 0.04069056341750228, 
            "ZgS": 0.022839933888588813, 
            "WgS": 0.1985998476931903
        }, 
        "Higgs": {
            "qqH_htt": 0.0016410205741059314, 
            "qqH_hww": 0.20597044262354466, 
            "ggZH_hww": 0.146717895268362, 
            "WH_htt": 0.07336027865828172, 
            "ggH_htt": 0.01157318121597751, 
            "WH_hww": 0.2656553636622266, 
            "ggH_hww": 0.2154708332386976, 
            "ttH_hww": 0.0, 
            "ZH_htt": 0.010649503650256588, 
            "ZH_hww": 0.06896148110854737
        }
    }, 
    "ww2l2v_13TeV_sr_0j_B4": {
        "Vg": {
            "Wg": 0.6877475718379441, 
            "Zg": 0.06439827890020602, 
            "ZgS": 0.020379715982106084, 
            "WgS": 0.22747443327974376
        }, 
        "Higgs": {
            "qqH_htt": 0.004052964106224841,