{
    "ww2l2v_13TeV_top_1j": {
        "Vg": {
            "Wg": 0.51580797440716, 
            "Zg": 0.09589985723760516, 
            "ZgS": 0.032519569568561904, 
            "WgS": 0.35577259878667283
        }, 
        "Higgs": {
            "qqH_htt": 0.041767158175090455, 
            "qqH_hww": 0.08861215923033489, 
            "ggZH_hww": 0.03209055306983835, 
            "WH_htt": 0.05771451479002278, 
            "ggH_htt": 0.11496967813908998, 
            "WH_hww": 0.11034671185121972, 
            "ggH_hww": 0.3483793334576851, 
            "ttH_hww": 0.15156726167585635, 
            "ZH_htt": 0.01850425979008497, 
            "ZH_hww": 0.03604836982077737
        }
    }, 
    "ww2l2v_13TeV_sr_1j_B6": {
        "Vg": {
            "Wg": 0.7113911404294281, 
            "Zg": 0.03593100118658785, 
            "ZgS": 0.011185354547665928, 
            "WgS": 0.24149250383631812
        }, 
        "Higgs": {
            "qqH_htt": 0.0, 
            "qqH_hww": 0.19308277633822898, 
            "ggZH_hww": 0.07153499273096849, 
            "WH_htt": 0.05032372857976587, 
            "ggH_htt": 0.010064572243643623, 
            "WH_hww": 0.17088815721468095, 
            "ggH_hww": 0.46420771271363503, 
            "ttH_hww": 0.015324180530374317, 
            "ZH_htt": 0.003317558993036346, 
            "ZH_hww": 0.02125632065566645
        }
    }, 
    "ww2l2v_13TeV_sr_1j_B5": {
        "Vg": {
            "Wg": 0.6881160201812084, 
            "Zg": 0.0323991324617671, 
            "ZgS": -0.0036362362196024956, 
            "WgS": 0.283121083576627
        }, 
        "Higgs": {
            "qqH_htt": 0.004021355662721642, 
            "qqH_hww": 0.20482909893825724, 
            "ggZH_hww": 0.04770984542442339, 
            "WH_htt": 0.02364313991165531, 
            "ggH_htt": 0.011142092021659883, 
            "WH_hww": 0.11907815625558338, 
            "ggH_hww": 0.555862621574704, 
            "ttH_hww": 0.006962201157860503, 
            "ZH_htt": 0.0029274618411619284, 
            "ZH_hww": 0.02382402721197258
        }
    }, 
    "ww2l2v_13TeV_sr_1j_B2": {
        "Vg": {
            "Wg": 0.7220374196741177, 
            "Zg": 0.025142343934360916, 
            "ZgS": 0.015684561472328436, 
            "WgS": 0.23713567491919288
        }, 
        "Higgs": {
            "qqH_htt": 0.001180780235539288, 
            "qqH_hww": 0.14256907058326898, 
            "ggZH_hww": 0.029439183012220854, 
            "WH_htt": 0.014589356894427226, 
            "ggH_htt": 0.0035404268457131624, 
            "WH_hww": 0.07003835486356863, 
            "ggH_hww": 0.7190580353745875, 
            "ttH_hww": 0.0025727803064584634, 
            "ZH_htt": 0.001968616241632911, 
            "ZH_hww": 0.015043395642583139
        }
    }, 
    "ww2l2v_13TeV_top_2j": {
        "Vg": {
            "Wg": 0.6213403909494044, 
            "Zg": 0.06411867292447945, 
            "ZgS": 0.045799021435057194, 
            "WgS": 0.26874191469105885
        }, 
        "Higgs": {
            "qqH_htt": 0.0063424098875287825, 
            "qqH_hww": 0.007258627875398396, 
            "ggZH_hww": 0.026489269694988424, 
            "WH_htt": 0.007564305521225967, 
            "ggH_htt": 0.021093902979556402, 
            "WH_hww": 0.01966303358277694, 
            "ggH_hww": 0.03592232858014234, 
            "ttH_hww": 0.8611544879450429, 
            "ZH_htt": 0.00542355740224423, 
            "ZH_hww": 0.009088076531095654
        }
    }, 
    "ww2l2v_13TeV_sr_1j_B3": {
        "Vg": {
            "Wg": 0.629748438152335, 
            "Zg": 0.009943085326606304, 
            "ZgS": 0.00958943535327826, 
            "WgS": 0.35071904116778047
        }, 
        "Higgs": {
            "qqH_htt": 0.00138300728898198, 
            "qqH_hww": 0.15349169131471957, 
            "ggZH_hww": 0.028025081424802648, 
            "WH_htt": 0.012740749191943845, 
            "ggH_htt": 0.00829853283488254, 
            "WH_hww": 0.07321419520836894, 
            "ggH_hww": 0.7022498887976972, 
            "ttH_hww": 0.002061957489751581, 
            "ZH_htt": 0.0015294137821401088, 
            "ZH_hww": 0.017005482666711553
        }
    }, 
    "ww2l2v_13TeV_sr_1j_B0": {
        "Vg": {
            "Wg": 0.5511213980810099, 
            "Zg": 0.0842922788561229, 
            "ZgS": 0.005780565859556043, 
            "WgS": 0.35880575720331115
        }, 
        "Higgs": {
            "qqH_htt": 0.0006116621865410294, 
            "qqH_hww": 0.11599502704403257, 
            "ggZH_hww": 0.016134416854704563, 
            "WH_htt": 0.007450963730307062, 
            "ggH_htt": 0.0038146645896294917, 
            "WH_hww": 0.04851958787298731, 
            "ggH_hww": 0.7907478936278465, 
            "ttH_hww": 0.0011008121777068814, 
            "ZH_htt": 0.001323009633730144, 
            "ZH_hww": 0.014301962282514517
        }
    }, 
    "ww2l2v_13TeV_top_0j": {
        "Vg": {
            "Wg": 0.4487739499906057, 
            "Zg": 0.12996636035571488, 
            "ZgS": 0.07549187070688733, 
            "WgS": 0.34576781894679215
        }, 
        "Higgs": {
            "qqH_htt": 0.0047835461814780674, 
            "qqH_hww": 0.01223890063525674, 
            "ggZH_hww": 0.00693312805103779, 
            "WH_htt": 0.10352913477455918, 
            "ggH_htt": 0.05001682629204274, 
            "WH_hww": 0.15681531884409736, 
            "ggH_hww": 0.612500921427019, 
            "ttH_hww": 0.01698647702929837, 
            "ZH_htt": 0.011807720100278607, 
            "ZH_hww": 0.024388026664932203
        }
    }, 
    "ww2l2v_13TeV_sr_1j_B1": {
        "Vg": {
            "Wg": 0.5145124151163228, 
            "Zg": 0.0696874148103166, 
            "ZgS": 0.02689209161087227, 
            "WgS": 0.38890807846248826
        }, 
        "Higgs": {
            "qqH_htt": 0.001577650733625707, 
            "qqH_hww": 0.12384707081264949, 
            "ggZH_hww": 0.019911656471689677, 
            "WH_htt": 0.009627528318700675, 
            "ggH_htt": 0.0030681301059937555, 
            "WH_hww": 0.05447966275526898, 
            "ggH_hww": 0.7686113312409489, 
            "ttH_hww": 0.001491651497051047, 
            "ZH_htt": 0.0018965013638504657, 
            "ZH_hww": 0.015488816700221246
        }
    }, 
    "ww2l2v_13TeV_sr_0j_B6": {
        "Vg": {
            "Wg": 0.550225792312061, 
            "Zg": 0.09084161316585693, 
            "ZgS": 0.0030090833050437616, 
            "WgS": 0.35592351121703825
        }, 
        "Higgs": {
            "qqH_htt": 0.0, 
            "qqH_hww": 0.14288463265450957, 
            "ggZH_hww": 0.13780683385199383, 
            "WH_htt": 0.15185926371600153, 
            "ggH_htt": 0.0, 
            "WH_hww": 0.3704939096115772, 
            "ggH_hww": 0.09564640981753392, 
            "ttH_hww": 0.004445583901209895, 
            "ZH_htt": 0.017437714851820527, 
            "ZH_hww": 0.0794256515953535
        }
    }, 
    "ww2l2v_13TeV_sr_0j_B5": {
        "Vg": {
            "Wg": 0.727291184516742, 
            "Zg": 0.004409342240998394, 
            "ZgS": 0.0172750939852505, 
            "WgS": 0.25102437925700916
        }, 
        "Higgs": {
            "qqH_htt": 0.001785881162540333, 
            "qqH_hww": 0.20630493216515844, 
            "ggZH_hww": 0.15287145162250135, 
            "WH_htt": 0.068994344358169, 
            "ggH_htt": 0.012595798915384848, 
            "WH_hww": 0.26253974476608866, 
            "ggH_hww": 0.2204052257513248, 
            "ttH_hww": 0.0, 
            "ZH_htt": 0.008548291883942322, 
            "ZH_hww": 0.06595432937489039
        }
    }, 
    "ww2l2v_13TeV_sr_0j_B4": {
        "Vg": {
            "Wg": 0.6235232885019701, 
            "Zg": 0.06286243761292971, 
            "ZgS": 0.021276134208436766, 
            "WgS": 0.2923381396766634
        }, 
        "Higgs": {
            "qqH_htt": 0.0044700840022417,