{
    "PS_ISR": {
        "ggWW_B6": [
            0.9933309560504844, 
            1.0051669466597426
        ], 
        "ggWW_B4": [
            0.9858674581889608, 
            1.0115915673109277
        ], 
        "ggWW_B5": [
            0.9854021845772314, 
            1.0118280882037514
        ], 
        "ggWW_B2": [
            1.0022576500417262, 
            0.9982112168913719
        ], 
        "ggWW_B3": [
            0.9920481690612637, 
            1.0067223307402686
        ], 
        "ggWW_B0": [
            1.0064725948284585, 
            0.9947146051517686
        ], 
        "ggWW_B1": [
            1.0073964785532488, 
            0.9939368611746908
        ], 
        "WW_B6": [
            0.9984174501247262, 
            1.001380098456595
        ], 
        "WW_B4": [
            0.9979960544680231, 
            1.0012778104391813
        ], 
        "WW_B5": [
            0.9995947267920903, 
            1.0001956519173143
        ], 
        "WW_B2": [
            1.000336398125518, 
            0.9997182073293905
        ], 
        "WW_B3": [
            0.9990826136185779, 
            1.0006680964523982
        ], 
        "WW_B0": [
            0.9999714060418619, 
            1.0000584203790603
        ], 
        "WW_B1": [
            1.0016458731635165, 
            0.9988407008257199
        ]
    }, 
    "PS_FSR": {
        "ggWW_B6": [
            1.0004211082563768, 
            0.9994318919375748
        ], 
        "ggWW_B4": [
            0.9990570191723379, 
            1.00145139955811
        ], 
        "ggWW_B5": [
            0.9989774511105585, 
            1.0014269692059214
        ], 
        "ggWW_B2": [
            0.9976856238144186, 
            1.0012790221541006
        ], 
        "ggWW_B3": [
            0.9985684529336504, 
            1.0004697365289623
        ], 
        "ggWW_B0": [
            0.9987845575381309, 
            1.0003624108574087
        ], 
        "ggWW_B1": [
            1.0008906784173428, 
            0.9993857528648873
        ], 
        "WW_B6": [
            0.9972380494923857, 
            1.0000336191598007
        ], 
        "WW_B4": [
            0.9984816710841392, 
            0.9981914962501125
        ], 
        "WW_B5": [
            1.0035400003830048, 
            0.9977479803723354
        ], 
        "WW_B2": [
            0.9915167630416125, 
            1.0041988413647212
        ], 
        "WW_B3": [
            1.0040709687311595, 
            0.9972900094678441
        ], 
        "WW_B0": [
            0.9964342325494742, 
            1.0008655242719369
        ], 
        "WW_B1": [
            1.0004515980629791, 
            1.0000530417691111
        ]
    }, 
    "QCDscale_WW": {
        "ggWW_B6": [
            1.0, 
            1.0
        ], 
        "ggWW_B4": [
            1.0, 
            1.0
        ], 
        "ggWW_B5": [
            1.0, 
            1.0
        ], 
        "ggWW_B2": [
            1.0, 
            1.0
        ], 
        "ggWW_B3": [
            1.0, 
            1.0
        ], 
        "ggWW_B0": [
            1.0, 
            1.0
        ], 
        "ggWW_B1": [
            1.0, 
            1.0
        ], 
        "WW_B6": [
            0.9709231372197542, 
            1.0236768602678952
        ], 
        "WW_B4": [
            0.9805639589528524, 
            1.014561496235982
        ], 
        "WW_B5": [
            0.9785510711495043, 
            1.0163711433993878
        ], 
        "WW_B2": [
            0.9850523130030536, 
            1.0104522099621938
        ], 
        "WW_B3": [
            0.9881464657688036, 
            1.0071312636224266
        ], 
        "WW_B0": [
            0.9862422240786229, 
            1.0094242688258401
        ], 
        "WW_B1": [
            0.9864564726305661, 
            1.0091719168983986
        ]
    }, 
    "CMS_hww_WWresum": {
        "WW_B6": [
            0.9858193451288497, 
            1.0446195919646215
        ], 
        "WW_B4": [
            0.9849657207861233, 
            1.049348569087426
        ], 
        "WW_B5": [
            0.9865182637110202, 
            1.0451871683447544
        ], 
        "WW_B2": [
            0.9864537053784852, 
            1.04901599983997
        ], 
        "WW_B3": [
            0.9850416122756575, 
            1.0505905149749624
        ], 
        "WW_B0": [
            0.9869995738926375, 
            1.0494203416312269
        ], 
        "WW_B1": [
            0.9871054414815529, 
            1.0489449173890346
        ]
    }, 
    "CMS_hww_WWqscale": {
        "WW_B6": [
            1.026776200225961, 
            0.9703544925502372
        ], 
        "WW_B4": [
            1.0185843994278447, 
            0.9806079463098808
        ], 
        "WW_B5": [
            1.0211492795345345, 
            0.9772651186298046
        ], 
        "WW_B2": [
            1.0117313638953225, 
            0.9888799779212819
        ], 
        "WW_B3": [
            1.0157334264565356, 
            0.9844719338841229
        ], 
        "WW_B0": [
            1.0079387772591888, 
            0.9935383754422954
        ], 
        "WW_B1": [
            1.0082277541570548, 
            0.9930728302458354
        ]
    }, 
    "pdf_WW": {
        "WW_B6": [
            0.9877298928872306, 
            1.0125787933974413
        ], 
        "WW_B4": [
            0.9898741594464715, 
            1.0103351446062903
        ], 
        "WW_B5": [
            0.9903921733809634, 
            1.0097960643955595
        ], 
        "WW_B2": [
            0.9900179343188135, 
            1.0101854085147544
        ], 
        "WW_B3": [
            0.9896169732661054, 
            1.010603213635173
        ], 
        "WW_B0": [
            0.9887407980415654, 
            1.0115185820413923
        ], 
        "WW_B1": [
            0.9893600691640002, 
            1.0108712699568814
        ]
    }
}