{
    "PS_ISR": {
        "ggWW_B6": [
            0.9930578995968333, 
            1.005378675764884
        ], 
        "ggWW_B4": [
            0.9857278235011867, 
            1.0117616069077728
        ], 
        "ggWW_B5": [
            0.9853165902395048, 
            1.0119360835931028
        ], 
        "ggWW_B2": [
            1.002149936069172, 
            0.9983061085719797
        ], 
        "ggWW_B3": [
            0.9917118128190365, 
            1.0070414556106226
        ], 
        "ggWW_B0": [
            1.0062651163885523, 
            0.9948808905168014
        ], 
        "ggWW_B1": [
            1.0070727546327913, 
            0.9942421061627421
        ], 
        "WW_B6": [
            0.9980654422768909, 
            1.0015812958132588
        ], 
        "WW_B4": [
            0.9991189539393456, 
            1.0004212344454344
        ], 
        "WW_B5": [
            0.9984051334813513, 
            1.0011832063058097
        ], 
        "WW_B2": [
            1.0002754622700658, 
            0.9998602274367522
        ], 
        "WW_B3": [
            0.9983843389131709, 
            1.0011666834672488
        ], 
        "WW_B0": [
            0.9999327005184302, 
            1.0000554019305539
        ], 
        "WW_B1": [
            1.0001642163480153, 
            0.9999336014476163
        ]
    }, 
    "PS_FSR": {
        "ggWW_B6": [
            1.000520579924781, 
            0.9995086197782798
        ], 
        "ggWW_B4": [
            0.9989257685011834, 
            1.0010060374479564
        ], 
        "ggWW_B5": [
            0.9985789787194671, 
            1.0012909864987927
        ], 
        "ggWW_B2": [
            0.9980213083456836, 
            1.001042686781362
        ], 
        "ggWW_B3": [
            0.9997995300535134, 
            1.0000183153482942
        ], 
        "ggWW_B0": [
            0.9998667713417143, 
            0.9999929193140783
        ], 
        "ggWW_B1": [
            1.0006207484067182, 
            0.9994393712271175
        ], 
        "WW_B6": [
            1.000695181437442, 
            0.9987991078505939
        ], 
        "WW_B4": [
            0.9966073609487246, 
            0.9988310485416488
        ], 
        "WW_B5": [
            1.000246043623696, 
            0.998766037519397
        ], 
        "WW_B2": [
            0.9952594837852243, 
            1.0022906316799418
        ], 
        "WW_B3": [
            1.0008899120408477, 
            0.9995200372093123
        ], 
        "WW_B0": [
            1.0005920900810097, 
            0.9995566905001525
        ], 
        "WW_B1": [
            0.9989765015259997, 
            1.000056053379032
        ]
    }, 
    "QCDscale_WW": {
        "ggWW_B6": [
            1.0, 
            1.0
        ], 
        "ggWW_B4": [
            1.0, 
            1.0
        ], 
        "ggWW_B5": [
            1.0, 
            1.0
        ], 
        "ggWW_B2": [
            1.0, 
            1.0
        ], 
        "ggWW_B3": [
            1.0, 
            1.0
        ], 
        "ggWW_B0": [
            1.0, 
            1.0
        ], 
        "ggWW_B1": [
            1.0, 
            1.0
        ], 
        "WW_B6": [
            0.971080354548742, 
            1.0235512942719753
        ], 
        "WW_B4": [
            0.9811154234844982, 
            1.0140566788810108
        ], 
        "WW_B5": [
            0.9788130957188482, 
            1.0161494922431533
        ], 
        "WW_B2": [
            0.9849755234203413, 
            1.0105282240266225
        ], 
        "WW_B3": [
            0.9855744334221083, 
            1.0097244883119334
        ], 
        "WW_B0": [
            0.9860759445391277, 
            1.0095687930992665
        ], 
        "WW_B1": [
            0.9864354922719788, 
            1.009209245271609
        ]
    }, 
    "CMS_hww_WWresum": {
        "WW_B6": [
            0.9856216139551961, 
            1.0448860309445573
        ], 
        "WW_B4": [
            0.9850321763736484, 
            1.0493123316196187
        ], 
        "WW_B5": [
            0.9860922192686228, 
            1.045997790248954
        ], 
        "WW_B2": [
            0.9863138369698894, 
            1.0492558029889896
        ], 
        "WW_B3": [
            0.9856262090439397, 
            1.0495227925035389
        ], 
        "WW_B0": [
            0.9868839148489146, 
            1.0495413827219293
        ], 
        "WW_B1": [
            0.9870354377646904, 
            1.049005239790905
        ]
    }, 
    "CMS_hww_WWqscale": {
        "WW_B6": [
            1.0272054217165825, 
            0.9699616440706555
        ], 
        "WW_B4": [
            1.0185128907651115, 
            0.9807537346714035
        ], 
        "WW_B5": [
            1.021689390759988, 
            0.9767917463620616
        ], 
        "WW_B2": [
            1.0119269848830552, 
            0.9886792761521798
        ], 
        "WW_B3": [
            1.0150112608910187, 
            0.984995581022159
        ], 
        "WW_B0": [
            1.008228000844008, 
            0.9931894775149307
        ], 
        "WW_B1": [
            1.00873096581571, 
            0.9925557672959119
        ]
    }, 
    "pdf_WW": {
        "WW_B6": [
            0.9883675570729639, 
            1.0119095164682472
        ], 
        "WW_B4": [
            0.9907273197314963, 
            1.0094478948854706
        ], 
        "WW_B5": [
            0.9907152137893663, 
            1.0094604629627595
        ], 
        "WW_B2": [
            0.9903485311781768, 
            1.0098414374757414
        ], 
        "WW_B3": [
            0.9902923236166394, 
            1.0098998861656163
        ], 
        "WW_B0": [
            0.9891778981841954, 
            1.011061519598469
        ], 
        "WW_B1": [
            0.9895733714010113, 
            1.0106486884378034
        ]
    }
}