{
    "PS_ISR": {
        "ggWW_B6": [
            0.9930578995971859, 
            1.0053786757652392
        ], 
        "ggWW_B4": [
            0.9857278235013236, 
            1.0117616069079127
        ], 
        "ggWW_B5": [
            0.9853165902396674, 
            1.0119360835932683
        ], 
        "ggWW_B2": [
            1.002149936069501, 
            0.9983061085723138
        ], 
        "ggWW_B3": [
            0.9917118128193666, 
            1.0070414556109526
        ], 
        "ggWW_B0": [
            1.0062651163872702, 
            0.9948808905155339
        ], 
        "ggWW_B1": [
            1.0070727546328724, 
            0.9942421061628197
        ], 
        "WW_B6": [
            0.9980654422768866, 
            1.0015812958132602
        ], 
        "WW_B4": [
            0.9991189539393422, 
            1.0004212344454304
        ], 
        "WW_B5": [
            0.9984051334813507, 
            1.0011832063058084
        ], 
        "WW_B2": [
            1.0002754622700663, 
            0.999860227436751
        ], 
        "WW_B3": [
            0.9983843389131707, 
            1.0011666834672495
        ], 
        "WW_B0": [
            0.9999327005184296, 
            1.0000554019305503
        ], 
        "WW_B1": [
            1.000164216348021, 
            0.99993360144762
        ]
    }, 
    "PS_FSR": {
        "ggWW_B6": [
            1.0005205799251382, 
            0.9995086197786314
        ], 
        "ggWW_B4": [
            0.9989257685013234, 
            1.0010060374480956
        ], 
        "ggWW_B5": [
            0.9985789787196317, 
            1.0012909864989568
        ], 
        "ggWW_B2": [
            0.9980213083460137, 
            1.0010426867816926
        ], 
        "ggWW_B3": [
            0.9997995300538453, 
            1.0000183153486266
        ], 
        "ggWW_B0": [
            0.9998667713404389, 
            0.9999929193128043
        ], 
        "ggWW_B1": [
            1.0006207484068026, 
            0.999439371227205
        ], 
        "WW_B6": [
            1.000695181437444, 
            0.9987991078505931
        ], 
        "WW_B4": [
            0.9966073609487214, 
            0.9988310485416478
        ], 
        "WW_B5": [
            1.0002460436236957, 
            0.9987660375193994
        ], 
        "WW_B2": [
            0.9952594837852239, 
            1.0022906316799363
        ], 
        "WW_B3": [
            1.0008899120408459, 
            0.9995200372093112
        ], 
        "WW_B0": [
            1.0005920900810075, 
            0.9995566905001622
        ], 
        "WW_B1": [
            0.9989765015260044, 
            1.0000560533790355
        ]
    }, 
    "QCDscale_WW": {
        "ggWW_B6": [
            1.0, 
            1.0
        ], 
        "ggWW_B4": [
            1.0, 
            1.0
        ], 
        "ggWW_B5": [
            1.0, 
            1.0
        ], 
        "ggWW_B2": [
            1.0, 
            1.0
        ], 
        "ggWW_B3": [
            1.0, 
            1.0
        ], 
        "ggWW_B0": [
            1.0, 
            1.0
        ], 
        "ggWW_B1": [
            1.0, 
            1.0
        ], 
        "WW_B6": [
            0.9710803545487457, 
            1.0235512942719736
        ], 
        "WW_B4": [
            0.9811154234844938, 
            1.014056678881006
        ], 
        "WW_B5": [
            0.9788130957188461, 
            1.016149492243155
        ], 
        "WW_B2": [
            0.9849755234203402, 
            1.0105282240266211
        ], 
        "WW_B3": [
            0.9855744334221073, 
            1.009724488311931
        ], 
        "WW_B0": [
            0.9860759445391285, 
            1.0095687930992667
        ], 
        "WW_B1": [
            0.9864354922719811, 
            1.00920924527161
        ]
    }, 
    "CMS_hww_WWresum": {
        "WW_B6": [
            0.9856216139551944, 
            1.044886030944558
        ], 
        "WW_B4": [
            0.9850321763736476, 
            1.0493123316196191
        ], 
        "WW_B5": [
            0.986092219268623, 
            1.0459977902489566
        ], 
        "WW_B2": [
            0.9863138369698876, 
            1.0492558029889854
        ], 
        "WW_B3": [
            0.9856262090439422, 
            1.0495227925035384
        ], 
        "WW_B0": [
            0.9868839148489174, 
            1.0495413827219302
        ], 
        "WW_B1": [
            0.9870354377646917, 
            1.0490052397909067
        ]
    }, 
    "CMS_hww_WWqscale": {
        "WW_B6": [
            1.0272054217165842, 
            0.9699616440706574
        ], 
        "WW_B4": [
            1.018512890765108, 
            0.9807537346714013
        ], 
        "WW_B5": [
            1.021689390759988, 
            0.9767917463620666
        ], 
        "WW_B2": [
            1.0119269848830552, 
            0.9886792761521782
        ], 
        "WW_B3": [
            1.0150112608910185, 
            0.9849955810221601
        ], 
        "WW_B0": [
            1.0082280008440097, 
            0.9931894775149235
        ], 
        "WW_B1": [
            1.0087309658157164, 
            0.9925557672959145
        ]
    }, 
    "pdf_WW": {
        "WW_B6": [
            0.9878547139462809, 
            1.0124476465088093
        ], 
        "WW_B4": [
            0.9902547718154759, 
            1.0099389427138428
        ], 
        "WW_B5": [
            0.9901920138438078, 
            1.010004228831967
        ], 
        "WW_B2": [
            0.9899381768655515, 
            1.010268462032108
        ], 
        "WW_B3": [
            0.9897603137708835, 
            1.0104537729387224
        ], 
        "WW_B0": [
            0.988840651227578, 
            1.0114140965408651
        ], 
        "WW_B1": [
            0.9892614717183026, 
            1.0109742222742204
        ]
    }
}