{
    "ww2l2v_13TeV_sr_2j_B11": {
        "Vg": {
            "Wg": 0.5012038225014567, 
            "Zg": 0.06938776303545449, 
            "ZgS": 0.00852827155572277, 
            "WgS": 0.4208801429073662
        }, 
        "Higgs": {
            "qqH_htt": 0.001271364866107927, 
            "qqH_hww": 0.12403242398747855, 
            "ggZH_hww": 0.01748397248504345, 
            "WH_htt": 0.012013237116662214, 
            "ggH_htt": 0.016565327152529667, 
            "WH_hww": 0.12549542670677424, 
            "ggH_hww": 0.6129030765732956, 
            "ttH_hww": 0.045885748475795275, 
            "ZH_htt": 0.002380042973530537, 
            "ZH_hww": 0.04196937966278257
        }
    }, 
    "ww2l2v_13TeV_sr_2j_B10": {
        "Vg": {
            "Wg": 0.25163610655681357, 
            "Zg": 0.07644257276671525, 
            "ZgS": 0.01288976642664733, 
            "WgS": 0.6590315542498238
        }, 
        "Higgs": {
            "qqH_htt": 0.003852689072895457, 
            "qqH_hww": 0.1313452071636167, 
            "ggZH_hww": 0.011305917329201685, 
            "WH_htt": 0.013740353826484211, 
            "ggH_htt": 0.020848600068138257, 
            "WH_hww": 0.10039581225125446, 
            "ggH_hww": 0.6267165824949996, 
            "ttH_hww": 0.0501425899251637, 
            "ZH_htt": 0.002116826206356157, 
            "ZH_hww": 0.039535421661889655
        }
    }, 
    "ww2l2v_13TeV_sr_2j_B13": {
        "Vg": {
            "Wg": 0.5085688357572966, 
            "Zg": 0.10339062708502725, 
            "ZgS": 0.03747364734118511, 
            "WgS": 0.35056688981649103
        }, 
        "Higgs": {
            "qqH_htt": 0.0049938440233704365, 
            "qqH_hww": 0.1601605094756762, 
            "ggZH_hww": 0.01523516253801895, 
            "WH_htt": 0.01163345631863526, 
            "ggH_htt": 0.006625385348056034, 
            "WH_hww": 0.15790262809262226, 
            "ggH_hww": 0.5666299960673391, 
            "ttH_hww": 0.03121193680599063, 
            "ZH_htt": 0.002867767560511403, 
            "ZH_hww": 0.04273931376977971
        }
    }, 
    "ww2l2v_13TeV_sr_2j_B12": {
        "Vg": {
            "Wg": 0.0, 
            "Zg": 0.20310964086253847, 
            "ZgS": -0.031971169302896035, 
            "WgS": 0.8288615284403575
        }, 
        "Higgs": {
            "qqH_htt": 0.004712294236396621, 
            "qqH_hww": 0.12121040619846454, 
            "ggZH_hww": 0.01671700886375027, 
            "WH_htt": 0.009777005012929512, 
            "ggH_htt": 0.005775432453156138, 
            "WH_hww": 0.13144410403206724, 
            "ggH_hww": 0.622434309601262, 
            "ttH_hww": 0.040410148354143666, 
            "ZH_htt": 0.002540123252615938, 
            "ZH_hww": 0.04497916799521395
        }
    }, 
    "ww2l2v_13TeV_sr_2j_B9": {
        "Vg": {
            "Wg": 0.9093242081526978, 
            "Zg": 0.027137172225455263, 
            "ZgS": 0.019606525062474296, 
            "WgS": 0.04393209455937258
        }, 
        "Higgs": {
            "qqH_htt": 0.003684979895990378, 
            "qqH_hww": 0.11009194151927712, 
            "ggZH_hww": 0.008052190163578282, 
            "WH_htt": 0.01474731608268203, 
            "ggH_htt": 0.0035025464666015287, 
            "WH_hww": 0.08231541301046304, 
            "ggH_hww": 0.7056916752998129, 
            "ttH_hww": 0.04065957613472033, 
            "ZH_htt": 0.0025884839735230247, 
            "ZH_hww": 0.028665877453351345
        }
    }, 
    "ww2l2v_13TeV_sr_2j_B5": {
        "Vg": {
            "Wg": 3.657021658638493e-05, 
            "Zg": 0.10308970236279393, 
            "ZgS": 0.1726592015633139, 
            "WgS": 0.7242145258573057
        }, 
        "Higgs": {
            "qqH_htt": 0.0011021653921960515, 
            "qqH_hww": 0.11993169516312852, 
            "ggZH_hww": 0.009788977302235895, 
            "WH_htt": 0.01897801553679062, 
            "ggH_htt": 0.008629237042766377, 
            "WH_hww": 0.15610910382550225, 
            "ggH_hww": 0.5866834485416765, 
            "ttH_hww": 0.060563162633701026, 
            "ZH_htt": 0.0037984630558765236, 
            "ZH_hww": 0.03441573150612602
        }
    }, 
    "ww2l2v_13TeV_sr_2j_B4": {
        "Vg": {
            "Wg": 0.6794220772181822, 
            "Zg": 0.01598828080566021, 
            "ZgS": 0.03206993656821249, 
            "WgS": 0.27251970540794523
        }, 
        "Higgs": {
            "qqH_htt": 0.0015004399863273485, 
            "qqH_hww": 0.11245309034724385, 
            "ggZH_hww": 0.008637388810605114, 
            "WH_htt": 0.01242872643357149, 
            "ggH_htt": 0.02058023312224947, 
            "WH_hww": 0.08120112821416885, 
            "ggH_hww": 0.6908155833626631, 
            "ttH_hww": 0.04042034907474984, 
            "ZH_htt": 0.0018095970636853342, 
            "ZH_hww": 0.03015346358473562
        }
    }, 
    "ww2l2v_13TeV_sr_2j_B7": {
        "Vg": {
            "Wg": 0.0023463613018655438, 
            "Zg": 0.22741335516846928, 
            "ZgS": 0.13609578942855793, 
            "WgS": 0.6341444941011073
        }, 
        "Higgs": {
            "qqH_htt": 0.003541119428868014, 
            "qqH_hww": 0.12930977105969646, 
            "ggZH_hww": 0.013583504053679335, 
            "WH_htt": 0.022516053647261725, 
            "ggH_htt": 0.003772242519184513, 
            "WH_hww": 0.1791203543094805, 
            "ggH_hww": 0.49966067962136446, 
            "ttH_hww": 0.10487030794251705, 
            "ZH_htt": 0.0038589488067141612, 
            "ZH_hww": 0.0397670186112336
        }
    }, 
    "ww2l2v_13TeV_sr_2j_B6": {
        "Vg": {
            "Wg": 0.6931020947812585, 
            "Zg": 0.0945656730628389, 
            "ZgS": 0.09177465355934095, 
            "WgS": 0.12055757859656151
        }, 
        "Higgs": {
            "qqH_htt": 0.00753178416587, 
            "qqH_hww": 0.15077889023105315, 
            "ggZH_hww": 0.011403555963444383, 
            "WH_htt": 0.023532401220406094, 
            "ggH_htt": 0.005827707347264257, 
            "WH_hww": 0.12129190410057235, 
            "ggH_hww": 0.5438314974148878, 
            "ttH_hww": 0.09172625272324766, 
            "ZH_htt": 0.005068326129210595, 
            "ZH_hww": 0.03900768070404373
        }
    }, 
    "ww2l2v_13TeV_sr_2j_B1": {
        "Vg": {
            "Wg": 0.4499586176320251, 
            "Zg": -0.03798896501998107, 
            "ZgS": 0.0037265250683657116, 
            "WgS": 0.5843038223195903
        }, 
        "Higgs": {
            "qqH_htt": 0.0036267466326509595, 
            "qqH_hww": 0.09563447982349933, 
            "ggZH_hww": 0.01818181253288655, 
            "WH_htt": 0.011224688386011214, 
            "ggH_htt": 0.010328096555287786, 
            "WH_hww": 0.15675593163388402, 
            "ggH_hww": 0.6194713452171502, 
            "ttH_hww": 0.04048407226073987, 
            "ZH_htt": 0.0023061378573951065, 
            "ZH_hww": 0.041986689100494856
        }
    }, 
    "ww2l2v_13TeV_sr_2j_B0": {
        "Vg": {
            "Wg": 0.480864997671887, 
            "Zg": 0.2389461087342476, 
            "ZgS": 0.07908828833568156, 
            "WgS": 0.20110060525818393
        }, 
        "Higgs": {
            "qqH_htt": 0.0012516398145866695, 
            "qqH_hww": 0.0981442187215986, 
            "ggZH_hww": 0.013087284751138567, 
            "WH_htt": 0.00932028835781293, 
            "ggH_htt": 0.0013008523714530087, 
            "WH_hww": 0.13918202735882876, 
            "ggH_hww": 0.6761102308767012, 
            "ttH_hww": 0.02826784002654547, 
            "ZH_htt": 0.0020594817092561765, 
            "ZH_hww": 0.031276136012078355
        }
    }, 
    "ww2l2v_13TeV_sr_2j_B3": {
        "Vg": {
            "Wg": 0.0, 
            "Zg": 0.16268312407990712, 
            "ZgS": 0.15810491707831423, 
            "WgS": 0.6792119588417787
        },