{"2000,1000": 0.00010005039709037594, "1500,350": 0.0008070245197099004, "950,550": 0.012719336790939716, "1800,1600": 3.221011055359209e-05, "1900,800": 0.0001522507037889541, "1000,750": 0.004628260598824609, "700,400": 0.059172895866615574, "1100,700": 0.004933512189938742, "1150,1050": 1.716480760936011e-05, "1400,800": 0.0012561959306961951, "1400,700": 0.001331832006264961, "450,330": 0.012309948809223354, "750,500": 0.029279488605398682, "1400,1100": 0.0006216531819614312, "850,330": 0.006290313234044125, "1900,700": 0.00015369113437507204, "950,650": 0.009013493825061948, "850,500": 0.022253603604112344, "1700,700": 0.00035247447054896896, "1600,900": 0.0005097947839277011, "1050,750": 0.004669302937653938, "700,550": 0.010778766948303388, "1800,1000": 0.00021842246458544324, "1700,1400": 0.0001413280528827069, "1600,1000": 0.00047866814345057284, "1800,1300": 0.0001744102299639596, "1700,500": 0.0003594377834425925, "1000,500": 0.010807514771252602, "1800,400": 0.0002347623756288792, "1700,400": 0.00035993271701701996, "1900,1100": 0.0001434022141866228, "800,400": 0.036350807334291094, "1000,600": 0.009179647496433392, "1900,1600": 5.747679862154837e-05, "1050,450": 0.008629373364716579, "2100,600": 7.028717030658668e-05, "1800,800": 0.00022849256402308272, "1600,600": 0.0005522772036052614, "1300,350": 0.002139468108695733, "1300,600": 0.0022245753524334595, "900,700": 0.005452285050598023, "500,350": 0.07993908396426191, "1200,800": 0.0027494862647874942, "1600,350": 0.000509973465759895, "1150,350": 0.004704808127978431, "2000,600": 0.00010371889235525673, "1400,400": 0.0014251188005053048, "2000,1400": 8.49924643253408e-05, "900,650": 0.009264292380251631, "2100,1600": 5.0238639994179745e-05, "900,350": 0.019681743445315588, "1500,600": 0.0008668268824992174, "1900,350": 0.000141121316762641, "800,650": 0.004521962107263211, "2000,800": 0.0001024468450742727, "1000,450": 0.01133539636515302, "800,550": 0.01961963278596483, "950,700": 0.006506718551979867, "850,450": 0.025305314829620784, "1900,1400": 0.00011375704145109489, "1700,1000": 0.0003242692785157106, "1000,350": 0.010917451801923758, "850,750": 0.00014714267930439128, "1800,600": 0.00023343332024857545, "2000,1700": 3.743113143842638e-05, "1200,1100": 1.2510211321882318e-05, "1500,500": 0.00087999631179536, "900,550": 0.015608062410716961, "700,500": 0.027328633273161644, "1200,1000": 0.0007443101257851302, "1500,400": 0.0008853767256722022, "430,330": 0.0027361437893297516, "1800,1100": 0.00020957117897901794, "2100,400": 7.029641734697141e-05, "2000,350": 9.441096780130059e-05, "1700,600": 0.00035667973175087717, "1000,800": 0.0026816380323766674, "1100,600": 0.00586060159714863, "2000,1800": 1.3166448699013895e-05, "1500,700": 0.0008465408414068307, "650,350": 0.08286342845841262, "750,400": 0.04719206852623941, "1500,800": 0.000815660264774739, "1050,850": 0.0019162778618974472, "1150,650": 0.004374385011737676, "800,330": 0.008558730550949712, "700,330": 0.015706283281374432, "850,350": 0.02657992984073979, "550,450": 0.0025962751575469515, "1500,1200": 0.00037170412572847385, "550,400": 0.04884435050640089, "1050,900": 0.000704753726801424, "600,450": 0.028534864046646954, "1200,330": 0.0008381697441488491, "1300,900": 0.0015809102073901821, "1200,350": 0.0035968341339131155, "1000,700": 0.006451086017645612, "1400,1300": 3.849753892690154e-06, "1150,550": 0.004794148832756288, "1200,500": 0.003812111397248054, "800,700": 0.00022234065589456334, "1500,1300": 0.00013962693555762194, "1050,350": 0.008197042321684857, "1700,1500": 5.156082318735252e-05, "1500,1000": 0.0006903109243519175, "1100,750": 0.004258536153347457, "2100,800": 6.961060073152853e-05, "750,550": 0.01774291723060091, "900,400": 0.020714247210594432, "700,450": 0.04454692612365959, "500,330": 0.028318823197253318, "1100,450": 0.006584571983623711, "1900,1700": 2.0448293953304228e-05, "2100,700": 7.000422391619027e-05, "1300,1000": 0.0010651527213156803, "2000,700": 0.00010318786080795763, "1300,500": 0.0022996877423855874, "1500,900": 0.0007675413383348084, "1200,400": 0.003918179118308902, "1100,500": 0.006405830842460516, "1100,850": 0.002422127703942274, "750,650": 0.00034311884936445486, "600,500": 0.0014826499343032669, "1800,500": 0.00023475945363562287, "650,550": 0.0008819531198853182, "950,600": 0.011091188178188422, "1600,500": 0.0005581938454436293, "950,850": 6.799095099757216e-05, "2100,350": 6.388106432569041e-05, "1800,1500": 8.944511217484613e-05, "2100,1200": 6.606012970016932e-05, "1600,1300": 0.0002270839406542836, "2100,1300": 6.414223669161377e-05, "550,350": 0.1065484067620379, "2100,1000": 6.837022857285411e-05, "2100,1400": 6.131327182164419e-05, "1700,1100": 0.0003038308033583131, "600,350": 0.10050539163476775, "1700,1200": 0.0002713320084017466, "1000,550": 0.010104773161845515, "1150,850": 0.002520305224332569, "550,330": 0.030520347642539022, "1900,1200": 0.00013741563288715753, "1100,400": 0.006706303132202968, "600,330": 0.026384504803353005, "650,330": 0.020795639270689475, "650,400": 0.06917743304848731, "1100,330": 0.0014454341810546418, "950,750": 0.003798450093942966, "1000,900": 4.7294204836469406e-05, "2000,1300": 9.125330481364647e-05, "700,350": 0.0642221029574747, "950,350": 0.014623339136724091, "1200,900": 0.001876551346006524, "1100,1000": 2.3791392639430473e-05, "1400,600": 0.0013798962856335782, "1600,700": 0.0005432498138173891, "1050,800": 0.003330531773865761, "1200,600": 0.0036165084595051445, "1500,1400": 2.231031507189795e-06, "1100,900": 0.0013845263399568943, "1900,400": 0.0001552183694115931, "1900,1800": 3.1224157248751863e-07, "800,600": 0.011762064608685702, "950,450": 0.014894128576782389, "800,350": 0.035919444156199694, "900,370": 0.021116756310467884, "1400,900": 0.001134041670000198, "1300,800": 0.0019066698384369212, "1400,500": 0.0014105398609319487, "2000,1100": 9.811668330791656e-05, "850,700": 0.0030211593348627064, "1400,1200": 0.00023740097964658046, "2000,500": 0.00010404809933131623, "2100,2000": 1.2894296943210985e-07, "2000,1600": 5.970688565548549e-05, "1050,550": 0.007920990331967833, "1050,700": 0.0057988863574182665, "1500,1100": 0.0005647519275324407, "1000,850": 0.0009935007955078079, "1900,600": 0.00015471580030266185, "2000,900": 0.00010143609842341798, "1800,900": 0.00022437456309764696, "1300,1100": 0.00041416994135146676, "1300,400": 0.0023386568678087417, "850,550": 0.01827795785409483, "1900,1300": 0.00012823723530053425, "950,500": 0.013961642632962172, "2100,1900": 8.589160725833157e-06, "900,500": 0.017829208988060695, "800,450": 0.03217950789512577, "2100,1700": 3.970110781071014e-05, "1050,950": 3.334129120851712e-05, "1700,1600": 8.035405759094616e-07, "1400,350": 0.0013008848170237908, "1700,900": 0.0003375188636148488, "1150,330": 0.0010972411739796587, "2100,1500": 5.699730592865287e-05, "850,650": 0.00794264853907936, "750,330": 0.011636439468533348, "1800,1400": 0.0001401199544583941, "600,400": 0.06978620836203836, "1000,650": 0.007975897626841671, "1600,1200": 0.0003487422721430846, "1050,400": 0.00884110498068283, "1050,650": 0.006696582898324707, "1100,550": 0.006169388751779783, "1600,1100": 0.0004289584197728853, "700,370": 0.06584158797523294, "950,330": 0.0034329860051242615, "750,600": 0.0069034280613025, "900,750": 0.002054044598106536, "750,350": 0.04834059013875102, "1700,1300": 0.0002192633196058731, "900,450": 0.01950491184871638, "1400,1000": 0.0009338586464196229, "850,400": 0.02753619271884384, "900,600": 0.012748847712984518, "900,800": 9.919868706176353e-05, "1150,950": 0.0010104339165031959, "2100,500": 7.045537296934501e-05, "1800,700": 0.00023139398971472046, "2000,400": 0.00010387057359738193, "800,500": 0.026597855053186237, "1600,800": 0.0005298888880578131, "1150,450": 0.005041842446291947, "650,500": 0.01727303957196783, "1100,800": 0.003414439072089101, "1150,750": 0.0036675851985588396, "1000,400": 0.011708225938268887, "1900,1000": 0.00014744121789059324,