{
    "ww2l2v_13TeV_sr_2j_B11": {
        "Vg": {
            "Wg": 0.7790582205440401, 
            "Zg": 0.09690802959234618, 
            "ZgS": -0.02800949532636918, 
            "WgS": 0.15204324518998297
        }, 
        "Higgs": {
            "qqH_htt": 0.002685330698119402, 
            "qqH_hww": 0.0897446421594271, 
            "ggZH_hww": 0.013197629847585933, 
            "WH_htt": 0.008172615405681838, 
            "ggH_htt": 0.016298848959436677, 
            "WH_hww": 0.1529096780386491, 
            "ggH_hww": 0.6202788503610003, 
            "ttH_hww": 0.044214853088457254, 
            "ZH_htt": 0.0005862951903794615, 
            "ZH_hww": 0.05191125625126273
        }
    }, 
    "ww2l2v_13TeV_sr_2j_B10": {
        "Vg": {
            "Wg": 0.6696297819211601, 
            "Zg": 0.15439880758474311, 
            "ZgS": 0.0076795747944870905, 
            "WgS": 0.16829183569960968
        }, 
        "Higgs": {
            "qqH_htt": 0.0011546643915237972, 
            "qqH_hww": 0.07810024331603613, 
            "ggZH_hww": 0.00844858043518288, 
            "WH_htt": 0.009531324189858482, 
            "ggH_htt": 0.016529628650435113, 
            "WH_hww": 0.06358726148959223, 
            "ggH_hww": 0.7290049261427052, 
            "ttH_hww": 0.0417459178140493, 
            "ZH_htt": 0.0013162489449995926, 
            "ZH_hww": 0.05058120462561728
        }
    }, 
    "ww2l2v_13TeV_sr_2j_B13": {
        "Vg": {
            "Wg": 0.0, 
            "Zg": 0.21086448514191009, 
            "ZgS": 0.33212935567568513, 
            "WgS": 0.45700615918240484
        }, 
        "Higgs": {
            "qqH_htt": 0.001738269153068302, 
            "qqH_hww": 0.0917250812076792, 
            "ggZH_hww": 0.011358973836598587, 
            "WH_htt": 0.0056907992886674925, 
            "ggH_htt": 0.0030505079913346824, 
            "WH_hww": 0.10952682997001997, 
            "ggH_hww": 0.7087582211760154, 
            "ttH_hww": 0.02979918308933824, 
            "ZH_htt": 0.0017491054023549457, 
            "ZH_hww": 0.0366030288849231
        }
    }, 
    "ww2l2v_13TeV_sr_2j_B12": {
        "Vg": {
            "Wg": 0.0, 
            "Zg": 0.330485722460175, 
            "ZgS": 0.0, 
            "WgS": 0.6695142775398251
        }, 
        "Higgs": {
            "qqH_htt": 0.0022666223385846883, 
            "qqH_hww": 0.09090592166726805, 
            "ggZH_hww": 0.01384390456294744, 
            "WH_htt": 0.008873043897223333, 
            "ggH_htt": 0.016087326716862478, 
            "WH_hww": 0.1746616462290467, 
            "ggH_hww": 0.6148887030204675, 
            "ttH_hww": 0.03774613703014216, 
            "ZH_htt": 0.0013878574647711289, 
            "ZH_hww": 0.039338837072686525
        }
    }, 
    "ww2l2v_13TeV_top_2j": {
        "Vg": {
            "Wg": 0.259811922808217, 
            "Zg": 0.10202351012605648, 
            "ZgS": -0.10773587969672258, 
            "WgS": 0.7459004467624489
        }, 
        "Higgs": {
            "qqH_htt": 0.006606735260803393, 
            "qqH_hww": 0.004538656156231933, 
            "ggZH_hww": 0.0030262990810152133, 
            "WH_htt": 0.007554085781828812, 
            "ggH_htt": 0.021748959197258045, 
            "WH_hww": 0.015435866873265348, 
            "ggH_hww": 0.05368312110575388, 
            "ttH_hww": 0.8758843051313197, 
            "ZH_htt": 0.0053942085624794425, 
            "ZH_hww": 0.006127762850044189
        }
    }, 
    "ww2l2v_13TeV_sr_2j_B5": {
        "Vg": {
            "Wg": 0.491168694666456, 
            "Zg": 0.17821643235409032, 
            "ZgS": -0.06867512615317331, 
            "WgS": 0.39928999913262697
        }, 
        "Higgs": {
            "qqH_htt": 0.0009058495476994692, 
            "qqH_hww": 0.14397861091456526, 
            "ggZH_hww": 0.02123270541294455, 
            "WH_htt": 0.018527816882564593, 
            "ggH_htt": 0.005530143156218095, 
            "WH_hww": 0.12136424980890644, 
            "ggH_hww": 0.583748243467212, 
            "ttH_hww": 0.05842594391097171, 
            "ZH_htt": 0.0045669568121448345, 
            "ZH_hww": 0.04171948008677303
        }
    }, 
    "ww2l2v_13TeV_sr_2j_B4": {
        "Vg": {
            "Wg": 0.0, 
            "Zg": 0.26276501325737645, 
            "ZgS": 0.32102088395446904, 
            "WgS": 0.41621410278815435
        }, 
        "Higgs": {
            "qqH_htt": 0.0017114142713467342, 
            "qqH_hww": 0.06951191958787928, 
            "ggZH_hww": 0.01769860327283857, 
            "WH_htt": 0.011192134464117882, 
            "ggH_htt": 0.008269663522078457, 
            "WH_hww": 0.07619004165757981, 
            "ggH_hww": 0.7288410303153637, 
            "ttH_hww": 0.04477105480908295, 
            "ZH_htt": 0.0020449254288941302, 
            "ZH_hww": 0.03976921267081845
        }
    }, 
    "ww2l2v_13TeV_sr_2j_B7": {
        "Vg": {
            "Wg": 0.2909413994367007, 
            "Zg": 0.2088584917195962, 
            "ZgS": 0.07265472802680795, 
            "WgS": 0.42754538081689514
        }, 
        "Higgs": {
            "qqH_htt": 0.0006973769975642045, 
            "qqH_hww": 0.128375931481721, 
            "ggZH_hww": 0.024006411314583795, 
            "WH_htt": 0.021968248789962067, 
            "ggH_htt": 0.0068122971395012605, 
            "WH_hww": 0.14063063566465397, 
            "ggH_hww": 0.5063395200849008, 
            "ttH_hww": 0.10096104184885264, 
            "ZH_htt": 0.003997755640809145, 
            "ZH_hww": 0.06621078103745119
        }
    }, 
    "ww2l2v_13TeV_sr_2j_B6": {
        "Vg": {
            "Wg": 0.5784086398470729, 
            "Zg": 0.047097503649724606, 
            "ZgS": 0.03575573690819533, 
            "WgS": 0.33873811959500705
        }, 
        "Higgs": {
            "qqH_htt": 0.0006919409808966823, 
            "qqH_hww": 0.1580027725784043, 
            "ggZH_hww": 0.020522671653052414, 
            "WH_htt": 0.027744879196394186, 
            "ggH_htt": 0.015785757454869938, 
            "WH_hww": 0.10945021413268159, 
            "ggH_hww": 0.5392410220717808, 
            "ttH_hww": 0.09536905434018705, 
            "ZH_htt": 0.003145825514892871, 
            "ZH_hww": 0.030045862076839996
        }
    }, 
    "ww2l2v_13TeV_sr_2j_B1": {
        "Vg": {
            "Wg": 0.30900989713496435, 
            "Zg": 0.001958466824905537, 
            "ZgS": 0.0, 
            "WgS": 0.6890316360401301
        }, 
        "Higgs": {
            "qqH_htt": 0.002765668853556439, 
            "qqH_hww": 0.08690561076775741, 
            "ggZH_hww": 0.01307829901435039, 
            "WH_htt": 0.009930054220200435, 
            "ggH_htt": 0.004916979314454736, 
            "WH_hww": 0.10842233141699016, 
            "ggH_hww": 0.6870157096881588, 
            "ttH_hww": 0.0349187031043219, 
            "ZH_htt": 0.0021683521383970904, 
            "ZH_hww": 0.04987829148181264
        }
    }, 
    "ww2l2v_13TeV_sr_2j_B0": {
        "Vg": {
            "Wg": 0.6424691018739946, 
            "Zg": 0.0, 
            "ZgS": 0.0, 
            "WgS": 0.35753089812600536
        }, 
        "Higgs": {
            "qqH_htt": 0.0, 
            "qqH_hww": 0.08825465134476597, 
            "ggZH_hww": 0.016027876227225825, 
            "WH_htt": 0.007141430508779152, 
            "ggH_htt": 0.014779237035062039, 
            "WH_hww": 0.13042505936681023, 
            "ggH_hww": 0.6777090249272391, 
            "ttH_hww": 0.030371800301041266, 
            "ZH_htt": 0.0023456396971035967, 
            "ZH_hww": 0.03294528059197286
        }
    }, 
    "ww2l2v_13TeV_sr_2j_B3": {
        "Vg": {
            "Wg": 1.153654194501619, 
            "Zg": -0.1626345260530036, 
            "ZgS": -0.1297763865145066, 
            "WgS": 0.1387567180658913
        }, 
        "Higgs": {
            "qqH_htt": 0.002436610823297908, 
            "qqH_hww": 0.06323656764550142,