{
    "ww2l2v_13TeV_top_1j": {
        "Vg": {
            "Wg": 0.51580797440716, 
            "Zg": 0.09589985723760516, 
            "ZgS": 0.032519569568561904, 
            "WgS": 0.35577259878667283
        }, 
        "Higgs": {
            "qqH_htt": 0.041767158175090455, 
            "qqH_hww": 0.08861215923033489, 
            "ggZH_hww": 0.03209055306983835, 
            "WH_htt": 0.05771451479002278, 
            "ggH_htt": 0.11496967813908997, 
            "WH_hww": 0.11034671185121972, 
            "ggH_hww": 0.3483793334576851, 
            "ttH_hww": 0.15156726167585635, 
            "ZH_htt": 0.01850425979008497, 
            "ZH_hww": 0.03604836982077737
        }
    }, 
    "ww2l2v_13TeV_sr_1j_B6": {
        "Vg": {
            "Wg": 0.6415317773506316, 
            "Zg": 0.041694429008747515, 
            "ZgS": 0.010379992636058478, 
            "WgS": 0.30639380100456254
        }, 
        "Higgs": {
            "qqH_htt": 0.002189469303910044, 
            "qqH_hww": 0.16767523889124586, 
            "ggZH_hww": 0.03647956485770668, 
            "WH_htt": 0.018107513361889146, 
            "ggH_htt": 0.007797170926256861, 
            "WH_hww": 0.08552255925233634, 
            "ggH_hww": 0.6566825403779709, 
            "ttH_hww": 0.004687890361953179, 
            "ZH_htt": 0.0026425520178259537, 
            "ZH_hww": 0.01821550064890502
        }
    }, 
    "ww2l2v_13TeV_sr_1j_B7": {
        "Vg": {
            "Wg": 0.6513811124111906, 
            "Zg": 0.031050412412998045, 
            "ZgS": 0.01067505293434701, 
            "WgS": 0.3068934222414643
        }, 
        "Higgs": {
            "qqH_htt": 0.0017451789907894993, 
            "qqH_hww": 0.1997605530609257, 
            "ggZH_hww": 0.06438560672416582, 
            "WH_htt": 0.036776833033167165, 
            "ggH_htt": 0.006486966399134702, 
            "WH_hww": 0.1381108835019748, 
            "ggH_hww": 0.5139268228060785, 
            "ttH_hww": 0.00997860807552868, 
            "ZH_htt": 0.004020615337760473, 
            "ZH_hww": 0.02480793207047482
        }
    }, 
    "ww2l2v_13TeV_sr_1j_B4": {
        "Vg": {
            "Wg": 0.5363391238882591, 
            "Zg": 0.11649612711340157, 
            "ZgS": 0.012203000512323023, 
            "WgS": 0.33496174848601634
        }, 
        "Higgs": {
            "qqH_htt": 0.0013454569898611525, 
            "qqH_hww": 0.14229093858171354, 
            "ggZH_hww": 0.025810206972428855, 
            "WH_htt": 0.009347620304382211, 
            "ggH_htt": 0.0064980414568708775, 
            "WH_hww": 0.06293010453211248, 
            "ggH_hww": 0.7301296652063137, 
            "ttH_hww": 0.0012071241935379042, 
            "ZH_htt": 0.0021724420986212, 
            "ZH_hww": 0.018268399664157997
        }
    }, 
    "ww2l2v_13TeV_sr_1j_B5": {
        "Vg": {
            "Wg": 0.7068049860836312, 
            "Zg": 0.01890614296048758, 
            "ZgS": 0.018105416440439934, 
            "WgS": 0.2561834545154412
        }, 
        "Higgs": {
            "qqH_htt": 0.001081385472582166, 
            "qqH_hww": 0.1512424703914421, 
            "ggZH_hww": 0.028373970267814394, 
            "WH_htt": 0.012161566239238154, 
            "ggH_htt": 0.008662344907753352, 
            "WH_hww": 0.07032650795857613, 
            "ggH_hww": 0.7054944655250767, 
            "ttH_hww": 0.0012948754177915644, 
            "ZH_htt": 0.00257602254734634, 
            "ZH_hww": 0.01878639127237916
        }
    }, 
    "ww2l2v_13TeV_sr_1j_B2": {
        "Vg": {
            "Wg": 0.5578936318694788, 
            "Zg": 0.06851099984665478, 
            "ZgS": 0.009578765425532586, 
            "WgS": 0.36401660285833387
        }, 
        "Higgs": {
            "qqH_htt": 0.0007043120810485132, 
            "qqH_hww": 0.11213585551025468, 
            "ggZH_hww": 0.016241623039633446, 
            "WH_htt": 0.00807690516084112, 
            "ggH_htt": 0.007176956880061214, 
            "WH_hww": 0.050074555548895575, 
            "ggH_hww": 0.7905544172780168, 
            "ttH_hww": 0.001614740932355389, 
            "ZH_htt": 0.0013088066481955732, 
            "ZH_hww": 0.012111826920697713
        }
    }, 
    "ww2l2v_13TeV_top_2j": {
        "Vg": {
            "Wg": 0.6213403909494045, 
            "Zg": 0.06411867292447945, 
            "ZgS": 0.045799021435057194, 
            "WgS": 0.26874191469105885
        }, 
        "Higgs": {
            "qqH_htt": 0.0063424098875287825, 
            "qqH_hww": 0.007258627875398396, 
            "ggZH_hww": 0.026489269694988424, 
            "WH_htt": 0.007564305521225967, 
            "ggH_htt": 0.021093902979556402, 
            "WH_hww": 0.01966303358277694, 
            "ggH_hww": 0.03592232858014234, 
            "ttH_hww": 0.8611544879450429, 
            "ZH_htt": 0.00542355740224423, 
            "ZH_hww": 0.009088076531095654
        }
    }, 
    "ww2l2v_13TeV_sr_1j_B3": {
        "Vg": {
            "Wg": 0.6143899273386648, 
            "Zg": 0.08366194307425368, 
            "ZgS": 0.013219113598118597, 
            "WgS": 0.28872901598896294
        }, 
        "Higgs": {
            "qqH_htt": 0.0004745470202484257, 
            "qqH_hww": 0.13438715287425135, 
            "ggZH_hww": 0.018736681157934584, 
            "WH_htt": 0.00891573351161785, 
            "ggH_htt": 0.007245701785545875, 
            "WH_hww": 0.05213603654384851, 
            "ggH_hww": 0.7606131911649333, 
            "ttH_hww": 0.0013435059435174628, 
            "ZH_htt": 0.0015461192951907968, 
            "ZH_hww": 0.014601330702911806
        }
    }, 
    "ww2l2v_13TeV_sr_2j_B3": {
        "Vg": {
            "Wg": 0.4452356859757846, 
            "Zg": 0.15545392278384854, 
            "ZgS": 0.024654825760535525, 
            "WgS": 0.37465556547983125
        }, 
        "Higgs": {
            "qqH_htt": 0.0010800050606215932, 
            "qqH_hww": 0.10478428585965766, 
            "ggZH_hww": 0.09766604965610343, 
            "WH_htt": 0.00765740486359063, 
            "ggH_htt": 0.0068568754009900815, 
            "WH_hww": 0.10185090701930939, 
            "ggH_hww": 0.6042442472722684, 
            "ttH_hww": 0.0296966850147865, 
            "ZH_htt": 0.0018426587730392874, 
            "ZH_hww": 0.04432088107963295
        }
    }, 
    "ww2l2v_13TeV_top_0j": {
        "Vg": {
            "Wg": 0.4487739499906057, 
            "Zg": 0.12996636035571488, 
            "ZgS": 0.07549187070688733, 
            "WgS": 0.3457678189467922
        }, 
        "Higgs": {
            "qqH_htt": 0.0047835461814780674, 
            "qqH_hww": 0.01223890063525674, 
            "ggZH_hww": 0.00693312805103779, 
            "WH_htt": 0.10352913477455918, 
            "ggH_htt": 0.05001682629204274, 
            "WH_hww": 0.15681531884409736, 
            "ggH_hww": 0.612500921427019, 
            "ttH_hww": 0.01698647702929837, 
            "ZH_htt": 0.011807720100278607, 
            "ZH_hww": 0.024388026664932203
        }
    }, 
    "ww2l2v_13TeV_sr_2j_B2": {
        "Vg": {
            "Wg": 0.6714620348699147, 
            "Zg": 0.060065086481956485, 
            "ZgS": 0.013957079902867995, 
            "WgS": 0.2545157987452608
        }, 
        "Higgs": {
            "qqH_htt": 0.0010403028565962016, 
            "qqH_hww": 0.1157662791802758, 
            "ggZH_hww": 0.09027261539553895, 
            "WH_htt": 0.007825204896830246, 
            "ggH_htt": 0.0, 
            "WH_hww": 0.10629876748699948, 
            "ggH_hww": 0.6029145916950114, 
            "ttH_hww": 0.0363639860166897, 
            "ZH_htt": 0.0012690306128201921, 
            "ZH_hww": 0.038249221859237945
        }
    }, 
    "ww2l2v_13TeV_sr_0j_B7": {
        "Vg": {
            "Wg": 0.5977752415348916, 
            "Zg": 0.07933604893090651, 
            "ZgS": -0.000492715959036666, 
            "WgS": 0.32338142549323845
        },