{
    "ww2l2v_13TeV_top_1j": {
        "Vg": {
            "Wg": 0.5468302264217989, 
            "Zg": 0.11462768319215391, 
            "ZgS": 0.016591826444500683, 
            "WgS": 0.3219502639415466
        }, 
        "Higgs": {
            "qqH_htt": 0.049924431950369434, 
            "qqH_hww": 0.08102207967458036, 
            "ggZH_hww": 0.029267996636479613, 
            "WH_htt": 0.060040137624871155, 
            "ggH_htt": 0.14457422222218078, 
            "WH_hww": 0.10167367428646526, 
            "ggH_hww": 0.3323968486106855, 
            "ttH_hww": 0.147467439719775, 
            "ZH_htt": 0.018482094791940927, 
            "ZH_hww": 0.03515107448265189
        }
    }, 
    "ww2l2v_13TeV_sr_1j_B6": {
        "Vg": {
            "Wg": 0.6538348293902677, 
            "Zg": 0.04703559535490896, 
            "ZgS": 0.01585011946536825, 
            "WgS": 0.28327945578945524
        }, 
        "Higgs": {
            "qqH_htt": 0.0019505352783447491, 
            "qqH_hww": 0.16637070434457332, 
            "ggZH_hww": 0.035524246274118626, 
            "WH_htt": 0.01984481298852498, 
            "ggH_htt": 0.006915864913105625, 
            "WH_hww": 0.08711791278727846, 
            "ggH_hww": 0.6569099840345792, 
            "ttH_hww": 0.004131209916618609, 
            "ZH_htt": 0.0030155919672969086, 
            "ZH_hww": 0.018219137495559385
        }
    }, 
    "ww2l2v_13TeV_sr_1j_B7": {
        "Vg": {
            "Wg": 0.6889415750947279, 
            "Zg": 0.03905119827109221, 
            "ZgS": 0.011650362503235763, 
            "WgS": 0.2603568641309443
        }, 
        "Higgs": {
            "qqH_htt": 0.0017260479200584867, 
            "qqH_hww": 0.19902121191681693, 
            "ggZH_hww": 0.06408708381274399, 
            "WH_htt": 0.03831796917743087, 
            "ggH_htt": 0.008103454464912714, 
            "WH_hww": 0.1391987668463912, 
            "ggH_hww": 0.5067040428203031, 
            "ttH_hww": 0.01227199770442059, 
            "ZH_htt": 0.0048221646299017274, 
            "ZH_hww": 0.025747260707020467
        }
    }, 
    "ww2l2v_13TeV_sr_1j_B4": {
        "Vg": {
            "Wg": 0.6019069456183861, 
            "Zg": 0.0978744215049844, 
            "ZgS": 0.010598725512196329, 
            "WgS": 0.2896199073644332
        }, 
        "Higgs": {
            "qqH_htt": 0.0013047900162449992, 
            "qqH_hww": 0.13785670419938714, 
            "ggZH_hww": 0.02430382542550582, 
            "WH_htt": 0.010537732489531916, 
            "ggH_htt": 0.007906917352667934, 
            "WH_hww": 0.06439940240891627, 
            "ggH_hww": 0.7311630645527079, 
            "ttH_hww": 0.0010371725582638753, 
            "ZH_htt": 0.0021868200580688934, 
            "ZH_hww": 0.0193035709387054
        }
    }, 
    "ww2l2v_13TeV_sr_2j_B6": {
        "Vg": {
            "Wg": 0.7267578073667817, 
            "Zg": -0.008996250471709998, 
            "ZgS": 0.04095238792789214, 
            "WgS": 0.24128605517703616
        }, 
        "Higgs": {
            "qqH_htt": 0.0016323020367401875, 
            "qqH_hww": 0.09574693379606596, 
            "ggZH_hww": 0.1298457151334524, 
            "WH_htt": 0.011184793519541245, 
            "ggH_htt": 0.004879968030738842, 
            "WH_hww": 0.10334568516470291, 
            "ggH_hww": 0.5571906014522114, 
            "ttH_hww": 0.058591732838075346, 
            "ZH_htt": 0.0031603402555352112, 
            "ZH_hww": 0.034421927772936366
        }
    }, 
    "ww2l2v_13TeV_sr_2j_B1": {
        "Vg": {
            "Wg": 0.575376975061572, 
            "Zg": 0.11103920242970851, 
            "ZgS": 0.05907284030613082, 
            "WgS": 0.2545109822025887
        }, 
        "Higgs": {
            "qqH_htt": 0.0016620872273768695, 
            "qqH_hww": 0.1111666929760321, 
            "ggZH_hww": 0.07998684480671052, 
            "WH_htt": 0.009857311827407412, 
            "ggH_htt": 0.006288820845651629, 
            "WH_hww": 0.10604064684759408, 
            "ggH_hww": 0.6084746823497347, 
            "ttH_hww": 0.03335426830580906, 
            "ZH_htt": 0.0017438090215952569, 
            "ZH_hww": 0.04142483579208827
        }
    }, 
    "ww2l2v_13TeV_top_2j": {
        "Vg": {
            "Wg": 0.6692278957545972, 
            "Zg": 0.10659802779963506, 
            "ZgS": 0.023458976342181692, 
            "WgS": 0.20071510010358612
        }, 
        "Higgs": {
            "qqH_htt": 0.006415784739474695, 
            "qqH_hww": 0.0070973660514031065, 
            "ggZH_hww": 0.024475123039770164, 
            "WH_htt": 0.008604335039687407, 
            "ggH_htt": 0.023237363344796577, 
            "WH_hww": 0.019609999862186072, 
            "ggH_hww": 0.035232356034743964, 
            "ttH_hww": 0.860383851764978, 
            "ZH_htt": 0.005843530153976564, 
            "ZH_hww": 0.009100289968983476
        }
    }, 
    "ww2l2v_13TeV_sr_2j_B0": {
        "Vg": {
            "Wg": 0.6288107686680201, 
            "Zg": 0.10968397806022234, 
            "ZgS": 0.024993087458262786, 
            "WgS": 0.23651216581349488
        }, 
        "Higgs": {
            "qqH_htt": 0.0009467496099155411, 
            "qqH_hww": 0.1202836046382044, 
            "ggZH_hww": 0.06972217080275687, 
            "WH_htt": 0.007763029600357577, 
            "ggH_htt": 0.004928643258695572, 
            "WH_hww": 0.10606195653046432, 
            "ggH_hww": 0.6180654679734406, 
            "ttH_hww": 0.027788801226287692, 
            "ZH_htt": 0.002390077375135055, 
            "ZH_hww": 0.042049498984742556
        }
    }, 
    "ww2l2v_13TeV_sr_1j_B0": {
        "Vg": {
            "Wg": 0.5482439224063292, 
            "Zg": 0.10771353508490947, 
            "ZgS": 0.0383247056114977, 
            "WgS": 0.3057178368972635
        }, 
        "Higgs": {
            "qqH_htt": 0.0006327673302644649, 
            "qqH_hww": 0.10425095750799385, 
            "ggZH_hww": 0.009334476531718972, 
            "WH_htt": 0.0060516750234146915, 
            "ggH_htt": 0.0015504195091086874, 
            "WH_hww": 0.04023141557136085, 
            "ggH_hww": 0.8223318476531181, 
            "ttH_hww": 0.0009579224533248179, 
            "ZH_htt": 0.0009217136203248217, 
            "ZH_hww": 0.01373680479937083
        }
    }, 
    "ww2l2v_13TeV_top_0j": {
        "Vg": {
            "Wg": 0.47949156195283504, 
            "Zg": 0.1375852449363862, 
            "ZgS": 0.07082799573188928, 
            "WgS": 0.3120951973788896
        }, 
        "Higgs": {
            "qqH_htt": 0.004041494197113449, 
            "qqH_hww": 0.013017209717403298, 
            "ggZH_hww": 0.008476385640548974, 
            "WH_htt": 0.10817829140226855, 
            "ggH_htt": 0.05024389874470229, 
            "WH_hww": 0.15238140940748152, 
            "ggH_hww": 0.6147241418712691, 
            "ttH_hww": 0.01431865263237852, 
            "ZH_htt": 0.012244228899994247, 
            "ZH_hww": 0.02237428748684008
        }
    }, 
    "ww2l2v_13TeV_sr_1j_B1": {
        "Vg": {
            "Wg": 0.7100529868158276, 
            "Zg": 0.07217367474802583, 
            "ZgS": 0.00843772624706171, 
            "WgS": 0.2093356121890849
        }, 
        "Higgs": {
            "qqH_htt": 0.0008776033873853569, 
            "qqH_hww": 0.10799066059153564, 
            "ggZH_hww": 0.01233310828515179, 
            "WH_htt": 0.007396380354526405, 
            "ggH_htt": 0.0024939706435279495, 
            "WH_hww": 0.04640372130689989, 
            "ggH_hww": 0.8097962716488604, 
            "ttH_hww": 0.0008124655065604818, 
            "ZH_htt": 0.0009648924372553784, 
            "ZH_hww": 0.010930925838296699
        }
    }, 
    "ww2l2v_13TeV_sr_0j_B7": {
        "Vg": {
            "Wg": 0.6696970661936329, 
            "Zg": 0.0940825791629053, 
            "ZgS": 0.009992177755538506, 
            "WgS": 0.2262281768879232
        },