{
    "PS_ISR": {
        "ggWW_B6": [
            0.9909076134810034, 
            1.0074647577565186
        ], 
        "ggWW_B7": [
            0.9865748186050181, 
            1.01095125455838
        ], 
        "ggWW_B4": [
            0.9983003306328104, 
            1.0013966206262852
        ], 
        "ggWW_B5": [
            0.9944503469889285, 
            1.0044861730179
        ], 
        "ggWW_B2": [
            1.0101911275805426, 
            0.9919286088902747
        ], 
        "ggWW_B3": [
            1.0030650592672081, 
            0.9975465748554875
        ], 
        "ggWW_B0": [
            1.0173946650304033, 
            0.9861203843817096
        ], 
        "ggWW_B1": [
            1.0178965712452954, 
            0.9857856667095992
        ], 
        "WW_B6": [
            0.9988614943020468, 
            1.0007256470384065
        ], 
        "WW_B7": [
            0.9979197831011888, 
            1.0016862873057566
        ], 
        "WW_B4": [
            1.0005303200418032, 
            0.999671314546154
        ], 
        "WW_B5": [
            0.9994897741157782, 
            1.0003086957647676
        ], 
        "WW_B2": [
            1.0003636066446273, 
            0.9997263821407257
        ], 
        "WW_B3": [
            1.0006955416909362, 
            0.9995415776800028
        ], 
        "WW_B0": [
            1.0018134987452842, 
            0.998645667682087
        ], 
        "WW_B1": [
            1.001381874247696, 
            0.9989550765019864
        ]
    }, 
    "PS_FSR": {
        "ggWW_B6": [
            1.000382004774083, 
            1.0000356257507148
        ], 
        "ggWW_B7": [
            0.9990857345716279, 
            1.000414866226805
        ], 
        "ggWW_B4": [
            0.9986508394904471, 
            1.000721681055814
        ], 
        "ggWW_B5": [
            0.9993086470536848, 
            1.0005133074785193
        ], 
        "ggWW_B2": [
            0.9968922940550796, 
            1.0017941826634296
        ], 
        "ggWW_B3": [
            0.9993311400751768, 
            0.9996410665538674
        ], 
        "ggWW_B0": [
            0.999804505051825, 
            1.0002455394283545
        ], 
        "ggWW_B1": [
            0.999454353384922, 
            0.9994871436507422
        ], 
        "WW_B6": [
            0.9913304786073024, 
            1.0034713217769864
        ], 
        "WW_B7": [
            0.9977174009777936, 
            0.9996329188697852
        ], 
        "WW_B4": [
            1.0003660113006247, 
            0.9981005178061461
        ], 
        "WW_B5": [
            1.0004983401868655, 
            0.9979743339502551
        ], 
        "WW_B2": [
            0.9953802851281431, 
            1.0020544612416113
        ], 
        "WW_B3": [
            0.9968505680955823, 
            1.001550125549177
        ], 
        "WW_B0": [
            0.9971560459913074, 
            1.0013031606483487
        ], 
        "WW_B1": [
            1.0045653112221573, 
            0.999125748342207
        ]
    }, 
    "QCDscale_WW": {
        "ggWW_B6": [
            1.0, 
            1.0
        ], 
        "ggWW_B7": [
            1.0, 
            1.0
        ], 
        "ggWW_B4": [
            1.0, 
            1.0
        ], 
        "ggWW_B5": [
            1.0, 
            1.0
        ], 
        "ggWW_B2": [
            1.0, 
            1.0
        ], 
        "ggWW_B3": [
            1.0, 
            1.0
        ], 
        "ggWW_B0": [
            1.0, 
            1.0
        ], 
        "ggWW_B1": [
            1.0, 
            1.0
        ], 
        "WW_B6": [
            0.9808345201716371, 
            1.0145410836608664
        ], 
        "WW_B7": [
            0.9634986546157118, 
            1.0310593862459307
        ], 
        "WW_B4": [
            0.9881061162712114, 
            1.0077467471669979
        ], 
        "WW_B5": [
            0.985176656297536, 
            1.0104824532281524
        ], 
        "WW_B2": [
            0.9928318220796551, 
            1.0033956084580624
        ], 
        "WW_B3": [
            0.9959039690550986, 
            1.0001918174031674
        ], 
        "WW_B0": [
            0.9963802244051274, 
            1.0001162677630386
        ], 
        "WW_B1": [
            0.994058913145418, 
            1.0022319410071698
        ]
    }, 
    "CMS_hww_WWresum": {
        "WW_B6": [
            0.9820887687695012, 
            1.054026497255317
        ], 
        "WW_B7": [
            0.9850471667322509, 
            1.041787774440941
        ], 
        "WW_B4": [
            0.9848222715239564, 
            1.0540360050815962
        ], 
        "WW_B5": [
            0.9827472329073716, 
            1.055453373882305
        ], 
        "WW_B2": [
            0.9886057186480806, 
            1.0496101917870089
        ], 
        "WW_B3": [
            0.9845916980728732, 
            1.0559472221761783
        ], 
        "WW_B0": [
            0.9921964606124717, 
            1.044717516842632
        ], 
        "WW_B1": [
            0.9896692656868059, 
            1.048443858137265
        ]
    }, 
    "CMS_hww_WWqscale": {
        "WW_B6": [
            1.0224330625461295, 
            0.9775493854172412
        ], 
        "WW_B7": [
            1.0386213536619069, 
            0.9569581500884713
        ], 
        "WW_B4": [
            1.0081064221504732, 
            0.9943366854521385
        ], 
        "WW_B5": [
            1.0155909548567144, 
            0.9856807211889638
        ], 
        "WW_B2": [
            0.9986244919462032, 
            1.0048746985973762
        ], 
        "WW_B3": [
            1.0046930692534726, 
            0.9985229552542636
        ], 
        "WW_B0": [
            0.9924102755577164, 
            1.0123481488779371
        ], 
        "WW_B1": [
            0.9961720351543502, 
            1.0079074944512028
        ]
    }, 
    "pdf_WW": {
        "WW_B6": [
            0.9905947879852482, 
            1.0095855197049453
        ], 
        "WW_B7": [
            0.9887572862273291, 
            1.011501326005237
        ], 
        "WW_B4": [
            0.9895946783161716, 
            1.0106264652626684
        ], 
        "WW_B5": [
            0.9900243393107775, 
            1.0101787400022348
        ], 
        "WW_B2": [
            0.9885669087301506, 
            1.0117006402455353
        ], 
        "WW_B3": [
            0.9888835616242171, 
            1.0113692085891075
        ], 
        "WW_B0": [
            0.986945698488298, 
            1.0134042682297313
        ], 
        "WW_B1": [
            0.9880140446736696, 
            1.012280338503726
        ]
    }
}