{
    "PS_ISR": {
        "ggWW_B6": [
            0.990904262140714, 
            1.007517198346719
        ], 
        "ggWW_B7": [
            0.9863816947693616, 
            1.0111207588762712
        ], 
        "ggWW_B4": [
            0.9986171857788664, 
            1.001176318233352
        ], 
        "ggWW_B5": [
            0.9943974037471689, 
            1.004575021823796
        ], 
        "ggWW_B2": [
            1.0098795175323254, 
            0.9921740497288741
        ], 
        "ggWW_B3": [
            1.0026825917047488, 
            0.9979136919202446
        ], 
        "ggWW_B0": [
            1.017004697221236, 
            0.9864214838970099
        ], 
        "ggWW_B1": [
            1.0175510886472858, 
            0.9860181630779205
        ], 
        "WW_B6": [
            0.9980925068105881, 
            1.0014417780777314
        ], 
        "WW_B7": [
            0.9977257318141757, 
            1.0017769638383591
        ], 
        "WW_B4": [
            0.9998227359872507, 
            1.000107512131088
        ], 
        "WW_B5": [
            0.9993674080898644, 
            1.0004778534781296
        ], 
        "WW_B2": [
            1.000062194043313, 
            0.9999671588355554
        ], 
        "WW_B3": [
            1.0000776823371247, 
            0.9999785894755748
        ], 
        "WW_B0": [
            1.001201136208346, 
            0.9991205044240105
        ], 
        "WW_B1": [
            1.0012597695933467, 
            0.9989418325604595
        ]
    }, 
    "PS_FSR": {
        "ggWW_B6": [
            1.0002019558839823, 
            0.9998761608044511
        ], 
        "ggWW_B7": [
            0.9997879704506807, 
            1.0001038430704368
        ], 
        "ggWW_B4": [
            0.9993821646255634, 
            1.0001388220096643
        ], 
        "ggWW_B5": [
            0.9994255745084403, 
            1.000408830211389
        ], 
        "ggWW_B2": [
            0.9984114214515298, 
            1.0008852865724518
        ], 
        "ggWW_B3": [
            1.0004376773311703, 
            0.9998889099673545
        ], 
        "ggWW_B0": [
            1.0001678084528214, 
            1.0000009067474014
        ], 
        "ggWW_B1": [
            0.9991255603019501, 
            0.9997881238027478
        ], 
        "WW_B6": [
            0.9970182592378257, 
            1.0007442393624166
        ], 
        "WW_B7": [
            1.0003174091587768, 
            0.9987882742367055
        ], 
        "WW_B4": [
            1.002481593117341, 
            0.9981165712137519
        ], 
        "WW_B5": [
            0.998703588303902, 
            1.0003486486716238
        ], 
        "WW_B2": [
            0.9951408162011797, 
            1.0019729226493628
        ], 
        "WW_B3": [
            0.9981965674544614, 
            1.0009013704374825
        ], 
        "WW_B0": [
            1.0003939414402239, 
            0.9994943175537098
        ], 
        "WW_B1": [
            1.0011408468846477, 
            0.9994068602113086
        ]
    }, 
    "QCDscale_WW": {
        "ggWW_B6": [
            1.0, 
            1.0
        ], 
        "ggWW_B7": [
            1.0, 
            1.0
        ], 
        "ggWW_B4": [
            1.0, 
            1.0
        ], 
        "ggWW_B5": [
            1.0, 
            1.0
        ], 
        "ggWW_B2": [
            1.0, 
            1.0
        ], 
        "ggWW_B3": [
            1.0, 
            1.0
        ], 
        "ggWW_B0": [
            1.0, 
            1.0
        ], 
        "ggWW_B1": [
            1.0, 
            1.0
        ], 
        "WW_B6": [
            0.9809946288656565, 
            1.0144274619712736
        ], 
        "WW_B7": [
            0.9634837999225725, 
            1.0311019225696076
        ], 
        "WW_B4": [
            0.9882600358393265, 
            1.0076013349464972
        ], 
        "WW_B5": [
            0.9854636282391833, 
            1.0101965854595367
        ], 
        "WW_B2": [
            0.9926588407478394, 
            1.0035445697050442
        ], 
        "WW_B3": [
            0.993210329464327, 
            1.0028340140119214
        ], 
        "WW_B0": [
            0.9963919971353234, 
            1.000108412404255
        ], 
        "WW_B1": [
            0.9941206797076885, 
            1.0021787192437606
        ]
    }, 
    "CMS_hww_WWresum": {
        "WW_B6": [
            0.9823684026904175, 
            1.0535053348421848
        ], 
        "WW_B7": [
            0.9849396343021799, 
            1.041918251481985
        ], 
        "WW_B4": [
            0.984479774021161, 
            1.0545426704357568
        ], 
        "WW_B5": [
            0.9828548198673122, 
            1.0552964190430247
        ], 
        "WW_B2": [
            0.9878722622250411, 
            1.0509151997211104
        ], 
        "WW_B3": [
            0.9849340649316408, 
            1.0550740214423473
        ], 
        "WW_B0": [
            0.9922819609927137, 
            1.044597872129413
        ], 
        "WW_B1": [
            0.9894229506127403, 
            1.0490242578253433
        ]
    }, 
    "CMS_hww_WWqscale": {
        "WW_B6": [
            1.02226627288476, 
            0.9776148191579661
        ], 
        "WW_B7": [
            1.038963947016563, 
            0.9566484251139236
        ], 
        "WW_B4": [
            1.0087064810262032, 
            0.9936421247277911
        ], 
        "WW_B5": [
            1.0153199039174703, 
            0.9858608656098423
        ], 
        "WW_B2": [
            0.9993231340603536, 
            1.004153986082745
        ], 
        "WW_B3": [
            1.0048974139420028, 
            0.9981234289725146
        ], 
        "WW_B0": [
            0.9923504922553723, 
            1.0124507422445932
        ], 
        "WW_B1": [
            0.9963310198265368, 
            1.0079540223832082
        ]
    }, 
    "pdf_WW": {
        "WW_B6": [
            0.9906088892675271, 
            1.0095708729885569
        ], 
        "WW_B7": [
            0.9888106409773855, 
            1.0114454945173055
        ], 
        "WW_B4": [
            0.9898450104368887, 
            1.0103655129140279
        ], 
        "WW_B5": [
            0.9899764888078604, 
            1.0102285634322241
        ], 
        "WW_B2": [
            0.98864097198505, 
            1.0116230818394178
        ], 
        "WW_B3": [
            0.9891478470323658, 
            1.0110929170326253
        ], 
        "WW_B0": [
            0.9868498150599149, 
            1.0135053814680683
        ], 
        "WW_B1": [
            0.9881326643356337, 
            1.0121558507875297
        ]
    }
}