{
    "PS_ISR": {
        "ggWW_B6": [
            0.9909042621403423, 
            1.0075171983463345
        ], 
        "ggWW_B7": [
            0.9863816947692245, 
            1.0111207588761304
        ], 
        "ggWW_B4": [
            0.9986171857786145, 
            1.0011763182330953
        ], 
        "ggWW_B5": [
            0.9943974037468007, 
            1.0045750218234324
        ], 
        "ggWW_B2": [
            1.0098795175320172, 
            0.992174049728577
        ], 
        "ggWW_B3": [
            1.0026825917044422, 
            0.9979136919199398
        ], 
        "ggWW_B0": [
            1.0170046972212328, 
            0.9864214838970069
        ], 
        "ggWW_B1": [
            1.0175510886470311, 
            0.9860181630776716
        ], 
        "WW_B6": [
            0.9980925068105888, 
            1.0014417780777332
        ], 
        "WW_B7": [
            0.9977257318141752, 
            1.0017769638383558
        ], 
        "WW_B4": [
            0.9998227359872544, 
            1.0001075121310896
        ], 
        "WW_B5": [
            0.9993674080898644, 
            1.0004778534781296
        ], 
        "WW_B2": [
            1.0000621940433143, 
            0.9999671588355575
        ], 
        "WW_B3": [
            1.0000776823371251, 
            0.9999785894755769
        ], 
        "WW_B0": [
            1.0012011362083488, 
            0.9991205044240113
        ], 
        "WW_B1": [
            1.0012597695933478, 
            0.9989418325604583
        ]
    }, 
    "PS_FSR": {
        "ggWW_B6": [
            1.000201955883606, 
            0.9998761608040683
        ], 
        "ggWW_B7": [
            0.9997879704505422, 
            1.0001038430702969
        ], 
        "ggWW_B4": [
            0.9993821646253075, 
            1.00013882200941
        ], 
        "ggWW_B5": [
            0.9994255745080726, 
            1.0004088302110221
        ], 
        "ggWW_B2": [
            0.9984114214512311, 
            1.0008852865721505
        ], 
        "ggWW_B3": [
            1.0004376773308643, 
            0.9998889099670488
        ], 
        "ggWW_B0": [
            1.0001678084528127, 
            1.0000009067473867
        ], 
        "ggWW_B1": [
            0.9991255603016942, 
            0.9997881238024942
        ], 
        "WW_B6": [
            0.997018259237826, 
            1.0007442393624197
        ], 
        "WW_B7": [
            1.0003174091587825, 
            0.9987882742367029
        ], 
        "WW_B4": [
            1.0024815931173425, 
            0.9981165712137547
        ], 
        "WW_B5": [
            0.9987035883038992, 
            1.0003486486716189
        ], 
        "WW_B2": [
            0.9951408162011841, 
            1.0019729226493648
        ], 
        "WW_B3": [
            0.9981965674544623, 
            1.000901370437482
        ], 
        "WW_B0": [
            1.0003939414402263, 
            0.9994943175537141
        ], 
        "WW_B1": [
            1.0011408468846474, 
            0.9994068602113084
        ]
    }, 
    "QCDscale_WW": {
        "ggWW_B6": [
            1.0, 
            1.0
        ], 
        "ggWW_B7": [
            1.0, 
            1.0
        ], 
        "ggWW_B4": [
            1.0, 
            1.0
        ], 
        "ggWW_B5": [
            1.0, 
            1.0
        ], 
        "ggWW_B2": [
            1.0, 
            1.0
        ], 
        "ggWW_B3": [
            1.0, 
            1.0
        ], 
        "ggWW_B0": [
            1.0, 
            1.0
        ], 
        "ggWW_B1": [
            1.0, 
            1.0
        ], 
        "WW_B6": [
            0.9809946288656552, 
            1.014427461971272
        ], 
        "WW_B7": [
            0.9634837999225698, 
            1.031101922569609
        ], 
        "WW_B4": [
            0.9882600358393285, 
            1.007601334946498
        ], 
        "WW_B5": [
            0.9854636282391781, 
            1.0101965854595367
        ], 
        "WW_B2": [
            0.992658840747842, 
            1.003544569705046
        ], 
        "WW_B3": [
            0.9932103294643261, 
            1.0028340140119243
        ], 
        "WW_B0": [
            0.9963919971353264, 
            1.0001084124042536
        ], 
        "WW_B1": [
            0.994120679707685, 
            1.002178719243759
        ]
    }, 
    "CMS_hww_WWresum": {
        "WW_B6": [
            0.982368402690414, 
            1.0535053348421828
        ], 
        "WW_B7": [
            0.9849396343021789, 
            1.0419182514819847
        ], 
        "WW_B4": [
            0.9844797740211605, 
            1.0545426704357561
        ], 
        "WW_B5": [
            0.9828548198673136, 
            1.055296419043024
        ], 
        "WW_B2": [
            0.9878722622250423, 
            1.0509151997211124
        ], 
        "WW_B3": [
            0.9849340649316418, 
            1.0550740214423473
        ], 
        "WW_B0": [
            0.9922819609927137, 
            1.0445978721294178
        ], 
        "WW_B1": [
            0.9894229506127377, 
            1.0490242578253426
        ]
    }, 
    "CMS_hww_WWqscale": {
        "WW_B6": [
            1.0222662728847585, 
            0.9776148191579649
        ], 
        "WW_B7": [
            1.0389639470165597, 
            0.9566484251139235
        ], 
        "WW_B4": [
            1.0087064810262039, 
            0.9936421247277913
        ], 
        "WW_B5": [
            1.0153199039174652, 
            0.9858608656098408
        ], 
        "WW_B2": [
            0.9993231340603544, 
            1.0041539860827446
        ], 
        "WW_B3": [
            1.004897413942005, 
            0.9981234289725146
        ], 
        "WW_B0": [
            0.9923504922553781, 
            1.012450742244596
        ], 
        "WW_B1": [
            0.9963310198265376, 
            1.0079540223832077
        ]
    }, 
    "pdf_WW": {
        "WW_B6": [
            0.9907797209379106, 
            1.009393500453186
        ], 
        "WW_B7": [
            0.9893318804761483, 
            1.0109006994531717
        ], 
        "WW_B4": [
            0.9899693839886476, 
            1.0102359620204195
        ], 
        "WW_B5": [
            0.9901115433360399, 
            1.010087965482972
        ], 
        "WW_B2": [
            0.9887287351040238, 
            1.0115312074842266
        ], 
        "WW_B3": [
            0.9892329956384234, 
            1.011003963814344
        ], 
        "WW_B0": [
            0.9868900230352833, 
            1.0134629755637514
        ], 
        "WW_B1": [
            0.9881975673875444, 
            1.0120877626199707
        ]
    }
}