{
    "PS_ISR": {
        "ggWW_B6": [
            0.990904262140714, 
            1.0075171983467193
        ], 
        "ggWW_B7": [
            0.9863816947693616, 
            1.0111207588762712
        ], 
        "ggWW_B4": [
            0.9986171857788663, 
            1.0011763182333517
        ], 
        "ggWW_B5": [
            0.9943974037471687, 
            1.0045750218237959
        ], 
        "ggWW_B2": [
            1.0098795175323254, 
            0.9921740497288741
        ], 
        "ggWW_B3": [
            1.0026825917047488, 
            0.9979136919202446
        ], 
        "ggWW_B0": [
            1.017004697221236, 
            0.9864214838970102
        ], 
        "ggWW_B1": [
            1.0175510886472858, 
            0.9860181630779206
        ], 
        "WW_B6": [
            0.998092506810588, 
            1.0014417780777314
        ], 
        "WW_B7": [
            0.9977257318141759, 
            1.0017769638383593
        ], 
        "WW_B4": [
            0.9998227359872507, 
            1.000107512131088
        ], 
        "WW_B5": [
            0.9993674080898646, 
            1.0004778534781296
        ], 
        "WW_B2": [
            1.000062194043313, 
            0.9999671588355554
        ], 
        "WW_B3": [
            1.0000776823371245, 
            0.9999785894755746
        ], 
        "WW_B0": [
            1.0012011362083462, 
            0.9991205044240107
        ], 
        "WW_B1": [
            1.0012597695933467, 
            0.9989418325604595
        ]
    }, 
    "PS_FSR": {
        "ggWW_B6": [
            1.0002019558839823, 
            0.9998761608044513
        ], 
        "ggWW_B7": [
            0.9997879704506807, 
            1.0001038430704368
        ], 
        "ggWW_B4": [
            0.9993821646255634, 
            1.000138822009664
        ], 
        "ggWW_B5": [
            0.9994255745084402, 
            1.0004088302113887
        ], 
        "ggWW_B2": [
            0.9984114214515298, 
            1.0008852865724513
        ], 
        "ggWW_B3": [
            1.0004376773311703, 
            0.9998889099673545
        ], 
        "ggWW_B0": [
            1.0001678084528216, 
            1.0000009067474014
        ], 
        "ggWW_B1": [
            0.99912556030195, 
            0.9997881238027478
        ], 
        "WW_B6": [
            0.9970182592378259, 
            1.0007442393624166
        ], 
        "WW_B7": [
            1.000317409158777, 
            0.9987882742367057
        ], 
        "WW_B4": [
            1.002481593117341, 
            0.9981165712137519
        ], 
        "WW_B5": [
            0.9987035883039022, 
            1.0003486486716238
        ], 
        "WW_B2": [
            0.9951408162011797, 
            1.0019729226493626
        ], 
        "WW_B3": [
            0.9981965674544612, 
            1.000901370437482
        ], 
        "WW_B0": [
            1.0003939414402239, 
            0.9994943175537098
        ], 
        "WW_B1": [
            1.0011408468846477, 
            0.9994068602113086
        ]
    }, 
    "QCDscale_WW": {
        "ggWW_B6": [
            1.0, 
            1.0
        ], 
        "ggWW_B7": [
            1.0, 
            1.0
        ], 
        "ggWW_B4": [
            1.0, 
            1.0
        ], 
        "ggWW_B5": [
            1.0, 
            1.0
        ], 
        "ggWW_B2": [
            1.0, 
            1.0
        ], 
        "ggWW_B3": [
            1.0, 
            1.0
        ], 
        "ggWW_B0": [
            1.0, 
            1.0
        ], 
        "ggWW_B1": [
            1.0, 
            1.0
        ], 
        "WW_B6": [
            0.9809946288656566, 
            1.0144274619712736
        ], 
        "WW_B7": [
            0.9634837999225727, 
            1.0311019225696079
        ], 
        "WW_B4": [
            0.9882600358393265, 
            1.0076013349464972
        ], 
        "WW_B5": [
            0.9854636282391834, 
            1.010196585459537
        ], 
        "WW_B2": [
            0.9926588407478396, 
            1.0035445697050442
        ], 
        "WW_B3": [
            0.9932103294643267, 
            1.0028340140119214
        ], 
        "WW_B0": [
            0.9963919971353234, 
            1.000108412404255
        ], 
        "WW_B1": [
            0.9941206797076886, 
            1.0021787192437606
        ]
    }, 
    "CMS_hww_WWresum": {
        "WW_B6": [
            0.9823684026904175, 
            1.0535053348421848
        ], 
        "WW_B7": [
            0.9849396343021801, 
            1.0419182514819851
        ], 
        "WW_B4": [
            0.9844797740211608, 
            1.0545426704357568
        ], 
        "WW_B5": [
            0.9828548198673122, 
            1.0552964190430247
        ], 
        "WW_B2": [
            0.9878722622250411, 
            1.0509151997211104
        ], 
        "WW_B3": [
            0.9849340649316406, 
            1.055074021442347
        ], 
        "WW_B0": [
            0.9922819609927137, 
            1.044597872129413
        ], 
        "WW_B1": [
            0.9894229506127403, 
            1.049024257825343
        ]
    }, 
    "CMS_hww_WWqscale": {
        "WW_B6": [
            1.0222662728847602, 
            0.9776148191579661
        ], 
        "WW_B7": [
            1.0389639470165632, 
            0.956648425113924
        ], 
        "WW_B4": [
            1.0087064810262032, 
            0.9936421247277911
        ], 
        "WW_B5": [
            1.0153199039174705, 
            0.9858608656098424
        ], 
        "WW_B2": [
            0.9993231340603534, 
            1.0041539860827449
        ], 
        "WW_B3": [
            1.0048974139420026, 
            0.9981234289725144
        ], 
        "WW_B0": [
            0.9923504922553723, 
            1.0124507422445934
        ], 
        "WW_B1": [
            0.9963310198265368, 
            1.0079540223832082
        ]
    }, 
    "pdf_WW": {
        "WW_B6": [
            0.9906088892675271, 
            1.0095708729885569
        ], 
        "WW_B7": [
            0.9888106409773857, 
            1.0114454945173055
        ], 
        "WW_B4": [
            0.9898450104368884, 
            1.0103655129140279
        ], 
        "WW_B5": [
            0.9899764888078603, 
            1.0102285634322243
        ], 
        "WW_B2": [
            0.98864097198505, 
            1.0116230818394178
        ], 
        "WW_B3": [
            0.9891478470323658, 
            1.011092917032625
        ], 
        "WW_B0": [
            0.9868498150599151, 
            1.0135053814680683
        ], 
        "WW_B1": [
            0.9881326643356336, 
            1.0121558507875297
        ]
    }
}