{
    "ww2l2v_13TeV_sr_2j_B10": {
        "Vg": {
            "Wg": 0.5454705928403392, 
            "Zg": 0.0703176986023994, 
            "ZgS": 0.052397119557444624, 
            "WgS": 0.3318145889998166
        }, 
        "Higgs": {
            "qqH_htt": 0.0009936802159505292, 
            "qqH_hww": 0.1979552678773207, 
            "ggZH_hww": 0.015828443295006923, 
            "WH_htt": 0.011939748177409787, 
            "ggH_htt": 0.013372873239122597, 
            "WH_hww": 0.07100563135662775, 
            "ggH_hww": 0.5869884526913938, 
            "ttH_hww": 0.07714834442632558, 
            "ZH_htt": 0.002469920887070526, 
            "ZH_hww": 0.02229763783377177
        }
    }, 
    "ww2l2v_13TeV_top_2j": {
        "Vg": {
            "Wg": 0.5431061054664561, 
            "Zg": 0.1616838746335343, 
            "ZgS": 0.031119735701200517, 
            "WgS": 0.2640902841988092
        }, 
        "Higgs": {
            "qqH_htt": 0.004140216392707613, 
            "qqH_hww": 0.006748959739769971, 
            "ggZH_hww": 0.0029269348311439067, 
            "WH_htt": 0.007091249557085688, 
            "ggH_htt": 0.020387355416552563, 
            "WH_hww": 0.018709270688561, 
            "ggH_hww": 0.04115756847665371, 
            "ttH_hww": 0.884913987579195, 
            "ZH_htt": 0.004691542618350568, 
            "ZH_hww": 0.009232914699979949
        }
    }, 
    "ww2l2v_13TeV_sr_2j_B5": {
        "Vg": {
            "Wg": 0.5397123015115481, 
            "Zg": 0.0625618715896667, 
            "ZgS": 0.007780352368019219, 
            "WgS": 0.38994547453076595
        }, 
        "Higgs": {
            "qqH_htt": 0.002508238616783553, 
            "qqH_hww": 0.06344371196934712, 
            "ggZH_hww": 0.008438658962589043, 
            "WH_htt": 0.015454127135171266, 
            "ggH_htt": 0.007857140265406362, 
            "WH_hww": 0.10068616586840948, 
            "ggH_hww": 0.6928267005366813, 
            "ttH_hww": 0.06472227583204042, 
            "ZH_htt": 0.003295197533301222, 
            "ZH_hww": 0.0407677832802701
        }
    }, 
    "ww2l2v_13TeV_sr_2j_B4": {
        "Vg": {
            "Wg": 0.4832318097561856, 
            "Zg": 0.04898855241557926, 
            "ZgS": 0.12227113683405537, 
            "WgS": 0.34550850099417973
        }, 
        "Higgs": {
            "qqH_htt": 0.0020201539089845363, 
            "qqH_hww": 0.052159401413013215, 
            "ggZH_hww": 0.02222450613416773, 
            "WH_htt": 0.012619823641443425, 
            "ggH_htt": 0.0028507447291193488, 
            "WH_hww": 0.14720673144904278, 
            "ggH_hww": 0.6080773746678337, 
            "ttH_hww": 0.049169571017633265, 
            "ZH_htt": 0.0036853804651498143, 
            "ZH_hww": 0.09998631257361221
        }
    }, 
    "ww2l2v_13TeV_sr_2j_B7": {
        "Vg": {
            "Wg": 0.3358626587311392, 
            "Zg": 0.058810628868552484, 
            "ZgS": 0.07750821835590051, 
            "WgS": 0.5278184940444078
        }, 
        "Higgs": {
            "qqH_htt": 0.0013593915803971665, 
            "qqH_hww": 0.09132561276727971, 
            "ggZH_hww": 0.008535452344596722, 
            "WH_htt": 0.014317654295764138, 
            "ggH_htt": 0.017179313762063272, 
            "WH_hww": 0.09739114758872786, 
            "ggH_hww": 0.6636815718460126, 
            "ttH_hww": 0.06894230609220986, 
            "ZH_htt": 0.0032134332963902356, 
            "ZH_hww": 0.0340541164265585
        }
    }, 
    "ww2l2v_13TeV_sr_2j_B6": {
        "Vg": {
            "Wg": 0.47502152703766715, 
            "Zg": 0.0690693204800378, 
            "ZgS": 0.04570325697141727, 
            "WgS": 0.41020589551087777
        }, 
        "Higgs": {
            "qqH_htt": 0.0006287122230093863, 
            "qqH_hww": 0.07583455920733934, 
            "ggZH_hww": 0.010429183175137363, 
            "WH_htt": 0.015618257158899976, 
            "ggH_htt": 0.005175823495663105, 
            "WH_hww": 0.09619315667692803, 
            "ggH_hww": 0.6898633594576803, 
            "ttH_hww": 0.0667849375244627, 
            "ZH_htt": 0.0030502154297932125, 
            "ZH_hww": 0.036421795651086594
        }
    }, 
    "ww2l2v_13TeV_sr_2j_B1": {
        "Vg": {
            "Wg": 0.6606182996018949, 
            "Zg": 0.0026580158768471866, 
            "ZgS": 0.03075888739909822, 
            "WgS": 0.3059647971221598
        }, 
        "Higgs": {
            "qqH_htt": 0.0008398972780666728, 
            "qqH_hww": 0.08303133929055857, 
            "ggZH_hww": 0.008928255202069997, 
            "WH_htt": 0.010525990169774974, 
            "ggH_htt": 0.01278775408804704, 
            "WH_hww": 0.10448210822814633, 
            "ggH_hww": 0.7170148834458099, 
            "ttH_hww": 0.025391973581095538, 
            "ZH_htt": 0.0024012220173076017, 
            "ZH_hww": 0.03459657669912323
        }
    }, 
    "ww2l2v_13TeV_sr_2j_B0": {
        "Vg": {
            "Wg": 0.5290911037041471, 
            "Zg": 0.1047961582925307, 
            "ZgS": 0.049381583171116336, 
            "WgS": 0.31673115483220576
        }, 
        "Higgs": {
            "qqH_htt": 0.003543802082039311, 
            "qqH_hww": 0.09961713067450054, 
            "ggZH_hww": 0.004977700883670677, 
            "WH_htt": 0.008053621383610873, 
            "ggH_htt": 0.0021568718676423203, 
            "WH_hww": 0.10782913484966956, 
            "ggH_hww": 0.7268386655522726, 
            "ttH_hww": 0.02183230825646466, 
            "ZH_htt": 0.0012238889306096243, 
            "ZH_hww": 0.02392687551951969
        }
    }, 
    "ww2l2v_13TeV_sr_2j_B3": {
        "Vg": {
            "Wg": 0.5586843110474355, 
            "Zg": 0.0432098297403173, 
            "ZgS": 0.1454505577972087, 
            "WgS": 0.2526553014150384
        }, 
        "Higgs": {
            "qqH_htt": 0.00032634341080898626, 
            "qqH_hww": 0.04383051976420136, 
            "ggZH_hww": 0.022950525630922303, 
            "WH_htt": 0.010767159425555664, 
            "ggH_htt": 0.0131241758380956, 
            "WH_hww": 0.26508300288304676, 
            "ggH_hww": 0.5085267354225587, 
            "ttH_hww": 0.043853744511313665, 
            "ZH_htt": 0.0025468987227291805, 
            "ZH_hww": 0.08899089439076785
        }
    }, 
    "ww2l2v_13TeV_sr_2j_B2": {
        "Vg": {
            "Wg": 0.6640978536593256, 
            "Zg": 0.04551505681738673, 
            "ZgS": -0.009450336364365604, 
            "WgS": 0.2998374258876533
        }, 
        "Higgs": {
            "qqH_htt": 0.0030818863349581956, 
            "qqH_hww": 0.059054316420617585, 
            "ggZH_hww": 0.011934176431146986, 
            "WH_htt": 0.010600814585995764, 
            "ggH_htt": 0.006982723436969022, 
            "WH_hww": 0.18841349327457277, 
            "ggH_hww": 0.6413966870712552, 
            "ttH_hww": 0.03160866898169281, 
            "ZH_htt": 0.0032195174653441394, 
            "ZH_hww": 0.04370771599744748
        }
    }, 
    "ww2l2v_13TeV_sr_2j_B9": {
        "Vg": {
            "Wg": 0.4119989758438402, 
            "Zg": 0.017039487716969174, 
            "ZgS": 0.026190218431165008, 
            "WgS": 0.5447713180080256
        }, 
        "Higgs": {
            "qqH_htt": 0.005261549388801274, 
            "qqH_hww": 0.16138500116192825, 
            "ggZH_hww": 0.014139323840241908, 
            "WH_htt": 0.013547752320347089, 
            "ggH_htt": 0.006533225655063232, 
            "WH_hww": 0.07888940076907254, 
            "ggH_hww": 0.6169089430272243, 
            "ttH_hww": 0.07053947110699114, 
            "ZH_htt": 0.0025140884602649375, 
            "ZH_hww": 0.030281244270065278
        }
    }, 
    "ww2l2v_13TeV_sr_2j_B8": {
        "Vg": {
            "Wg": 0.6623066033230764, 
            "Zg": 0.07962715354246774, 
            "ZgS": 0.05830509656924044, 
            "WgS": 0.19976114656521554
        },