{
    "ww2l2v_13TeV_sr_2j_B10": {
        "Vg": {
            "Wg": 0.5891115413112872, 
            "Zg": 0.04868730292852115, 
            "ZgS": 0.051423767338080545, 
            "WgS": 0.31077738842211117
        }, 
        "Higgs": {
            "qqH_htt": 0.0020939751202825475, 
            "qqH_hww": 0.19859486693316825, 
            "ggZH_hww": 0.015460144624682445, 
            "WH_htt": 0.014577845674066977, 
            "ggH_htt": 0.013999636971808845, 
            "WH_hww": 0.07616792146962192, 
            "ggH_hww": 0.5940307691207509, 
            "ttH_hww": 0.08104876968343312, 
            "ZH_htt": 0.004026070402184933
        }
    }, 
    "ww2l2v_13TeV_top_2j": {
        "Vg": {
            "Wg": 0.557628951667687, 
            "Zg": 0.16572373179524214, 
            "ZgS": 0.03714740554283107, 
            "WgS": 0.23949991099423967
        }, 
        "Higgs": {
            "qqH_htt": 0.005287007031719744, 
            "qqH_hww": 0.006920249598632608, 
            "ggZH_hww": 0.0028523234978014085, 
            "WH_htt": 0.008145351610775118, 
            "ggH_htt": 0.026590482884817017, 
            "WH_hww": 0.018241159908167465, 
            "ggH_hww": 0.03991443546952472, 
            "ttH_hww": 0.8862041761250128, 
            "ZH_htt": 0.005844813873549115
        }
    }, 
    "ww2l2v_13TeV_sr_2j_B5": {
        "Vg": {
            "Wg": 0.5702868293067138, 
            "Zg": 0.06851472484816003, 
            "ZgS": 0.03255182327170346, 
            "WgS": 0.32864662257342286
        }, 
        "Higgs": {
            "qqH_htt": 0.0031179191748231952, 
            "qqH_hww": 0.0657067956602446, 
            "ggZH_hww": 0.00856778881531223, 
            "WH_htt": 0.018750807925052848, 
            "ggH_htt": 0.00996613085351625, 
            "WH_hww": 0.10687437121997916, 
            "ggH_hww": 0.7135780450573422, 
            "ttH_hww": 0.06937821525492394, 
            "ZH_htt": 0.004059926038805345
        }
    }, 
    "ww2l2v_13TeV_sr_2j_B4": {
        "Vg": {
            "Wg": 0.6461159241877039, 
            "Zg": 0.058838329999207115, 
            "ZgS": 0.060596223931811216, 
            "WgS": 0.23444952188127774
        }, 
        "Higgs": {
            "qqH_htt": 0.0023375150917701237, 
            "qqH_hww": 0.056751256064618165, 
            "ggZH_hww": 0.024191316311842095, 
            "WH_htt": 0.01692586894314582, 
            "ggH_htt": 0.004356730759475978, 
            "WH_hww": 0.16254802751879194, 
            "ggH_hww": 0.6719652252738401, 
            "ttH_hww": 0.05567462271159153, 
            "ZH_htt": 0.005249437324924196
        }
    }, 
    "ww2l2v_13TeV_sr_2j_B7": {
        "Vg": {
            "Wg": 0.5148218773212617, 
            "Zg": 0.08352905663021107, 
            "ZgS": 0.037791222794673084, 
            "WgS": 0.3638578432538541
        }, 
        "Higgs": {
            "qqH_htt": 0.0017240615848053342, 
            "qqH_hww": 0.09201617263408433, 
            "ggZH_hww": 0.00860024384329177, 
            "WH_htt": 0.016658607014621477, 
            "ggH_htt": 0.019089558416068565, 
            "WH_hww": 0.10271339148273095, 
            "ggH_hww": 0.684039482246484, 
            "ttH_hww": 0.0716965037836655, 
            "ZH_htt": 0.003461978994247988
        }
    }, 
    "ww2l2v_13TeV_sr_2j_B6": {
        "Vg": {
            "Wg": 0.6013902248253978, 
            "Zg": 0.05924632436869932, 
            "ZgS": 0.03801418332795059, 
            "WgS": 0.3013492674779522
        }, 
        "Higgs": {
            "qqH_htt": 0.0005429779073127397, 
            "qqH_hww": 0.07781955431371886, 
            "ggZH_hww": 0.010061112926573572, 
            "WH_htt": 0.017286044135711342, 
            "ggH_htt": 0.0071794672311332975, 
            "WH_hww": 0.09955602014022973, 
            "ggH_hww": 0.7176750265508481, 
            "ttH_hww": 0.06602309567077028, 
            "ZH_htt": 0.0038567011237021992
        }
    }, 
    "ww2l2v_13TeV_sr_2j_B1": {
        "Vg": {
            "Wg": 0.6498592112691923, 
            "Zg": 0.02838554926487275, 
            "ZgS": 0.010753350706596545, 
            "WgS": 0.3110018887593384
        }, 
        "Higgs": {
            "qqH_htt": 0.0021764656513275, 
            "qqH_hww": 0.08451664260302547, 
            "ggZH_hww": 0.008768028478165957, 
            "WH_htt": 0.011892556882862887, 
            "ggH_htt": 0.011518836699917063, 
            "WH_hww": 0.10737441260685761, 
            "ggH_hww": 0.7451224933632182, 
            "ttH_hww": 0.02566971130061761, 
            "ZH_htt": 0.002960852414007724
        }
    }, 
    "ww2l2v_13TeV_sr_2j_B0": {
        "Vg": {
            "Wg": 0.5868176922545334, 
            "Zg": 0.09371151171027856, 
            "ZgS": 0.026972389636800785, 
            "WgS": 0.29249840639838726
        }, 
        "Higgs": {
            "qqH_htt": 0.0031057049830287924, 
            "qqH_hww": 0.10011903593622742, 
            "ggZH_hww": 0.0051045803236504554, 
            "WH_htt": 0.009569557489191029, 
            "ggH_htt": 0.004703228099761246, 
            "WH_hww": 0.10531631535255334, 
            "ggH_hww": 0.7476088321583111, 
            "ttH_hww": 0.022366200319673082, 
            "ZH_htt": 0.0021065453376036083
        }
    }, 
    "ww2l2v_13TeV_sr_2j_B3": {
        "Vg": {
            "Wg": 0.7196518163286066, 
            "Zg": 0.04245917299524567, 
            "ZgS": 0.07648107928379681, 
            "WgS": 0.1614079313923509
        }, 
        "Higgs": {
            "qqH_htt": 0.0006120347890109573, 
            "qqH_hww": 0.04781168785507923, 
            "ggZH_hww": 0.023922577844988743, 
            "WH_htt": 0.013222190990232616, 
            "ggH_htt": 0.018302032831978017, 
            "WH_hww": 0.28421526287778864, 
            "ggH_hww": 0.5611603226901792, 
            "ttH_hww": 0.0471731594506064, 
            "ZH_htt": 0.0035807306701362805
        }
    }, 
    "ww2l2v_13TeV_sr_2j_B2": {
        "Vg": {
            "Wg": 0.7241116933421925, 
            "Zg": 0.03300621570680141, 
            "ZgS": -0.014019273477164838, 
            "WgS": 0.25690136442817096
        }, 
        "Higgs": {
            "qqH_htt": 0.003367771198035872, 
            "qqH_hww": 0.06371737348964551, 
            "ggZH_hww": 0.012007819874302435, 
            "WH_htt": 0.013205775657814134, 
            "ggH_htt": 0.012152239110785142, 
            "WH_hww": 0.1986151327601719, 
            "ggH_hww": 0.6557844980354277, 
            "ttH_hww": 0.03700191322915692, 
            "ZH_htt": 0.00414747664466049
        }
    }, 
    "ww2l2v_13TeV_sr_2j_B9": {
        "Vg": {
            "Wg": 0.5211834536619755, 
            "Zg": 0.041926702531438986, 
            "ZgS": 0.01548723958398496, 
            "WgS": 0.4214026042226006
        }, 
        "Higgs": {
            "qqH_htt": 0.006409360036663179, 
            "qqH_hww": 0.15894199831015293, 
            "ggZH_hww": 0.01352028293361981, 
            "WH_htt": 0.014549975685199987, 
            "ggH_htt": 0.0055579095009708245, 
            "WH_hww": 0.07931712233895948, 
            "ggH_hww": 0.6471415910900953, 
            "ttH_hww": 0.07107579497334586, 
            "ZH_htt": 0.0034859651309926075
        }
    }, 
    "ww2l2v_13TeV_sr_2j_B8": {
        "Vg": {
            "Wg": 0.6928140104844577, 
            "Zg": 0.05470305419838103, 
            "ZgS": 0.0627640627766459, 
            "WgS": 0.18971887254051548
        }, 
        "Higgs": {
            "qqH_htt": 0.0013327195797969715, 
            "qqH_hww": 0.12453420451952701, 
            "ggZH_hww": 0.012546612043562869, 
            "WH_htt": 0.015545738370206775, 
            "ggH_htt": 0.00997493394783971, 
            "WH_hww": 0.09842211300572916, 
            "ggH_hww": 0.6645555938388014, 
            "ttH_hww": 0.06912007731624385, 
            "ZH_htt": 0.003968007378292305
        }
    }
}