{
    "PS_ISR": {
        "ggWW_B10": [
            0.8648771477535652, 
            1.1324246934820787
        ], 
        "ggWW_B6": [
            0.8852456997999332, 
            1.1089864885629377
        ], 
        "ggWW_B7": [
            0.8804717652468792, 
            1.1144781168039628
        ], 
        "ggWW_B4": [
            0.8942644874743442, 
            1.0989929080056182
        ], 
        "ggWW_B5": [
            0.8896063494022443, 
            1.1043385298798052
        ], 
        "ggWW_B2": [
            0.9034815931320825, 
            1.0894174311605869
        ], 
        "ggWW_B3": [
            0.9004705440606922, 
            1.0924401742797305
        ], 
        "ggWW_B0": [
            0.9182453780693094, 
            1.0748174895528548
        ], 
        "ggWW_B1": [
            0.9086021271858152, 
            1.0839409020804462
        ], 
        "ggWW_B8": [
            0.8757010046510479, 
            1.120103564940053
        ], 
        "ggWW_B9": [
            0.8711282549339652, 
            1.1252992748378563
        ], 
        "WW_B10": [
            0.939124859355523, 
            1.0545188465815885
        ], 
        "WW_B8": [
            0.9472712798491936, 
            1.0467861054269407
        ], 
        "WW_B9": [
            0.9396969281950868, 
            1.0533970996561077
        ], 
        "WW_B6": [
            0.949656063921941, 
            1.0443627370059876
        ], 
        "WW_B7": [
            0.946069819520864, 
            1.047770798353134
        ], 
        "WW_B4": [
            0.9508605141214986, 
            1.0428315457843849
        ], 
        "WW_B5": [
            0.9502746043324445, 
            1.0436135457323281
        ], 
        "WW_B2": [
            0.9600256589615105, 
            1.0341871661302262
        ], 
        "WW_B3": [
            0.9540632691350752, 
            1.0391598260073494
        ], 
        "WW_B0": [
            0.9803513260916826, 
            1.0168625784887193
        ], 
        "WW_B1": [
            0.96978182448141, 
            1.0261354907771763
        ]
    }, 
    "PS_FSR": {
        "ggWW_B10": [
            1.037975208364682, 
            0.9789164020474619
        ], 
        "ggWW_B6": [
            1.0316181947738667, 
            0.9809114274723341
        ], 
        "ggWW_B7": [
            1.0354130301567666, 
            0.9792919687863058
        ], 
        "ggWW_B4": [
            1.033505227593986, 
            0.9837291343781455
        ], 
        "ggWW_B5": [
            1.036243344793563, 
            0.9806025964806349
        ], 
        "ggWW_B2": [
            1.0101140342452113, 
            0.9999997507831273
        ], 
        "ggWW_B3": [
            1.0207124813652562, 
            0.9902831216865926
        ], 
        "ggWW_B0": [
            0.9657827225030362, 
            1.030654768274762
        ], 
        "ggWW_B1": [
            1.0043525869068444, 
            1.0045039072809643
        ], 
        "ggWW_B8": [
            1.03376487246255, 
            0.977647327619322
        ], 
        "ggWW_B9": [
            1.0367800311869655, 
            0.9781199523243355
        ], 
        "WW_B10": [
            1.0207576033934536, 
            0.9926156942337863
        ], 
        "WW_B8": [
            1.022597464285952, 
            0.982332630918577
        ], 
        "WW_B9": [
            1.0120243496746277, 
            0.9865651363381017
        ], 
        "WW_B6": [
            1.0146882717908794, 
            0.9865772809562595
        ], 
        "WW_B7": [
            1.0186343476909985, 
            0.98463267999836
        ], 
        "WW_B4": [
            1.0060747167384096, 
            0.9992320122756368
        ], 
        "WW_B5": [
            1.022811005831611, 
            0.9853018285560359
        ], 
        "WW_B2": [
            1.010845117360782, 
            1.005675928011128
        ], 
        "WW_B3": [
            1.003425668543829, 
            0.9999952815083256
        ], 
        "WW_B0": [
            0.965022049470172, 
            1.0312214414436318
        ], 
        "WW_B1": [
            0.9912968192954071, 
            1.0173947250439608
        ]
    }, 
    "QCDscale_WW": {
        "ggWW_B10": [
            1.0, 
            1.0
        ], 
        "ggWW_B6": [
            1.0, 
            1.0
        ], 
        "ggWW_B7": [
            1.0, 
            1.0
        ], 
        "ggWW_B4": [
            1.0, 
            1.0
        ], 
        "ggWW_B5": [
            1.0, 
            1.0
        ], 
        "ggWW_B2": [
            1.0, 
            1.0
        ], 
        "ggWW_B3": [
            1.0, 
            1.0
        ], 
        "ggWW_B0": [
            1.0, 
            1.0
        ], 
        "ggWW_B1": [
            1.0, 
            1.0
        ], 
        "ggWW_B8": [
            1.0, 
            1.0
        ], 
        "ggWW_B9": [
            1.0, 
            1.0
        ], 
        "WW_B10": [
            0.9435487864966418, 
            1.0507099828150728
        ], 
        "WW_B8": [
            0.9521398104719665, 
            1.0424174205636432
        ], 
        "WW_B9": [
            0.9449618639751971, 
            1.0495461551778658
        ], 
        "WW_B6": [
            0.9577475748411063, 
            1.0370070690263284
        ], 
        "WW_B7": [
            0.9543673589646324, 
            1.0403048796255516
        ], 
        "WW_B4": [
            0.9634990947714075, 
            1.031281975574521
        ], 
        "WW_B5": [
            0.96220135390418, 
            1.0326959565602742
        ], 
        "WW_B2": [
            0.9654796503643709, 
            1.029506175084375
        ], 
        "WW_B3": [
            0.964016076876666, 
            1.030841080781276
        ], 
        "WW_B0": [
            0.9721239047906147, 
            1.0232715689266454
        ], 
        "WW_B1": [
            0.9659323341136135, 
            1.0290898766481569
        ]
    }, 
    "CMS_hww_WWresum": {
        "WW_B10": [
            0.9964589277074613, 
            1.0073358208992447
        ], 
        "WW_B8": [
            0.9935928040395657, 
            1.0133845136667714
        ], 
        "WW_B9": [
            0.9955055986799729, 
            1.0093670041984297
        ], 
        "WW_B6": [
            0.9909345784617977, 
            1.019105315577958
        ], 
        "WW_B7": [
            0.9928015012932092, 
            1.0151152490291178
        ], 
        "WW_B4": [
            0.9863203962875786, 
            1.0293193437696728
        ], 
        "WW_B5": [
            0.9877753493549631, 
            1.0260233674525936
        ], 
        "WW_B2": [
            0.9925221491847712, 
            1.0155647747744447
        ], 
        "WW_B3": [
            0.9884388536811559, 
            1.0247645638882847
        ], 
        "WW_B0": [
            0.9967832045898671, 
            1.0064734759207672
        ], 
        "WW_B1": [
            0.9962395228953532, 
            1.007570198358739
        ]
    }, 
    "CMS_hww_WWqscale": {
        "WW_B10": [
            1.0717149499550267, 
            0.9177648989289554
        ], 
        "WW_B8": [
            1.0704593225873578, 
            0.9206232230065097
        ], 
        "WW_B9": [
            1.0714749203289429, 
            0.918894674090106
        ], 
        "WW_B6": [
            1.0680968333408705, 
            0.9252904376325356
        ], 
        "WW_B7": [
            1.0695274637388932, 
            0.9225233824397229
        ], 
        "WW_B4": [
            1.0654111277178997, 
            0.9287627502637591
        ], 
        "WW_B5": [
            1.065987194513574, 
            0.9282113932507776
        ], 
        "WW_B2": [
            1.0701417640793345, 
            0.922708147483557
        ],