{
    "PS_ISR": {
        "ggWW_B10": [
            0.8651338864602678, 
            1.1324632730494166
        ], 
        "ggWW_B6": [
            0.8855657643530145, 
            1.1089061671683669
        ], 
        "ggWW_B7": [
            0.8810166181507564, 
            1.1139272063309569
        ], 
        "ggWW_B4": [
            0.8937848046602732, 
            1.099777568625365
        ], 
        "ggWW_B5": [
            0.8893071831535614, 
            1.1044930100141122
        ], 
        "ggWW_B2": [
            0.9031636786806582, 
            1.0898887265298838
        ], 
        "ggWW_B3": [
            0.9005962634181722, 
            1.0923118318323306
        ], 
        "ggWW_B0": [
            0.9175979971985747, 
            1.0755322524961057
        ], 
        "ggWW_B1": [
            0.9088765555323187, 
            1.083838302262947
        ], 
        "ggWW_B8": [
            0.876114064994358, 
            1.1197366036888363
        ], 
        "ggWW_B9": [
            0.8710141642461326, 
            1.1250538223054123
        ], 
        "WW_B10": [
            0.9373264698789964, 
            1.0558750951526068
        ], 
        "WW_B8": [
            0.9438854055392131, 
            1.0491271540576677
        ], 
        "WW_B9": [
            0.9380290580342981, 
            1.0551888539636534
        ], 
        "WW_B6": [
            0.9508724495229552, 
            1.0432890000614856
        ], 
        "WW_B7": [
            0.9473471064031429, 
            1.0464176560432386
        ], 
        "WW_B4": [
            0.9505815142206719, 
            1.0433405952282402
        ], 
        "WW_B5": [
            0.9494895177227972, 
            1.0444434396057063
        ], 
        "WW_B2": [
            0.9633207698813355, 
            1.031542367642217
        ], 
        "WW_B3": [
            0.9537272997738608, 
            1.0394290822507484
        ], 
        "WW_B0": [
            0.9818976259273249, 
            1.0154707335760145
        ], 
        "WW_B1": [
            0.9701481230821892, 
            1.0255106628872066
        ]
    }, 
    "PS_FSR": {
        "ggWW_B10": [
            1.039716920022504, 
            0.9788985161846738
        ], 
        "ggWW_B6": [
            1.0292110013453335, 
            0.9832889036399949
        ], 
        "ggWW_B7": [
            1.038390028027929, 
            0.9794860085916287
        ], 
        "ggWW_B4": [
            1.0330582853853765, 
            0.9846851038607295
        ], 
        "ggWW_B5": [
            1.0400611032874703, 
            0.9782678212185264
        ], 
        "ggWW_B2": [
            1.0050492260576982, 
            1.0022894280708408
        ], 
        "ggWW_B3": [
            1.014297336052395, 
            0.9924523480910447
        ], 
        "ggWW_B0": [
            0.9728273872082897, 
            1.0287398908143792
        ], 
        "ggWW_B1": [
            1.0056374144780504, 
            1.0039167730676322
        ], 
        "ggWW_B8": [
            1.0354594485456907, 
            0.9771789499745813
        ], 
        "ggWW_B9": [
            1.0423709129864767, 
            0.9719838800851424
        ], 
        "WW_B10": [
            1.0260747084532558, 
            0.992012477387026
        ], 
        "WW_B8": [
            1.0303832194626927, 
            0.9792304584184873
        ], 
        "WW_B9": [
            1.0182341701204074, 
            0.989209413311056
        ], 
        "WW_B6": [
            1.0178877202675187, 
            0.9867476383745959
        ], 
        "WW_B7": [
            1.023132844327773, 
            0.9830881573243493
        ], 
        "WW_B4": [
            1.0081993830847336, 
            1.0003898803032703
        ], 
        "WW_B5": [
            1.0094157728055357, 
            0.9937588869845732
        ], 
        "WW_B2": [
            1.0241973247887768, 
            1.0013275372832147
        ], 
        "WW_B3": [
            0.9882000918203239, 
            1.0070145096081204
        ], 
        "WW_B0": [
            0.9684088596600484, 
            1.0277938114569092
        ], 
        "WW_B1": [
            0.9846353987884572, 
            1.0198376802672524
        ]
    }, 
    "QCDscale_WW": {
        "ggWW_B10": [
            1.0, 
            1.0
        ], 
        "ggWW_B6": [
            1.0, 
            1.0
        ], 
        "ggWW_B7": [
            1.0, 
            1.0
        ], 
        "ggWW_B4": [
            1.0, 
            1.0
        ], 
        "ggWW_B5": [
            1.0, 
            1.0
        ], 
        "ggWW_B2": [
            1.0, 
            1.0
        ], 
        "ggWW_B3": [
            1.0, 
            1.0
        ], 
        "ggWW_B0": [
            1.0, 
            1.0
        ], 
        "ggWW_B1": [
            1.0, 
            1.0
        ], 
        "ggWW_B8": [
            1.0, 
            1.0
        ], 
        "ggWW_B9": [
            1.0, 
            1.0
        ], 
        "WW_B10": [
            0.9425804353769768, 
            1.05159377031969
        ], 
        "WW_B8": [
            0.9518002407420423, 
            1.0428006856592158
        ], 
        "WW_B9": [
            0.9455564343973524, 
            1.048838341898
        ], 
        "WW_B6": [
            0.9583360893641611, 
            1.0363643965549743
        ], 
        "WW_B7": [
            0.9539122438282044, 
            1.0408028004823406
        ], 
        "WW_B4": [
            0.9643933047990761, 
            1.0303740835617463
        ], 
        "WW_B5": [
            0.962379125431001, 
            1.032558972654967
        ], 
        "WW_B2": [
            0.9669713374143996, 
            1.0279794372186863
        ], 
        "WW_B3": [
            0.9639641990797483, 
            1.0308804105528686
        ], 
        "WW_B0": [
            0.97224551330857, 
            1.0231420310328727
        ], 
        "WW_B1": [
            0.9667471518787828, 
            1.028209234178738
        ]
    }, 
    "CMS_hww_WWresum": {
        "WW_B10": [
            0.9969205665721471, 
            1.0064007869669183
        ], 
        "WW_B8": [
            0.9935072881053755, 
            1.0135660083940008
        ], 
        "WW_B9": [
            0.9951370008025122, 
            1.0100806457309761
        ], 
        "WW_B6": [
            0.9905871925974225, 
            1.019827101935736
        ], 
        "WW_B7": [
            0.9921378550409269, 
            1.0164261416924523
        ], 
        "WW_B4": [
            0.9856481669517714, 
            1.030857838353418
        ], 
        "WW_B5": [
            0.9872000879090421, 
            1.0272329081469358
        ], 
        "WW_B2": [
            0.9918776477599739, 
            1.0169089110043725
        ], 
        "WW_B3": [
            0.9886373518803123, 
            1.0243330692074404
        ], 
        "WW_B0": [
            0.9967725535773243, 
            1.0064900965850976
        ], 
        "WW_B1": [
            0.9963706861286192, 
            1.0072785118574918
        ]
    }, 
    "CMS_hww_WWqscale": {
        "WW_B10": [
            1.0716030764059172, 
            0.9180136885712701
        ], 
        "WW_B8": [
            1.0703479596327727, 
            0.9208891607327888
        ], 
        "WW_B9": [
            1.0711955263715764, 
            0.9190986785663156
        ], 
        "WW_B6": [
            1.0679994413599163, 
            0.9253616698357549
        ], 
        "WW_B7": [
            1.06956804389386, 
            0.9226030997622308
        ], 
        "WW_B4": [
            1.0651728005918224, 
            0.9291997620764805
        ], 
        "WW_B5": [
            1.0658374356621025, 
            0.9283675559879635
        ], 
        "WW_B2": [
            1.0697884674150848, 
            0.9231715517387002
        ],