{
    "ww2l2v_13TeV_top_1j": {
        "Vg": {
            "Wg": 0.6659016437453328, 
            "Zg": 0.10689646023649693, 
            "ZgS": 0.13488477050858064, 
            "WgS": 0.0923171255095896
        }, 
        "Higgs": {
            "qqH_htt": 0.03736429396791315, 
            "qqH_hww": 0.08275724462702747, 
            "ggZH_hww": 0.005567908342390003, 
            "WH_htt": 0.0517270447396411, 
            "ggH_htt": 0.11781030333843323, 
            "WH_hww": 0.10460894737788524, 
            "ggH_hww": 0.39242098647914314, 
            "ttH_hww": 0.15385641977699746, 
            "ZH_htt": 0.020665875646094484, 
            "ZH_hww": 0.033220975704474666
        }
    }, 
    "ww2l2v_13TeV_sr_1j_B6": {
        "Vg": {
            "Wg": 0.5872560127207458, 
            "Zg": 0.03885901039428035, 
            "ZgS": 0.0011004304116013365, 
            "WgS": 0.3727845464733725
        }, 
        "Higgs": {
            "qqH_htt": 0.0032361286535791864, 
            "qqH_hww": 0.23360063662117986, 
            "ggZH_hww": 0.009648590644824656, 
            "WH_htt": 0.0432980697847261, 
            "ggH_htt": 0.005514804028258841, 
            "WH_hww": 0.16901708577908897, 
            "ggH_hww": 0.4934091910062783, 
            "ttH_hww": 0.012631127641142723, 
            "ZH_htt": 0.0037184255631385705, 
            "ZH_hww": 0.025925940277782732
        }
    }, 
    "ww2l2v_13TeV_sr_1j_B5": {
        "Vg": {
            "Wg": 0.7578848054774917, 
            "Zg": -0.0336872661799816, 
            "ZgS": 0.0011035379337363468, 
            "WgS": 0.2746989227687536
        }, 
        "Higgs": {
            "qqH_htt": 0.0013879350490538817, 
            "qqH_hww": 0.21874761466712353, 
            "ggZH_hww": 0.0072197605544503125, 
            "WH_htt": 0.028621118375625247, 
            "ggH_htt": 0.006308000487942164, 
            "WH_hww": 0.12318665127340253, 
            "ggH_hww": 0.5840718995104069, 
            "ttH_hww": 0.003700820206613117, 
            "ZH_htt": 0.003518689967198679, 
            "ZH_hww": 0.02323750990818356
        }
    }, 
    "ww2l2v_13TeV_sr_1j_B2": {
        "Vg": {
            "Wg": 0.5672590423416543, 
            "Zg": 0.039422005384070265, 
            "ZgS": -0.009115166164162448, 
            "WgS": 0.40243411843843796
        }, 
        "Higgs": {
            "qqH_htt": 0.0014835947057558294, 
            "qqH_hww": 0.148980369993757, 
            "ggZH_hww": 0.003174676524694529, 
            "WH_htt": 0.014381092240012971, 
            "ggH_htt": 0.007522545471862981, 
            "WH_hww": 0.0699248035843455, 
            "ggH_hww": 0.7308421208855157, 
            "ttH_hww": 0.0020617645698181304, 
            "ZH_htt": 0.0016606554631136538, 
            "ZH_hww": 0.0199683765611238
        }
    }, 
    "ww2l2v_13TeV_top_2j": {
        "Vg": {
            "Wg": 0.5431061054664561, 
            "Zg": 0.1616838746335343, 
            "ZgS": 0.031119735701200517, 
            "WgS": 0.2640902841988091
        }, 
        "Higgs": {
            "qqH_htt": 0.004140216392707613, 
            "qqH_hww": 0.006748959739769971, 
            "ggZH_hww": 0.0029269348311439067, 
            "WH_htt": 0.007091249557085688, 
            "ggH_htt": 0.020387355416552563, 
            "WH_hww": 0.018709270688561, 
            "ggH_hww": 0.04115756847665371, 
            "ttH_hww": 0.884913987579195, 
            "ZH_htt": 0.004691542618350568, 
            "ZH_hww": 0.009232914699979949
        }
    }, 
    "ww2l2v_13TeV_sr_1j_B3": {
        "Vg": {
            "Wg": 0.42691512443012564, 
            "Zg": 0.04184176806924083, 
            "ZgS": 0.014604257867510895, 
            "WgS": 0.5166388496331226
        }, 
        "Higgs": {
            "qqH_htt": 0.0027345821488998392, 
            "qqH_hww": 0.17177348451736144, 
            "ggZH_hww": 0.003815244588673251, 
            "WH_htt": 0.016071621736256942, 
            "ggH_htt": 0.014338713377798388, 
            "WH_hww": 0.08698528617354052, 
            "ggH_hww": 0.6757576604248055, 
            "ttH_hww": 0.004229988625954478, 
            "ZH_htt": 0.002550507118796582, 
            "ZH_hww": 0.021742911287913138
        }
    }, 
    "ww2l2v_13TeV_sr_2j_B3": {
        "Vg": {
            "Wg": 0.5175504252747318, 
            "Zg": 0.037433988414538814, 
            "ZgS": 0.05895026292014034, 
            "WgS": 0.38606532339058897
        }, 
        "Higgs": {
            "qqH_htt": 0.0027818956719875784, 
            "qqH_hww": 0.11298557790681801, 
            "ggZH_hww": 0.015966151980131855, 
            "WH_htt": 0.014150950460837185, 
            "ggH_htt": 0.010848792943040655, 
            "WH_hww": 0.11620226815507649, 
            "ggH_hww": 0.6156477779643589, 
            "ttH_hww": 0.059932539804167184, 
            "ZH_htt": 0.003133748715455529, 
            "ZH_hww": 0.048350296398126644
        }
    }, 
    "ww2l2v_13TeV_top_0j": {
        "Vg": {
            "Wg": 0.1960691634346586, 
            "Zg": 0.07276069596143578, 
            "ZgS": 0.021713739366262155, 
            "WgS": 0.7094564012376434
        }, 
        "Higgs": {
            "qqH_htt": 0.00425994697902869, 
            "qqH_hww": 0.015747158183237187, 
            "ggZH_hww": 0.0011039763263824137, 
            "WH_htt": 0.09421943769091412, 
            "ggH_htt": 0.02994427458799856, 
            "WH_hww": 0.20184154076314262, 
            "ggH_hww": 0.6097985902983211, 
            "ttH_hww": 0.013091411899376803, 
            "ZH_htt": 0.008350654701113165, 
            "ZH_hww": 0.02164300857048534
        }
    }, 
    "ww2l2v_13TeV_sr_2j_B2": {
        "Vg": {
            "Wg": 0.4719193049731423, 
            "Zg": 0.09666448167853102, 
            "ZgS": 0.029336654658210712, 
            "WgS": 0.40207955869011597
        }, 
        "Higgs": {
            "qqH_htt": 0.0045431776203821135, 
            "qqH_hww": 0.11959693055743735, 
            "ggZH_hww": 0.013156180372981486, 
            "WH_htt": 0.010888095063187395, 
            "ggH_htt": 0.00977234032938551, 
            "WH_hww": 0.12557290135693638, 
            "ggH_hww": 0.6148034219810643, 
            "ttH_hww": 0.05037974278162116, 
            "ZH_htt": 0.0034354105955129847, 
            "ZH_hww": 0.047851799341491204
        }
    }, 
    "ww2l2v_13TeV_sr_0j_B6": {
        "Vg": {
            "Wg": 0.6297849697493951, 
            "Zg": 0.05045682177689632, 
            "ZgS": 0.014453379556144157, 
            "WgS": 0.30530482891756433
        }, 
        "Higgs": {
            "qqH_htt": 0.003297475483785237, 
            "qqH_hww": 0.15936370211801015, 
            "ggZH_hww": 0.017647807839047493, 
            "WH_htt": 0.15158238529476803, 
            "ggH_htt": 0.0024396612564279185, 
            "WH_hww": 0.4410265039201174, 
            "ggH_hww": 0.12330862739762924, 
            "ttH_hww": 0.006200434722919964, 
            "ZH_htt": 0.016029399684749698, 
            "ZH_hww": 0.07910400228254483
        }
    }, 
    "ww2l2v_13TeV_sr_0j_B5": {
        "Vg": {
            "Wg": 0.561283529042099, 
            "Zg": 0.04578689563059128, 
            "ZgS": 0.03688698223241285, 
            "WgS": 0.3560425930948969
        }, 
        "Higgs": {
            "qqH_htt": 0.007189192631951068, 
            "qqH_hww": 0.23521600275467394, 
            "ggZH_hww": 0.018010942132819233, 
            "WH_htt": 0.0857959667945478, 
            "ggH_htt": 0.010238936151853107, 
            "WH_hww": 0.32443958287468505, 
            "ggH_hww": 0.22324587058113482, 
            "ttH_hww": 0.00375677289975145, 
            "ZH_htt": 0.01647088010535122, 
            "ZH_hww": 0.07563585307323215
        }
    }, 
    "ww2l2v_13TeV_sr_0j_B4": {
        "Vg": {
            "Wg": 0.5138709174228221, 
            "Zg": 0.06482601297900048, 
            "ZgS": 0.061332179052889506, 
            "WgS": 0.35997089054528775
        },