{
    "ww2l2v_13TeV_top_1j": {
        "Vg": {
            "Wg": 0.6473818517435757, 
            "Zg": 0.1230788306212459, 
            "ZgS": 0.09092986739929981, 
            "WgS": 0.1386094502358785
        }, 
        "Higgs": {
            "qqH_htt": 0.04466773039456972, 
            "qqH_hww": 0.08448860814962486, 
            "ggZH_hww": 0.005675163902289085, 
            "ggH_htt": 0.186037580957406, 
            "WH_hww": 0.11132660212653248, 
            "ggH_hww": 0.4067543930986298, 
            "ttH_hww": 0.161049921370948
        }
    }, 
    "ww2l2v_13TeV_sr_1j_B6": {
        "Vg": {
            "Wg": 0.68213313302044, 
            "Zg": 0.04515366549083261, 
            "ZgS": -0.002125238853344598, 
            "WgS": 0.27483844034207194
        }, 
        "Higgs": {
            "qqH_htt": 0.0033697456059611757, 
            "qqH_hww": 0.25487023634099654, 
            "ggZH_hww": 0.010601304113960711, 
            "ggH_htt": 0.013548970518098892, 
            "WH_hww": 0.18053708402315827, 
            "ggH_hww": 0.5238460499394271, 
            "ttH_hww": 0.013226609458397303
        }
    }, 
    "ww2l2v_13TeV_sr_1j_B5": {
        "Vg": {
            "Wg": 0.8130922172413036, 
            "Zg": -0.019203786544420322, 
            "ZgS": 0.0019651217656191816, 
            "WgS": 0.2041464475374974
        }, 
        "Higgs": {
            "qqH_htt": 0.003544446660706308, 
            "qqH_hww": 0.2333162718517191, 
            "ggZH_hww": 0.007846493432070516, 
            "ggH_htt": 0.011213461193806661, 
            "WH_hww": 0.13118157597690194, 
            "ggH_hww": 0.6078774434250933, 
            "ttH_hww": 0.005020307459702149
        }
    }, 
    "ww2l2v_13TeV_sr_1j_B2": {
        "Vg": {
            "Wg": 0.7229503521190955, 
            "Zg": 0.059444347467908096, 
            "ZgS": 0.0005829343825016168, 
            "WgS": 0.2170223660304948
        }, 
        "Higgs": {
            "qqH_htt": 0.0026240782717297318, 
            "qqH_hww": 0.1535471071195339, 
            "ggZH_hww": 0.0033035830820589453, 
            "ggH_htt": 0.010814028553490092, 
            "WH_hww": 0.07374926302340012, 
            "ggH_hww": 0.7536801262313547, 
            "ttH_hww": 0.0022818137184325645
        }
    }, 
    "ww2l2v_13TeV_top_2j": {
        "Vg": {
            "Wg": 0.557628951667687, 
            "Zg": 0.16572373179524214, 
            "ZgS": 0.03714740554283107, 
            "WgS": 0.23949991099423965
        }, 
        "Higgs": {
            "qqH_htt": 0.005362022615440446, 
            "qqH_hww": 0.007018438717735314, 
            "ggZH_hww": 0.0028927941669085475, 
            "ggH_htt": 0.026967766399488464, 
            "WH_hww": 0.01849997765704584, 
            "ggH_hww": 0.040480768114377425, 
            "ttH_hww": 0.8987782323290041
        }
    }, 
    "ww2l2v_13TeV_sr_1j_B3": {
        "Vg": {
            "Wg": 0.5458963954934675, 
            "Zg": 0.05910381889725391, 
            "ZgS": 0.0044942656065193485, 
            "WgS": 0.3905055200027594
        }, 
        "Higgs": {
            "qqH_htt": 0.0027956609461672875, 
            "qqH_hww": 0.1764568406858583, 
            "ggZH_hww": 0.003962452707028896, 
            "ggH_htt": 0.017730068009929757, 
            "WH_hww": 0.09225990999840111, 
            "ggH_hww": 0.7021690151441594, 
            "ttH_hww": 0.00462605250845517
        }
    }, 
    "ww2l2v_13TeV_sr_2j_B3": {
        "Vg": {
            "Wg": 0.6191258979275926, 
            "Zg": 0.0347786678063192, 
            "ZgS": 0.08278756773202581, 
            "WgS": 0.26330786653406235
        }, 
        "Higgs": {
            "qqH_htt": 0.00412291323442784, 
            "qqH_hww": 0.12065941104695903, 
            "ggZH_hww": 0.01695579079399267, 
            "ggH_htt": 0.012643162297363052, 
            "WH_hww": 0.12422035236515817, 
            "ggH_hww": 0.6583234847380668, 
            "ttH_hww": 0.06307488552403259
        }
    }, 
    "ww2l2v_13TeV_top_0j": {
        "Vg": {
            "Wg": 0.33540984278445996, 
            "Zg": 0.13137438289066378, 
            "ZgS": -0.02916814237582971, 
            "WgS": 0.5623839167007059
        }, 
        "Higgs": {
            "qqH_htt": 0.0040712299197020315, 
            "qqH_hww": 0.019882093087202804, 
            "ggZH_hww": 0.0010597764228990787, 
            "ggH_htt": 0.05605429506182005, 
            "WH_hww": 0.23400024751576787, 
            "ggH_hww": 0.6714663032148339, 
            "ttH_hww": 0.013466054777774314
        }
    }, 
    "ww2l2v_13TeV_sr_2j_B2": {
        "Vg": {
            "Wg": 0.6686109474239973, 
            "Zg": 0.06386053627413793, 
            "ZgS": 0.022603522481895233, 
            "WgS": 0.24492499381996952
        }, 
        "Higgs": {
            "qqH_htt": 0.005223074361386979, 
            "qqH_hww": 0.12295417193059409, 
            "ggZH_hww": 0.013908439553797645, 
            "ggH_htt": 0.011331903405142526, 
            "WH_hww": 0.13226663171228242, 
            "ggH_hww": 0.6597379986950854, 
            "ttH_hww": 0.05457778034171089
        }
    }, 
    "ww2l2v_13TeV_sr_0j_B6": {
        "Vg": {
            "Wg": 0.7103526626673072, 
            "Zg": 0.051118220637722006, 
            "ZgS": 0.005919663685840387, 
            "WgS": 0.2326094530091303
        }, 
        "Higgs": {
            "qqH_htt": 0.0038600180875009125, 
            "qqH_hww": 0.20865390343514356, 
            "ggZH_hww": 0.02304286961913993, 
            "ggH_htt": 0.0028427742515294632, 
            "WH_hww": 0.5929195233613418, 
            "ggH_hww": 0.15918915977573111, 
            "ttH_hww": 0.009491751469613346
        }
    }, 
    "ww2l2v_13TeV_sr_0j_B5": {
        "Vg": {
            "Wg": 0.6497190908431484, 
            "Zg": 0.05660308557445528, 
            "ZgS": 0.025771578860225467, 
            "WgS": 0.2679062447221708
        }, 
        "Higgs": {
            "qqH_htt": 0.007874393442700089, 
            "qqH_hww": 0.28497739420878304, 
            "ggZH_hww": 0.02157119149046495, 
            "ggH_htt": 0.011205382022184735, 
            "WH_hww": 0.40324850580323063, 
            "ggH_hww": 0.2669461553773628, 
            "ttH_hww": 0.004176977655273782
        }
    }, 
    "ww2l2v_13TeV_sr_0j_B4": {
        "Vg": {
            "Wg": 0.608907749021335, 
            "Zg": 0.06565573964142318, 
            "ZgS": 0.02470833952363286, 
            "WgS": 0.3007281718136088
        }, 
        "Higgs": {
            "qqH_htt": 0.007431479369292568, 
            "qqH_hww": 0.22933808324746804, 
            "ggZH_hww": 0.015438511502397443, 
            "ggH_htt": 0.010074833890908358, 
            "WH_hww": 0.26470847384884094, 
            "ggH_hww": 0.46977829336173205, 
            "ttH_hww": 0.0032303247793605532
        }
    }, 
    "ww2l2v_13TeV_sr_0j_B3": {
        "Vg": {
            "Wg": 0.6343109195521773, 
            "Zg": 0.050190200808420196, 
            "ZgS": 0.0028143627224421733, 
            "WgS": 0.3126845169169603
        }, 
        "Higgs": {
            "qqH_htt": 0.006427736368514264, 
            "qqH_hww": 0.17519132165855175, 
            "ggZH_hww": 0.006706316780855693, 
            "ggH_htt": 0.02429341880710361, 
            "WH_hww": 0.16649396321380702, 
            "ggH_hww": 0.6186037390365884, 
            "ttH_hww": 0.00228350413457911
        }
    }, 
    "ww2l2v_13TeV_sr_0j_B2": {
        "Vg": {
            "Wg": 0.5724486530798404, 
            "Zg": 0.05884665724212124, 
            "ZgS": 0.03325868416138258, 
            "WgS": 0.33544600551665577
        }, 
        "Higgs": {
            "qqH_htt": 0.0016652045161366163, 
            "qqH_hww": 0.10588273479603286, 
            "ggZH_hww": 0.0034512742322717316, 
            "ggH_htt": 0.01345654270898812, 
            "WH_hww": 0.08794776471761567, 
            "ggH_hww": 0.7870279678116102, 
            "ttH_hww": 0.0005685112173448071
        }
    },