{
    "PS_ISR": {
        "ggWW_B6": [
            0.9926722781310345, 
            1.0056864092024826
        ], 
        "ggWW_B4": [
            0.9864274515372519, 
            1.0112271013619616
        ], 
        "ggWW_B5": [
            0.9853365665139353, 
            1.0118762994221338
        ], 
        "ggWW_B2": [
            1.0015932253351454, 
            0.9987687244140715
        ], 
        "ggWW_B3": [
            0.9917096640766272, 
            1.0070100983197963
        ], 
        "ggWW_B0": [
            1.0063296340380805, 
            0.994832319031013
        ], 
        "ggWW_B1": [
            1.0065810357094165, 
            0.9946441859664356
        ], 
        "WW_B6": [
            0.9977491850144018, 
            1.001824673504907
        ], 
        "WW_B4": [
            0.998631039007161, 
            1.0010408704790146
        ], 
        "WW_B5": [
            0.9991598504192312, 
            1.0007273429500338
        ], 
        "WW_B2": [
            0.9995734716847396, 
            1.000311462885313
        ], 
        "WW_B3": [
            0.9996220970839536, 
            1.0002918200768183
        ], 
        "WW_B0": [
            1.0002316083677039, 
            0.9998329205855173
        ], 
        "WW_B1": [
            0.9997773810911881, 
            1.0001458727552788
        ]
    }, 
    "PS_FSR": {
        "ggWW_B6": [
            1.0007125533382315, 
            1.0000215385367224
        ], 
        "ggWW_B4": [
            1.0005781712329695, 
            0.9997446859053674
        ], 
        "ggWW_B5": [
            0.9996590812896252, 
            0.9996785654230774
        ], 
        "ggWW_B2": [
            1.0000294778604486, 
            1.000126685892981
        ], 
        "ggWW_B3": [
            1.0001817213618327, 
            1.0000102936515225
        ], 
        "ggWW_B0": [
            1.0000198099725124, 
            0.9997376787642348
        ], 
        "ggWW_B1": [
            1.0001162359705857, 
            1.0000618603106688
        ], 
        "WW_B6": [
            0.9992515548318125, 
            0.9999324497466253
        ], 
        "WW_B4": [
            1.0011314205007453, 
            0.99934753334614
        ], 
        "WW_B5": [
            0.9998415034546865, 
            0.9991349755154914
        ], 
        "WW_B2": [
            1.0009892156989129, 
            1.0002369278998353
        ], 
        "WW_B3": [
            1.000970154080871, 
            0.9997574924006356
        ], 
        "WW_B0": [
            0.9992328260160229, 
            1.0000688554649348
        ], 
        "WW_B1": [
            1.0020758392378528, 
            0.9990185002104949
        ]
    }, 
    "QCDscale_WW": {
        "ggWW_B6": [
            1.0, 
            1.0
        ], 
        "ggWW_B4": [
            1.0, 
            1.0
        ], 
        "ggWW_B5": [
            1.0, 
            1.0
        ], 
        "ggWW_B2": [
            1.0, 
            1.0
        ], 
        "ggWW_B3": [
            1.0, 
            1.0
        ], 
        "ggWW_B0": [
            1.0, 
            1.0
        ], 
        "ggWW_B1": [
            1.0, 
            1.0
        ], 
        "WW_B6": [
            0.9710333241812151, 
            1.0236411376943493
        ], 
        "WW_B4": [
            0.9813483895234887, 
            1.0138681717964502
        ], 
        "WW_B5": [
            0.9787878223109906, 
            1.0162012060239298
        ], 
        "WW_B2": [
            0.9850519452888484, 
            1.0104567334710224
        ], 
        "WW_B3": [
            0.983076436551916, 
            1.012271803478633
        ], 
        "WW_B0": [
            0.9857947377970717, 
            1.0098255894758845
        ], 
        "WW_B1": [
            0.9863265099714532, 
            1.0093129153205658
        ]
    }, 
    "CMS_hww_WWresum": {
        "WW_B6": [
            0.9856582926283053, 
            1.0447414715326897
        ], 
        "WW_B4": [
            0.9863184249735225, 
            1.0468163829737425
        ], 
        "WW_B5": [
            0.9863312229227383, 
            1.0455770054176277
        ], 
        "WW_B2": [
            0.9860461525707929, 
            1.049759858110589
        ], 
        "WW_B3": [
            0.9862120320127893, 
            1.0481482924652001
        ], 
        "WW_B0": [
            0.9871750436324211, 
            1.0490011981336003
        ], 
        "WW_B1": [
            0.9874799389351923, 
            1.048240047571964
        ]
    }, 
    "CMS_hww_WWqscale": {
        "WW_B6": [
            1.027239365322599, 
            0.969835842857658
        ], 
        "WW_B4": [
            1.0180285443545363, 
            0.9811545763487215
        ], 
        "WW_B5": [
            1.0211957976151724, 
            0.9771621700233754
        ], 
        "WW_B2": [
            1.0119904965823665, 
            0.9886851335191683
        ], 
        "WW_B3": [
            1.0152293322549395, 
            0.9846681880035157
        ], 
        "WW_B0": [
            1.007974238616633, 
            0.9934108140547432
        ], 
        "WW_B1": [
            1.0082191976706785, 
            0.992957139091567
        ]
    }, 
    "pdf_WW": {
        "WW_B6": [
            0.9876664200773165, 
            1.0126455087072925
        ], 
        "WW_B4": [
            0.9901523845022744, 
            1.0100454632162255
        ], 
        "WW_B5": [
            0.989899914886984, 
            1.0103083148272707
        ], 
        "WW_B2": [
            0.9898459981316574, 
            1.0103644838449957
        ], 
        "WW_B3": [
            0.9900348379711903, 
            1.0101678097725328
        ], 
        "WW_B0": [
            0.9889403299856749, 
            1.011309836125247
        ], 
        "WW_B1": [
            0.9893617202463728, 
            1.010869546302346
        ]
    }
}