{
    "PS_ISR": {
        "ggWW_B6": [
            0.9926722781309043, 
            1.0056864092023434
        ], 
        "ggWW_B4": [
            0.986427451537173, 
            1.0112271013618799
        ], 
        "ggWW_B5": [
            0.9853365665137712, 
            1.011876299421965
        ], 
        "ggWW_B2": [
            1.0015932253355377, 
            0.9987687244144579
        ], 
        "ggWW_B3": [
            0.9917096640763392, 
            1.007010098319508
        ], 
        "ggWW_B0": [
            1.006329634039445, 
            0.9948323190323495
        ], 
        "ggWW_B1": [
            1.006581035710457, 
            0.9946441859674673
        ], 
        "WW_B6": [
            0.9977491850144025, 
            1.001824673504904
        ], 
        "WW_B4": [
            0.9986310390071614, 
            1.001040870479016
        ], 
        "WW_B5": [
            0.9991598504192298, 
            1.0007273429500325
        ], 
        "WW_B2": [
            0.9995734716847441, 
            1.000311462885314
        ], 
        "WW_B3": [
            0.9996220970839521, 
            1.0002918200768165
        ], 
        "WW_B0": [
            1.0002316083677052, 
            0.9998329205855205
        ], 
        "WW_B1": [
            0.9997773810911855, 
            1.0001458727552792
        ]
    }, 
    "PS_FSR": {
        "ggWW_B6": [
            1.0007125533381012, 
            1.000021538536596
        ], 
        "ggWW_B4": [
            1.000578171232891, 
            0.9997446859052835
        ], 
        "ggWW_B5": [
            0.9996590812894576, 
            0.9996785654229133
        ], 
        "ggWW_B2": [
            1.000029477860839, 
            1.0001266858933664
        ], 
        "ggWW_B3": [
            1.0001817213615514, 
            1.0000102936512385
        ], 
        "ggWW_B0": [
            1.0000198099738615, 
            0.999737678765566
        ], 
        "ggWW_B1": [
            1.0001162359716185, 
            1.0000618603116969
        ], 
        "WW_B6": [
            0.999251554831811, 
            0.9999324497466255
        ], 
        "WW_B4": [
            1.0011314205007442, 
            0.99934753334614
        ], 
        "WW_B5": [
            0.9998415034546858, 
            0.9991349755154918
        ], 
        "WW_B2": [
            1.0009892156989155, 
            1.0002369278998378
        ], 
        "WW_B3": [
            1.0009701540808713, 
            0.9997574924006354
        ], 
        "WW_B0": [
            0.9992328260160219, 
            1.0000688554649346
        ], 
        "WW_B1": [
            1.002075839237852, 
            0.9990185002104934
        ]
    }, 
    "QCDscale_WW": {
        "ggWW_B6": [
            1.0, 
            1.0
        ], 
        "ggWW_B4": [
            1.0, 
            1.0
        ], 
        "ggWW_B5": [
            1.0, 
            1.0
        ], 
        "ggWW_B2": [
            1.0, 
            1.0
        ], 
        "ggWW_B3": [
            1.0, 
            1.0
        ], 
        "ggWW_B0": [
            1.0, 
            1.0
        ], 
        "ggWW_B1": [
            1.0, 
            1.0
        ], 
        "WW_B6": [
            0.9710333241812151, 
            1.0236411376943473
        ], 
        "WW_B4": [
            0.9813483895234897, 
            1.0138681717964493
        ], 
        "WW_B5": [
            0.9787878223109896, 
            1.0162012060239285
        ], 
        "WW_B2": [
            0.9850519452888504, 
            1.0104567334710222
        ], 
        "WW_B3": [
            0.9830764365519156, 
            1.0122718034786313
        ], 
        "WW_B0": [
            0.9857947377970718, 
            1.0098255894758836
        ], 
        "WW_B1": [
            0.9863265099714539, 
            1.0093129153205653
        ]
    }, 
    "CMS_hww_WWresum": {
        "WW_B6": [
            0.985658292628306, 
            1.0447414715326904
        ], 
        "WW_B4": [
            0.9863184249735213, 
            1.0468163829737427
        ], 
        "WW_B5": [
            0.9863312229227377, 
            1.045577005417627
        ], 
        "WW_B2": [
            0.9860461525707941, 
            1.0497598581105876
        ], 
        "WW_B3": [
            0.9862120320127891, 
            1.0481482924652006
        ], 
        "WW_B0": [
            0.9871750436324217, 
            1.049001198133598
        ], 
        "WW_B1": [
            0.9874799389351933, 
            1.0482400475719638
        ]
    }, 
    "CMS_hww_WWqscale": {
        "WW_B6": [
            1.027239365322599, 
            0.9698358428576566
        ], 
        "WW_B4": [
            1.0180285443545365, 
            0.9811545763487212
        ], 
        "WW_B5": [
            1.0211957976151715, 
            0.9771621700233739
        ], 
        "WW_B2": [
            1.0119904965823696, 
            0.988685133519171
        ], 
        "WW_B3": [
            1.0152293322549406, 
            0.9846681880035173
        ], 
        "WW_B0": [
            1.0079742386166366, 
            0.9934108140547481
        ], 
        "WW_B1": [
            1.0082191976706796, 
            0.9929571390915656
        ]
    }, 
    "pdf_WW": {
        "WW_B6": [
            0.9881786189501637, 
            1.0121076390801982
        ], 
        "WW_B4": [
            0.9906852175392172, 
            1.009491606969022
        ], 
        "WW_B5": [
            0.9904314965102211, 
            1.009755188602145
        ], 
        "WW_B2": [
            0.990236769650668, 
            1.0099576683693974
        ], 
        "WW_B3": [
            0.9904811153182077, 
            1.009703619960594
        ], 
        "WW_B0": [
            0.9893019207034587, 
            1.0109319817109659
        ], 
        "WW_B1": [
            0.9897203723016534, 
            1.0104954054188444
        ]
    }
}