{
    "PS_ISR": {
        "ggWW_B6": [
            0.9928075821125262, 
            1.0055971100214307
        ], 
        "ggWW_B4": [
            0.986693357648663, 
            1.0110024606599342
        ], 
        "ggWW_B5": [
            0.9852254620499089, 
            1.0119806775956792
        ], 
        "ggWW_B2": [
            1.001839167088061, 
            0.9985608229266866
        ], 
        "ggWW_B3": [
            0.9919010924153963, 
            1.0068534272032386
        ], 
        "ggWW_B0": [
            1.006481903162152, 
            0.9947284885366886
        ], 
        "ggWW_B1": [
            1.0064830237279283, 
            0.994690723140068
        ], 
        "WW_B6": [
            0.9976892901858201, 
            1.0019163693076583
        ], 
        "WW_B4": [
            0.9990406233959411, 
            1.0006664588287737
        ], 
        "WW_B5": [
            0.9987365876585486, 
            1.000972901579056
        ], 
        "WW_B2": [
            0.9995617497650815, 
            1.0003927805674857
        ], 
        "WW_B3": [
            1.0002401306471067, 
            0.9997908918133828
        ], 
        "WW_B0": [
            1.0002463153667476, 
            0.999761117777082
        ], 
        "WW_B1": [
            0.9998299160970229, 
            1.000130191689368
        ]
    }, 
    "PS_FSR": {
        "ggWW_B6": [
            1.0015049541752281, 
            0.9998000870502765
        ], 
        "ggWW_B4": [
            1.0010887801814101, 
            0.9990833026948434
        ], 
        "ggWW_B5": [
            1.0003542093915274, 
            0.9994572976200083
        ], 
        "ggWW_B2": [
            0.9996306120094942, 
            1.0001944002153396
        ], 
        "ggWW_B3": [
            1.0025963635048682, 
            0.9993696232452884
        ], 
        "ggWW_B0": [
            0.9991618724512267, 
            0.9999964633749057
        ], 
        "ggWW_B1": [
            0.9998311137957419, 
            1.000168858626173
        ], 
        "WW_B6": [
            0.9980211029197676, 
            1.0005417488392327
        ], 
        "WW_B4": [
            1.0038854468743093, 
            0.997042669341889
        ], 
        "WW_B5": [
            1.0012085015086787, 
            0.9986119652341007
        ], 
        "WW_B2": [
            1.0010427239841846, 
            1.0002765729666714
        ], 
        "WW_B3": [
            0.9987101037145719, 
            1.0006150977175152
        ], 
        "WW_B0": [
            1.0008161434199971, 
            0.9997528129471447
        ], 
        "WW_B1": [
            1.0021294394356925, 
            0.9991666721969563
        ]
    }, 
    "QCDscale_WW": {
        "ggWW_B6": [
            1.0, 
            1.0
        ], 
        "ggWW_B4": [
            1.0, 
            1.0
        ], 
        "ggWW_B5": [
            1.0, 
            1.0
        ], 
        "ggWW_B2": [
            1.0, 
            1.0
        ], 
        "ggWW_B3": [
            1.0, 
            1.0
        ], 
        "ggWW_B0": [
            1.0, 
            1.0
        ], 
        "ggWW_B1": [
            1.0, 
            1.0
        ], 
        "WW_B6": [
            0.9710421957186367, 
            1.0236426577038669
        ], 
        "WW_B4": [
            0.9817550563868036, 
            1.0135147931065898
        ], 
        "WW_B5": [
            0.9788736277261566, 
            1.0161125524680834
        ], 
        "WW_B2": [
            0.9851040153693761, 
            1.0103982372379527
        ], 
        "WW_B3": [
            0.9831554988205461, 
            1.0121978903274522
        ], 
        "WW_B0": [
            0.9860282268606196, 
            1.0096094823502708
        ], 
        "WW_B1": [
            0.9862823298379657, 
            1.0093679812163248
        ]
    }, 
    "CMS_hww_WWresum": {
        "WW_B6": [
            0.985517241026558, 
            1.045046528737738
        ], 
        "WW_B4": [
            0.9862909537115953, 
            1.047003665431533
        ], 
        "WW_B5": [
            0.9863946065887588, 
            1.045573709211484
        ], 
        "WW_B2": [
            0.9858947390422552, 
            1.050099025748822
        ], 
        "WW_B3": [
            0.9860887274319904, 
            1.0483239261033392
        ], 
        "WW_B0": [
            0.9873863890027345, 
            1.048719343643125
        ], 
        "WW_B1": [
            0.9872770416759052, 
            1.0486539400393122
        ]
    }, 
    "CMS_hww_WWqscale": {
        "WW_B6": [
            1.027227714466837, 
            0.969914567545278
        ], 
        "WW_B4": [
            1.0178408028974433, 
            0.9814672404194542
        ], 
        "WW_B5": [
            1.0208930175082016, 
            0.9774665320527078
        ], 
        "WW_B2": [
            1.0119727809653356, 
            0.9887555273596367
        ], 
        "WW_B3": [
            1.0154406512241505, 
            0.9843953109355907
        ], 
        "WW_B0": [
            1.0074818216609456, 
            0.9939466039522404
        ], 
        "WW_B1": [
            1.0081932346726237, 
            0.9930053961214164
        ]
    }, 
    "pdf_WW": {
        "WW_B6": [
            0.9877191543310966, 
            1.012590079310855
        ], 
        "WW_B4": [
            0.9902340707089841, 
            1.0099604758976586
        ], 
        "WW_B5": [
            0.9900018914911474, 
            1.0102021121575948
        ], 
        "WW_B2": [
            0.9899034759050568, 
            1.0103046054901845
        ], 
        "WW_B3": [
            0.9900112947813864, 
            1.0101923214066633
        ], 
        "WW_B0": [
            0.9889187078303168, 
            1.0113324485156834
        ], 
        "WW_B1": [
            0.9892975901128168, 
            1.0109365037795464
        ]
    }
}