{
    "ww2l2v_13TeV_top_1j": {
        "Vg": {
            "Wg": 0.6473818517435757, 
            "Zg": 0.12307883062124593, 
            "ZgS": 0.0909298673992998, 
            "WgS": 0.1386094502358785
        }, 
        "Higgs": {
            "qqH_htt": 0.04466773039456972, 
            "qqH_hww": 0.08448860814962486, 
            "ggZH_hww": 0.005675163902289085, 
            "ggH_htt": 0.186037580957406, 
            "WH_hww": 0.11132660212653248, 
            "ggH_hww": 0.4067543930986298, 
            "ttH_hww": 0.161049921370948
        }
    }, 
    "ww2l2v_13TeV_sr_2j_B5": {
        "Vg": {
            "Wg": 0.7184937522624267, 
            "Zg": 0.07125808216839676, 
            "ZgS": 0.040453998509984844, 
            "WgS": 0.16979416705919156
        }, 
        "Higgs": {
            "qqH_htt": 0.0017778639191744835, 
            "qqH_hww": 0.12156038839142354, 
            "ggZH_hww": 0.00801254037834812, 
            "ggH_htt": 0.0045980892155421255, 
            "WH_hww": 0.15667810879803004, 
            "ggH_hww": 0.6462278694824806, 
            "ttH_hww": 0.06114513981500119
        }
    }, 
    "ww2l2v_13TeV_sr_2j_B4": {
        "Vg": {
            "Wg": 0.3733698925128739, 
            "Zg": 0.06017401207565872, 
            "ZgS": 0.08410828169885258, 
            "WgS": 0.48234781371261487
        }, 
        "Higgs": {
            "qqH_htt": 0.003411032731366218, 
            "qqH_hww": 0.11587117107668066, 
            "ggZH_hww": 0.008137440469345291, 
            "ggH_htt": 0.009278127787377155, 
            "WH_hww": 0.159071958999175, 
            "ggH_hww": 0.6506347235166433, 
            "ttH_hww": 0.05359554541941238
        }
    }, 
    "ww2l2v_13TeV_sr_2j_B7": {
        "Vg": {
            "Wg": 0.6817826274265071, 
            "Zg": -0.004836516037998573, 
            "ZgS": 0.07266500796815507, 
            "WgS": 0.25038888064333636
        }, 
        "Higgs": {
            "qqH_htt": 0.0004109874588601832, 
            "qqH_hww": 0.11566397757243459, 
            "ggZH_hww": 0.01033447775141685, 
            "ggH_htt": 0.006651617826628979, 
            "WH_hww": 0.12208064321732048, 
            "ggH_hww": 0.6911491152091126, 
            "ttH_hww": 0.05370918096422639
        }
    }, 
    "ww2l2v_13TeV_sr_2j_B6": {
        "Vg": {
            "Wg": 0.7125410969210284, 
            "Zg": 0.10878002311158988, 
            "ZgS": 0.0347005151805409, 
            "WgS": 0.1439783647868409
        }, 
        "Higgs": {
            "qqH_htt": 0.002002157824936452, 
            "qqH_hww": 0.12042328449393445, 
            "ggZH_hww": 0.008771078894385007, 
            "ggH_htt": 0.015478981816738423, 
            "WH_hww": 0.1418196886438738, 
            "ggH_hww": 0.654573175112939, 
            "ttH_hww": 0.05693163321319275
        }
    }, 
    "ww2l2v_13TeV_sr_2j_B1": {
        "Vg": {
            "Wg": 0.5666384423543902, 
            "Zg": -0.056675971264178546, 
            "ZgS": 0.038647517719571166, 
            "WgS": 0.4513900111902172
        }, 
        "Higgs": {
            "qqH_htt": 0.005187563319451661, 
            "qqH_hww": 0.09417843123139494, 
            "ggZH_hww": 0.004433155531835721, 
            "ggH_htt": 0.06636789321666721, 
            "WH_hww": 0.2588724988556693, 
            "ggH_hww": 0.46265585510681556, 
            "ttH_hww": 0.10830460273816554
        }
    }, 
    "ww2l2v_13TeV_top_2j": {
        "Vg": {
            "Wg": 0.5576289516676871, 
            "Zg": 0.1657237317952421, 
            "ZgS": 0.03714740554283107, 
            "WgS": 0.23949991099423965
        }, 
        "Higgs": {
            "qqH_htt": 0.005362022615440446, 
            "qqH_hww": 0.007018438717735314, 
            "ggZH_hww": 0.0028927941669085475, 
            "ggH_htt": 0.026967766399488464, 
            "WH_hww": 0.01849997765704584, 
            "ggH_hww": 0.040480768114377425, 
            "ttH_hww": 0.8987782323290041
        }
    }, 
    "ww2l2v_13TeV_sr_2j_B0": {
        "Vg": {
            "Wg": 0.6091173948904032, 
            "Zg": 0.10235152521523665, 
            "ZgS": 0.11035073330395584, 
            "WgS": 0.17818034659040446
        }, 
        "Higgs": {
            "qqH_htt": 0.007863310503956536, 
            "qqH_hww": 0.09889791473362443, 
            "ggZH_hww": 0.00456184494818536, 
            "ggH_htt": 0.00476698825350041, 
            "WH_hww": 0.28922322937597855, 
            "ggH_hww": 0.47565724673878307, 
            "ttH_hww": 0.11902946544597162
        }
    }, 
    "ww2l2v_13TeV_sr_2j_B3": {
        "Vg": {
            "Wg": 0.48900143373909966, 
            "Zg": 0.1901900862560112, 
            "ZgS": 0.02329290240411029, 
            "WgS": 0.2975155776007789
        }, 
        "Higgs": {
            "qqH_htt": 0.008601850512460313, 
            "qqH_hww": 0.10752015708452982, 
            "ggZH_hww": 0.006666791862309437, 
            "ggH_htt": 0.01638855370842176, 
            "WH_hww": 0.17868506282539426, 
            "ggH_hww": 0.6123391988954977, 
            "ttH_hww": 0.06979838511138668
        }
    }, 
    "ww2l2v_13TeV_top_0j": {
        "Vg": {
            "Wg": 0.33540984278445996, 
            "Zg": 0.1313743828906638, 
            "ZgS": -0.02916814237582971, 
            "WgS": 0.562383916700706
        }, 
        "Higgs": {
            "qqH_htt": 0.0040712299197020315, 
            "qqH_hww": 0.019882093087202804, 
            "ggZH_hww": 0.0010597764228990787, 
            "ggH_htt": 0.05605429506182005, 
            "WH_hww": 0.23400024751576787, 
            "ggH_hww": 0.6714663032148339, 
            "ttH_hww": 0.013466054777774314
        }
    }, 
    "ww2l2v_13TeV_sr_2j_B2": {
        "Vg": {
            "Wg": 0.5134466751095905, 
            "Zg": 0.14569462408530626, 
            "ZgS": -0.007012012930465818, 
            "WgS": 0.34787071373556905
        }, 
        "Higgs": {
            "qqH_htt": 0.003965941153642593, 
            "qqH_hww": 0.10450745615322879, 
            "ggZH_hww": 0.0036688613719291665, 
            "ggH_htt": 0.03743716013608486, 
            "WH_hww": 0.19683683057753895, 
            "ggH_hww": 0.5527441678882035, 
            "ttH_hww": 0.10083958271937223
        }
    }, 
    "ww2l2v_13TeV_sr_0j_B9": {
        "Vg": {
            "Wg": 0.6199655425502187, 
            "Zg": 0.08555870863757598, 
            "ZgS": 0.021578673493286554, 
            "WgS": 0.27289707531891877
        }, 
        "Higgs": {
            "qqH_htt": 0.002694542172650344, 
            "qqH_hww": 0.38295324049362983, 
            "ggZH_hww": 0.028478312462550098, 
            "ggH_htt": 0.0, 
            "WH_hww": 0.10641327792869523, 
            "ggH_hww": 0.47750362560140985, 
            "ttH_hww": 0.0019570013410646955
        }
    }, 
    "ww2l2v_13TeV_sr_0j_B8": {
        "Vg": {
            "Wg": 0.6054704260559834, 
            "Zg": 0.08895465506145679, 
            "ZgS": 0.032420498553958454, 
            "WgS": 0.27315442032860127
        }, 
        "Higgs": {
            "qqH_htt": 0.001495795548277042, 
            "qqH_hww": 0.19265654459257464, 
            "ggZH_hww": 0.006141231939383557, 
            "ggH_htt": 0.0014032143870903243, 
            "WH_hww": 0.1019426045610567, 
            "ggH_hww": 0.6942786414638854, 
            "ttH_hww": 0.0020819675077322843
        }
    }, 
    "ww2l2v_13TeV_sr_0j_B7": {
        "Vg": {
            "Wg": 0.5725896813344724, 
            "Zg": 0.04084378407461327, 
            "ZgS": 0.025348877442047734, 
            "WgS": 0.36121765714886667
        }, 
        "Higgs": {
            "qqH_htt": 0.00015064258583333132, 
            "qqH_hww": 0.08916978690339677, 
            "ggZH_hww": 0.0017912241487385205, 
            "ggH_htt": 0.0021949478520499007, 
            "WH_hww": 0.06582326995264369, 
            "ggH_hww": 0.8405439038709677, 
            "ttH_hww": 0.00032622468637013517
        }
    },