{
    "PS_ISR": {
        "ggWW_B9": [
            0.9528090251120966, 
            1.0410732768874218
        ], 
        "ggWW_B8": [
            0.9850910693635914, 
            1.0131031305229872
        ], 
        "ggWW_B0": [
            1.0096233236055823, 
            0.9919373343125916
        ], 
        "ggWW_B1": [
            1.0107153541580203, 
            0.9911743325304995
        ], 
        "ggWW_B6": [
            1.0158605745897364, 
            0.9873295949275269
        ], 
        "ggWW_B7": [
            1.0125454289396676, 
            0.9898586338709432
        ], 
        "ggWW_B4": [
            1.0129085923722891, 
            0.9897132548568013
        ], 
        "ggWW_B5": [
            1.014329322866354, 
            0.9886722119706745
        ], 
        "ggWW_B2": [
            1.0109552493942393, 
            0.9911308190098144
        ], 
        "ggWW_B3": [
            1.0114882856920293, 
            0.9907813386638399
        ], 
        "WW_B8": [
            0.9974297423086644, 
            1.0019184828485803
        ], 
        "WW_B9": [
            0.9945014071663802, 
            1.0043344813355501
        ], 
        "WW_B6": [
            1.000658146193835, 
            0.9994920841873846
        ], 
        "WW_B7": [
            0.9997625504632511, 
            1.000124649200804
        ], 
        "WW_B4": [
            1.0003303004540944, 
            0.9997316818696688
        ], 
        "WW_B5": [
            1.0002890149111787, 
            0.9997732103908221
        ], 
        "WW_B2": [
            1.0012415308142995, 
            0.9990731069471368
        ], 
        "WW_B3": [
            1.0004395824359804, 
            0.9997244249268625
        ], 
        "WW_B0": [
            1.001442031409691, 
            0.9989614073533971
        ], 
        "WW_B1": [
            1.0005812371278384, 
            0.9996578361404254
        ]
    }, 
    "PS_FSR": {
        "ggWW_B9": [
            1.0002848594300686, 
            1.000075907090513
        ], 
        "ggWW_B8": [
            1.001231198251008, 
            0.9996723381355788
        ], 
        "ggWW_B0": [
            0.9996169016953091, 
            1.0000931887521807
        ], 
        "ggWW_B1": [
            0.999672831110491, 
            1.0000357576451036
        ], 
        "ggWW_B6": [
            1.000313396501324, 
            0.9997178331116043
        ], 
        "ggWW_B7": [
            0.9991749588184058, 
            1.0000944014906685
        ], 
        "ggWW_B4": [
            0.9991360460888182, 
            1.000125637021763
        ], 
        "ggWW_B5": [
            0.9998886264139992, 
            1.0002491552991488
        ], 
        "ggWW_B2": [
            1.0007359540804415, 
            0.9996129884383064
        ], 
        "ggWW_B3": [
            1.0001808593857102, 
            0.9994903852708149
        ], 
        "WW_B8": [
            0.9969067656233763, 
            1.000947890225356
        ], 
        "WW_B9": [
            0.9983024458598324, 
            1.0006413790498463
        ], 
        "WW_B6": [
            1.0008572527820643, 
            0.9998111962669185
        ], 
        "WW_B7": [
            1.0049267876599344, 
            0.9976665799902463
        ], 
        "WW_B4": [
            0.9987228493534674, 
            1.0000252441195778
        ], 
        "WW_B5": [
            0.9983068866858748, 
            1.0003387119407263
        ], 
        "WW_B2": [
            1.0008929515787495, 
            0.9994198538736719
        ], 
        "WW_B3": [
            1.001235049689999, 
            0.9992804711729166
        ], 
        "WW_B0": [
            1.0001099491174872, 
            1.0002223029003066
        ], 
        "WW_B1": [
            1.002172950266946, 
            0.9988766526412167
        ]
    }, 
    "QCDscale_WW": {
        "ggWW_B9": [
            1.0, 
            1.0
        ], 
        "ggWW_B8": [
            1.0, 
            1.0
        ], 
        "ggWW_B0": [
            1.0, 
            1.0
        ], 
        "ggWW_B1": [
            1.0, 
            1.0
        ], 
        "ggWW_B6": [
            1.0, 
            1.0
        ], 
        "ggWW_B7": [
            1.0, 
            1.0
        ], 
        "ggWW_B4": [
            1.0, 
            1.0
        ], 
        "ggWW_B5": [
            1.0, 
            1.0
        ], 
        "ggWW_B2": [
            1.0, 
            1.0
        ], 
        "ggWW_B3": [
            1.0, 
            1.0
        ], 
        "WW_B8": [
            0.9723631431429172, 
            1.0230436843870734
        ], 
        "WW_B9": [
            0.9481585962374216, 
            1.0467143956633815
        ], 
        "WW_B6": [
            0.9863433866352005, 
            1.0094238848782076
        ], 
        "WW_B7": [
            0.9809486838490462, 
            1.0146442262836992
        ], 
        "WW_B4": [
            0.9906362073289616, 
            1.005321775112178
        ], 
        "WW_B5": [
            0.9895715416349087, 
            1.0063796446612716
        ], 
        "WW_B2": [
            0.9929040170226197, 
            1.0031011651693527
        ], 
        "WW_B3": [
            0.9924066367980813, 
            1.0036469784163942
        ], 
        "WW_B0": [
            0.9950675323864161, 
            1.001129237511581
        ], 
        "WW_B1": [
            0.99444861399448, 
            1.0017044974692728
        ]
    }, 
    "CMS_hww_WWresum": {
        "WW_B8": [
            0.9744562303837025, 
            1.0630835144520072
        ], 
        "WW_B9": [
            0.9924691286004133, 
            1.0175059705526894
        ], 
        "WW_B6": [
            0.9821152857583915, 
            1.0601953682032383
        ], 
        "WW_B7": [
            0.9770911172283503, 
            1.0664954998499696
        ], 
        "WW_B4": [
            0.987328762090635, 
            1.051721251761937
        ], 
        "WW_B5": [
            0.9852802848102522, 
            1.0552269025367178
        ], 
        "WW_B2": [
            0.9917738949783502, 
            1.0439657972206506
        ], 
        "WW_B3": [
            0.9892035267547044, 
            1.0486247058590072
        ], 
        "WW_B0": [
            0.9961096808697205, 
            1.0365646457875537
        ], 
        "WW_B1": [
            0.9941739305646164, 
            1.0397309072206724
        ]
    }, 
    "CMS_hww_WWqscale": {
        "WW_B8": [
            1.0421038039454507, 
            0.9564398576598754
        ], 
        "WW_B9": [
            1.064539778260979, 
            0.9267021588503058
        ], 
        "WW_B6": [
            1.0079072649665222, 
            0.9947746139343342
        ], 
        "WW_B7": [
            1.0194749500062077, 
            0.981704302531875
        ], 
        "WW_B4": [
            1.0005576865218822, 
            1.0032550807102996
        ], 
        "WW_B5": [
            1.0030597670443244, 
            1.0003666615357345
        ], 
        "WW_B2": [
            0.9961757582517045, 
            1.0081391890500104
        ], 
        "WW_B3": [
            0.9984187145583452, 
            1.005650498434095
        ], 
        "WW_B0": [
            0.9915444361698385, 
            1.012802129454925
        ], 
        "WW_B1": [
            0.9941467473804151, 
            1.010255480272061
        ]
    }, 
    "pdf_WW": {
        "WW_B8": [
            0.9910389101836039, 
            1.0091246229479507
        ], 
        "WW_B9": [
            0.9886935026892535, 
            1.0115680863859735
        ], 
        "WW_B6": [
            0.9894450723905053, 
            1.010782545585701
        ], 
        "WW_B7": [
            0.9900305529035932, 
            1.0101722709301844
        ], 
        "WW_B4": [
            0.9889386731748224, 
            1.0113115687427148
        ],