{
    "PS_ISR": {
        "ggWW_B9": [
            0.9529552113176976, 
            1.0409627584554901
        ], 
        "ggWW_B8": [
            0.9850181896948218, 
            1.01321023077737
        ], 
        "ggWW_B0": [
            1.0099845887476953, 
            0.9916565446508756
        ], 
        "ggWW_B1": [
            1.0108398003651127, 
            0.9910639991143223
        ], 
        "ggWW_B6": [
            1.015918533325638, 
            0.9872547019361736
        ], 
        "ggWW_B7": [
            1.0126306773903713, 
            0.9897742300660398
        ], 
        "ggWW_B4": [
            1.0132618217565676, 
            0.9894267471469307
        ], 
        "ggWW_B5": [
            1.0141068984932042, 
            0.9888622948775775
        ], 
        "ggWW_B2": [
            1.0114217792808182, 
            0.99079696068972
        ], 
        "ggWW_B3": [
            1.0114162155354862, 
            0.9908253099197403
        ], 
        "WW_B8": [
            0.9976523442126124, 
            1.0016887129265113
        ], 
        "WW_B9": [
            0.9947995644181582, 
            1.0041114619402813
        ], 
        "WW_B6": [
            1.0007384073284729, 
            0.999429611315569
        ], 
        "WW_B7": [
            0.9997314940195925, 
            1.0001484363084232
        ], 
        "WW_B4": [
            1.000022409608748, 
            0.999970088435051
        ], 
        "WW_B5": [
            1.0000609848875426, 
            0.9999168420974345
        ], 
        "WW_B2": [
            1.001711175849628, 
            0.9987081885478288
        ], 
        "WW_B3": [
            0.9998997769225273, 
            1.0001118168568195
        ], 
        "WW_B0": [
            1.0017594155770075, 
            0.9987145854665779
        ], 
        "WW_B1": [
            1.0005794116497797, 
            0.9996110263102663
        ]
    }, 
    "PS_FSR": {
        "ggWW_B9": [
            1.000460347467411, 
            0.9999690095383675
        ], 
        "ggWW_B8": [
            1.0005526998959102, 
            0.9997309050774127
        ], 
        "ggWW_B0": [
            0.9983221547962375, 
            1.0011940191135629
        ], 
        "ggWW_B1": [
            1.0006464543503166, 
            0.9990856607234181
        ], 
        "ggWW_B6": [
            1.0002936478224933, 
            0.9999091153607416
        ], 
        "ggWW_B7": [
            0.9995302163426268, 
            0.9999493111587461
        ], 
        "ggWW_B4": [
            0.9982779404249157, 
            1.000347471170858
        ], 
        "ggWW_B5": [
            1.0003155057711324, 
            1.0001224029239422
        ], 
        "ggWW_B2": [
            1.001033065669886, 
            0.9994735122086893
        ], 
        "ggWW_B3": [
            0.9999722025182464, 
            0.999347061383218
        ], 
        "WW_B8": [
            0.998740849869858, 
            1.0007092925350447
        ], 
        "WW_B9": [
            0.997255099058177, 
            1.0006428630880828
        ], 
        "WW_B6": [
            1.0010567657981622, 
            0.9994419097679113
        ], 
        "WW_B7": [
            1.006287690986938, 
            0.9975631339823594
        ], 
        "WW_B4": [
            0.9994028506410578, 
            0.9993087660754644
        ], 
        "WW_B5": [
            0.9963431129439753, 
            1.001463331389557
        ], 
        "WW_B2": [
            1.0034116970201499, 
            0.9991155348854476
        ], 
        "WW_B3": [
            1.0024785609502531, 
            0.9988457489003761
        ], 
        "WW_B0": [
            1.0011553473713382, 
            1.0002460640130715
        ], 
        "WW_B1": [
            1.0016698540744515, 
            0.998818764811681
        ]
    }, 
    "QCDscale_WW": {
        "ggWW_B9": [
            1.0, 
            1.0
        ], 
        "ggWW_B8": [
            1.0, 
            1.0
        ], 
        "ggWW_B0": [
            1.0, 
            1.0
        ], 
        "ggWW_B1": [
            1.0, 
            1.0
        ], 
        "ggWW_B6": [
            1.0, 
            1.0
        ], 
        "ggWW_B7": [
            1.0, 
            1.0
        ], 
        "ggWW_B4": [
            1.0, 
            1.0
        ], 
        "ggWW_B5": [
            1.0, 
            1.0
        ], 
        "ggWW_B2": [
            1.0, 
            1.0
        ], 
        "ggWW_B3": [
            1.0, 
            1.0
        ], 
        "WW_B8": [
            0.9723045418048822, 
            1.0230655705978966
        ], 
        "WW_B9": [
            0.948126555865324, 
            1.0467608095037226
        ], 
        "WW_B6": [
            0.9866007665150824, 
            1.009203299188341
        ], 
        "WW_B7": [
            0.981562354910086, 
            1.0140677291919242
        ], 
        "WW_B4": [
            0.9904169773663444, 
            1.0055241365341643
        ], 
        "WW_B5": [
            0.9893573633346512, 
            1.0065794985777414
        ], 
        "WW_B2": [
            0.9933170162760906, 
            1.0027524148282982
        ], 
        "WW_B3": [
            0.9923125122998169, 
            1.0037424528756005
        ], 
        "WW_B0": [
            0.9951533828815826, 
            1.0010549092072027
        ], 
        "WW_B1": [
            0.994438372097814, 
            1.0017043308978888
        ]
    }, 
    "CMS_hww_WWresum": {
        "WW_B8": [
            0.9743344551941815, 
            1.0633987098284652
        ], 
        "WW_B9": [
            0.992362602093553, 
            1.0177344490211557
        ], 
        "WW_B6": [
            0.9819381382383422, 
            1.0605575193588774
        ], 
        "WW_B7": [
            0.9767393233437522, 
            1.0673883383055238
        ], 
        "WW_B4": [
            0.9873892942325503, 
            1.051634240125066
        ], 
        "WW_B5": [
            0.984816182220358, 
            1.0561832575910648
        ], 
        "WW_B2": [
            0.9920977549957046, 
            1.0434378025676432
        ], 
        "WW_B3": [
            0.9899203235557748, 
            1.0472879044545678
        ], 
        "WW_B0": [
            0.9960018285472377, 
            1.0367798808507906
        ], 
        "WW_B1": [
            0.9944692885604283, 
            1.039175518134529
        ]
    }, 
    "CMS_hww_WWqscale": {
        "WW_B8": [
            1.042106515346512, 
            0.9565009872634109
        ], 
        "WW_B9": [
            1.0644406093512582, 
            0.9268284958081364
        ], 
        "WW_B6": [
            1.0079830574009938, 
            0.9947729196016566
        ], 
        "WW_B7": [
            1.0193084596903514, 
            0.981967725614526
        ], 
        "WW_B4": [
            1.0004465800617677, 
            1.0033523700732885
        ], 
        "WW_B5": [
            1.0031849736363312, 
            1.0003216748927666
        ], 
        "WW_B2": [
            0.9956288561784066, 
            1.0086998985854176
        ], 
        "WW_B3": [
            0.9979155634423426, 
            1.006091953045346
        ], 
        "WW_B0": [
            0.9916535798391477, 
            1.0127072661328056
        ], 
        "WW_B1": [
            0.9937975985807553, 
            1.0105039988290654
        ]
    }, 
    "pdf_WW": {
        "WW_B8": [
            0.990862154300695, 
            1.0093079550126687
        ], 
        "WW_B9": [
            0.9884241712373254, 
            1.0118501800733462
        ], 
        "WW_B6": [
            0.9894047338789772, 
            1.0108246461339327
        ], 
        "WW_B7": [
            0.9899244986183426, 
            1.010282708264306
        ], 
        "WW_B4": [
            0.9888614467725486, 
            1.0113923416348207
        ],