{
    "PS_ISR": {
        "ggWW_B9": [
            0.952809025110359, 
            1.0410732768855309
        ], 
        "ggWW_B8": [
            0.9850910693624328, 
            1.0131031305218057
        ], 
        "ggWW_B0": [
            1.0096233236058922, 
            0.9919373343128985
        ], 
        "ggWW_B1": [
            1.0107153541578926, 
            0.9911743325303711
        ], 
        "ggWW_B6": [
            1.015860574589141, 
            0.9873295949269336
        ], 
        "ggWW_B7": [
            1.0125454289386095, 
            0.9898586338699126
        ], 
        "ggWW_B4": [
            1.0129085923715688, 
            0.9897132548560991
        ], 
        "ggWW_B5": [
            1.0143293228653916, 
            0.9886722119697283
        ], 
        "ggWW_B2": [
            1.010955249393888, 
            0.9911308190094699
        ], 
        "ggWW_B3": [
            1.0114882856914635, 
            0.9907813386632889
        ], 
        "WW_B8": [
            0.9974297423086612, 
            1.0019184828485797
        ], 
        "WW_B9": [
            0.9945014071663835, 
            1.0043344813355524
        ], 
        "WW_B6": [
            1.0006581461938353, 
            0.9994920841873828
        ], 
        "WW_B7": [
            0.9997625504632477, 
            1.0001246492008025
        ], 
        "WW_B4": [
            1.0003303004540913, 
            0.9997316818696712
        ], 
        "WW_B5": [
            1.0002890149111807, 
            0.9997732103908259
        ], 
        "WW_B2": [
            1.0012415308143034, 
            0.9990731069471412
        ], 
        "WW_B3": [
            1.0004395824359782, 
            0.9997244249268583
        ], 
        "WW_B0": [
            1.0014420314096937, 
            0.9989614073533984
        ], 
        "WW_B1": [
            1.0005812371278389, 
            0.9996578361404234
        ]
    }, 
    "PS_FSR": {
        "ggWW_B9": [
            1.000284859428236, 
            1.0000759070886858
        ], 
        "ggWW_B8": [
            1.0012311982498472, 
            0.9996723381344207
        ], 
        "ggWW_B0": [
            0.9996169016956182, 
            1.0000931887524906
        ], 
        "ggWW_B1": [
            0.9996728311103669, 
            1.0000357576449626
        ], 
        "ggWW_B6": [
            1.0003133965007343, 
            0.9997178331110145
        ], 
        "ggWW_B7": [
            0.9991749588173741, 
            1.000094401489644
        ], 
        "ggWW_B4": [
            0.999136046088108, 
            1.0001256370210467
        ], 
        "ggWW_B5": [
            0.9998886264130478, 
            1.000249155298195
        ], 
        "ggWW_B2": [
            1.0007359540800933, 
            0.9996129884379543
        ], 
        "ggWW_B3": [
            1.0001808593851595, 
            0.9994903852702614
        ], 
        "WW_B8": [
            0.9969067656233747, 
            1.0009478902253528
        ], 
        "WW_B9": [
            0.9983024458598324, 
            1.0006413790498472
        ], 
        "WW_B6": [
            1.0008572527820665, 
            0.9998111962669243
        ], 
        "WW_B7": [
            1.0049267876599308, 
            0.9976665799902469
        ], 
        "WW_B4": [
            0.9987228493534671, 
            1.0000252441195743
        ], 
        "WW_B5": [
            0.9983068866858804, 
            1.0003387119407299
        ], 
        "WW_B2": [
            1.0008929515787535, 
            0.9994198538736732
        ], 
        "WW_B3": [
            1.0012350496899975, 
            0.9992804711729133
        ], 
        "WW_B0": [
            1.0001099491174885, 
            1.0002223029003077
        ], 
        "WW_B1": [
            1.0021729502669405, 
            0.9988766526412173
        ]
    }, 
    "QCDscale_WW": {
        "ggWW_B9": [
            1.0, 
            1.0
        ], 
        "ggWW_B8": [
            1.0, 
            1.0
        ], 
        "ggWW_B0": [
            1.0, 
            1.0
        ], 
        "ggWW_B1": [
            1.0, 
            1.0
        ], 
        "ggWW_B6": [
            1.0, 
            1.0
        ], 
        "ggWW_B7": [
            1.0, 
            1.0
        ], 
        "ggWW_B4": [
            1.0, 
            1.0
        ], 
        "ggWW_B5": [
            1.0, 
            1.0
        ], 
        "ggWW_B2": [
            1.0, 
            1.0
        ], 
        "ggWW_B3": [
            1.0, 
            1.0
        ], 
        "WW_B8": [
            0.9723631431429162, 
            1.023043684387072
        ], 
        "WW_B9": [
            0.9481585962374228, 
            1.04671439566338
        ], 
        "WW_B6": [
            0.9863433866351968, 
            1.009423884878208
        ], 
        "WW_B7": [
            0.98094868384904, 
            1.0146442262836939
        ], 
        "WW_B4": [
            0.9906362073289574, 
            1.0053217751121766
        ], 
        "WW_B5": [
            0.9895715416349138, 
            1.0063796446612756
        ], 
        "WW_B2": [
            0.9929040170226212, 
            1.0031011651693533
        ], 
        "WW_B3": [
            0.992406636798078, 
            1.0036469784163884
        ], 
        "WW_B0": [
            0.9950675323864163, 
            1.0011292375115821
        ], 
        "WW_B1": [
            0.9944486139944799, 
            1.001704497469271
        ]
    }, 
    "CMS_hww_WWresum": {
        "WW_B8": [
            0.9744562303837027, 
            1.0630835144520079
        ], 
        "WW_B9": [
            0.9924691286004133, 
            1.0175059705526888
        ], 
        "WW_B6": [
            0.9821152857583875, 
            1.0601953682032397
        ], 
        "WW_B7": [
            0.9770911172283508, 
            1.0664954998499685
        ], 
        "WW_B4": [
            0.9873287620906365, 
            1.0517212517619374
        ], 
        "WW_B5": [
            0.9852802848102564, 
            1.0552269025367207
        ], 
        "WW_B2": [
            0.9917738949783488, 
            1.0439657972206535
        ], 
        "WW_B3": [
            0.9892035267547029, 
            1.0486247058590077
        ], 
        "WW_B0": [
            0.9961096808697163, 
            1.0365646457875541
        ], 
        "WW_B1": [
            0.9941739305646161, 
            1.0397309072206729
        ]
    }, 
    "CMS_hww_WWqscale": {
        "WW_B8": [
            1.0421038039454462, 
            0.9564398576598687
        ], 
        "WW_B9": [
            1.064539778260981, 
            0.9267021588503038
        ], 
        "WW_B6": [
            1.0079072649665226, 
            0.9947746139343285
        ], 
        "WW_B7": [
            1.0194749500061993, 
            0.9817043025318686
        ], 
        "WW_B4": [
            1.0005576865218795, 
            1.003255080710302
        ], 
        "WW_B5": [
            1.0030597670443275, 
            1.000366661535737
        ], 
        "WW_B2": [
            0.9961757582517052, 
            1.0081391890500147
        ], 
        "WW_B3": [
            0.9984187145583431, 
            1.005650498434091
        ], 
        "WW_B0": [
            0.991544436169837, 
            1.0128021294549279
        ], 
        "WW_B1": [
            0.9941467473804136, 
            1.0102554802720591
        ]
    }, 
    "pdf_WW": {
        "WW_B8": [
            0.990892055237391, 
            1.0092769323371962
        ], 
        "WW_B9": [
            0.9885545462711656, 
            1.0117135883968238
        ], 
        "WW_B6": [
            0.9893128401646117, 
            1.0109205797990028
        ], 
        "WW_B7": [
            0.9898830624248084, 
            1.010325869938343
        ], 
        "WW_B4": [
            0.988849031808752, 
            1.0114053291156055
        ],