{
    "PS_ISR": {
        "ggWW_B10": [
            0.9497276945636302, 
            1.0423779629523395
        ], 
        "ggWW_B11": [
            0.9576008754197075, 
            1.0347595010186525
        ], 
        "ggWW_B12": [
            0.9575848978585773, 
            1.0362416196193591
        ], 
        "ggWW_B6": [
            1.0159185333260625, 
            0.9872547019365927
        ], 
        "ggWW_B7": [
            1.0126306773911267, 
            0.9897742300667818
        ], 
        "ggWW_B4": [
            1.0132618217571483, 
            0.9894267471474952
        ], 
        "ggWW_B5": [
            1.0141068984938824, 
            0.988862294878239
        ], 
        "ggWW_B2": [
            1.0114217792810463, 
            0.9907969606899397
        ], 
        "ggWW_B3": [
            1.0114162155359285, 
            0.9908253099201713
        ], 
        "ggWW_B0": [
            1.0099845887475696, 
            0.9916565446507495
        ], 
        "ggWW_B1": [
            1.0108398003651546, 
            0.9910639991143616
        ], 
        "ggWW_B8": [
            0.9850181896958325, 
            1.0132102307784137
        ], 
        "ggWW_B9": [
            0.9531589152455574, 
            1.041104860867608
        ], 
        "WW_B10": [
            0.9938727494115732, 
            1.0051256101291586
        ], 
        "WW_B11": [
            0.992103159314851, 
            1.006328173329591
        ], 
        "WW_B12": [
            0.993631102266338, 
            1.004920397760952
        ], 
        "WW_B8": [
            0.997652344212612, 
            1.0016887129265117
        ], 
        "WW_B9": [
            0.9956126577078671, 
            1.0033807733988886
        ], 
        "WW_B6": [
            1.000738407328471, 
            0.999429611315568
        ], 
        "WW_B7": [
            0.9997314940195919, 
            1.0001484363084239
        ], 
        "WW_B4": [
            1.0000224096087473, 
            0.9999700884350506
        ], 
        "WW_B5": [
            1.0000609848875415, 
            0.999916842097434
        ], 
        "WW_B2": [
            1.0017111758496295, 
            0.9987081885478297
        ], 
        "WW_B3": [
            0.9998997769225264, 
            1.000111816856818
        ], 
        "WW_B0": [
            1.0017594155770093, 
            0.9987145854665785
        ], 
        "WW_B1": [
            1.000579411649777, 
            0.9996110263102651
        ]
    }, 
    "PS_FSR": {
        "ggWW_B10": [
            0.9993835463406743, 
            0.9999412099724009
        ], 
        "ggWW_B11": [
            1.002938512030572, 
            1.000682055688002
        ], 
        "ggWW_B12": [
            0.9881226930011131, 
            1.0073484660203766
        ], 
        "ggWW_B6": [
            1.000293647822911, 
            0.9999091153611483
        ], 
        "ggWW_B7": [
            0.9995302163433694, 
            0.9999493111594934
        ], 
        "ggWW_B4": [
            0.9982779404254892, 
            1.0003474711714315
        ], 
        "ggWW_B5": [
            1.0003155057718045, 
            1.0001224029246076
        ], 
        "ggWW_B2": [
            1.001033065670112, 
            0.9994735122089099
        ], 
        "ggWW_B3": [
            0.9999722025186795, 
            0.9993470613836579
        ], 
        "ggWW_B0": [
            0.99832215479612, 
            1.0011940191134403
        ], 
        "ggWW_B1": [
            1.000646454350355, 
            0.9990856607234551
        ], 
        "ggWW_B8": [
            1.0005526998969319, 
            0.9997309050784439
        ], 
        "ggWW_B9": [
            1.0005968603051225, 
            0.999877892748068
        ], 
        "WW_B10": [
            0.9924923473325672, 
            1.003348261848206
        ], 
        "WW_B11": [
            0.9780356498367287, 
            1.0071656371294706
        ], 
        "WW_B12": [
            1.010953228089891, 
            0.9920626579774438
        ], 
        "WW_B8": [
            0.9987408498698581, 
            1.0007092925350438
        ], 
        "WW_B9": [
            1.0012352294772735, 
            0.9992580113155441
        ], 
        "WW_B6": [
            1.0010567657981586, 
            0.99944190976791
        ], 
        "WW_B7": [
            1.0062876909869378, 
            0.9975631339823594
        ], 
        "WW_B4": [
            0.9994028506410573, 
            0.9993087660754636
        ], 
        "WW_B5": [
            0.9963431129439757, 
            1.001463331389557
        ], 
        "WW_B2": [
            1.0034116970201508, 
            0.9991155348854481
        ], 
        "WW_B3": [
            1.0024785609502525, 
            0.9988457489003736
        ], 
        "WW_B0": [
            1.0011553473713402, 
            1.0002460640130726
        ], 
        "WW_B1": [
            1.0016698540744504, 
            0.9988187648116799
        ]
    }, 
    "QCDscale_WW": {
        "ggWW_B10": [
            1.0, 
            1.0
        ], 
        "ggWW_B11": [
            1.0, 
            1.0
        ], 
        "ggWW_B12": [
            1.0, 
            1.0
        ], 
        "ggWW_B6": [
            1.0, 
            1.0
        ], 
        "ggWW_B7": [
            1.0, 
            1.0
        ], 
        "ggWW_B4": [
            1.0, 
            1.0
        ], 
        "ggWW_B5": [
            1.0, 
            1.0
        ], 
        "ggWW_B2": [
            1.0, 
            1.0
        ], 
        "ggWW_B3": [
            1.0, 
            1.0
        ], 
        "ggWW_B0": [
            1.0, 
            1.0
        ], 
        "ggWW_B1": [
            1.0, 
            1.0
        ], 
        "ggWW_B8": [
            1.0, 
            1.0
        ], 
        "ggWW_B9": [
            1.0, 
            1.0
        ], 
        "WW_B10": [
            0.9403610818020258, 
            1.0548687549629396
        ], 
        "WW_B11": [
            0.9268423278609021, 
            1.0682595580960599
        ], 
        "WW_B12": [
            0.9069545067107673, 
            1.088212501259139
        ], 
        "WW_B8": [
            0.972304541804882, 
            1.023065570597897
        ], 
        "WW_B9": [
            0.9569160094495691, 
            1.0383710602112313
        ], 
        "WW_B6": [
            0.9866007665150827, 
            1.0092032991883413
        ], 
        "WW_B7": [
            0.9815623549100861, 
            1.0140677291919225
        ], 
        "WW_B4": [
            0.9904169773663445, 
            1.0055241365341632
        ], 
        "WW_B5": [
            0.9893573633346517, 
            1.0065794985777432
        ], 
        "WW_B2": [
            0.9933170162760889, 
            1.0027524148282991
        ], 
        "WW_B3": [
            0.9923125122998178, 
            1.003742452875599
        ], 
        "WW_B0": [
            0.9951533828815848, 
            1.0010549092072016
        ], 
        "WW_B1": [
            0.9944383720978115, 
            1.001704330897888
        ]
    }, 
    "CMS_hww_WWresum": {
        "WW_B12": [
            0.9979664897563207, 
            1.0049444271657053
        ], 
        "WW_B10": [
            0.9962278148482373, 
            1.0090374068557955
        ], 
        "WW_B11": [
            0.9971029756579214, 
            1.0069592189106513
        ], 
        "WW_B8": [
            0.9743344551941814, 
            1.0633987098284645
        ], 
        "WW_B9": [
            0.9900694289006412, 
            1.0230387321305767
        ], 
        "WW_B6": [
            0.9819381382383419, 
            1.0605575193588774
        ], 
        "WW_B7": [
            0.9767393233437534, 
            1.067388338305523
        ], 
        "WW_B4": [
            0.9873892942325517, 
            1.0516342401250665
        ],