{
  "VBS": {
    "pdf_weight_34": 0.9997125847422625, 
    "pdf_weight_35": 1.000055093334137, 
    "pdf_weight_36": 1.0001604300143887, 
    "pdf_weight_37": 0.9999879293619081, 
    "pdf_weight_30": 1.0002340747097294, 
    "pdf_weight_31": 0.999649552420305, 
    "pdf_weight_32": 0.9996211435172715, 
    "pdf_weight_33": 0.9998503035683661, 
    "pdf_weight_38": 1.0000208453442092, 
    "pdf_weight_39": 1.0001183632508892, 
    "pdf_weight_41": 1.0000179458900487, 
    "pdf_weight_40": 0.9998073017718003, 
    "pdf_weight_43": 1.0000756550959973, 
    "pdf_weight_42": 1.0006296241317063, 
    "pdf_weight_45": 1.0002121351718662, 
    "pdf_weight_44": 0.9997634840955091, 
    "pdf_weight_47": 0.9994290758137709, 
    "pdf_weight_46": 0.9993790105107832, 
    "pdf_weight_49": 1.0001383449896342, 
    "pdf_weight_48": 1.0004584052085341, 
    "pdf_weight_52": 1.0001751248725512, 
    "pdf_weight_53": 0.9998047091141574, 
    "pdf_weight_50": 0.9997898185971041, 
    "pdf_weight_51": 0.9995832520554877, 
    "pdf_weight_56": 1.0001022229703347, 
    "pdf_weight_57": 1.0000480329487247, 
    "pdf_weight_54": 0.9997844794781554, 
    "pdf_weight_55": 0.9999404322704873, 
    "pdf_weight_58": 0.9998704658326987, 
    "pdf_weight_59": 1.0001215616700507, 
    "pdf_weight_69": 0.9998223537762848, 
    "pdf_weight_68": 0.9997656308511479, 
    "pdf_weight_67": 0.9998669027387648, 
    "pdf_weight_66": 0.9999157522406665, 
    "pdf_weight_65": 0.9998374912099166, 
    "pdf_weight_64": 1.0001656578099738, 
    "pdf_weight_63": 0.9999730147591881, 
    "pdf_weight_62": 1.0001374400243646, 
    "pdf_weight_61": 1.0001673555989865, 
    "pdf_weight_60": 0.9999285474106301, 
    "pdf_weight_78": 0.9999020725175073, 
    "pdf_weight_79": 0.9998713499213466, 
    "pdf_weight_70": 1.0003505665176557, 
    "pdf_weight_71": 1.0002438537846252, 
    "pdf_weight_72": 0.9999507073799425, 
    "pdf_weight_73": 1.0001771089334155, 
    "pdf_weight_74": 1.0000891376296666, 
    "pdf_weight_75": 1.0001282430146916, 
    "pdf_weight_76": 0.9998643585980472, 
    "pdf_weight_77": 1.0003415264904771, 
    "pdf_weight_85": 1.000050592421093, 
    "pdf_weight_84": 0.9999605725383709, 
    "pdf_weight_87": 1.000104356754912, 
    "pdf_weight_86": 0.9999815079284231, 
    "pdf_weight_81": 0.9998666448907928, 
    "pdf_weight_80": 0.999927321628182, 
    "pdf_weight_83": 0.9999781512983217, 
    "pdf_weight_82": 0.9997714958174606, 
    "pdf_weight_89": 1.000013623941193, 
    "pdf_weight_88": 0.9999720084951877, 
    "pdf_weight_96": 1.000112339908986, 
    "pdf_weight_97": 0.9998013898411676, 
    "pdf_weight_94": 0.9999585492045108, 
    "pdf_weight_95": 0.999914824727719, 
    "pdf_weight_92": 1.000024969348157, 
    "pdf_weight_93": 0.9999846057703159, 
    "pdf_weight_90": 1.000018058841953, 
    "pdf_weight_91": 1.0000533277184114, 
    "pdf_weight_98": 1.0001067843733769, 
    "pdf_weight_99": 0.9998819752045776, 
    "pdf_weight_18": 1.000787482896056, 
    "pdf_weight_19": 0.9997345933163427, 
    "pdf_weight_16": 0.9989531574484203, 
    "pdf_weight_17": 1.0002096615421063, 
    "pdf_weight_14": 0.9996566189066362, 
    "pdf_weight_15": 1.0002236224579721, 
    "pdf_weight_12": 1.0007288749310854, 
    "pdf_weight_13": 1.0018272996788222, 
    "pdf_weight_10": 1.0002074058120263, 
    "pdf_weight_11": 1.0019614146592242, 
    "pdf_weight_8": 1.0012751728008717, 
    "pdf_weight_9": 0.9987801100968693, 
    "pdf_weight_4": 0.9986649525125246, 
    "pdf_weight_5": 1.0001548429935285, 
    "pdf_weight_6": 1.0009714366104274, 
    "pdf_weight_7": 1.0007312214768864, 
    "pdf_weight_0": 1.000009636372541, 
    "pdf_weight_1": 1.0007760111055792, 
    "pdf_weight_2": 0.999433840598503, 
    "pdf_weight_3": 0.9999183517280644, 
    "pdf_weight_102": 0.9782438457787083, 
    "pdf_weight_101": 1.0215362867151934, 
    "pdf_weight_100": 1.0000410863928628, 
    "pdf_weight_29": 0.9984560939363991, 
    "pdf_weight_28": 1.0005044192143178, 
    "pdf_weight_23": 1.000017812338644, 
    "pdf_weight_22": 1.000140556821941, 
    "pdf_weight_21": 0.9995916878533541, 
    "pdf_weight_20": 1.000137677626093, 
    "pdf_weight_27": 1.00045266660604, 
    "pdf_weight_26": 0.9996464175946483, 
    "pdf_weight_25": 0.9999010641102978, 
    "pdf_weight_24": 1.0009673497162455
  }
}