{
    "QCDscale_WW": {
        "WW_B12": [
            0.9158549258482105, 
            1.0794777756361358
        ], 
        "WW_B10": [
            0.9513104447040422, 
            1.0432505365788043
        ], 
        "WW_B11": [
            0.9357537342725272, 
            1.0590235256912968
        ], 
        "WW_B8": [
            0.9758071658719769, 
            1.018858058714814
        ], 
        "WW_B9": [
            0.9643255172374466, 
            1.0303251748403754
        ], 
        "WW_B6": [
            0.9864647106158924, 
            1.0090684762233417
        ], 
        "WW_B7": [
            0.982054623979206, 
            1.0132772874474765
        ], 
        "WW_B4": [
            0.9910491234638004, 
            1.0047889670839747
        ], 
        "WW_B5": [
            0.9890187056326137, 
            1.0066224368600947
        ], 
        "WW_B2": [
            0.995595026690686, 
            1.0006742601133471
        ], 
        "WW_B3": [
            0.9935057097309746, 
            1.0025181853691165
        ], 
        "WW_B0": [
            0.9970546766161312, 
            0.9992989458210436
        ], 
        "WW_B1": [
            0.9969493946726049, 
            0.9993440075538873
        ]
    }, 
    "PS_FSR": {
        "ggWW_B10": [
            0.9952718689362119, 
            0.9973883841286756, 
            1.0079810810123084, 
            1.013125655871431, 
            1.0238022384577603, 
            1.0057941530822174, 
            0.9746261903429937, 
            0.9335686727136309
        ], 
        "ggWW_B11": [
            1.0132690671284037, 
            0.9931981076209558, 
            1.006624815753733, 
            0.9779421200598576, 
            0.9862582028716264, 
            1.019196889899536, 
            0.989685273376166, 
            0.989063733789991
        ], 
        "ggWW_B12": [
            1.0023558522347693, 
            0.9858805750524378, 
            1.0161797467171387, 
            1.001817186588054, 
            0.9955565181135277, 
            1.0319822662611533, 
            0.9531491643002419, 
            1.0105646252249159
        ], 
        "ggWW_B6": [
            0.991724393685331, 
            1.0081410015888972, 
            1.0195665963625151, 
            1.0079820128864794, 
            1.0124079437454963, 
            0.9914331193675309, 
            0.9644445510655592, 
            0.9561317005673898
        ], 
        "ggWW_B7": [
            0.9937295705526641, 
            1.0057720156884244, 
            1.012115297756722, 
            0.9947500233023584, 
            1.0128900337086895, 
            0.9870473874490527, 
            0.983521977769639, 
            0.9894974383562999
        ], 
        "ggWW_B4": [
            0.9918809194331445, 
            1.0112183845112546, 
            1.024620407356638, 
            1.0070501439970538, 
            1.0127180698571698, 
            0.9782144714995732, 
            0.9780336545675433, 
            0.9984171269834653
        ], 
        "ggWW_B5": [
            0.9955775639042677, 
            1.0028864734279777, 
            1.02121054775447, 
            1.0056437883459828, 
            1.008307982800334, 
            0.9942936740153262, 
            0.9633998806807271, 
            0.9782529971188242
        ], 
        "ggWW_B2": [
            0.9956878795343602, 
            1.0069231181255538, 
            1.028440242996278, 
            0.9836778918642543, 
            1.0062625433601045, 
            0.9989955124414117, 
            0.9321779660067471, 
            0.9405828952889116
        ], 
        "ggWW_B3": [
            0.9926769055954726, 
            1.0110845154075394, 
            1.0244667876024485, 
            1.0418875548049853, 
            1.0113799012251417, 
            0.9767321682400367, 
            0.9937790934603146, 
            0.9233240631231915
        ], 
        "ggWW_B0": [
            0.9914882661777377, 
            1.0136979471103866, 
            1.041414793629706, 
            0.9915929224160869, 
            1.0150552674720326, 
            0.9759333256254652, 
            0.931829570354503, 
            0.9832028765655252
        ], 
        "ggWW_B1": [
            0.9950799510610998, 
            1.0079437146011727, 
            1.0358820210154887, 
            0.9932702086643637, 
            1.007822911049034, 
            0.9907712446853872, 
            0.9397144797708681, 
            0.9380445394244782
        ], 
        "ggWW_B8": [
            0.9890471647499904, 
            1.0038770272652981, 
            1.0273311127113567, 
            1.0135148286209583, 
            1.0188241455963163, 
            0.9940213639630485, 
            0.9581123356438074, 
            0.9480519396725712
        ], 
        "ggWW_B9": [
            0.9892630447175684, 
            1.0046315584351704, 
            1.012808309795809, 
            1.0083277135179924, 
            1.0230142340340078, 
            0.9955311278489478, 
            0.9713645137042637, 
            0.945071361651172
        ], 
        "ggWW_nonfid": [
            0.9933946179668844, 
            1.0075106847217514, 
            1.0184408502321238, 
            1.018561025902185, 
            1.0110578913564616, 
            0.9881757684119074, 
            0.9710204547173186, 
            0.9637996933204865
        ], 
        "WW_B10": [
            0.9917454337202505, 
            0.9994816218433226, 
            1.0133290177336767, 
            0.9941337400744676, 
            1.015495946764968, 
            1.001580314270684, 
            0.9814406584727975, 
            0.996449806267438
        ], 
        "WW_B11": [
            0.9893160239601617, 
            0.9957633685228465, 
            1.0042569615414634, 
            1.017352744968472, 
            1.019156221041998, 
            1.0206982785363414, 
            0.974597175576716, 
            0.9667585316898786
        ], 
        "WW_B12": [
            0.9882577049842379, 
            1.0070481045573787, 
            0.9934011446798932, 
            1.007301539589393, 
            1.015104493240396, 
            0.9858712807176131, 
            1.020267528974881, 
            0.9825673211064748
        ], 
        "WW_B8": [
            0.9943280870442793, 
            1.004107394193611, 
            1.005969486805297, 
            1.0027314785120411, 
            1.0070693905568597, 
            0.9938528619674376, 
            0.9948387107914092, 
            0.9979009561445631
        ], 
        "WW_B9": [
            0.994375707355717, 
            1.0032935287583997, 
            1.0034763948717529, 
            0.999246957970314, 
            1.0100283149236795, 
            0.9952593740290918, 
            0.9950527697667777, 
            0.9921270223180996
        ], 
        "WW_B6": [
            0.9956558835960091, 
            1.0014497149501052, 
            1.0180666322870668, 
            1.0175610373684383, 
            1.0059416062662054, 
            1.0012068663137812, 
            0.9622503030440754, 
            0.9836475511236984
        ], 
        "WW_B7": [
            0.9956138252005592, 
            1.0022652850530074, 
            1.0070963201330205, 
            1.0181736608178251, 
            1.0031375497824988, 
            1.0050784312245076, 
            0.9870464867634222, 
            0.9469602777452456
        ], 
        "WW_B4": [
            0.995782961284879, 
            1.010089161080932, 
            1.0044216969929616, 
            1.0045761022852318, 
            1.005691546906748, 
            0.987172579502417, 
            0.9885174085506939, 
            1.0027453808450968
        ],