{
    "PS_ISR": {
        "ggWW_B9": [
            0.9528452252816545, 
            1.041091442248322
        ], 
        "ggWW_B8": [
            0.9854144440149499, 
            1.0128429018445493
        ], 
        "ggWW_B0": [
            1.00977680830208, 
            0.9917635330711451
        ], 
        "ggWW_B1": [
            1.0106783947287743, 
            0.9912001317618042
        ], 
        "ggWW_B6": [
            1.0162759063872677, 
            0.9870018843394943
        ], 
        "ggWW_B7": [
            1.0126300527891396, 
            0.989769340532552
        ], 
        "ggWW_B4": [
            1.012695351944605, 
            0.9898857119910214
        ], 
        "ggWW_B5": [
            1.014123351572527, 
            0.9887845045597368
        ], 
        "ggWW_B2": [
            1.01139561723564, 
            0.9907941396207504
        ], 
        "ggWW_B3": [
            1.0113761168019924, 
            0.9908611170417048
        ], 
        "WW_B8": [
            0.9972381215578822, 
            1.0020317389246098
        ], 
        "WW_B9": [
            0.9948231762755825, 
            1.0041430122858255
        ], 
        "WW_B6": [
            1.0002645991001724, 
            0.9997699144447721
        ], 
        "WW_B7": [
            1.0001732559061325, 
            0.9998462579420793
        ], 
        "WW_B4": [
            0.9997701401915745, 
            1.0002213842786043
        ], 
        "WW_B5": [
            1.0000357926887737, 
            1.0000111335760564
        ], 
        "WW_B2": [
            1.0008004301630258, 
            0.9993447019638794
        ], 
        "WW_B3": [
            1.0005090698981773, 
            0.9995320903433975
        ], 
        "WW_B0": [
            1.0016328515446216, 
            0.9987725445128659
        ], 
        "WW_B1": [
            1.0009114044618581, 
            0.9993550873887065
        ]
    }, 
    "PS_FSR": {
        "ggWW_B9": [
            0.9989071372867153, 
            1.0002130907427158
        ], 
        "ggWW_B8": [
            0.9994349183581344, 
            1.0003744634763099
        ], 
        "ggWW_B0": [
            1.0008634704022654, 
            0.9996644942276321
        ], 
        "ggWW_B1": [
            1.0031618396643978, 
            0.9983381991498657
        ], 
        "ggWW_B6": [
            1.0011552872610174, 
            0.9994537627308165
        ], 
        "ggWW_B7": [
            0.9990445529765204, 
            1.0003345465183417
        ], 
        "ggWW_B4": [
            0.9980860764956019, 
            1.0007219230239182
        ], 
        "ggWW_B5": [
            0.9978969976160834, 
            1.0008599287617317
        ], 
        "ggWW_B2": [
            0.997111121055839, 
            1.0010774664774034
        ], 
        "ggWW_B3": [
            1.0021396980610793, 
            0.9998779445393164
        ], 
        "WW_B8": [
            0.9971701067255188, 
            1.0002719636939954
        ], 
        "WW_B9": [
            1.0009887622914602, 
            0.9981453106566681
        ], 
        "WW_B6": [
            0.998537311716672, 
            1.0006512580008526
        ], 
        "WW_B7": [
            0.9956816102072199, 
            1.0020020688960103
        ], 
        "WW_B4": [
            0.999401627426558, 
            0.999477107293882
        ], 
        "WW_B5": [
            1.004215393094239, 
            0.9987552326500239
        ], 
        "WW_B2": [
            0.9959578037721686, 
            1.0019736215444583
        ], 
        "WW_B3": [
            1.0047165690348272, 
            0.9970144694044627
        ], 
        "WW_B0": [
            0.9971122553127859, 
            0.9995318203981012
        ], 
        "WW_B1": [
            1.0012255045190535, 
            0.9993831683289128
        ]
    }, 
    "QCDscale_WW": {
        "ggWW_B9": [
            1.0, 
            1.0
        ], 
        "ggWW_B8": [
            1.0, 
            1.0
        ], 
        "ggWW_B0": [
            1.0, 
            1.0
        ], 
        "ggWW_B1": [
            1.0, 
            1.0
        ], 
        "ggWW_B6": [
            1.0, 
            1.0
        ], 
        "ggWW_B7": [
            1.0, 
            1.0
        ], 
        "ggWW_B4": [
            1.0, 
            1.0
        ], 
        "ggWW_B5": [
            1.0, 
            1.0
        ], 
        "ggWW_B2": [
            1.0, 
            1.0
        ], 
        "ggWW_B3": [
            1.0, 
            1.0
        ], 
        "WW_B8": [
            0.9721900234681808, 
            1.0232141608715617
        ], 
        "WW_B9": [
            0.9483666044758681, 
            1.0464198389141741
        ], 
        "WW_B6": [
            0.9865291136687493, 
            1.0092976918626333
        ], 
        "WW_B7": [
            0.9808085150356827, 
            1.0147650373989177
        ], 
        "WW_B4": [
            0.9941816078268524, 
            1.001911491436657
        ], 
        "WW_B5": [
            0.9889688131682138, 
            1.0068679689111466
        ], 
        "WW_B2": [
            0.9937913640203263, 
            1.0023208990651105
        ], 
        "WW_B3": [
            0.9920236076732738, 
            1.0039782918117204
        ], 
        "WW_B0": [
            0.9947261621633959, 
            1.001411561389276
        ], 
        "WW_B1": [
            0.9943533258638567, 
            1.0017867087676395
        ]
    }, 
    "CMS_hww_WWresum": {
        "WW_B8": [
            0.9742934353783584, 
            1.0633396073110508
        ], 
        "WW_B9": [
            0.9927642758572642, 
            1.0168461046220594
        ], 
        "WW_B6": [
            0.9813320711395779, 
            1.0618183015098737
        ], 
        "WW_B7": [
            0.9769520550833275, 
            1.0667978889713432
        ], 
        "WW_B4": [
            0.9873924854302398, 
            1.0516219442471169
        ], 
        "WW_B5": [
            0.9844404719529527, 
            1.0568158743766956
        ], 
        "WW_B2": [
            0.9908900395534587, 
            1.045665565188682
        ], 
        "WW_B3": [
            0.9896036299681096, 
            1.0478176878932253
        ], 
        "WW_B0": [
            0.9953945300694429, 
            1.0380075800911854
        ], 
        "WW_B1": [
            0.993822774206416, 
            1.0404290045306253
        ]
    }, 
    "CMS_hww_WWqscale": {
        "WW_B8": [
            1.0425376228631076, 
            0.9560197593592707
        ], 
        "WW_B9": [
            1.0648448489619997, 
            0.926342101221378
        ], 
        "WW_B6": [
            1.008000804715246, 
            0.9947587392661458
        ], 
        "WW_B7": [
            1.0195347131364583, 
            0.9816923674954889
        ], 
        "WW_B4": [
            1.000599791104315, 
            1.0032626654639314
        ], 
        "WW_B5": [
            1.0037543956620691, 
            0.9998079856338796
        ], 
        "WW_B2": [
            0.9969494464948429, 
            1.0075597828327447
        ], 
        "WW_B3": [
            0.9978195072270032, 
            1.0060967169891393
        ], 
        "WW_B0": [
            0.9921009027035048, 
            1.0124288389759644
        ], 
        "WW_B1": [
            0.9944178450564433, 
            1.010095854803953
        ]
    }, 
    "pdf_WW": {
        "WW_B8": [
            0.9908703921276129, 
            1.0092994077650683
        ], 
        "WW_B9": [
            0.9887949498394775, 
            1.011461912775697
        ], 
        "WW_B6": [
            0.9893088150205965, 
            1.0109247827253567
        ], 
        "WW_B7": [
            0.9898438090408633, 
            1.010366764641798
        ], 
        "WW_B4": [
            0.9886378218595272, 
            1.0116263801451488
        ],