{
    "PS_ISR": {
        "ggWW_B9": [
            0.9527268663353468, 
            1.0412125653408952
        ], 
        "ggWW_B8": [
            0.9854060979228314, 
            1.0128327418159313
        ], 
        "ggWW_B0": [
            1.0098017880754833, 
            0.9917655931924488
        ], 
        "ggWW_B1": [
            1.01117558593181, 
            0.990712679359782
        ], 
        "ggWW_B6": [
            1.0166169428007596, 
            0.9867072048919828
        ], 
        "ggWW_B7": [
            1.0126095555876495, 
            0.9897418683121091
        ], 
        "ggWW_B4": [
            1.0129239537750119, 
            0.9897397273581259
        ], 
        "ggWW_B5": [
            1.0144180459653704, 
            0.9885885430739159
        ], 
        "ggWW_B2": [
            1.012199287507106, 
            0.9901142161306877
        ], 
        "ggWW_B3": [
            1.0116439477109853, 
            0.9906506969696605
        ], 
        "WW_B8": [
            0.9971805793677311, 
            1.0021866589045698
        ], 
        "WW_B9": [
            0.9954400828165342, 
            1.0036618617714945
        ], 
        "WW_B6": [
            0.9995935590469394, 
            1.0002103147735022
        ], 
        "WW_B7": [
            1.000202235142774, 
            0.9998177346508961
        ], 
        "WW_B4": [
            0.9996411311658218, 
            1.0001915424767231
        ], 
        "WW_B5": [
            1.0004569545341302, 
            0.9997403086893268
        ], 
        "WW_B2": [
            1.001475871709706, 
            0.99892591181683
        ], 
        "WW_B3": [
            1.0014477916712603, 
            0.9988338487739594
        ], 
        "WW_B0": [
            1.0026702190618018, 
            0.9981070969615234
        ], 
        "WW_B1": [
            1.002574910163146, 
            0.9980973454765125
        ]
    }, 
    "PS_FSR": {
        "ggWW_B9": [
            0.9981925540335994, 
            1.0002691600308975
        ], 
        "ggWW_B8": [
            0.9993067073519384, 
            1.0005676232948961
        ], 
        "ggWW_B0": [
            0.9995551182393364, 
            1.000364716524924
        ], 
        "ggWW_B1": [
            1.0021441668881965, 
            0.997912562306638
        ], 
        "ggWW_B6": [
            0.9999776838125877, 
            0.9999822223041097
        ], 
        "ggWW_B7": [
            0.9989848778625954, 
            1.0003245184183196
        ], 
        "ggWW_B4": [
            0.9957562787099976, 
            1.0017651406338413
        ], 
        "ggWW_B5": [
            0.9985604321104025, 
            1.0007871543617217
        ], 
        "ggWW_B2": [
            0.9989936647198707, 
            1.0004890763214462
        ], 
        "ggWW_B3": [
            1.0012891739768899, 
            1.0005658028477868
        ], 
        "WW_B8": [
            0.9975038327100486, 
            1.0001164795104158
        ], 
        "WW_B9": [
            0.9954101681229337, 
            0.99922178471554
        ], 
        "WW_B6": [
            0.9970101554875928, 
            1.0024814040367283
        ], 
        "WW_B7": [
            0.993495044902244, 
            1.0030079881566707
        ], 
        "WW_B4": [
            0.9970611649849737, 
            0.9995379657485672
        ], 
        "WW_B5": [
            1.007201107669965, 
            0.9980511307819271
        ], 
        "WW_B2": [
            0.9948305916709241, 
            1.0036800440152651
        ], 
        "WW_B3": [
            1.0023436400058587, 
            0.998224732948734
        ], 
        "WW_B0": [
            0.9934635366499637, 
            0.9998201387969149
        ], 
        "WW_B1": [
            1.0034129483278886, 
            0.9973640525283174
        ]
    }, 
    "QCDscale_WW": {
        "ggWW_B9": [
            1.0, 
            1.0
        ], 
        "ggWW_B8": [
            1.0, 
            1.0
        ], 
        "ggWW_B0": [
            1.0, 
            1.0
        ], 
        "ggWW_B1": [
            1.0, 
            1.0
        ], 
        "ggWW_B6": [
            1.0, 
            1.0
        ], 
        "ggWW_B7": [
            1.0, 
            1.0
        ], 
        "ggWW_B4": [
            1.0, 
            1.0
        ], 
        "ggWW_B5": [
            1.0, 
            1.0
        ], 
        "ggWW_B2": [
            1.0, 
            1.0
        ], 
        "ggWW_B3": [
            1.0, 
            1.0
        ], 
        "WW_B8": [
            0.9720732367264556, 
            1.0232656366809412
        ], 
        "WW_B9": [
            0.9482718496054028, 
            1.0464835660313843
        ], 
        "WW_B6": [
            0.9864115024495833, 
            1.009428718677251
        ], 
        "WW_B7": [
            0.9807808109185375, 
            1.01480244727677
        ], 
        "WW_B4": [
            0.9966067314340663, 
            0.9995336861003421
        ], 
        "WW_B5": [
            0.9887232172696454, 
            1.0070744068935131
        ], 
        "WW_B2": [
            0.9938337152991693, 
            1.002273927630488
        ], 
        "WW_B3": [
            0.9922186603603365, 
            1.0038062451920837
        ], 
        "WW_B0": [
            0.9950126829104161, 
            1.001145638614136
        ], 
        "WW_B1": [
            0.9941058982748926, 
            1.0020124596303528
        ]
    }, 
    "CMS_hww_WWresum": {
        "WW_B8": [
            0.9743863236632766, 
            1.0632833726818658
        ], 
        "WW_B9": [
            0.992879178513216, 
            1.0166208741742921
        ], 
        "WW_B6": [
            0.9818028336891267, 
            1.0608835803998393
        ], 
        "WW_B7": [
            0.9768285955188906, 
            1.0672675565290848
        ], 
        "WW_B4": [
            0.9880195930839252, 
            1.0503261828041162
        ], 
        "WW_B5": [
            0.9839840365914307, 
            1.05761925431555
        ], 
        "WW_B2": [
            0.9908103492299908, 
            1.0458990098680443
        ], 
        "WW_B3": [
            0.989156239239785, 
            1.04863943388579
        ], 
        "WW_B0": [
            0.9955458588020516, 
            1.0377139046807342
        ], 
        "WW_B1": [
            0.9942005035530193, 
            1.0398133167397503
        ]
    }, 
    "CMS_hww_WWqscale": {
        "WW_B8": [
            1.0420496135445025, 
            0.9565735195630355
        ], 
        "WW_B9": [
            1.0647637522748625, 
            0.9263710100760679
        ], 
        "WW_B6": [
            1.007590471206109, 
            0.9951052987881881
        ], 
        "WW_B7": [
            1.0193456283183866, 
            0.981980875731501
        ], 
        "WW_B4": [
            1.0002278028796603, 
            1.003594136699284
        ], 
        "WW_B5": [
            1.0040917065420203, 
            0.9994220216907264
        ], 
        "WW_B2": [
            0.9966200670824914, 
            1.0078737537659013
        ], 
        "WW_B3": [
            0.9983165718469007, 
            1.0057028771367271
        ], 
        "WW_B0": [
            0.9917673507192265, 
            1.0126242416737736
        ], 
        "WW_B1": [
            0.9941552514572788, 
            1.0105009305800263
        ]
    }, 
    "pdf_WW": {
        "WW_B8": [
            0.9908177253829793, 
            1.0093540576696325
        ], 
        "WW_B9": [
            0.9887426567907626, 
            1.0115166366725146
        ], 
        "WW_B6": [
            0.9893109513703984, 
            1.0109225520087632
        ], 
        "WW_B7": [
            0.989628929100919, 
            1.0105907456470402
        ], 
        "WW_B4": [
            0.9884794666369525, 
            1.0117922391317316
        ],