{
    "PS_ISR": {
        "ggWW_B9": [
            0.9528452252813514, 
            1.041091442248
        ], 
        "ggWW_B8": [
            0.9854144440138971, 
            1.0128429018434704
        ], 
        "ggWW_B0": [
            1.0097768083017022, 
            0.9917635330707758
        ], 
        "ggWW_B1": [
            1.0106783947283222, 
            0.9912001317613589
        ], 
        "ggWW_B6": [
            1.0162759063862523, 
            0.9870018843385164
        ], 
        "ggWW_B7": [
            1.0126300527882877, 
            0.9897693405317074
        ], 
        "ggWW_B4": [
            1.0126953519446702, 
            0.9898857119910823
        ], 
        "ggWW_B5": [
            1.014123351572661, 
            0.988784504559865
        ], 
        "ggWW_B2": [
            1.0113956172353504, 
            0.9907941396204709
        ], 
        "ggWW_B3": [
            1.011376116801893, 
            0.9908611170416081
        ], 
        "WW_B8": [
            0.9972381215578813, 
            1.0020317389246038
        ], 
        "WW_B9": [
            0.9948231762755712, 
            1.0041430122858108
        ], 
        "WW_B6": [
            1.0002645991001735, 
            0.9997699144447666
        ], 
        "WW_B7": [
            1.0001732559061305, 
            0.9998462579420766
        ], 
        "WW_B4": [
            0.9997701401915687, 
            1.0002213842785983
        ], 
        "WW_B5": [
            1.0000357926887737, 
            1.000011133576054
        ], 
        "WW_B2": [
            1.000800430163027, 
            0.9993447019638789
        ], 
        "WW_B3": [
            1.0005090698981745, 
            0.9995320903433952
        ], 
        "WW_B0": [
            1.0016328515446247, 
            0.9987725445128618
        ], 
        "WW_B1": [
            1.000911404461862, 
            0.9993550873887131
        ]
    }, 
    "PS_FSR": {
        "ggWW_B9": [
            0.9989071372863974, 
            1.0002130907423974
        ], 
        "ggWW_B8": [
            0.9994349183570752, 
            1.0003744634752423
        ], 
        "ggWW_B0": [
            1.0008634704018937, 
            0.9996644942272541
        ], 
        "ggWW_B1": [
            1.00316183966395, 
            0.9983381991494215
        ], 
        "ggWW_B6": [
            1.0011552872600178, 
            0.999453762729814
        ], 
        "ggWW_B7": [
            0.9990445529756643, 
            1.0003345465174907
        ], 
        "ggWW_B4": [
            0.9980860764956628, 
            1.0007219230239814
        ], 
        "ggWW_B5": [
            0.9978969976162186, 
            1.0008599287618674
        ], 
        "ggWW_B2": [
            0.9971111210555579, 
            1.0010774664771156
        ], 
        "ggWW_B3": [
            1.002139698060978, 
            0.9998779445392174
        ], 
        "WW_B8": [
            0.9971701067255132, 
            1.0002719636939807
        ], 
        "WW_B9": [
            1.0009887622914446, 
            0.9981453106566563
        ], 
        "WW_B6": [
            0.9985373117166683, 
            1.0006512580008482
        ], 
        "WW_B7": [
            0.9956816102072207, 
            1.0020020688960105
        ], 
        "WW_B4": [
            0.9994016274265595, 
            0.999477107293886
        ], 
        "WW_B5": [
            1.0042153930942443, 
            0.998755232650021
        ], 
        "WW_B2": [
            0.99595780377217, 
            1.001973621544468
        ], 
        "WW_B3": [
            1.0047165690348214, 
            0.9970144694044601
        ], 
        "WW_B0": [
            0.9971122553127864, 
            0.9995318203981004
        ], 
        "WW_B1": [
            1.00122550451906, 
            0.9993831683289215
        ]
    }, 
    "QCDscale_WW": {
        "ggWW_B9": [
            1.0, 
            1.0
        ], 
        "ggWW_B8": [
            1.0, 
            1.0
        ], 
        "ggWW_B0": [
            1.0, 
            1.0
        ], 
        "ggWW_B1": [
            1.0, 
            1.0
        ], 
        "ggWW_B6": [
            1.0, 
            1.0
        ], 
        "ggWW_B7": [
            1.0, 
            1.0
        ], 
        "ggWW_B4": [
            1.0, 
            1.0
        ], 
        "ggWW_B5": [
            1.0, 
            1.0
        ], 
        "ggWW_B2": [
            1.0, 
            1.0
        ], 
        "ggWW_B3": [
            1.0, 
            1.0
        ], 
        "WW_B8": [
            0.9721900234681771, 
            1.0232141608715584
        ], 
        "WW_B9": [
            0.9483666044758535, 
            1.046419838914161
        ], 
        "WW_B6": [
            0.9865291136687452, 
            1.0092976918626284
        ], 
        "WW_B7": [
            0.9808085150356788, 
            1.0147650373989165
        ], 
        "WW_B4": [
            0.9941816078268547, 
            1.0019114914366622
        ], 
        "WW_B5": [
            0.9889688131682091, 
            1.0068679689111448
        ], 
        "WW_B2": [
            0.9937913640203273, 
            1.0023208990651136
        ], 
        "WW_B3": [
            0.9920236076732689, 
            1.0039782918117177
        ], 
        "WW_B0": [
            0.9947261621633947, 
            1.0014115613892725
        ], 
        "WW_B1": [
            0.9943533258638612, 
            1.001786708767647
        ]
    }, 
    "CMS_hww_WWresum": {
        "WW_B8": [
            0.9742934353783584, 
            1.0633396073110515
        ], 
        "WW_B9": [
            0.9927642758572619, 
            1.0168461046220583
        ], 
        "WW_B6": [
            0.981332071139577, 
            1.061818301509873
        ], 
        "WW_B7": [
            0.9769520550833214, 
            1.066797888971344
        ], 
        "WW_B4": [
            0.9873924854302389, 
            1.0516219442471184
        ], 
        "WW_B5": [
            0.9844404719529524, 
            1.0568158743766956
        ], 
        "WW_B2": [
            0.9908900395534586, 
            1.0456655651886846
        ], 
        "WW_B3": [
            0.9896036299681121, 
            1.0478176878932282
        ], 
        "WW_B0": [
            0.9953945300694473, 
            1.0380075800911917
        ], 
        "WW_B1": [
            0.9938227742064202, 
            1.0404290045306301
        ]
    }, 
    "CMS_hww_WWqscale": {
        "WW_B8": [
            1.0425376228630934, 
            0.9560197593592631
        ], 
        "WW_B9": [
            1.064844848961969, 
            0.9263421012213675
        ], 
        "WW_B6": [
            1.0080008047152416, 
            0.994758739266146
        ], 
        "WW_B7": [
            1.019534713136456, 
            0.981692367495486
        ], 
        "WW_B4": [
            1.000599791104317, 
            1.0032626654639278
        ], 
        "WW_B5": [
            1.003754395662068, 
            0.9998079856338764
        ], 
        "WW_B2": [
            0.9969494464948403, 
            1.007559782832743
        ], 
        "WW_B3": [
            0.9978195072270077, 
            1.0060967169891357
        ], 
        "WW_B0": [
            0.9921009027035075, 
            1.012428838975972
        ], 
        "WW_B1": [
            0.9944178450564475, 
            1.0100958548039616
        ]
    }, 
    "pdf_WW": {
        "WW_B8": [
            0.9910180501848099, 
            1.0091462521711874
        ], 
        "WW_B9": [
            0.9889279493437262, 
            1.0113227835217187
        ], 
        "WW_B6": [
            0.9894560106322662, 
            1.0107711307438163
        ], 
        "WW_B7": [
            0.9900130852771997, 
            1.0101904571764146
        ], 
        "WW_B4": [
            0.9887550153207689, 
            1.0115037025981728
        ],