{
    "PS_ISR": {
        "ggWW_B10": [
            0.949034516307245, 
            1.0429005401962037
        ], 
        "ggWW_B11": [
            0.9568447620627756, 
            1.0354513687885802
        ], 
        "ggWW_B12": [
            0.9568755812999818, 
            1.036400401201023
        ], 
        "ggWW_B6": [
            1.0158900479165092, 
            0.9873429209672155
        ], 
        "ggWW_B7": [
            1.0129765935971662, 
            0.9894375095579476
        ], 
        "ggWW_B4": [
            1.0124663378947363, 
            0.9901612027012777
        ], 
        "ggWW_B5": [
            1.0141381073357758, 
            0.9887295906886898
        ], 
        "ggWW_B2": [
            1.0117032673381778, 
            0.9905920002633894
        ], 
        "ggWW_B3": [
            1.0109357358263793, 
            0.991210588814151
        ], 
        "ggWW_B0": [
            1.010645742722423, 
            0.9911326839442329
        ], 
        "ggWW_B1": [
            1.011271685951357, 
            0.9906317201084397
        ], 
        "ggWW_B8": [
            0.9856712749990609, 
            1.0126293107951023
        ], 
        "ggWW_B9": [
            0.9535889748081019, 
            1.0408391744452756
        ], 
        "WW_B10": [
            0.9933577855300019, 
            1.0050055523920096
        ], 
        "WW_B11": [
            0.9914807109426419, 
            1.0067929600657652
        ], 
        "WW_B12": [
            0.9932245849011132, 
            1.0049318320075509
        ], 
        "WW_B8": [
            0.9980421417660242, 
            1.0015834341589274
        ], 
        "WW_B9": [
            0.99619707419641, 
            1.002728650730491
        ], 
        "WW_B6": [
            1.0002027708478118, 
            0.9999532645864647
        ], 
        "WW_B7": [
            0.9991616685821124, 
            1.00054887203498
        ], 
        "WW_B4": [
            1.0011844596462833, 
            0.99911656199935
        ], 
        "WW_B5": [
            1.0007910612831878, 
            0.9994774918551661
        ], 
        "WW_B2": [
            1.0006262016411627, 
            0.9995850655841771
        ], 
        "WW_B3": [
            1.0008440708127666, 
            0.9993031469729843
        ], 
        "WW_B0": [
            0.9995937760111668, 
            1.000297426484933
        ], 
        "WW_B1": [
            1.0013792558907568, 
            0.9990349754930895
        ]
    }, 
    "PS_FSR": {
        "ggWW_B10": [
            1.0100174713520935, 
            0.9977017628140158
        ], 
        "ggWW_B11": [
            1.0159634367410366, 
            0.9961614326432278
        ], 
        "ggWW_B12": [
            1.0032981540743313, 
            0.9929015581573671
        ], 
        "ggWW_B6": [
            1.0008792212419486, 
            0.999768978687585
        ], 
        "ggWW_B7": [
            1.0005946531180558, 
            1.000025356445182
        ], 
        "ggWW_B4": [
            0.9992495843374122, 
            1.0003948612541087
        ], 
        "ggWW_B5": [
            1.0003840146951242, 
            0.9997543217123686
        ], 
        "ggWW_B2": [
            1.0015449199370878, 
            0.9995019599396938
        ], 
        "ggWW_B3": [
            0.9985398095777739, 
            1.0008683794507047
        ], 
        "ggWW_B0": [
            1.0019880962723493, 
            0.9996945992773968
        ], 
        "ggWW_B1": [
            0.9993349854311462, 
            1.0005112069618842
        ], 
        "ggWW_B8": [
            0.9989928540280736, 
            1.0002730989293809
        ], 
        "ggWW_B9": [
            1.0010645548798058, 
            0.9992792222579944
        ], 
        "WW_B10": [
            1.000875771377657, 
            1.001399585989269
        ], 
        "WW_B11": [
            0.9987471793636126, 
            1.002026802967052
        ], 
        "WW_B12": [
            0.9911631515777453, 
            0.998585383479327
        ], 
        "WW_B8": [
            1.0013203794769583, 
            0.9996193033370119
        ], 
        "WW_B9": [
            1.0061039705025028, 
            0.9971347114680428
        ], 
        "WW_B6": [
            1.0004752014515392, 
            0.9995662718692162
        ], 
        "WW_B7": [
            1.0014278514488115, 
            0.9986171128553084
        ], 
        "WW_B4": [
            1.006923420577667, 
            0.9969659881944274
        ], 
        "WW_B5": [
            0.9977226290606098, 
            1.0006983158764358
        ], 
        "WW_B2": [
            0.9980180308792509, 
            0.999625931080659
        ], 
        "WW_B3": [
            0.9986235342236914, 
            1.0011985596437991
        ], 
        "WW_B0": [
            1.0022732736937303, 
            0.9986008305549771
        ], 
        "WW_B1": [
            1.0002683540896695, 
            1.001697918679433
        ]
    }, 
    "QCDscale_WW": {
        "ggWW_B10": [
            1.0, 
            1.0
        ], 
        "ggWW_B11": [
            1.0, 
            1.0
        ], 
        "ggWW_B12": [
            1.0, 
            1.0
        ], 
        "ggWW_B6": [
            1.0, 
            1.0
        ], 
        "ggWW_B7": [
            1.0, 
            1.0
        ], 
        "ggWW_B4": [
            1.0, 
            1.0
        ], 
        "ggWW_B5": [
            1.0, 
            1.0
        ], 
        "ggWW_B2": [
            1.0, 
            1.0
        ], 
        "ggWW_B3": [
            1.0, 
            1.0
        ], 
        "ggWW_B0": [
            1.0, 
            1.0
        ], 
        "ggWW_B1": [
            1.0, 
            1.0
        ], 
        "ggWW_B8": [
            1.0, 
            1.0
        ], 
        "ggWW_B9": [
            1.0, 
            1.0
        ], 
        "WW_B10": [
            0.941117987031304, 
            1.0540056248451244
        ], 
        "WW_B11": [
            0.9257573600147745, 
            1.0695013726293476
        ], 
        "WW_B12": [
            0.9057835381856845, 
            1.08953933165928
        ], 
        "WW_B8": [
            0.9724032512035662, 
            1.0230076558258776
        ], 
        "WW_B9": [
            0.9568533126261433, 
            1.0384154266162848
        ], 
        "WW_B6": [
            0.9862288266382969, 
            1.0095482236720448
        ], 
        "WW_B7": [
            0.9811076607453264, 
            1.0145162393900813
        ], 
        "WW_B4": [
            0.9910262688350705, 
            1.0049681596752111
        ], 
        "WW_B5": [
            0.9893128863761644, 
            1.006562824321457
        ], 
        "WW_B2": [
            0.9932146037557329, 
            1.002871245578999
        ], 
        "WW_B3": [
            0.992399221410412, 
            1.0036258519861336
        ], 
        "WW_B0": [
            0.9953121015770923, 
            1.0009239880834615
        ], 
        "WW_B1": [
            0.994276640196052, 
            1.0018727722856455
        ]
    }, 
    "CMS_hww_WWresum": {
        "WW_B12": [
            0.9971522145767224, 
            1.0065297089056566
        ], 
        "WW_B10": [
            0.9963325646014983, 
            1.0088874950664304
        ], 
        "WW_B11": [
            0.9976596150086382, 
            1.005949181077557
        ], 
        "WW_B8": [
            0.9744330459340637, 
            1.0630479874454781
        ], 
        "WW_B9": [
            0.9905075183515766, 
            1.0220470767267331
        ], 
        "WW_B6": [
            0.9817751794432231, 
            1.0609977042950542
        ], 
        "WW_B7": [
            0.9771653462514511, 
            1.066307640048915
        ], 
        "WW_B4": [
            0.9871295326148698, 
            1.0521620217218106
        ],