{
    "PS_ISR": {
        "ggWW_B9": [
            0.9531852176574703, 
            1.040839768090881
        ], 
        "ggWW_B8": [
            0.9856712750016894, 
            1.012629310797804
        ], 
        "ggWW_B0": [
            1.0106457427222868, 
            0.991132683944088
        ], 
        "ggWW_B1": [
            1.0112716859509823, 
            0.9906317201080725
        ], 
        "ggWW_B6": [
            1.015890047919575, 
            0.9873429209701609
        ], 
        "ggWW_B7": [
            1.0129765935996453, 
            0.9894375095603666
        ], 
        "ggWW_B4": [
            1.0124663378955228, 
            0.9901612027020651
        ], 
        "ggWW_B5": [
            1.0141381073368685, 
            0.9887295906897802
        ], 
        "ggWW_B2": [
            1.0117032673377162, 
            0.9905920002629468
        ], 
        "ggWW_B3": [
            1.0109357358267061, 
            0.9912105888144646
        ], 
        "WW_B8": [
            0.9980421417660251, 
            1.0015834341589278
        ], 
        "WW_B9": [
            0.9949980870535216, 
            1.0037096525421678
        ], 
        "WW_B6": [
            1.0002027708478107, 
            0.9999532645864638
        ], 
        "WW_B7": [
            0.9991616685821129, 
            1.000548872034979
        ], 
        "WW_B4": [
            1.0011844596462844, 
            0.9991165619993501
        ], 
        "WW_B5": [
            1.0007910612831865, 
            0.9994774918551667
        ], 
        "WW_B2": [
            1.0006262016411618, 
            0.9995850655841771
        ], 
        "WW_B3": [
            1.0008440708127655, 
            0.999303146972984
        ], 
        "WW_B0": [
            0.9995937760111695, 
            1.0002974264849347
        ], 
        "WW_B1": [
            1.0013792558907546, 
            0.9990349754930868
        ]
    }, 
    "PS_FSR": {
        "ggWW_B9": [
            1.0027582576135055, 
            0.9989146623124061
        ], 
        "ggWW_B8": [
            0.9989928540307335, 
            1.0002730989320463
        ], 
        "ggWW_B0": [
            1.0019880962722074, 
            0.9996945992772526
        ], 
        "ggWW_B1": [
            0.9993349854307719, 
            1.0005112069615116
        ], 
        "ggWW_B6": [
            1.000879221244974, 
            0.9997689786905838
        ], 
        "ggWW_B7": [
            1.0005946531205232, 
            1.0000253564476618
        ], 
        "ggWW_B4": [
            0.9992495843381941, 
            1.000394861254897
        ], 
        "ggWW_B5": [
            1.0003840146962062, 
            0.9997543217134578
        ], 
        "ggWW_B2": [
            1.0015449199366389, 
            0.9995019599392456
        ], 
        "ggWW_B3": [
            0.9985398095781, 
            1.0008683794510218
        ], 
        "WW_B8": [
            1.0013203794769594, 
            0.9996193033370131
        ], 
        "WW_B9": [
            1.0036573226970238, 
            0.9985652577685132
        ], 
        "WW_B6": [
            1.0004752014515386, 
            0.9995662718692138
        ], 
        "WW_B7": [
            1.0014278514488113, 
            0.998617112855308
        ], 
        "WW_B4": [
            1.006923420577665, 
            0.9969659881944262
        ], 
        "WW_B5": [
            0.9977226290606102, 
            1.0006983158764364
        ], 
        "WW_B2": [
            0.9980180308792496, 
            0.9996259310806574
        ], 
        "WW_B3": [
            0.9986235342236908, 
            1.001198559643799
        ], 
        "WW_B0": [
            1.0022732736937312, 
            0.9986008305549802
        ], 
        "WW_B1": [
            1.0002683540896666, 
            1.0016979186794301
        ]
    }, 
    "QCDscale_WW": {
        "ggWW_B9": [
            1.0, 
            1.0
        ], 
        "ggWW_B8": [
            1.0, 
            1.0
        ], 
        "ggWW_B0": [
            1.0, 
            1.0
        ], 
        "ggWW_B1": [
            1.0, 
            1.0
        ], 
        "ggWW_B6": [
            1.0, 
            1.0
        ], 
        "ggWW_B7": [
            1.0, 
            1.0
        ], 
        "ggWW_B4": [
            1.0, 
            1.0
        ], 
        "ggWW_B5": [
            1.0, 
            1.0
        ], 
        "ggWW_B2": [
            1.0, 
            1.0
        ], 
        "ggWW_B3": [
            1.0, 
            1.0
        ], 
        "WW_B8": [
            0.9724032512035669, 
            1.0230076558258785
        ], 
        "WW_B9": [
            0.9481016243824123, 
            1.046765305110562
        ], 
        "WW_B6": [
            0.9862288266382967, 
            1.009548223672046
        ], 
        "WW_B7": [
            0.9811076607453268, 
            1.0145162393900817
        ], 
        "WW_B4": [
            0.9910262688350694, 
            1.0049681596752102
        ], 
        "WW_B5": [
            0.9893128863761642, 
            1.006562824321456
        ], 
        "WW_B2": [
            0.9932146037557333, 
            1.0028712455789994
        ], 
        "WW_B3": [
            0.9923992214104118, 
            1.003625851986133
        ], 
        "WW_B0": [
            0.9953121015770966, 
            1.0009239880834662
        ], 
        "WW_B1": [
            0.9942766401960493, 
            1.0018727722856438
        ]
    }, 
    "CMS_hww_WWresum": {
        "WW_B8": [
            0.9744330459340645, 
            1.063047987445478
        ], 
        "WW_B9": [
            0.9926952344293551, 
            1.017023390304639
        ], 
        "WW_B6": [
            0.981775179443221, 
            1.060997704295055
        ], 
        "WW_B7": [
            0.9771653462514523, 
            1.0663076400489169
        ], 
        "WW_B4": [
            0.9871295326148695, 
            1.0521620217218115
        ], 
        "WW_B5": [
            0.9853772167373034, 
            1.055149345688363
        ], 
        "WW_B2": [
            0.9913752632183885, 
            1.0446252685456134
        ], 
        "WW_B3": [
            0.9889058809555529, 
            1.0489872865356227
        ], 
        "WW_B0": [
            0.9961763700649288, 
            1.0364198158302906
        ], 
        "WW_B1": [
            0.9947072981026811, 
            1.0387011287716716
        ]
    }, 
    "CMS_hww_WWqscale": {
        "WW_B8": [
            1.042366525093172, 
            0.9561866661679004
        ], 
        "WW_B9": [
            1.0646396063445998, 
            0.92654631573724
        ], 
        "WW_B6": [
            1.00777283693673, 
            0.9949608201322742
        ], 
        "WW_B7": [
            1.0195709385174747, 
            0.981618964276017
        ], 
        "WW_B4": [
            1.0007946951525133, 
            1.0031166994588252
        ], 
        "WW_B5": [
            1.002667622169835, 
            1.0008232190702835
        ], 
        "WW_B2": [
            0.9968067842369266, 
            1.0075203028608388
        ], 
        "WW_B3": [
            0.9988600054832787, 
            1.0051340058942466
        ], 
        "WW_B0": [
            0.9917994761663079, 
            1.0126803561042244
        ], 
        "WW_B1": [
            0.9935781175723772, 
            1.0107223070686662
        ]
    }, 
    "pdf_WW": {
        "WW_B8": [
            0.9909116375547182, 
            1.0092566174337931
        ], 
        "WW_B9": [
            0.9886683702839719, 
            1.0115943965326046
        ], 
        "WW_B6": [
            0.9893449341820163, 
            1.0108870707283346
        ], 
        "WW_B7": [
            0.9900667807380668, 
            1.0101345568118016
        ], 
        "WW_B4": [
            0.9888063608041059, 
            1.0114499729273982
        ],