{
    "PS_ISR": {
        "ggWW_B9": [
            0.9528151001502859, 
            1.041128340196689
        ], 
        "ggWW_B8": [
            0.9852765340267415, 
            1.0129539336805888
        ], 
        "ggWW_B0": [
            1.0099900011061254, 
            0.9916059579613969
        ], 
        "ggWW_B1": [
            1.0111283349236981, 
            0.990805063600868
        ], 
        "ggWW_B6": [
            1.0159271739832594, 
            0.9873002085517685
        ], 
        "ggWW_B7": [
            1.0126965924264903, 
            0.9897288628964602
        ], 
        "ggWW_B4": [
            1.0126791246873328, 
            0.9898941059202208
        ], 
        "ggWW_B5": [
            1.0141409463399569, 
            0.9887584391731428
        ], 
        "ggWW_B2": [
            1.01108872043632, 
            0.9909614113727425
        ], 
        "ggWW_B3": [
            1.0112919161541416, 
            0.9909453450206954
        ], 
        "WW_B8": [
            0.9978714032194055, 
            1.0016708764750193
        ], 
        "WW_B9": [
            0.9953033025479695, 
            1.0035617944028123
        ], 
        "WW_B6": [
            1.0001139866568494, 
            1.0000120169807039
        ], 
        "WW_B7": [
            0.9990616867860262, 
            1.0006839411197552
        ], 
        "WW_B4": [
            1.0007504674553125, 
            0.9993984595899491
        ], 
        "WW_B5": [
            1.001122698088995, 
            0.9992036441523632
        ], 
        "WW_B2": [
            1.0006657894565947, 
            0.9995521700679304
        ], 
        "WW_B3": [
            1.0008309868419223, 
            0.9993865177315449
        ], 
        "WW_B0": [
            0.9998690323732525, 
            1.0000797195818512
        ], 
        "WW_B1": [
            1.0012493817309613, 
            0.9990905571266305
        ]
    }, 
    "PS_FSR": {
        "ggWW_B9": [
            1.0001258838296367, 
            0.99964617448459
        ], 
        "ggWW_B8": [
            0.9998082689104082, 
            1.0000461563600869
        ], 
        "ggWW_B0": [
            1.0002958165664422, 
            0.9999913164426684
        ], 
        "ggWW_B1": [
            1.0002151454494532, 
            1.0001294540325967
        ], 
        "ggWW_B6": [
            1.0001177631853309, 
            1.0000380281834527
        ], 
        "ggWW_B7": [
            0.9998381667762372, 
            0.9998757536350088
        ], 
        "ggWW_B4": [
            1.0000788834880732, 
            0.9999597884816184
        ], 
        "ggWW_B5": [
            0.9999037698594042, 
            1.0000642570114202
        ], 
        "ggWW_B2": [
            1.0007494682019868, 
            0.9995400338633548
        ], 
        "ggWW_B3": [
            1.0000382191468498, 
            1.0002203700616343
        ], 
        "WW_B8": [
            0.999620668792868, 
            0.9997122519033662
        ], 
        "WW_B9": [
            1.002947745738391, 
            0.9986455346582541
        ], 
        "WW_B6": [
            1.0020978230153659, 
            0.9990108097108857
        ], 
        "WW_B7": [
            1.0008919745058933, 
            0.9991391916533819
        ], 
        "WW_B4": [
            1.0033288072623383, 
            0.9987423581639743
        ], 
        "WW_B5": [
            0.9981509978842107, 
            1.0002023659451706
        ], 
        "WW_B2": [
            0.9974487555540761, 
            1.0007172184839166
        ], 
        "WW_B3": [
            0.9984821472191108, 
            1.0007290042199464
        ], 
        "WW_B0": [
            1.0017320033943666, 
            0.9986797395176831
        ], 
        "WW_B1": [
            1.0004294304752264, 
            1.0008172077849045
        ]
    }, 
    "QCDscale_WW": {
        "ggWW_B9": [
            1.0, 
            1.0
        ], 
        "ggWW_B8": [
            1.0, 
            1.0
        ], 
        "ggWW_B0": [
            1.0, 
            1.0
        ], 
        "ggWW_B1": [
            1.0, 
            1.0
        ], 
        "ggWW_B6": [
            1.0, 
            1.0
        ], 
        "ggWW_B7": [
            1.0, 
            1.0
        ], 
        "ggWW_B4": [
            1.0, 
            1.0
        ], 
        "ggWW_B5": [
            1.0, 
            1.0
        ], 
        "ggWW_B2": [
            1.0, 
            1.0
        ], 
        "ggWW_B3": [
            1.0, 
            1.0
        ], 
        "WW_B8": [
            0.9723893711246211, 
            1.0230179771911434
        ], 
        "WW_B9": [
            0.9482733173024039, 
            1.046571956028242
        ], 
        "WW_B6": [
            0.9864064241385061, 
            1.009384277352915
        ], 
        "WW_B7": [
            0.9810216378435778, 
            1.0146038013761425
        ], 
        "WW_B4": [
            0.9909674711893325, 
            1.005015828930097
        ], 
        "WW_B5": [
            0.98931600376433, 
            1.006571564190189
        ], 
        "WW_B2": [
            0.9931552046037062, 
            1.0029158649268468
        ], 
        "WW_B3": [
            0.9924045853875166, 
            1.0036333266997832
        ], 
        "WW_B0": [
            0.9950170839199761, 
            1.0011660352886385
        ], 
        "WW_B1": [
            0.9942433973037771, 
            1.0018953833920723
        ]
    }, 
    "CMS_hww_WWresum": {
        "WW_B8": [
            0.9743372897088151, 
            1.0632627241849206
        ], 
        "WW_B9": [
            0.9926467192910681, 
            1.0171184381729315
        ], 
        "WW_B6": [
            0.9821163428443187, 
            1.0602142565560475
        ], 
        "WW_B7": [
            0.977086325695865, 
            1.0665046442296506
        ], 
        "WW_B4": [
            0.9871073507338988, 
            1.05221475772609
        ], 
        "WW_B5": [
            0.9856034682287431, 
            1.054653055843898
        ], 
        "WW_B2": [
            0.9913744892277725, 
            1.0446033692572338
        ], 
        "WW_B3": [
            0.9892173999356718, 
            1.0484421886191655
        ], 
        "WW_B0": [
            0.9959277229499589, 
            1.0369439314060036
        ], 
        "WW_B1": [
            0.9943112539030705, 
            1.0394249624824388
        ]
    }, 
    "CMS_hww_WWqscale": {
        "WW_B8": [
            1.0423761398009492, 
            0.9561682437507532
        ], 
        "WW_B9": [
            1.064664341458271, 
            0.9265490430726158
        ], 
        "WW_B6": [
            1.0077415675964714, 
            0.994937470176074
        ], 
        "WW_B7": [
            1.0195122193999715, 
            0.9816673273845865
        ], 
        "WW_B4": [
            1.0007962943300135, 
            1.003092934275684
        ], 
        "WW_B5": [
            1.0026274592291138, 
            1.0008022607178553
        ], 
        "WW_B2": [
            0.9969356984523953, 
            1.0073518800763523
        ], 
        "WW_B3": [
            0.9986998379798111, 
            1.0053664000997353
        ], 
        "WW_B0": [
            0.9919266675934769, 
            1.0125819288763342
        ], 
        "WW_B1": [
            0.9939714583071853, 
            1.0103774569322173
        ]
    }, 
    "pdf_WW": {
        "WW_B8": [
            0.991087822504169, 
            1.0090739141630367
        ], 
        "WW_B9": [
            0.9887636461846845, 
            1.0114946701775256
        ], 
        "WW_B6": [
            0.9894322629457402, 
            1.010795913811092
        ], 
        "WW_B7": [
            0.9902478250799317, 
            1.0099461684694657
        ], 
        "WW_B4": [
            0.9888689393592429, 
            1.0113845038461091
        ],