{
    "PS_ISR": {
        "ggWW_B9": [
            0.952815100150397, 
            1.0411283401968199
        ], 
        "ggWW_B8": [
            0.9852765340316336, 
            1.012953933685635
        ], 
        "ggWW_B0": [
            1.0099900011062353, 
            0.991605957961511
        ], 
        "ggWW_B1": [
            1.0111283349234743, 
            0.9908050636006468
        ], 
        "ggWW_B6": [
            1.0159271739879447, 
            0.9873002085563092
        ], 
        "ggWW_B7": [
            1.0126965924301379, 
            0.9897288629000277
        ], 
        "ggWW_B4": [
            1.0126791246865345, 
            0.9898941059194294
        ], 
        "ggWW_B5": [
            1.0141409463392526, 
            0.9887584391724533
        ], 
        "ggWW_B2": [
            1.0110887204357843, 
            0.9909614113722299
        ], 
        "ggWW_B3": [
            1.0112919161533402, 
            0.9909453450199109
        ], 
        "WW_B8": [
            0.9978714032194047, 
            1.001670876475017
        ], 
        "WW_B9": [
            0.9953033025479606, 
            1.0035617944028083
        ], 
        "WW_B6": [
            1.0001139866568483, 
            1.0000120169807076
        ], 
        "WW_B7": [
            0.999061686786024, 
            1.0006839411197566
        ], 
        "WW_B4": [
            1.0007504674553178, 
            0.9993984595899492
        ], 
        "WW_B5": [
            1.0011226980889958, 
            0.9992036441523643
        ], 
        "WW_B2": [
            1.0006657894565958, 
            0.9995521700679332
        ], 
        "WW_B3": [
            1.0008309868419236, 
            0.9993865177315516
        ], 
        "WW_B0": [
            0.9998690323732516, 
            1.0000797195818536
        ], 
        "WW_B1": [
            1.0012493817309567, 
            0.9990905571266332
        ]
    }, 
    "PS_FSR": {
        "ggWW_B9": [
            1.0001258838297553, 
            0.999646174484715
        ], 
        "ggWW_B8": [
            0.9998082689153714, 
            1.0000461563650727
        ], 
        "ggWW_B0": [
            1.0002958165665594, 
            0.9999913164427786
        ], 
        "ggWW_B1": [
            1.0002151454492179, 
            1.0001294540323735
        ], 
        "ggWW_B6": [
            1.0001177631899374, 
            1.0000380281880747
        ], 
        "ggWW_B7": [
            0.999838166779824, 
            0.9998757536386128
        ], 
        "ggWW_B4": [
            1.0000788834872858, 
            0.9999597884808186
        ], 
        "ggWW_B5": [
            0.9999037698587031, 
            1.000064257010735
        ], 
        "ggWW_B2": [
            1.0007494682014655, 
            0.9995400338628294
        ], 
        "ggWW_B3": [
            1.0000382191460602, 
            1.0002203700608487
        ], 
        "WW_B8": [
            0.999620668792869, 
            0.9997122519033639
        ], 
        "WW_B9": [
            1.0029477457383846, 
            0.9986455346582497
        ], 
        "WW_B6": [
            1.0020978230153725, 
            0.9990108097108938
        ], 
        "WW_B7": [
            1.0008919745058942, 
            0.9991391916533819
        ], 
        "WW_B4": [
            1.0033288072623472, 
            0.9987423581639745
        ], 
        "WW_B5": [
            0.9981509978842127, 
            1.0002023659451695
        ], 
        "WW_B2": [
            0.9974487555540753, 
            1.0007172184839175
        ], 
        "WW_B3": [
            0.9984821472191127, 
            1.0007290042199504
        ], 
        "WW_B0": [
            1.001732003394368, 
            0.9986797395176817
        ], 
        "WW_B1": [
            1.0004294304752277, 
            1.0008172077849011
        ]
    }, 
    "QCDscale_WW": {
        "ggWW_B9": [
            1.0, 
            1.0
        ], 
        "ggWW_B8": [
            1.0, 
            1.0
        ], 
        "ggWW_B0": [
            1.0, 
            1.0
        ], 
        "ggWW_B1": [
            1.0, 
            1.0
        ], 
        "ggWW_B6": [
            1.0, 
            1.0
        ], 
        "ggWW_B7": [
            1.0, 
            1.0
        ], 
        "ggWW_B4": [
            1.0, 
            1.0
        ], 
        "ggWW_B5": [
            1.0, 
            1.0
        ], 
        "ggWW_B2": [
            1.0, 
            1.0
        ], 
        "ggWW_B3": [
            1.0, 
            1.0
        ], 
        "WW_B8": [
            0.9723893711246209, 
            1.0230179771911443
        ], 
        "WW_B9": [
            0.9482733173024028, 
            1.0465719560282303
        ], 
        "WW_B6": [
            0.9864064241385125, 
            1.0093842773529185
        ], 
        "WW_B7": [
            0.9810216378435777, 
            1.0146038013761343
        ], 
        "WW_B4": [
            0.9909674711893366, 
            1.0050158289301017
        ], 
        "WW_B5": [
            0.9893160037643317, 
            1.0065715641901898
        ], 
        "WW_B2": [
            0.9931552046037052, 
            1.0029158649268466
        ], 
        "WW_B3": [
            0.9924045853875223, 
            1.0036333266997828
        ], 
        "WW_B0": [
            0.9950170839199757, 
            1.0011660352886387
        ], 
        "WW_B1": [
            0.9942433973037756, 
            1.0018953833920694
        ]
    }, 
    "CMS_hww_WWresum": {
        "WW_B8": [
            0.9743372897088207, 
            1.0632627241849233
        ], 
        "WW_B9": [
            0.9926467192910704, 
            1.0171184381729341
        ], 
        "WW_B6": [
            0.9821163428443287, 
            1.0602142565560593
        ], 
        "WW_B7": [
            0.9770863256958611, 
            1.066504644229646
        ], 
        "WW_B4": [
            0.9871073507339054, 
            1.0522147577260994
        ], 
        "WW_B5": [
            0.9856034682287456, 
            1.0546530558439016
        ], 
        "WW_B2": [
            0.9913744892277788, 
            1.0446033692572354
        ], 
        "WW_B3": [
            0.9892173999356704, 
            1.0484421886191715
        ], 
        "WW_B0": [
            0.9959277229499548, 
            1.0369439314060085
        ], 
        "WW_B1": [
            0.9943112539030707, 
            1.0394249624824343
        ]
    }, 
    "CMS_hww_WWqscale": {
        "WW_B8": [
            1.0423761398009517, 
            0.9561682437507468
        ], 
        "WW_B9": [
            1.0646643414582724, 
            0.9265490430726065
        ], 
        "WW_B6": [
            1.007741567596481, 
            0.9949374701760665
        ], 
        "WW_B7": [
            1.019512219399969, 
            0.9816673273845862
        ], 
        "WW_B4": [
            1.0007962943300217, 
            1.00309293427569
        ], 
        "WW_B5": [
            1.0026274592291131, 
            1.0008022607178615
        ], 
        "WW_B2": [
            0.9969356984523962, 
            1.00735188007635
        ], 
        "WW_B3": [
            0.9986998379798118, 
            1.005366400099737
        ], 
        "WW_B0": [
            0.9919266675934734, 
            1.0125819288763296
        ], 
        "WW_B1": [
            0.9939714583071839, 
            1.0103774569322126
        ]
    }, 
    "pdf_WW": {
        "WW_B8": [
            0.9909262241932326, 
            1.0092414861537278
        ], 
        "WW_B9": [
            0.988622785028678, 
            1.011642124886434
        ], 
        "WW_B6": [
            0.9892899252724997, 
            1.0109445077185428
        ], 
        "WW_B7": [
            0.9900930406861603, 
            1.0101072230080732
        ], 
        "WW_B4": [
            0.9887728818324908, 
            1.011485005188317
        ],