{
    "ww2l2v_13TeV_sr_2j_B5": {
        "Vg": {
            "Wg": 0.5624472880731394, 
            "Zg": 0.34538804188870453, 
            "ZgS": 0.0, 
            "WgS": 0.0921646700381561
        }, 
        "Higgs": {
            "qqH_htt": 0.006739816547096375, 
            "qqH_hww": 0.1476566890778194, 
            "ggZH_hww": 0.014714937871061715, 
            "WH_htt": 0.015774959138450236, 
            "ggH_htt": 0.01680756755927442, 
            "WH_hww": 0.07779480928402559, 
            "ggH_hww": 0.5464895375382394, 
            "ttH_hww": 0.13896798621489106, 
            "ZH_htt": 0.002817590848047704, 
            "ZH_hww": 0.03223610592109418
        }
    }, 
    "ww2l2v_13TeV_sr_2j_B4": {
        "Vg": {
            "Wg": 0.7113284958795545, 
            "Zg": 0.17913258780897795, 
            "ZgS": 0.0, 
            "WgS": 0.10953891631146756
        }, 
        "Higgs": {
            "qqH_htt": 0.00568832331494708, 
            "qqH_hww": 0.153247243301814, 
            "ggZH_hww": 0.01122225591798295, 
            "WH_htt": 0.017078409645395785, 
            "ggH_htt": 0.02471847879241171, 
            "WH_hww": 0.07883459204808625, 
            "ggH_hww": 0.4993146952227601, 
            "ttH_hww": 0.1245517927983651, 
            "ZH_htt": 0.0030491023036242726, 
            "ZH_hww": 0.08229510665461258
        }
    }, 
    "ww2l2v_13TeV_sr_2j_B7": {
        "Vg": {
            "Wg": 0.8760395916994309, 
            "Zg": 0.07395258858761515, 
            "ZgS": 0.0, 
            "WgS": 0.0500078197129539
        }, 
        "Higgs": {
            "qqH_htt": 0.007544635497489956, 
            "qqH_hww": 0.0, 
            "ggZH_hww": 0.0697731559016119, 
            "WH_htt": 0.046553216700483506, 
            "ggH_htt": 0.027797876456108057, 
            "WH_hww": 0.11685072389111861, 
            "ggH_hww": 0.48586365886444394, 
            "ttH_hww": 0.16058684619975677, 
            "ZH_htt": 0.0010850652609496957, 
            "ZH_hww": 0.08394482122803767
        }
    }, 
    "ww2l2v_13TeV_sr_2j_B6": {
        "Vg": {
            "Wg": 0.0, 
            "Zg": 0.0, 
            "ZgS": 0.0, 
            "WgS": 1.0
        }, 
        "Higgs": {
            "qqH_htt": 0.004538252729127694, 
            "qqH_hww": 0.0763177249448695, 
            "ggZH_hww": 0.02277790805544205, 
            "WH_htt": 0.029122853838286226, 
            "ggH_htt": 0.041458216847445405, 
            "WH_hww": 0.1335078766837696, 
            "ggH_hww": 0.4615815269269783, 
            "ttH_hww": 0.17269228495019667, 
            "ZH_htt": 0.0, 
            "ZH_hww": 0.058003355023884526
        }
    }, 
    "ww2l2v_13TeV_sr_2j_B1": {
        "Vg": {
            "Wg": 0.31647939132796776, 
            "Zg": 0.11154393809669884, 
            "ZgS": 0.017903506977960164, 
            "WgS": 0.5540731635973732
        }, 
        "Higgs": {
            "qqH_htt": 0.0010058052140821067, 
            "qqH_hww": 0.1044799889909187, 
            "ggZH_hww": 0.018228017021588057, 
            "WH_htt": 0.011042355162419918, 
            "ggH_htt": 0.006889069806955385, 
            "WH_hww": 0.11871649739661373, 
            "ggH_hww": 0.6487581668071611, 
            "ttH_hww": 0.03723523302921255, 
            "ZH_htt": 0.003638641375483517, 
            "ZH_hww": 0.05000622519556504
        }
    }, 
    "ww2l2v_13TeV_sr_2j_B0": {
        "Vg": {
            "Wg": 0.6006712924229684, 
            "Zg": 0.04959413600188758, 
            "ZgS": 0.03203231896169863, 
            "WgS": 0.3177022526134454
        }, 
        "Higgs": {
            "qqH_htt": 0.000935744220253968, 
            "qqH_hww": 0.0843734142751933, 
            "ggZH_hww": 0.00957003996813994, 
            "WH_htt": 0.011383286444934517, 
            "ggH_htt": 0.010339893502104028, 
            "WH_hww": 0.11145646565005934, 
            "ggH_hww": 0.7170975185155346, 
            "ttH_hww": 0.014437776277660954, 
            "ZH_htt": 0.0017962753138244306, 
            "ZH_hww": 0.03860958583229491
        }
    }, 
    "ww2l2v_13TeV_sr_2j_B3": {
        "Vg": {
            "Wg": 0.716447530692831, 
            "Zg": -0.028130779258436756, 
            "ZgS": 0.04871859610914592, 
            "WgS": 0.2629646524564598
        }, 
        "Higgs": {
            "qqH_htt": 0.0015132868390149723, 
            "qqH_hww": 0.1511513172215107, 
            "ggZH_hww": 0.013202996754301359, 
            "WH_htt": 0.016494913378887154, 
            "ggH_htt": 0.0063658168087876105, 
            "WH_hww": 0.1259982539199308, 
            "ggH_hww": 0.5252022613116492, 
            "ttH_hww": 0.10700705043252992, 
            "ZH_htt": 0.004209105226196172, 
            "ZH_hww": 0.04885499810719215
        }
    }, 
    "ww2l2v_13TeV_sr_2j_B2": {
        "Vg": {
            "Wg": 0.5972126473295031, 
            "Zg": 0.0681925046716224, 
            "ZgS": 0.07568750541964359, 
            "WgS": 0.25890734257923104
        }, 
        "Higgs": {
            "qqH_htt": 0.001462548966613543, 
            "qqH_hww": 0.10525534456988304, 
            "ggZH_hww": 0.018814293564821477, 
            "WH_htt": 0.010566758776534506, 
            "ggH_htt": 0.009274307705215697, 
            "WH_hww": 0.10876339444419048, 
            "ggH_hww": 0.647802715941318, 
            "ttH_hww": 0.0679824052052963, 
            "ZH_htt": 0.001282400316927681, 
            "ZH_hww": 0.028795830509199184
        }
    }, 
    "ww2l2v_13TeV_top_2j": {
        "Vg": {
            "Wg": 0.25981192280821713, 
            "Zg": 0.10202351012605651, 
            "ZgS": -0.1077358796967226, 
            "WgS": 0.745900446762449
        }, 
        "Higgs": {
            "qqH_htt": 0.0066067352608033935, 
            "qqH_hww": 0.004538656156231934, 
            "ggZH_hww": 0.0030262990810152137, 
            "WH_htt": 0.007554085781828814, 
            "ggH_htt": 0.02174895919725805, 
            "WH_hww": 0.015435866873265352, 
            "ggH_hww": 0.05368312110575389, 
            "ttH_hww": 0.8758843051313197, 
            "ZH_htt": 0.005394208562479443, 
            "ZH_hww": 0.00612776285004419
        }
    }
}