{
    "QCDscale_WW": {
        "WW_B6": [
            0.9246597845666388, 
            1.0696451922761312
        ], 
        "WW_B7": [
            0.9058254663029638, 
            1.089132501385379
        ], 
        "WW_B4": [
            0.9365998499938752, 
            1.0577364720932636
        ], 
        "WW_B5": [
            0.9401793063566728, 
            1.053731850047308
        ], 
        "WW_B2": [
            0.9528674350670515, 
            1.0416876647833908
        ], 
        "WW_B3": [
            0.94550035343254, 
            1.0485713513547599
        ], 
        "WW_B0": [
            0.9680115143110566, 
            1.02678467446643
        ], 
        "WW_B1": [
            0.961008431508962, 
            1.033744516597488
        ]
    }, 
    "PS_FSR": {
        "ggWW_nonfid": [
            0.9933742925652521, 
            1.0074099908977472, 
            1.0190303278374093, 
            1.0185012138416385, 
            1.0113501745821918, 
            0.9885259360698913, 
            0.9703168272476155, 
            0.9635722943521493
        ], 
        "WW_nonfid": [
            0.9970063288781462, 
            1.0058924550954018, 
            1.0109511498098445, 
            1.0090503509865465, 
            1.0055091977460253, 
            0.9915408861028204, 
            0.9833888391127301, 
            0.9825775227466048
        ], 
        "ggWW_B6": [
            1.0537614336318302, 
            1.0537614336318302, 
            1.0661398104488793, 
            0.968011002971645, 
            0.9526170340889335, 
            0.9526170340889335, 
            0.929271561348759, 
            1.0342083202004864
        ], 
        "ggWW_B7": [
            1.0499270298997785, 
            1.0499270298997785, 
            0.9585271473819058, 
            1.0110465178509, 
            0.8080526329963779, 
            0.8080526329963779, 
            1.139615590032104, 
            0.962812635008359
        ], 
        "ggWW_B4": [
            0.9794209336268044, 
            0.9794209336268044, 
            1.0199617823462275, 
            0.9809899527448501, 
            1.0753298182265207, 
            1.0753298182265207, 
            0.9821569779671387, 
            1.0169923049022465
        ], 
        "ggWW_B5": [
            0.9982814090068395, 
            0.9982814090068395, 
            0.9970304754604401, 
            1.0014842492784608, 
            1.0712915485275118, 
            1.0712915485275118, 
            0.9319082543174815, 
            1.034034109855647
        ], 
        "ggWW_B2": [
            0.97536538957309, 
            0.97536538957309, 
            1.0094906984665637, 
            0.9861635278944288, 
            1.0458760200126922, 
            1.0458760200126922, 
            0.9924645316490232, 
            1.0109859456612216
        ], 
        "ggWW_B3": [
            0.9754498998179632, 
            0.9754498998179632, 
            1.002721522861991, 
            0.9972674636039875, 
            1.0790643552000065, 
            1.0790643552000065, 
            0.9935291473257621, 
            1.0064970390998873
        ], 
        "ggWW_B0": [
            0.9920917618433128, 
            0.9920917618433128, 
            1.0023283213310525, 
            0.9913457281968394, 
            1.025812050195218, 
            1.025812050195218, 
            1.003134563319156, 
            0.9883489608644654
        ], 
        "ggWW_B1": [
            0.9881055784804498, 
            0.9881055784804498, 
            1.005033277707633, 
            0.9892180231353339, 
            1.035059136268659, 
            1.035059136268659, 
            1.0058672945832172, 
            0.9874314436577792
        ], 
        "WW_B6": [
            0.9667192359219596, 
            0.9667192359219596, 
            1.0172904836077783, 
            0.9879895489748466, 
            1.0489015920367437, 
            1.0489015920367437, 
            0.9607058647046013, 
            1.0272947997434168
        ], 
        "WW_B7": [
            0.957401280953684, 
            0.957401280953684, 
            1.0266355983815485, 
            0.9864931630048027, 
            1.0525014382596103, 
            1.0525014382596103, 
            0.9799493422916519, 
            1.0101676321077422
        ], 
        "WW_B4": [
            0.9819251453860337, 
            0.9819251453860337, 
            1.0242964663582317, 
            0.9771301406979257, 
            1.0403008328743473, 
            1.0403008328743473, 
            0.9691240574537159, 
            1.029063010704567
        ], 
        "WW_B5": [
            0.9825959246636026, 
            0.9825959246636026, 
            1.0018014350998345, 
            0.9984362628006377, 
            1.0138435227562341, 
            1.0138435227562341, 
            1.02030146657483, 
            0.9823772954753741
        ], 
        "WW_B2": [
            0.993364662470375, 
            0.993364662470375, 
            1.000803925282514, 
            0.9987526535906632, 
            1.0178510967072143, 
            1.0178510967072143, 
            1.002618880793062, 
            0.9959366229365353
        ], 
        "WW_B3": [
            0.9959248361549743, 
            0.9959248361549743, 
            0.9971498913092798, 
            1.0031894972123245, 
            1.0098080216829626, 
            1.0098080216829626, 
            1.0087065594008262, 
            0.9902566709023105
        ], 
        "WW_B0": [
            0.9995763354193943, 
            0.9995763354193943, 
            1.0002142512495464, 
            0.9989042686343352, 
            0.9991177377660472, 
            0.9991177377660472, 
            0.9990761299984713, 
            1.0047248888424924
        ], 
        "WW_B1": [
            0.996659770650364, 
            0.996659770650364, 
            0.9988932255836943, 
            1.0028074659532018, 
            1.010769303731989, 
            1.010769303731989, 
            1.0028273531196983, 
            0.9928280799553295
        ]
    }, 
    "PS_ISR": {
        "ggWW_nonfid": [
            1.0409480186355966, 
            0.9619655507391908, 
            0.9004284274916802, 
            0.8573343693376356, 
            0.950933014755384, 
            1.0431764223489781, 
            1.129361631364269, 
            1.2009175185382805
        ], 
        "WW_nonfid": [
            1.000614720409238, 
            1.0165243144342964, 
            0.9655198599118391, 
            0.9222167857883472, 
            0.9996958537879939, 
            0.9806677518325161, 
            1.042778289910648, 
            1.104462039394051
        ], 
        "ggWW_B6": [
            1.1370917765238553, 
            1.1370917765238553, 
            1.047524306813859, 
            0.9770145257580047, 
            0.8507542544566257, 
            0.8507542544566257, 
            0.9453948598130907, 
            1.0264101704452577
        ], 
        "ggWW_B7": [
            1.1090667539123413, 
            1.1090667539123413, 
            1.064120623107069, 
            0.9829211263983793, 
            0.8856603806719623, 
            0.8856603806719623, 
            0.9333635410659522, 
            1.017748980035547
        ], 
        "ggWW_B4": [
            1.092487065727628, 
            1.092487065727628, 
            1.0156594613351062, 
            0.9850871482913038, 
            0.8957234753563917, 
            0.8957234753563917, 
            0.9802055520692303, 
            1.0188506909867523
        ], 
        "ggWW_B5": [
            1.1207192502196466, 
            1.1207192502196466, 
            1.0221088131468383, 
            0.9889494127683872, 
            0.8662571049800144, 
            0.8662571049800144, 
            0.9770041899290132, 
            1.0114939324631897
        ],