{
    "PS_ISR": {
        "ggWW_nonfid": [
            1.0409480186355966, 
            0.9619655507391905, 
            0.9004284274916802, 
            0.8573343693376357, 
            0.9509330147553843, 
            1.043176422348978, 
            1.129361631364269, 
            1.2009175185382805
        ], 
        "WW_nonfid": [
            1.000614720409238, 
            1.0165243144342966, 
            0.9655198599118388, 
            0.9222167857883472, 
            0.9996958537879939, 
            0.9806677518325162, 
            1.0427782899106475, 
            1.104462039394051
        ], 
        "ggWW_B6": [
            1.137091776523855, 
            1.137091776523855, 
            1.0475243068138589, 
            0.9770145257580047, 
            0.8507542544566257, 
            0.8507542544566257, 
            0.9453948598130907, 
            1.0264101704452577
        ], 
        "ggWW_B7": [
            1.109066753912341, 
            1.109066753912341, 
            1.0641206231070688, 
            0.9829211263983791, 
            0.8856603806719623, 
            0.8856603806719623, 
            0.9333635410659522, 
            1.017748980035547
        ], 
        "ggWW_B4": [
            1.092487065727628, 
            1.092487065727628, 
            1.0156594613351062, 
            0.9850871482913038, 
            0.8957234753563917, 
            0.8957234753563917, 
            0.9802055520692303, 
            1.0188506909867523
        ], 
        "ggWW_B5": [
            1.1207192502196461, 
            1.1207192502196461, 
            1.0221088131468379, 
            0.9889494127683873, 
            0.8662571049800142, 
            0.8662571049800142, 
            0.9770041899290132, 
            1.0114939324631895
        ], 
        "ggWW_B2": [
            1.1157551176446663, 
            1.1157551176446663, 
            1.0158638485871638, 
            0.9768721238761713, 
            0.8765128017765281, 
            0.8765128017765281, 
            0.9800627832657963, 
            1.029066432168023
        ], 
        "ggWW_B3": [
            1.1149622552000114, 
            1.1149622552000114, 
            1.0219975511890456, 
            0.9779134285121348, 
            0.8749575133931657, 
            0.8749575133931657, 
            0.9710018257441223, 
            1.0291155248698296
        ], 
        "ggWW_B0": [
            1.098755323310583, 
            1.098755323310583, 
            1.0133334266684755, 
            0.9504402176290948, 
            0.8945935427802226, 
            0.8945935427802226, 
            0.9831118321534887, 
            1.0627726048169828
        ], 
        "ggWW_B1": [
            1.108920319468254, 
            1.108920319468254, 
            1.0179611008379181, 
            0.9615248382967845, 
            0.8849889186416326, 
            0.8849889186416326, 
            0.9782422807571037, 
            1.046608043333085
        ], 
        "WW_B6": [
            1.044837746600841, 
            1.044837746600841, 
            1.0406976668280996, 
            0.9717302682004213, 
            0.9446820834023959, 
            0.9446820834023959, 
            0.950518625477883, 
            1.0343711395722797
        ], 
        "WW_B7": [
            1.0468963303508687, 
            1.0468963303508687, 
            1.0375803958586307, 
            0.9809430869993464, 
            0.9452647184220127, 
            0.9452647184220127, 
            0.9536440954532142, 
            1.023506948764932
        ], 
        "WW_B4": [
            1.0445603947689075, 
            1.0445603947689075, 
            1.032167562021834, 
            0.9697212093856258, 
            0.9455825014347806, 
            0.9455825014347806, 
            0.9600004870123465, 
            1.0376508756743221
        ], 
        "WW_B5": [
            1.0400533506716854, 
            1.0400533506716854, 
            1.0319840469573272, 
            0.9722362220998577, 
            0.9494098927683309, 
            0.9494098927683309, 
            0.9605745137675265, 
            1.034223325297888
        ], 
        "WW_B2": [
            1.0441374910649033, 
            1.0441374910649033, 
            1.0218186612391564, 
            0.9661468181867722, 
            0.9487175795270792, 
            0.9487175795270792, 
            0.9723351626774915, 
            1.0429239336660812
        ], 
        "WW_B3": [
            1.0469482760757216, 
            1.0469482760757216, 
            1.0282519898329316, 
            0.9683837872190132, 
            0.9433284561691365, 
            0.9433284561691365, 
            0.9642614012487936, 
            1.0399943207290616
        ], 
        "WW_B0": [
            1.039179057688599, 
            1.039179057688599, 
            1.0085949912144094, 
            0.9560431900342157, 
            0.9543614513408034, 
            0.9543614513408034, 
            0.9891525292281624, 
            1.0554765210844754
        ], 
        "WW_B1": [
            1.0436582242775363, 
            1.0436582242775363, 
            1.0157220983386053, 
            0.9601190132801831, 
            0.9489807027651946, 
            0.9489807027651946, 
            0.9800363852068619, 
            1.050640101549912
        ]
    }, 
    "QCDscale_WW": {
        "WW_B6": [
            0.9246597845666388, 
            1.0696451922761312
        ], 
        "WW_B7": [
            0.9058254663029638, 
            1.089132501385379
        ], 
        "WW_B4": [
            0.9365998499938752, 
            1.0577364720932636
        ], 
        "WW_B5": [
            0.9401793063566728, 
            1.053731850047308
        ], 
        "WW_B2": [
            0.9528674350670515, 
            1.0416876647833908
        ], 
        "WW_B3": [
            0.94550035343254, 
            1.0485713513547599
        ], 
        "WW_B0": [
            0.9680115143110566, 
            1.02678467446643
        ], 
        "WW_B1": [
            0.961008431508962, 
            1.033744516597488
        ]
    }, 
    "PS_FSR": {
        "ggWW_nonfid": [
            0.9933742925652523, 
            1.0074099908977472, 
            1.0190303278374093, 
            1.0185012138416385, 
            1.011350174582192, 
            0.9885259360698911, 
            0.9703168272476155, 
            0.9635722943521493
        ], 
        "WW_nonfid": [
            0.9970063288781462, 
            1.0058924550954018, 
            1.0109511498098442, 
            1.0090503509865465, 
            1.0055091977460253, 
            0.9915408861028208, 
            0.98338883911273, 
            0.9825775227466048
        ], 
        "ggWW_B6": [
            1.0537614336318302, 
            1.0537614336318302, 
            1.0661398104488793, 
            0.968011002971645, 
            0.9526170340889335, 
            0.9526170340889335, 
            0.9292715613487592, 
            1.0342083202004864
        ], 
        "ggWW_B7": [
            1.0499270298997785, 
            1.0499270298997785, 
            0.9585271473819058, 
            1.0110465178509, 
            0.8080526329963779, 
            0.8080526329963779, 
            1.139615590032104, 
            0.962812635008359
        ], 
        "ggWW_B4": [
            0.9794209336268044, 
            0.9794209336268044, 
            1.0199617823462275, 
            0.9809899527448501, 
            1.0753298182265207, 
            1.0753298182265207, 
            0.9821569779671387, 
            1.0169923049022465
        ], 
        "ggWW_B5": [
            0.9982814090068393, 
            0.9982814090068393, 
            0.9970304754604399, 
            1.0014842492784608, 
            1.0712915485275116, 
            1.0712915485275116, 
            0.9319082543174814, 
            1.034034109855647
        ],