{
    "QCDscale_WW": {
        "WW_B6": [
            0.9243193600982053, 
            1.0700820959941129
        ], 
        "WW_B7": [
            0.9064000445881525, 
            1.0884767095973857
        ], 
        "WW_B4": [
            0.9377005797800102, 
            1.0565567980625745
        ], 
        "WW_B5": [
            0.9392031245914768, 
            1.0547926512778887
        ], 
        "WW_B2": [
            0.9536452344158076, 
            1.0408920116600395
        ], 
        "WW_B3": [
            0.94654897408274, 
            1.0475740206460067
        ], 
        "WW_B0": [
            0.9691649379787154, 
            1.0256217727267765
        ], 
        "WW_B1": [
            0.962047736800361, 
            1.0326808030815506
        ]
    }, 
    "PS_FSR": {
        "ggWW_nonfid": [
            0.9933742925652523, 
            1.007409990897747, 
            1.0191657606579707, 
            1.0185992871092238, 
            1.011350174582192, 
            0.9885259360698911, 
            0.9702377917770639, 
            0.9641024072175086
        ], 
        "WW_nonfid": [
            0.9970063288781464, 
            1.0058924550954018, 
            1.0110449168884594, 
            1.0091917582307681, 
            1.0055091977460253, 
            0.9915408861028204, 
            0.983241554758475, 
            0.9824288092574609
        ], 
        "ggWW_B6": [
            1.0572754891068312, 
            1.0572754891068312, 
            1.0696951450041707, 
            0.967347790045403, 
            0.9536523162552091, 
            0.9536523162552091, 
            0.930281472195054, 
            1.0326631648083415
        ], 
        "ggWW_B7": [
            1.0499270298997787, 
            1.0499270298997787, 
            0.9585271473819059, 
            1.0110465178509, 
            0.808052632996378, 
            0.808052632996378, 
            1.139615590032104, 
            0.9628126350083588
        ], 
        "ggWW_B4": [
            0.9746565589985874, 
            0.9746565589985874, 
            1.0246456948189755, 
            0.9757448804683228, 
            1.0841899551176781, 
            1.0841899551176781, 
            0.9758669342449813, 
            1.0237506144116952
        ], 
        "ggWW_B5": [
            0.9855903331240632, 
            0.9855903331240632, 
            1.004390811109841, 
            0.9976190992748846, 
            1.0939412688012005, 
            1.0939412688012005, 
            0.9183284819124945, 
            1.0442860719287168
        ], 
        "ggWW_B2": [
            0.9762657842683052, 
            0.9762657842683052, 
            1.0086412507099694, 
            0.9874745668648978, 
            1.0475683100519533, 
            1.0475683100519533, 
            0.9968138361660186, 
            1.0046183224395948
        ], 
        "ggWW_B3": [
            0.9772702517217822, 
            0.9772702517217822, 
            1.0033653564807237, 
            0.9966331710258036, 
            1.076182868462999, 
            1.076182868462999, 
            0.9917806187738671, 
            1.0082229775718021
        ], 
        "ggWW_B0": [
            0.9941743828725083, 
            0.9941743828725083, 
            1.0017186047797213, 
            0.9935907950353103, 
            1.0232300624631736, 
            1.0232300624631736, 
            1.0046966555958192, 
            0.9824847290561777
        ], 
        "ggWW_B1": [
            0.9871176021248984, 
            0.9871176021248984, 
            1.0051520799862594, 
            0.988839623212617, 
            1.0390356031143082, 
            1.0390356031143082, 
            1.0046276746281617, 
            0.9899755841063338
        ], 
        "WW_B6": [
            0.9705532966420508, 
            0.9705532966420508, 
            1.01664741300238, 
            0.9883353708903643, 
            1.0415187524115062, 
            1.0415187524115062, 
            0.9626823051228801, 
            1.026148030922638
        ], 
        "WW_B7": [
            0.9583380112011344, 
            0.9583380112011344, 
            1.0298634806622424, 
            0.984803108003932, 
            1.0530452375930708, 
            1.0530452375930708, 
            0.9770910909815005, 
            1.0116578579717284
        ], 
        "WW_B4": [
            0.9826660563975896, 
            0.9826660563975896, 
            1.0214138963156374, 
            0.9798930037600778, 
            1.0415189002021772, 
            1.0415189002021772, 
            0.9730722903237946, 
            1.0252842990004485
        ], 
        "WW_B5": [
            0.9829393345095598, 
            0.9829393345095598, 
            1.0003074384848862, 
            0.9997328706488575, 
            1.0129062565745746, 
            1.0129062565745746, 
            1.0203182257980985, 
            0.9823457545472093
        ], 
        "WW_B2": [
            0.9935713303003175, 
            0.9935713303003175, 
            1.0012553929112769, 
            0.9980476603680783, 
            1.0180493051245063, 
            1.0180493051245063, 
            1.001643265081045, 
            0.9974444562219053
        ], 
        "WW_B3": [
            0.9973194725187289, 
            0.9973194725187289, 
            0.9962375810462946, 
            1.0042613794750803, 
            1.0106432414015154, 
            1.0106432414015154, 
            1.0102174702224844, 
            0.9884275200531677
        ], 
        "WW_B0": [
            0.9999993887304364, 
            0.9999993887304364, 
            1.0006967822737989, 
            0.9963905877659722, 
            0.9981362796925769, 
            0.9981362796925769, 
            0.9986635876245051, 
            1.0069227696501515
        ], 
        "WW_B1": [
            0.996331111354948, 
            0.996331111354948, 
            0.9987415945372607, 
            1.0032081098678183, 
            1.0099901435109897, 
            1.0099901435109897, 
            1.0027397565467044, 
            0.9930154149253536
        ]
    }, 
    "PS_ISR": {
        "ggWW_nonfid": [
            1.0409480186355966, 
            0.9619655507391905, 
            0.9002949173644629, 
            0.8572149921246395, 
            0.9509330147553844, 
            1.043176422348978, 
            1.1295535036767101, 
            1.2010925517984608
        ], 
        "WW_nonfid": [
            1.000614720409238, 
            1.0165243144342964, 
            0.9655190265229625, 
            0.9221630933369721, 
            0.9996958537879939, 
            0.9806677518325159, 
            1.0427730612438737, 
            1.1045289199938835
        ], 
        "ggWW_B6": [
            1.1359968063788888, 
            1.1359968063788888, 
            1.0465155862639717, 
            0.9782074247960676, 
            0.8521585844442249, 
            0.8521585844442249, 
            0.9469554119288198, 
            1.0248514157844368
        ], 
        "ggWW_B7": [
            1.1090667539123413, 
            1.1090667539123413, 
            1.064120623107069, 
            0.9829211263983789, 
            0.8856603806719624, 
            0.8856603806719624, 
            0.9333635410659523, 
            1.017748980035547
        ], 
        "ggWW_B4": [
            1.0934986798036466, 
            1.0934986798036466, 
            1.0159001987037442, 
            0.9843517813975448, 
            0.8946317702406427, 
            0.8946317702406427, 
            0.9797824335288553, 
            1.0198971664219296
        ], 
        "ggWW_B5": [
            1.1191033801212809, 
            1.1191033801212809, 
            1.0183382992822412, 
            0.9900561265410356, 
            0.8682611579640931, 
            0.8682611579640931, 
            0.9801816435839596, 
            1.0107464288445007
        ],