{
    "ww2l2v_13TeV_top_1j": {
        "Vg": {
            "Wg": 0.51580797440716, 
            "Zg": 0.09589985723760516, 
            "ZgS": 0.032519569568561904, 
            "WgS": 0.35577259878667283
        }, 
        "Higgs": {
            "qqH_htt": 0.041767158175090455, 
            "qqH_hww": 0.08861215923033489, 
            "ggZH_hww": 0.03209055306983835, 
            "WH_htt": 0.05771451479002278, 
            "ggH_htt": 0.11496967813908998, 
            "WH_hww": 0.11034671185121972, 
            "ggH_hww": 0.3483793334576851, 
            "ttH_hww": 0.15156726167585635, 
            "ZH_htt": 0.01850425979008497, 
            "ZH_hww": 0.03604836982077737
        }
    }, 
    "ww2l2v_13TeV_top_0j": {
        "Vg": {
            "Wg": 0.44877394999060577, 
            "Zg": 0.12996636035571488, 
            "ZgS": 0.07549187070688733, 
            "WgS": 0.34576781894679215
        }, 
        "Higgs": {
            "qqH_htt": 0.0047835461814780674, 
            "qqH_hww": 0.01223890063525674, 
            "ggZH_hww": 0.00693312805103779, 
            "WH_htt": 0.10352913477455919, 
            "ggH_htt": 0.05001682629204274, 
            "WH_hww": 0.15681531884409736, 
            "ggH_hww": 0.612500921427019, 
            "ttH_hww": 0.01698647702929837, 
            "ZH_htt": 0.011807720100278609, 
            "ZH_hww": 0.024388026664932207
        }
    }, 
    "ww2l2v_13TeV_sr_3j_B0": {
        "Vg": {
            "Wg": 0.7135873369435641, 
            "Zg": 0.01690165017368288, 
            "ZgS": 0.03424524552422928, 
            "WgS": 0.2352657673585236
        }, 
        "Higgs": {
            "qqH_htt": 0.0017651351273146687, 
            "qqH_hww": 0.04923801193665162, 
            "ggZH_hww": 0.18868665381509472, 
            "WH_htt": 0.011648093298904049, 
            "ggH_htt": 0.008264961514312948, 
            "WH_hww": 0.11208950481135284, 
            "ggH_hww": 0.43530244748320124, 
            "ttH_hww": 0.14667781384274936, 
            "ZH_htt": 0.0029443306512344477, 
            "ZH_hww": 0.0433830475191841
        }
    }, 
    "ww2l2v_13TeV_sr_2j_B0": {
        "Vg": {
            "Wg": 0.6181689072598417, 
            "Zg": 0.059962204731929765, 
            "ZgS": 0.022051689046308824, 
            "WgS": 0.2998171989619197
        }, 
        "Higgs": {
            "qqH_htt": 0.001257295539500331, 
            "qqH_hww": 0.12886887946946, 
            "ggZH_hww": 0.08856666917933662, 
            "WH_htt": 0.011008190384010894, 
            "ggH_htt": 0.006338996675065788, 
            "WH_hww": 0.10885436599600062, 
            "ggH_hww": 0.5978285606216902, 
            "ttH_hww": 0.018231529645991163, 
            "ZH_htt": 0.0023794328138540583, 
            "ZH_hww": 0.036666079675090474
        }
    }, 
    "ww2l2v_13TeV_sr_1j_B0": {
        "Vg": {
            "Wg": 0.6144631972976968, 
            "Zg": 0.05348980720870513, 
            "ZgS": 0.009615369465167138, 
            "WgS": 0.32243162602843084
        }, 
        "Higgs": {
            "qqH_htt": 0.0010515491426289424, 
            "qqH_hww": 0.13348696712065408, 
            "ggZH_hww": 0.02408039346393388, 
            "WH_htt": 0.012101691454656505, 
            "ggH_htt": 0.004945648272817195, 
            "WH_hww": 0.06376910083281398, 
            "ggH_hww": 0.7405859774853268, 
            "ttH_hww": 0.0024363664795320735, 
            "ZH_htt": 0.0017494596807647535, 
            "ZH_hww": 0.015792846066871865
        }
    }, 
    "ww2l2v_13TeV_top_3j": {
        "Vg": {
            "Wg": 0.7800818513684873, 
            "Zg": -0.13367806370149202, 
            "ZgS": 0.0, 
            "WgS": 0.35359621233300476
        }, 
        "Higgs": {
            "qqH_htt": 0.00213105214360047, 
            "qqH_hww": 0.001886958763438926, 
            "ggZH_hww": 0.019536327246710002, 
            "WH_htt": 0.003859754832451357, 
            "ggH_htt": 0.011340416276410335, 
            "WH_hww": 0.010646045510077251, 
            "ggH_hww": 0.016855069625620472, 
            "ttH_hww": 0.9253373910326633, 
            "ZH_htt": 0.0030644604269255437, 
            "ZH_hww": 0.0053425241421023355
        }
    }, 
    "ww2l2v_13TeV_top_2j": {
        "Vg": {
            "Wg": 0.5286544842843816, 
            "Zg": 0.1796081601772821, 
            "ZgS": 0.07254013755476756, 
            "WgS": 0.21919721798356886
        }, 
        "Higgs": {
            "qqH_htt": 0.026917163784427548, 
            "qqH_hww": 0.033502128597577896, 
            "ggZH_hww": 0.06045814349557612, 
            "WH_htt": 0.025663033616699256, 
            "ggH_htt": 0.06874494588685318, 
            "WH_hww": 0.06371588346344605, 
            "ggH_hww": 0.12907617214599168, 
            "ttH_hww": 0.5475863905018417, 
            "ZH_htt": 0.01694901846194146, 
            "ZH_hww": 0.027387120045645023
        }
    }, 
    "ww2l2v_13TeV_sr_0j_B0": {
        "Vg": {
            "Wg": 0.5951949894018136, 
            "Zg": 0.05990021261878844, 
            "ZgS": 0.018686657953269507, 
            "WgS": 0.32621814002612837
        }, 
        "Higgs": {
            "qqH_htt": 0.00023767524931627326, 
            "qqH_hww": 0.040038826051809154, 
            "ggZH_hww": 0.010573430312159026, 
            "WH_htt": 0.005935539471001183, 
            "ggH_htt": 0.0020548293081896762, 
            "WH_hww": 0.027359387861926703, 
            "ggH_hww": 0.9038433485419823, 
            "ttH_hww": 0.00017043092976525435, 
            "ZH_htt": 0.0014351220139704826, 
            "ZH_hww": 0.00835141025988008
        }
    }
}