{
    "ww2l2v_13TeV_top_1j": {
        "Vg": {
            "Wg": 0.5468302264217989, 
            "Zg": 0.11462768319215391, 
            "ZgS": 0.016591826444500683, 
            "WgS": 0.32195026394154663
        }, 
        "Higgs": {
            "qqH_htt": 0.049924431950369434, 
            "qqH_hww": 0.08102207967458036, 
            "ggZH_hww": 0.029267996636479613, 
            "WH_htt": 0.060040137624871155, 
            "ggH_htt": 0.14457422222218078, 
            "WH_hww": 0.10167367428646526, 
            "ggH_hww": 0.3323968486106855, 
            "ttH_hww": 0.147467439719775, 
            "ZH_htt": 0.018482094791940927, 
            "ZH_hww": 0.03515107448265189
        }
    }, 
    "ww2l2v_13TeV_top_0j": {
        "Vg": {
            "Wg": 0.47949156195283504, 
            "Zg": 0.1375852449363862, 
            "ZgS": 0.07082799573188926, 
            "WgS": 0.3120951973788896
        }, 
        "Higgs": {
            "qqH_htt": 0.004041494197113449, 
            "qqH_hww": 0.013017209717403298, 
            "ggZH_hww": 0.008476385640548974, 
            "WH_htt": 0.10817829140226855, 
            "ggH_htt": 0.05024389874470229, 
            "WH_hww": 0.15238140940748152, 
            "ggH_hww": 0.6147241418712691, 
            "ttH_hww": 0.01431865263237852, 
            "ZH_htt": 0.012244228899994247, 
            "ZH_hww": 0.02237428748684008
        }
    }, 
    "ww2l2v_13TeV_sr_3j_B0": {
        "Vg": {
            "Wg": 0.7305366017746869, 
            "Zg": 0.057473779062041895, 
            "ZgS": 0.024806221148113657, 
            "WgS": 0.18718339801515763
        }, 
        "Higgs": {
            "qqH_htt": 0.0020910116279183465, 
            "qqH_hww": 0.047429750472182376, 
            "ggZH_hww": 0.18267662536910337, 
            "WH_htt": 0.012399178307224194, 
            "ggH_htt": 0.008894745374700412, 
            "WH_hww": 0.11362176475924564, 
            "ggH_hww": 0.43393029204192507, 
            "ttH_hww": 0.15110556318992557, 
            "ZH_htt": 0.0035009335360912178, 
            "ZH_hww": 0.044350135321683845
        }
    }, 
    "ww2l2v_13TeV_sr_2j_B0": {
        "Vg": {
            "Wg": 0.674544479576854, 
            "Zg": 0.05704053765936212, 
            "ZgS": 0.023953978497916806, 
            "WgS": 0.244461004265867
        }, 
        "Higgs": {
            "qqH_htt": 0.0013482679555409192, 
            "qqH_hww": 0.12654556443022497, 
            "ggZH_hww": 0.08572112144156073, 
            "WH_htt": 0.012377135387747384, 
            "ggH_htt": 0.006021030273044684, 
            "WH_hww": 0.10983651509281017, 
            "ggH_hww": 0.6001977935317276, 
            "ttH_hww": 0.01834898961824552, 
            "ZH_htt": 0.0028150881687047007, 
            "ZH_hww": 0.036788494100393275
        }
    }, 
    "ww2l2v_13TeV_sr_1j_B0": {
        "Vg": {
            "Wg": 0.6511316758177981, 
            "Zg": 0.06117534168943994, 
            "ZgS": 0.018379424001695555, 
            "WgS": 0.2693135584910665
        }, 
        "Higgs": {
            "qqH_htt": 0.0010477898795499695, 
            "qqH_hww": 0.1317265811763287, 
            "ggZH_hww": 0.023038484519393942, 
            "WH_htt": 0.012936148121548165, 
            "ggH_htt": 0.005209542089529992, 
            "WH_hww": 0.06420982397613866, 
            "ggH_hww": 0.7407186456244949, 
            "ttH_hww": 0.0028082134904950018, 
            "ZH_htt": 0.0019873867228614897, 
            "ZH_hww": 0.016317384399659126
        }
    }, 
    "ww2l2v_13TeV_top_3j": {
        "Vg": {
            "Wg": 0.7238676089639792, 
            "Zg": 0.002641526920051125, 
            "ZgS": -0.008998457044852522, 
            "WgS": 0.28248932116082226
        }, 
        "Higgs": {
            "qqH_htt": 0.0021981842503895595, 
            "qqH_hww": 0.0017878755536395795, 
            "ggZH_hww": 0.018163920164775152, 
            "WH_htt": 0.0045471123995017996, 
            "ggH_htt": 0.013328941116425448, 
            "WH_hww": 0.010535716852824015, 
            "ggH_hww": 0.01630020069528173, 
            "ttH_hww": 0.9245389320198221, 
            "ZH_htt": 0.003241697416568696, 
            "ZH_hww": 0.005357419530771743
        }
    }, 
    "ww2l2v_13TeV_top_2j": {
        "Vg": {
            "Wg": 0.6306535045466427, 
            "Zg": 0.1799889461994517, 
            "ZgS": 0.04637318396768219, 
            "WgS": 0.14298436528622352
        }, 
        "Higgs": {
            "qqH_htt": 0.02710839841714021, 
            "qqH_hww": 0.03314706800391984, 
            "ggZH_hww": 0.05543947902171196, 
            "WH_htt": 0.028510094467330594, 
            "ggH_htt": 0.07185058639839885, 
            "WH_hww": 0.06413072514199168, 
            "ggH_hww": 0.12811829379458686, 
            "ttH_hww": 0.5456228177104974, 
            "ZH_htt": 0.01860877897932523, 
            "ZH_hww": 0.027463758065097557
        }
    }, 
    "ww2l2v_13TeV_sr_0j_B0": {
        "Vg": {
            "Wg": 0.6527459656275335, 
            "Zg": 0.07213859426232686, 
            "ZgS": 0.016961331566982814, 
            "WgS": 0.2581541085431568
        }, 
        "Higgs": {
            "qqH_htt": 0.00025005224953731037, 
            "qqH_hww": 0.03825849445064284, 
            "ggZH_hww": 0.009798771970102373, 
            "WH_htt": 0.006012176165543805, 
            "ggH_htt": 0.00250580987519703, 
            "WH_hww": 0.02663707105731691, 
            "ggH_hww": 0.9065108888683743, 
            "ttH_hww": 0.00019243813967736138, 
            "ZH_htt": 0.0016587364726336113, 
            "ZH_hww": 0.008175560750974467
        }
    }
}