{
    "PS_ISR": {
        "ggWW_nonfid": [
            0.9509012496231989, 
            1.0420374610503347, 
            1.1251422813636895, 
            1.1968390014184687, 
            1.040467748846414, 
            0.9621699307197269, 
            0.902559599072481, 
            0.8589245771016254
        ], 
        "ggWW_B2": [
            0.8950730866468782, 
            0.8950730866468782, 
            0.9846337193706107, 
            1.0829325801079632, 
            1.09905349343583, 
            1.09905349343583, 
            1.0122805570964608, 
            0.9337212231289878
        ], 
        "ggWW_B3": [
            0.8560311935264904, 
            0.8560311935264904, 
            0.8560311935264904, 
            1.0, 
            1.1384693044421226, 
            1.1384693044421226, 
            1.1384693044421226, 
            1.0
        ], 
        "ggWW_B0": [
            0.9827444204321676, 
            1.1027236162771281, 
            1.2098301935872409, 
            1.2977475011069464, 
            1.013720760004293, 
            0.9171326526277849, 
            0.848290550284064, 
            0.7992139997392393
        ], 
        "ggWW_B1": [
            0.9518105552150802, 
            0.9829987313411215, 
            1.0912320432969855, 
            1.1782195081210178, 
            1.044941564188674, 
            1.0135362572588171, 
            0.9264933295672911, 
            0.8695676057165622
        ], 
        "WW_nonfid": [
            0.9994918255098355, 
            0.9803756099555115, 
            1.0410065679405922, 
            1.10274988446839, 
            1.0003769687628807, 
            1.0158720171881042, 
            0.9656483200015283, 
            0.9216436080384058
        ], 
        "WW_B2": [
            0.9623821830053818, 
            0.9623821830053818, 
            0.9899058744738841, 
            1.0848782253704616, 
            1.0333249255563293, 
            1.0333249255563293, 
            1.007954477107339, 
            0.9331133837325386
        ], 
        "WW_B3": [
            0.9161193680059764, 
            0.9161193680059764, 
            0.9161193680059764, 
            0.9999999999999999, 
            1.0744357950756112, 
            1.0744357950756112, 
            1.0744357950756112, 
            0.9999999999999999
        ], 
        "WW_B0": [
            1.000454597147321, 
            0.9883010255668082, 
            1.0557854033274818, 
            1.0762406162100648, 
            0.9996105080617076, 
            1.0098486836036942, 
            0.955874876605694, 
            0.9213371042037276
        ], 
        "WW_B1": [
            1.015411023394089, 
            0.9921838427967321, 
            1.0800604481002598, 
            1.1531702483704913, 
            0.9879685275836657, 
            1.0062465282777784, 
            0.9353977304858361, 
            0.886589452737799
        ]
    }, 
    "QCDscale_WW": {
        "WW_B2": [
            0.959006668389509, 
            1.0355141678301947
        ], 
        "WW_B3": [
            0.9447572308653847, 
            1.0495098073758438
        ], 
        "WW_B0": [
            0.9929644610256437, 
            1.0031436152718363
        ], 
        "WW_B1": [
            0.9720234222285822, 
            1.0230083465331425
        ]
    }, 
    "PS_FSR": {
        "ggWW_nonfid": [
            1.0115471572193429, 
            0.9885879993158357, 
            0.970515975128815, 
            0.9686860172641651, 
            0.9930385280837725, 
            1.0070304873037155, 
            1.0184060768066305, 
            1.0155032340130932
        ], 
        "ggWW_B2": [
            1.0246319177311611, 
            1.0246319177311611, 
            1.003694971900507, 
            0.9800580530496492, 
            0.9853174986983069, 
            0.9853174986983069, 
            0.998188258282819, 
            1.0097780600731507
        ], 
        "ggWW_B3": [
            1.019391118112931, 
            1.019391118112931, 
            1.019391118112931, 
            1.0, 
            0.9940879771967708, 
            0.9940879771967708, 
            0.9940879771967708, 
            0.9999999999999999
        ], 
        "ggWW_B0": [
            1.0032653700214567, 
            0.9806767071580226, 
            0.9576987081870805, 
            0.9622750394876982, 
            0.9979821962355074, 
            1.0121906577436026, 
            1.0234201573406427, 
            1.0064491638023143
        ], 
        "ggWW_B1": [
            1.0140849348822005, 
            1.0036219436382199, 
            0.9799356516062508, 
            0.9703256375704271, 
            0.9913541659819105, 
            0.9975705073483443, 
            1.0139677373172065, 
            1.0131838833070406
        ], 
        "WW_nonfid": [
            1.0055399084412409, 
            0.9917842222156181, 
            0.9822122798738936, 
            0.9854196931707675, 
            0.9967033582714333, 
            1.0052533134703692, 
            1.011207672177863, 
            1.0061038357687075
        ], 
        "WW_B2": [
            1.0184715540019522, 
            1.0184715540019522, 
            1.0023059407935007, 
            0.9806100922902834, 
            0.9919519144271834, 
            0.9919519144271834, 
            0.9987445716442982, 
            1.0105564895776298
        ], 
        "WW_B3": [
            1.0022077163202483, 
            1.0022077163202483, 
            1.0022077163202483, 
            1.0, 
            1.0016152565838785, 
            1.0016152565838785, 
            1.0016152565838785, 
            1.0
        ], 
        "WW_B0": [
            1.0009439174194696, 
            0.9863389557271239, 
            0.9505274615000545, 
            0.8136851022365283, 
            0.9994165247286542, 
            1.0094329837749587, 
            1.0158985527379825, 
            1.0693756740349212
        ], 
        "WW_B1": [
            1.006940575351199, 
            1.001432007600894, 
            0.9819222353946574, 
            1.0214807856423747, 
            0.994832065673251, 
            0.9989950282315418, 
            1.0124103296195874, 
            0.9889424829002456
        ]
    }, 
    "CMS_hww_WWresum": {
        "WW_B2": [
            0.9909758077325013, 
            1.0190337660075066
        ], 
        "WW_B3": [
            0.9952835612370826, 
            1.0096580147852041
        ], 
        "WW_B0": [
            0.9924511058684832, 
            1.0471792412757397
        ], 
        "WW_B1": [
            0.9711087750376458, 
            1.0637177631059762
        ]
    }, 
    "CMS_hww_WWqscale": {
        "WW_B2": [
            1.0680730670445397, 
            0.9251767020907115
        ], 
        "WW_B3": [
            1.0710502094486987, 
            0.9190159482731611
        ], 
        "WW_B0": [
            0.986166044277306, 
            1.020721764318892
        ], 
        "WW_B1": [
            1.0587267956792608, 
            0.9402181428908317
        ]
    }, 
    "pdf_WW": {
        "WW_B2": [
            0.9914695276616448, 
            1.0086785363671906
        ], 
        "WW_B3": [
            0.9893643721842054, 
            1.0108667778247975
        ], 
        "WW_B0": [
            0.9881734126498531, 
            1.0121131006356439
        ], 
        "WW_B1": [
            0.9918490419793711, 
            1.0082860362885193
        ]
    }
}