{
    "PS_ISR": {
        "ggWW_B2": [
            0.8954750350603033, 
            1.0986734613414733
        ], 
        "ggWW_B3": [
            0.8565461416026715, 
            1.1378591321996627
        ], 
        "ggWW_B0": [
            1.0360619814960352, 
            0.9723730324957113
        ], 
        "ggWW_B1": [
            0.9517049075573922, 
            1.0449036086461434
        ], 
        "WW_B2": [
            0.9616616060741299, 
            1.0337165629904397
        ], 
        "WW_B3": [
            0.9171042591122411, 
            1.0741623486585428
        ], 
        "WW_B0": [
            1.0011995561746698, 
            0.9990879165703894
        ], 
        "WW_B1": [
            1.0152281331300077, 
            0.9880650919127034
        ]
    }, 
    "PS_FSR": {
        "ggWW_B2": [
            1.024394918547604, 
            0.9870490148489488
        ], 
        "ggWW_B3": [
            1.0171636636789219, 
            0.9946925616631981
        ], 
        "ggWW_B0": [
            0.9918379839040147, 
            1.0048306421395268
        ], 
        "ggWW_B1": [
            1.0133751748113828, 
            0.9917622080907579
        ], 
        "WW_B2": [
            1.0066035317529336, 
            0.9925365901675262
        ], 
        "WW_B3": [
            0.9832721033398146, 
            1.0111122803396082
        ], 
        "WW_B0": [
            0.9955276628323451, 
            1.002548867883007
        ], 
        "WW_B1": [
            1.0076147919855527, 
            0.9946480275067157
        ]
    }, 
    "QCDscale_WW": {
        "ggWW_B2": [
            1.0, 
            1.0
        ], 
        "ggWW_B3": [
            1.0, 
            1.0
        ], 
        "ggWW_B0": [
            1.0, 
            1.0
        ], 
        "ggWW_B1": [
            1.0, 
            1.0
        ], 
        "WW_B2": [
            0.9590270184336316, 
            1.0355158174220453
        ], 
        "WW_B3": [
            0.9461368380097377, 
            1.0480915981535306
        ], 
        "WW_B0": [
            0.9926378663322436, 
            1.0034727272653348
        ], 
        "WW_B1": [
            0.9719304535990058, 
            1.023106563846762
        ]
    }, 
    "CMS_hww_WWresum": {
        "WW_B2": [
            0.9911952286488918, 
            1.018531607678748
        ], 
        "WW_B3": [
            0.9955490815678081, 
            1.0091545546605771
        ], 
        "WW_B0": [
            0.9922142006174063, 
            1.047652647753435
        ], 
        "WW_B1": [
            0.9713583090570898, 
            1.0631321692637867
        ]
    }, 
    "CMS_hww_WWqscale": {
        "WW_B2": [
            1.0683013963761858, 
            0.9248755789633721
        ], 
        "WW_B3": [
            1.0711921063803331, 
            0.9186001576993135
        ], 
        "WW_B0": [
            0.9863276132080444, 
            1.0205894414775365
        ], 
        "WW_B1": [
            1.0587461384872388, 
            0.9401428871389365
        ]
    }, 
    "pdf_WW": {
        "WW_B2": [
            0.9914908996398131, 
            1.0086564170022505
        ], 
        "WW_B3": [
            0.9896926204424038, 
            1.0105243362134844
        ], 
        "WW_B0": [
            0.9882332075088186, 
            1.0120503811602868
        ], 
        "WW_B1": [
            0.9918921863797396, 
            1.0082414539656879
        ]
    }
}