{
    "PS_ISR": {
        "ggWW_B2": [
            0.895525138784249, 
            1.0986433433232994
        ], 
        "ggWW_B3": [
            0.8561734369575891, 
            1.138476154188008
        ], 
        "ggWW_B0": [
            1.036282253091033, 
            0.9721943113073115
        ], 
        "ggWW_B1": [
            0.9517370554544774, 
            1.0448549443948176
        ], 
        "WW_B2": [
            0.961995052304035, 
            1.033374908083959
        ], 
        "WW_B3": [
            0.9169405548255041, 
            1.074347869273819
        ], 
        "WW_B0": [
            1.001410197615189, 
            0.9989264762953171
        ], 
        "WW_B1": [
            1.01602126057664, 
            0.9875533724719737
        ]
    }, 
    "PS_FSR": {
        "ggWW_B2": [
            1.0229097384914543, 
            0.9876900433629087
        ], 
        "ggWW_B3": [
            1.0122755036507927, 
            0.9971792002696592
        ], 
        "ggWW_B0": [
            0.9915016839425946, 
            1.0049381884266602
        ], 
        "ggWW_B1": [
            1.0129248937054962, 
            0.9920441385775958
        ], 
        "WW_B2": [
            1.0099053942585947, 
            0.9909684749977621
        ], 
        "WW_B3": [
            0.9709482663806172, 
            1.01356955609787
        ], 
        "WW_B0": [
            0.9952772768632729, 
            1.0025185961714955
        ], 
        "WW_B1": [
            1.0027677616734765, 
            0.9969044827240247
        ]
    }, 
    "QCDscale_WW": {
        "ggWW_B2": [
            1.0, 
            1.0
        ], 
        "ggWW_B3": [
            1.0, 
            1.0
        ], 
        "ggWW_B0": [
            1.0, 
            1.0
        ], 
        "ggWW_B1": [
            1.0, 
            1.0
        ], 
        "WW_B2": [
            0.9590066683895094, 
            1.0355141678301942
        ], 
        "WW_B3": [
            0.9447572308653841, 
            1.049509807375844
        ], 
        "WW_B0": [
            0.9929644610256422, 
            1.0031436152718305
        ], 
        "WW_B1": [
            0.9720234222285866, 
            1.02300834653315
        ]
    }, 
    "CMS_hww_WWresum": {
        "WW_B2": [
            0.9909758077325019, 
            1.019033766007507
        ], 
        "WW_B3": [
            0.9952835612370826, 
            1.009658014785204
        ], 
        "WW_B0": [
            0.9924511058684917, 
            1.047179241275739
        ], 
        "WW_B1": [
            0.971108775037652, 
            1.0637177631059784
        ]
    }, 
    "CMS_hww_WWqscale": {
        "WW_B2": [
            1.0680730670445402, 
            0.9251767020907131
        ], 
        "WW_B3": [
            1.071050209448699, 
            0.9190159482731615
        ], 
        "WW_B0": [
            0.9861660442773049, 
            1.0207217643188942
        ], 
        "WW_B1": [
            1.0587267956792663, 
            0.9402181428908358
        ]
    }, 
    "pdf_WW": {
        "WW_B2": [
            0.9914950403936366, 
            1.0086521316670376
        ], 
        "WW_B3": [
            0.9893643721842055, 
            1.0108667778247975
        ], 
        "WW_B0": [
            0.9881923125872139, 
            1.0120932746259463
        ], 
        "WW_B1": [
            0.9918959390402984, 
            1.0082375766056464
        ]
    }
}