{
    "PS_ISR": {
        "ggWW_B2": [
            0.8954750350603518, 
            1.0986734613415305
        ], 
        "ggWW_B3": [
            0.8565461416026453, 
            1.13785913219963
        ], 
        "ggWW_B0": [
            1.0360619814960876, 
            0.972373032495755
        ], 
        "ggWW_B1": [
            0.9517049075571222, 
            1.0449036086458456
        ], 
        "WW_B2": [
            0.9616616060741306, 
            1.0337165629904423
        ], 
        "WW_B3": [
            0.917104259112243, 
            1.0741623486585445
        ], 
        "WW_B0": [
            1.0011995561746818, 
            0.9990879165703915
        ], 
        "WW_B1": [
            1.0152281331300017, 
            0.9880650919126984
        ]
    }, 
    "PS_FSR": {
        "ggWW_B2": [
            1.0243949185476602, 
            0.9870490148489993
        ], 
        "ggWW_B3": [
            1.0171636636788939, 
            0.9946925616631692
        ], 
        "ggWW_B0": [
            0.99183798390406, 
            1.004830642139573
        ], 
        "ggWW_B1": [
            1.013375174811097, 
            0.9917622080904818
        ], 
        "WW_B2": [
            1.0066035317529356, 
            0.9925365901675282
        ], 
        "WW_B3": [
            0.9832721033398184, 
            1.011112280339609
        ], 
        "WW_B0": [
            0.9955276628323557, 
            1.0025488678830154
        ], 
        "WW_B1": [
            1.007614791985549, 
            0.994648027506709
        ]
    }, 
    "QCDscale_WW": {
        "ggWW_B2": [
            1.0, 
            1.0
        ], 
        "ggWW_B3": [
            1.0, 
            1.0
        ], 
        "ggWW_B0": [
            1.0, 
            1.0
        ], 
        "ggWW_B1": [
            1.0, 
            1.0
        ], 
        "WW_B2": [
            0.9590270184336359, 
            1.0355158174220433
        ], 
        "WW_B3": [
            0.9461368380097368, 
            1.0480915981535317
        ], 
        "WW_B0": [
            0.9926378663322523, 
            1.0034727272653448
        ], 
        "WW_B1": [
            0.9719304535990061, 
            1.0231065638467596
        ]
    }, 
    "CMS_hww_WWresum": {
        "WW_B2": [
            0.99119522864889, 
            1.0185316076787476
        ], 
        "WW_B3": [
            0.9955490815678086, 
            1.0091545546605776
        ], 
        "WW_B0": [
            0.9922142006174076, 
            1.0476526477534498
        ], 
        "WW_B1": [
            0.9713583090570905, 
            1.0631321692637874
        ]
    }, 
    "CMS_hww_WWqscale": {
        "WW_B2": [
            1.068301396376191, 
            0.924875578963375
        ], 
        "WW_B3": [
            1.071192106380335, 
            0.9186001576993166
        ], 
        "WW_B0": [
            0.9863276132080475, 
            1.0205894414775463
        ], 
        "WW_B1": [
            1.0587461384872423, 
            0.9401428871389381
        ]
    }, 
    "pdf_WW": {
        "WW_B2": [
            0.9914590039065821, 
            1.0086894288491266
        ], 
        "WW_B3": [
            0.9896926204424044, 
            1.010524336213484
        ], 
        "WW_B0": [
            0.9882184963044323, 
            1.0120658104770177
        ], 
        "WW_B1": [
            0.9918484501171765, 
            1.0082866479307615
        ]
    }
}