{
    "ww2l2v_13TeV_top_1j": {
        "Vg": {
            "Wg": 0.0, 
            "Zg": -0.7451287355277544, 
            "ZgS": 0.39184856332194967, 
            "WgS": 1.3532801722058048
        }, 
        "Higgs": {
            "qqH_htt": 0.03441051716440893, 
            "qqH_hww": 0.029407609140969484, 
            "ggZH_hww": 0.0075754445976708405, 
            "WH_htt": 0.0458788632843344, 
            "ggH_htt": 0.11145408534147418, 
            "WH_hww": 0.0854920854104967, 
            "ggH_hww": 0.5332502341626575, 
            "ttH_hww": 0.11412443679099857, 
            "ZH_htt": 0.011854538225785699, 
            "ZH_hww": 0.02655218588120359
        }
    }, 
    "ww2l2v_13TeV_top_0j": {
        "Vg": {
            "Wg": 0.3468568906954585, 
            "Zg": 0.18673540159928798, 
            "ZgS": 0.40266901924005366, 
            "WgS": 0.06373868846519992
        }, 
        "Higgs": {
            "qqH_htt": 0.0, 
            "qqH_hww": 0.0, 
            "ggZH_hww": 0.023050467900041012, 
            "WH_htt": 0.10956157050860736, 
            "ggH_htt": 0.0574440713491905, 
            "WH_hww": 0.29865446770624043, 
            "ggH_hww": 0.48285627194138614, 
            "ttH_hww": 0.021812545291765656, 
            "ZH_htt": 0.006620605302768945, 
            "ZH_hww": 0.0
        }
    }, 
    "ww2l2v_13TeV_sr_2j_B0": {
        "Vg": {
            "Wg": 0.5417361264469652, 
            "Zg": 0.10784245979746199, 
            "ZgS": 0.045849301847680005, 
            "WgS": 0.3045721119078928
        }, 
        "Higgs": {
            "qqH_htt": 0.0024975356578502204, 
            "qqH_hww": 0.19157449318081848, 
            "ggZH_hww": 0.012658000061052, 
            "WH_htt": 0.009858577749336548, 
            "ggH_htt": 0.00835594450520228, 
            "WH_hww": 0.08191692076300956, 
            "ggH_hww": 0.61870428035003, 
            "ttH_hww": 0.04063352307375093, 
            "ZH_htt": 0.002165144624525314, 
            "ZH_hww": 0.031635580034424834
        }
    }, 
    "ww2l2v_13TeV_sr_1j_B0": {
        "Vg": {
            "Wg": 0.5118837513532829, 
            "Zg": 0.08467905568456395, 
            "ZgS": 0.06287933473735172, 
            "WgS": 0.3405578582248015
        }, 
        "Higgs": {
            "qqH_htt": 0.000730254152836698, 
            "qqH_hww": 0.08427777395652318, 
            "ggZH_hww": 0.00517113586179253, 
            "WH_htt": 0.011786159093913303, 
            "ggH_htt": 0.00559686650815165, 
            "WH_hww": 0.06110356357947546, 
            "ggH_hww": 0.8151465046010514, 
            "ttH_hww": 0.0015237403948926065, 
            "ZH_htt": 0.0015413949210592239, 
            "ZH_hww": 0.013122606930304025
        }
    }, 
    "ww2l2v_13TeV_top_2j": {
        "Vg": {
            "Wg": 0.1575783666332982, 
            "Zg": 0.11442022020011476, 
            "ZgS": -0.08366546353619615, 
            "WgS": 0.8116668767027831
        }, 
        "Higgs": {
            "qqH_htt": 0.009367608638630825, 
            "qqH_hww": 0.006208519592815257, 
            "ggZH_hww": 0.003280078794685499, 
            "WH_htt": 0.008756384342250938, 
            "ggH_htt": 0.026357415948969922, 
            "WH_hww": 0.015339052505692527, 
            "ggH_hww": 0.058247985937565236, 
            "ttH_hww": 0.8613334358330608, 
            "ZH_htt": 0.00512839297793782, 
            "ZH_hww": 0.005981125428391277
        }
    }, 
    "ww2l2v_13TeV_sr_0j_B0": {
        "Vg": {
            "Wg": 0.5455698330483094, 
            "Zg": 0.12345060735176855, 
            "ZgS": 0.027866368091436316, 
            "WgS": 0.30311319150848576
        }, 
        "Higgs": {
            "qqH_htt": 0.0001148501135871145, 
            "qqH_hww": 0.011059653900124108, 
            "ggZH_hww": 0.002958576542898324, 
            "WH_htt": 0.006277278861973486, 
            "ggH_htt": 0.0026823171101710334, 
            "WH_hww": 0.030109559887711853, 
            "ggH_hww": 0.9360700877689218, 
            "ttH_hww": 0.00016764834724563408, 
            "ZH_htt": 0.0017330445263302892, 
            "ZH_hww": 0.008826982941036439
        }
    }
}