{
    "QCDscale_WW": {
        "WW_B0": [
            0.9837230622915799, 
            1.0114096629075418
        ]
    }, 
    "PS_FSR": {
        "WW_nonfid": [
            0.9973129154955146, 
            1.0031898111546755, 
            1.0077818743798674, 
            1.0088207981006667, 
            1.0049699096705276, 
            0.9955445316784195, 
            0.9890693624754211, 
            0.9842548079308239
        ], 
        "ggWW_nonfid": [
            0.9934392452102548, 
            1.0043794477193526, 
            1.0116126845519418, 
            1.0178752671563562, 
            1.0110014078439542, 
            0.9931190688930499, 
            0.9822771734682282, 
            0.9689439781695229
        ], 
        "ggWW_B0": [
            0.9930013067543012, 
            1.0063815301991026, 
            1.019879169045443, 
            1.0053699734325263, 
            1.0126773770058377, 
            0.9904709610942288, 
            0.9658704776980113, 
            0.9553379785900054
        ], 
        "WW_B0": [
            0.9955457656381306, 
            1.0047476048939947, 
            1.0089371135591079, 
            1.0068868141435603, 
            1.0065776183872035, 
            0.9945473332169469, 
            0.9846091835983949, 
            0.982540301533392
        ]
    }, 
    "PS_ISR": {
        "WW_nonfid": [
            1.0007048851347276, 
            1.0109917414528917, 
            0.9899144777576914, 
            0.9442949287447526, 
            0.9995591132709818, 
            0.9873027286469594, 
            1.0130745761905808, 
            1.07371515093759
        ], 
        "ggWW_nonfid": [
            1.0410044069520974, 
            0.9827320444855364, 
            0.9329930778926844, 
            0.885155320646931, 
            0.9508361979941568, 
            1.0189795860553874, 
            1.084465367712733, 
            1.1563128660296187
        ], 
        "ggWW_B0": [
            1.0415144706381607, 
            0.9635442586985424, 
            0.9036793121681213, 
            0.864906584779744, 
            0.9496683370230373, 
            1.0403457248826438, 
            1.1240160721870807, 
            1.1879367767353028
        ], 
        "WW_B0": [
            1.0004915808703314, 
            1.0182908231647663, 
            0.9680274906342732, 
            0.9240958580013012, 
            0.9990127188716662, 
            0.9776605742768744, 
            1.0384594269087806, 
            1.1008016850839426
        ]
    }, 
    "pdf_WW_2016": {
        "WW_B0": [
            0.9856530883585538, 
            1.0147707406638111
        ]
    }
}