{
    "PS_ISR": {
        "WW_nonfid": [
            1.0006118038080223, 
            1.0163199216809102, 
            0.9661727017939356, 
            0.9223326112539854, 
            0.9996984557298679, 
            0.9809153420533597, 
            1.0419783356588457, 
            1.1043076546715167
        ], 
        "ggWW_nonfid": [
            1.040644628946409, 
            0.9618003485827404, 
            0.9017528418780484, 
            0.8580360788988162, 
            0.9512741354364223, 
            1.0433807121682648, 
            1.127540869749669, 
            1.1998189323868196
        ], 
        "ggWW_B0": [
            1.0412844670014993, 
            0.9616111248776399, 
            0.9018590207117122, 
            0.8632379503714055, 
            0.9497294241948441, 
            1.042842983939099, 
            1.126795399396348, 
            1.190549159210888
        ], 
        "WW_B0": [
            1.000827453494929, 
            1.0183265091359002, 
            0.9684974041075627, 
            0.9237827148301779, 
            0.9985891747293353, 
            0.9776528322543019, 
            1.037859338413536, 
            1.1012311760266396
        ]
    }, 
    "QCDscale_WW": {
        "WW_B0": [
            0.983169431280832, 
            1.011938733075021
        ]
    }, 
    "PS_FSR": {
        "WW_nonfid": [
            0.9971478515001044, 
            1.006092648353635, 
            1.0107022578651659, 
            1.0088275276643528, 
            1.0053090569452647, 
            0.9909125839786503, 
            0.9838461084111471, 
            0.9828023841756489
        ], 
        "ggWW_nonfid": [
            0.9933946179669011, 
            1.0075106847217425, 
            1.0184408502321491, 
            1.018561025902173, 
            1.0110578913564823, 
            0.9881757684119021, 
            0.971020454717344, 
            0.9637996933204751
        ], 
        "ggWW_B0": [
            0.9930688314585371, 
            1.0066204485498913, 
            1.0206062745843352, 
            1.0046304172881872, 
            1.0123904100346837, 
            0.9899494738624706, 
            0.9655378774472968, 
            0.9586409216779237
        ], 
        "WW_B0": [
            0.9958339708698724, 
            1.0045669451988186, 
            1.0087718199548568, 
            1.0076966285581173, 
            1.0060669401025244, 
            0.9950629732196837, 
            0.984793889096655, 
            0.9815198257654537
        ]
    }, 
    "CMS_hww_WWresum": {
        "WW_B0": [
            0.9849901857022576, 
            1.0502962856399811
        ]
    }, 
    "CMS_hww_WWqscale": {
        "WW_B0": [
            1.0166737638221606, 
            0.9832394229925614
        ]
    }, 
    "pdf_WW_2016": {
        "WW_B0": [
            0.9856728479194516, 
            1.0147497972574788
        ]
    }
}