{
    "QCDscale_WW": {
        "WW_B0": [
            0.9831694312808278, 
            1.011938733075017
        ]
    }, 
    "PS_FSR": {
        "WW_nonfid": [
            0.9971478515001042, 
            1.0060926483536352, 
            1.0107022578651659, 
            1.0088275276643528, 
            1.0053090569452643, 
            0.9909125839786503, 
            0.9838461084111468, 
            0.9828023841756489
        ], 
        "ggWW_nonfid": [
            0.9933946179668847, 
            1.0075106847217514, 
            1.0184408502321238, 
            1.018561025902185, 
            1.0110578913564614, 
            0.9881757684119072, 
            0.9710204547173186, 
            0.9637996933204865
        ], 
        "ggWW_B0": [
            0.993068831458475, 
            1.0066204485499195, 
            1.020606274584586, 
            1.004630417288423, 
            1.0123904100346226, 
            0.989949473862494, 
            0.9655378774475321, 
            0.9586409216781488
        ], 
        "WW_B0": [
            0.9958339708698722, 
            1.004566945198819, 
            1.0087718199548568, 
            1.0076966285581168, 
            1.0060669401025244, 
            0.995062973219684, 
            0.9847938890966549, 
            0.9815198257654536
        ]
    }, 
    "PS_ISR": {
        "WW_nonfid": [
            1.000611803808022, 
            1.0163199216809105, 
            0.9661727017939353, 
            0.9223326112539854, 
            0.9996984557298677, 
            0.9809153420533598, 
            1.0419783356588455, 
            1.1043076546715163
        ], 
        "ggWW_nonfid": [
            1.040644628946385, 
            0.9618003485827494, 
            0.9017528418780255, 
            0.8580360788988263, 
            0.9512741354364043, 
            1.0433807121682737, 
            1.1275408697496396, 
            1.1998189323868333
        ], 
        "ggWW_B0": [
            1.0412844670014358, 
            0.9616111248776641, 
            0.9018590207119325, 
            0.8632379503716082, 
            0.9497294241947882, 
            1.042842983939123, 
            1.1267953993966213, 
            1.1905491592111652
        ], 
        "WW_B0": [
            1.000827453494929, 
            1.0183265091359004, 
            0.9684974041075624, 
            0.9237827148301779, 
            0.9985891747293352, 
            0.9776528322543023, 
            1.0378593384135355, 
            1.1012311760266396
        ]
    }, 
    "pdf_WW_2016": {
        "WW_B0": [
            0.9856728479194516, 
            1.0147497972574788
        ]
    }
}