{
    "ww2l2v_13TeV_top_1j": {
        "Vg": {
            "Wg": 0.0, 
            "Zg": -0.3952926551754068, 
            "ZgS": 0.29695519330669623, 
            "WgS": 1.0983374618687105
        }, 
        "Higgs": {
            "qqH_htt": 0.05570133149525804, 
            "qqH_hww": 0.04175488108608785, 
            "ggZH_hww": 0.006613427120844014, 
            "WH_htt": 0.032386689833729936, 
            "ggH_htt": 0.12909454797767542, 
            "WH_hww": 0.07643568147180005, 
            "ggH_hww": 0.4669847766461771, 
            "ttH_hww": 0.15649637111812267, 
            "ZH_htt": 0.011141242738829236, 
            "ZH_hww": 0.023391050511475817
        }
    }, 
    "ww2l2v_13TeV_top_0j": {
        "Vg": {
            "Wg": 0.3931390029656081, 
            "Zg": 0.17952829704591491, 
            "ZgS": 0.3700691920981199, 
            "WgS": 0.05726350789035694
        }, 
        "Higgs": {
            "qqH_htt": 0.0, 
            "qqH_hww": 0.0, 
            "ggZH_hww": 0.019357260389909144, 
            "WH_htt": 0.09871275959157655, 
            "ggH_htt": 0.058369132407364833, 
            "WH_hww": 0.3090410456872772, 
            "ggH_hww": 0.48396625468423354, 
            "ttH_hww": 0.024219396948424027, 
            "ZH_htt": 0.006334150291214721, 
            "ZH_hww": 0.0
        }
    }, 
    "ww2l2v_13TeV_sr_3j_B0": {
        "Vg": {
            "Wg": 0.6992550258846246, 
            "Zg": 0.09001991661009486, 
            "ZgS": 0.009119274474493956, 
            "WgS": 0.20160578303078652
        }, 
        "Higgs": {
            "qqH_htt": 0.0017119323643919795, 
            "qqH_hww": 0.0695441720093328, 
            "ggZH_hww": 0.02034840457357986, 
            "WH_htt": 0.014143076629876714, 
            "ggH_htt": 0.011764646093058629, 
            "WH_hww": 0.12311510087177903, 
            "ggH_hww": 0.5709981661040376, 
            "ttH_hww": 0.13417036169536148, 
            "ZH_htt": 0.003226924941197844, 
            "ZH_hww": 0.050977214717384
        }
    }, 
    "ww2l2v_13TeV_sr_2j_B0": {
        "Vg": {
            "Wg": 0.5281132788112789, 
            "Zg": 0.06945500457937728, 
            "ZgS": 0.04532509677742897, 
            "WgS": 0.3571066198319149
        }, 
        "Higgs": {
            "qqH_htt": 0.0015302615637021214, 
            "qqH_hww": 0.11570558848341778, 
            "ggZH_hww": 0.012627156189239498, 
            "WH_htt": 0.011809253657952754, 
            "ggH_htt": 0.009812538947225505, 
            "WH_hww": 0.10749671577376621, 
            "ggH_hww": 0.6830017289619696, 
            "ttH_hww": 0.015666752130181504, 
            "ZH_htt": 0.002121387493926806, 
            "ZH_hww": 0.04022861679861812
        }
    }, 
    "ww2l2v_13TeV_sr_1j_B0": {
        "Vg": {
            "Wg": 0.4754731570880683, 
            "Zg": 0.10978130290338495, 
            "ZgS": 0.06483689990923756, 
            "WgS": 0.3499086400993092
        }, 
        "Higgs": {
            "qqH_htt": 0.0011292764905227735, 
            "qqH_hww": 0.11850775128029202, 
            "ggZH_hww": 0.0060787800477992366, 
            "WH_htt": 0.011255749850272624, 
            "ggH_htt": 0.005150134996179825, 
            "WH_hww": 0.06443328425025403, 
            "ggH_hww": 0.7747936799426703, 
            "ttH_hww": 0.002252085545990603, 
            "ZH_htt": 0.0015639143573672732, 
            "ZH_hww": 0.01483534323865143
        }
    }, 
    "ww2l2v_13TeV_top_3j": {
        "Vg": {
            "Wg": 0.0, 
            "Zg": 0.14897992107954633, 
            "ZgS": 0.0, 
            "WgS": 0.8510200789204537
        }, 
        "Higgs": {
            "qqH_htt": 0.0022573246299376726, 
            "qqH_hww": 0.0026350768931221666, 
            "ggZH_hww": 0.003084384194622283, 
            "WH_htt": 0.00375328793577992, 
            "ggH_htt": 0.012320049157986412, 
            "WH_hww": 0.009622861374224509, 
            "ggH_hww": 0.01977850092794678, 
            "ttH_hww": 0.9401634244502391, 
            "ZH_htt": 0.0033387699523383806, 
            "ZH_hww": 0.0030463204838028666
        }
    }, 
    "ww2l2v_13TeV_top_2j": {
        "Vg": {
            "Wg": 0.4270652957795616, 
            "Zg": 0.07179542039979332, 
            "ZgS": -0.17709062321483626, 
            "WgS": 0.6782299070354814
        }, 
        "Higgs": {
            "qqH_htt": 0.02754125958543193, 
            "qqH_hww": 0.013700938076598205, 
            "ggZH_hww": 0.002746724599112582, 
            "WH_htt": 0.02584803448293565, 
            "ggH_htt": 0.06713206125965793, 
            "WH_hww": 0.043414946189270914, 
            "ggH_hww": 0.2168723796210663, 
            "ttH_hww": 0.5664969188500268, 
            "ZH_htt": 0.015287417834654773, 
            "ZH_hww": 0.02095931950124496
        }
    }, 
    "ww2l2v_13TeV_sr_0j_B0": {
        "Vg": {
            "Wg": 0.5475962953367095, 
            "Zg": 0.12200115512139888, 
            "ZgS": 0.02593548547611315, 
            "WgS": 0.3044670640657785
        }, 
        "Higgs": {
            "qqH_htt": 0.0003535824968791432, 
            "qqH_hww": 0.039379781895370974, 
            "ggZH_hww": 0.003111851993308972, 
            "WH_htt": 0.005915154734266799, 
            "ggH_htt": 0.0031861833584152207, 
            "WH_hww": 0.02901141074443987, 
            "ggH_hww": 0.908800875014096, 
            "ttH_hww": 0.00023443622762614927, 
            "ZH_htt": 0.0015787922002537267, 
            "ZH_hww": 0.008427931335343227
        }
    }
}