{
    "QCDscale_WW": {
        "WW_B2": [
            0.9597932250118953, 
            1.0346894388716863
        ], 
        "WW_B3": [
            0.9472201889865649, 
            1.0467644634899846
        ], 
        "WW_B0": [
            0.9933023893129159, 
            1.002585559871882
        ], 
        "WW_B1": [
            0.9728290942345436, 
            1.0221274877137805
        ]
    }, 
    "PS_FSR": {
        "ggWW_nonfid": [
            0.9933946179668847, 
            1.0075106847217512, 
            1.0184408502321238, 
            1.018561025902185, 
            1.0110578913564614, 
            0.9881757684119071, 
            0.9710204547173186, 
            0.9637996933204865
        ], 
        "ggWW_B2": [
            0.9844603705958238, 
            0.9844603705958238, 
            1.0002266224032463, 
            0.9987883248389295, 
            1.035935732106561, 
            1.035935732106561, 
            1.0050434456287587, 
            0.9730343615324893
        ], 
        "ggWW_B3": [
            1.0063014985544305, 
            1.0063014985544305, 
            1.0063014985544305, 
            0.9999999999999999, 
            1.023431766060174, 
            1.023431766060174, 
            1.023431766060174, 
            1.0
        ], 
        "ggWW_B0": [
            0.9979219420848581, 
            1.0133854061840009, 
            1.0145914962126017, 
            1.0370655008587812, 
            1.0035494597179135, 
            0.9769969453855692, 
            0.9794770967044792, 
            0.89043283782961
        ], 
        "ggWW_B1": [
            0.9907942079845055, 
            0.9968775034841771, 
            1.0195906817897444, 
            1.004994002610355, 
            1.0129909412779132, 
            1.0050900122066881, 
            0.9695773868009517, 
            0.9724265154279143
        ], 
        "WW_nonfid": [
            0.9971478515001054, 
            1.006092648353606, 
            1.0107022578651612, 
            1.008827527664352, 
            1.0053090569452836, 
            0.9909125839786016, 
            0.9838461084111447, 
            0.9828023841756471
        ], 
        "WW_B2": [
            0.9925022065617962, 
            0.9925022065617962, 
            0.9979647337650348, 
            1.0169099281428777, 
            1.0118389229898832, 
            1.0118389229898832, 
            1.002945763722242, 
            0.9755252398859434
        ], 
        "WW_B3": [
            1.0007657514463664, 
            1.0007657514463664, 
            1.0007657514463664, 
            0.9999999999999999, 
            1.0083734498464603, 
            1.0083734498464603, 
            1.0083734498464603, 
            1.0
        ], 
        "WW_B0": [
            0.9990743469891955, 
            1.0159671241067176, 
            1.0122338266772817, 
            1.0282451334883678, 
            1.0013161632643073, 
            0.9781118087729324, 
            0.9665566486858328, 
            1.0172945388276615
        ], 
        "WW_B1": [
            0.9953317278170084, 
            0.9985983715271256, 
            1.0136451417803272, 
            1.0361406931914996, 
            1.0043841998048912, 
            1.0024472781626683, 
            0.9752505891483889, 
            0.9513554842704315
        ]
    }, 
    "PS_ISR": {
        "ggWW_nonfid": [
            1.0406446289463853, 
            0.9618003485827492, 
            0.9017528418780255, 
            0.8580360788988262, 
            0.9512741354364043, 
            1.0433807121682737, 
            1.1275408697496396, 
            1.1998189323868333
        ], 
        "ggWW_B2": [
            1.1002534054313455, 
            1.1002534054313455, 
            1.0117112325801398, 
            0.937383906358732, 
            0.8930644534339808, 
            0.8930644534339808, 
            0.9854295976521368, 
            1.0779031303119981
        ], 
        "ggWW_B3": [
            1.1303837273512436, 
            1.1303837273512436, 
            1.1303837273512436, 
            1.0, 
            0.8624152746119176, 
            0.8624152746119176, 
            0.8624152746119176, 
            0.9999999999999999
        ], 
        "ggWW_B0": [
            1.013554256739526, 
            0.916386347632845, 
            0.8489032611070333, 
            0.7986400370144425, 
            0.9829217588448244, 
            1.103932069158063, 
            1.2090604542079513, 
            1.2935624816738087
        ], 
        "ggWW_B1": [
            1.0444001046660365, 
            1.0133809943352936, 
            0.9248244334285705, 
            0.8658152092964498, 
            0.9513937252196031, 
            0.9830703862618697, 
            1.0938851641052403, 
            1.1855346062435856
        ], 
        "WW_nonfid": [
            1.0006118038080396, 
            1.0163199216808751, 
            0.9661727017939314, 
            0.9223326112539837, 
            0.9996984557298515, 
            0.9809153420533263, 
            1.041978335658851, 
            1.1043076546715134
        ], 
        "WW_B2": [
            1.0335365551513918, 
            1.0335365551513918, 
            1.007728040045191, 
            0.9357918882530398, 
            0.9607163908535237, 
            0.9607163908535237, 
            0.9901537741511988, 
            1.081806973810783
        ], 
        "WW_B3": [
            1.0738155886374328, 
            1.0738155886374328, 
            1.0738155886374328, 
            1.0, 
            0.9153771102530683, 
            0.9153771102530683, 
            0.9153771102530683, 
            1.0
        ], 
        "WW_B0": [
            0.9996020006815112, 
            1.0095224747738722, 
            0.9634296577636488, 
            0.9439085051446834, 
            1.0004613679087468, 
            0.9887687152221335, 
            1.0451490995633934, 
            1.0767166010469607
        ], 
        "WW_B1": [
            0.987476105939901, 
            1.006336659022454, 
            0.9347312096322303, 
            0.8925897426554733, 
            1.0148015069552354, 
            0.9920028010117123, 
            1.0817380264300942, 
            1.1454807679949266
        ]
    }, 
    "pdf_WW_2016": {
        "WW_B2": [
            0.987207902837137, 
            1.0131279655855039
        ], 
        "WW_B3": [
            0.9880636465368352, 
            1.0122282755004004
        ], 
        "WW_B0": [
            0.9850046112489801, 
            1.015459016680691
        ], 
        "WW_B1": [
            0.9863549506715499, 
            1.0140278713207396
        ]
    }
}