{
    "PS_ISR": {
        "ggWW_nonfid": [
            1.040644628946385, 
            0.9618003485827495, 
            0.9017528418780254, 
            0.8580360788988262, 
            0.9512741354364043, 
            1.0433807121682739, 
            1.1275408697496394, 
            1.1998189323868331
        ], 
        "ggWW_B2": [
            1.1002534054313455, 
            1.1002534054313455, 
            1.0117112325801398, 
            0.937383906358732, 
            0.8930644534339808, 
            0.8930644534339808, 
            0.9854295976521368, 
            1.0779031303119981
        ], 
        "ggWW_B3": [
            1.1303837273512436, 
            1.1303837273512436, 
            1.1303837273512436, 
            1.0, 
            0.8624152746119175, 
            0.8624152746119175, 
            0.8624152746119175, 
            1.0
        ], 
        "ggWW_B0": [
            1.0135542567395257, 
            0.9163863476328451, 
            0.8489032611070333, 
            0.7986400370144425, 
            0.9829217588448242, 
            1.1039320691580632, 
            1.2090604542079513, 
            1.2935624816738087
        ], 
        "ggWW_B1": [
            1.0444001046660363, 
            1.0133809943352934, 
            0.9248244334285703, 
            0.8658152092964494, 
            0.9513937252196029, 
            0.9830703862618697, 
            1.09388516410524, 
            1.1855346062435854
        ], 
        "WW_nonfid": [
            1.0006118038080398, 
            1.0163199216808754, 
            0.9661727017939314, 
            0.9223326112539837, 
            0.9996984557298515, 
            0.9809153420533264, 
            1.041978335658851, 
            1.1043076546715134
        ], 
        "WW_B2": [
            1.0335365551513918, 
            1.0335365551513918, 
            1.0077280400451911, 
            0.9357918882530399, 
            0.9607163908535237, 
            0.9607163908535237, 
            0.9901537741511988, 
            1.081806973810783
        ], 
        "WW_B3": [
            1.0738155886374328, 
            1.0738155886374328, 
            1.0738155886374328, 
            1.0, 
            0.9153771102530684, 
            0.9153771102530684, 
            0.9153771102530684, 
            1.0
        ], 
        "WW_B0": [
            0.9996020006815112, 
            1.0095224747738725, 
            0.9634296577636486, 
            0.9439085051446835, 
            1.0004613679087468, 
            0.9887687152221335, 
            1.0451490995633934, 
            1.0767166010469607
        ], 
        "WW_B1": [
            0.9874761059399008, 
            1.006336659022454, 
            0.9347312096322301, 
            0.892589742655473, 
            1.0148015069552352, 
            0.9920028010117123, 
            1.081738026430094, 
            1.1454807679949264
        ]
    }, 
    "QCDscale_WW": {
        "WW_B2": [
            0.9597932250118953, 
            1.0346894388716863
        ], 
        "WW_B3": [
            0.9472201889865649, 
            1.0467644634899846
        ], 
        "WW_B0": [
            0.9933023893129159, 
            1.002585559871882
        ], 
        "WW_B1": [
            0.9728290942345436, 
            1.0221274877137805
        ]
    }, 
    "PS_FSR": {
        "ggWW_nonfid": [
            0.9933946179668848, 
            1.0075106847217514, 
            1.0184408502321236, 
            1.018561025902185, 
            1.0110578913564616, 
            0.9881757684119074, 
            0.9710204547173185, 
            0.9637996933204865
        ], 
        "ggWW_B2": [
            0.984460370595824, 
            0.984460370595824, 
            1.0002266224032461, 
            0.9987883248389298, 
            1.035935732106561, 
            1.035935732106561, 
            1.0050434456287587, 
            0.9730343615324893
        ], 
        "ggWW_B3": [
            1.0063014985544305, 
            1.0063014985544305, 
            1.0063014985544305, 
            0.9999999999999999, 
            1.023431766060174, 
            1.023431766060174, 
            1.023431766060174, 
            1.0
        ], 
        "ggWW_B0": [
            0.997921942084858, 
            1.013385406184001, 
            1.0145914962126017, 
            1.0370655008587812, 
            1.0035494597179133, 
            0.9769969453855695, 
            0.9794770967044792, 
            0.89043283782961
        ], 
        "ggWW_B1": [
            0.9907942079845052, 
            0.996877503484177, 
            1.019590681789744, 
            1.004994002610355, 
            1.012990941277913, 
            1.0050900122066881, 
            0.9695773868009515, 
            0.972426515427914
        ], 
        "WW_nonfid": [
            0.9971478515001054, 
            1.006092648353606, 
            1.0107022578651612, 
            1.008827527664352, 
            1.0053090569452836, 
            0.9909125839786017, 
            0.9838461084111446, 
            0.9828023841756471
        ], 
        "WW_B2": [
            0.992502206561796, 
            0.992502206561796, 
            0.9979647337650348, 
            1.0169099281428775, 
            1.0118389229898832, 
            1.0118389229898832, 
            1.002945763722242, 
            0.9755252398859435
        ], 
        "WW_B3": [
            1.0007657514463664, 
            1.0007657514463664, 
            1.0007657514463664, 
            0.9999999999999999, 
            1.0083734498464603, 
            1.0083734498464603, 
            1.0083734498464603, 
            1.0
        ], 
        "WW_B0": [
            0.9990743469891955, 
            1.0159671241067179, 
            1.0122338266772815, 
            1.028245133488368, 
            1.0013161632643073, 
            0.9781118087729324, 
            0.9665566486858327, 
            1.0172945388276617
        ], 
        "WW_B1": [
            0.9953317278170081, 
            0.9985983715271255, 
            1.013645141780327, 
            1.0361406931914992, 
            1.004384199804891, 
            1.002447278162668, 
            0.9752505891483887, 
            0.9513554842704312
        ]
    }, 
    "CMS_hww_WWresum": {
        "WW_B2": [
            0.9908612645805445, 
            1.0192413449505018
        ], 
        "WW_B3": [
            0.9958784517173098, 
            1.008447413644871
        ], 
        "WW_B0": [
            0.988975173182809, 
            1.0533529191119275
        ], 
        "WW_B1": [
            0.9732686084502418, 
            1.0586935465465062
        ]
    }, 
    "CMS_hww_WWqscale": {
        "WW_B2": [
            1.068265189847183, 
            0.9247713531633939
        ], 
        "WW_B3": [
            1.0710469003148375, 
            0.9188027137438483
        ], 
        "WW_B0": [
            0.9893811081397242, 
            1.0173310349448563
        ], 
        "WW_B1": [
            1.0590867403241542, 
            0.939769431251413
        ]
    }, 
    "pdf_WW_2016": {
        "WW_B2": [
            0.987207902837137, 
            1.0131279655855039
        ], 
        "WW_B3": [
            0.9880636465368352, 
            1.0122282755004004
        ], 
        "WW_B0": [
            0.9850046112489801, 
            1.015459016680691
        ], 
        "WW_B1": [
            0.9863549506715499, 
            1.0140278713207396
        ]
    }
}