{
    "QCDscale_WW": {
        "WW_B2": [
            0.9609587143685351, 
            1.0335102033944525
        ], 
        "WW_B3": [
            0.9480191739801641, 
            1.0459618252171898
        ], 
        "WW_B0": [
            0.9935219264319288, 
            1.002378232275227
        ], 
        "WW_B1": [
            0.9744320990175765, 
            1.0205241793328386
        ]
    }, 
    "PS_FSR": {
        "ggWW_nonfid": [
            0.9934392452101114, 
            1.0043794477194117, 
            1.0116126845518423, 
            1.0178752671563505, 
            1.0110014078438072, 
            0.9931190688931055, 
            0.9822771734681324, 
            0.9689439781695178
        ], 
        "ggWW_B2": [
            0.9854076134902715, 
            0.9854076134902715, 
            0.9999282264233287, 
            1.0003845588850877, 
            1.035790082531228, 
            1.035790082531228, 
            1.0058307609444728, 
            0.9687591028341066
        ], 
        "ggWW_B3": [
            1.0063468833421876, 
            1.0063468833421876, 
            1.0063468833421876, 
            0.9999999999999999, 
            1.025704568333434, 
            1.025704568333434, 
            1.025704568333434, 
            1.0
        ], 
        "ggWW_B0": [
            0.9977575344142382, 
            1.0138731776181154, 
            1.0138944761638218, 
            1.0395148236791474, 
            1.0037676428728552, 
            0.9764799058134439, 
            0.9830723892887436, 
            0.8706809419812563
        ], 
        "ggWW_B1": [
            0.9916921388316424, 
            0.996876381575793, 
            1.019625368171427, 
            1.0063098871464267, 
            1.0119408466106046, 
            1.0052631402752263, 
            0.9683384159280591, 
            0.9711351104535906
        ], 
        "WW_nonfid": [
            0.9973129154955253, 
            1.0031898111546769, 
            1.0077818743798674, 
            1.0088207981006698, 
            1.0049699096705396, 
            0.9955445316784003, 
            0.989069362475426, 
            0.9842548079308292
        ], 
        "WW_B2": [
            0.9930890675044647, 
            1.1436526199752344, 
            0.9981332606302238, 
            1.0157344189087598, 
            1.0106033361132616, 
            0.5513783704538846, 
            1.002438218624768, 
            0.9795050330367424
        ], 
        "WW_B3": [
            1.0010328959312527, 
            1.0010328959312527, 
            1.0010328959312527, 
            1.0, 
            1.0091383980134667, 
            1.0091383980134667, 
            1.0091383980134667, 
            1.0
        ], 
        "WW_B0": [
            0.9990063157324638, 
            1.0158887214408798, 
            1.0111400371485046, 
            1.0204520549263438, 
            1.0014644295058732, 
            0.9772747206912258, 
            0.9692433581084663, 
            1.0201852111768428
        ], 
        "WW_B1": [
            0.9949703618549326, 
            0.9984986297503712, 
            1.0155390306438943, 
            1.0326745199023148, 
            1.0051909933103003, 
            1.0026148000608683, 
            0.972215094164754, 
            0.9546695469563645
        ]
    }, 
    "PS_ISR": {
        "ggWW_nonfid": [
            1.0410044069519409, 
            0.9827320444855947, 
            0.932993077892596, 
            0.8851553206469257, 
            0.9508361979940204, 
            1.0189795860554454, 
            1.0844653677126275, 
            1.1563128660296123
        ], 
        "ggWW_B2": [
            1.0999564842853518, 
            1.0999564842853518, 
            1.011669110394999, 
            0.9374775468692109, 
            0.8933871607519253, 
            0.8933871607519253, 
            0.9854300830838352, 
            1.0780648152836723
        ], 
        "ggWW_B3": [
            1.1304230215740694, 
            1.1304230215740694, 
            1.1304230215740694, 
            1.0, 
            0.8623894123217807, 
            0.8623894123217807, 
            0.8623894123217807, 
            1.0
        ], 
        "ggWW_B0": [
            1.0138666077421203, 
            0.9183602124645038, 
            0.8508346181738008, 
            0.7977002636139026, 
            0.98261733643607, 
            1.1009371050979295, 
            1.2054790464594465, 
            1.2948190008130296
        ], 
        "ggWW_B1": [
            1.0442998470520737, 
            1.013326499024421, 
            0.9245563003721824, 
            0.865649173145034, 
            0.951542372758234, 
            0.9831457319287457, 
            1.094179987888768, 
            1.1859300423679555
        ], 
        "WW_nonfid": [
            1.0007048851347369, 
            1.0109917414528864, 
            0.9899144777576907, 
            0.9442949287447588, 
            0.9995591132709624, 
            0.9873027286469388, 
            1.0130745761905835, 
            1.073715150937595
        ], 
        "WW_B2": [
            1.0340088439258295, 
            1.0742735926089764, 
            1.0075089905460124, 
            0.9365672367579918, 
            0.9601565415907477, 
            0.9281298356593913, 
            0.9904324129887178, 
            1.080817996646717
        ], 
        "WW_B3": [
            1.0736249083009088, 
            1.0736249083009088, 
            1.0736249083009088, 
            1.0, 
            0.9155404490538105, 
            0.9155404490538105, 
            0.9155404490538105, 
            1.0
        ], 
        "WW_B0": [
            0.9995325770122069, 
            1.0100716976330708, 
            0.9628663997955659, 
            0.9435505692183469, 
            1.0005485962943441, 
            0.9880018102429301, 
            1.046236927978891, 
            1.0760519352708893
        ], 
        "WW_B1": [
            0.9874166041008052, 
            1.0061389458967829, 
            0.9347597994704556, 
            0.893697498654732, 
            1.0148694126495308, 
            0.9922519650804563, 
            1.0817134789459184, 
            1.144217405318756
        ]
    }, 
    "pdf_WW_2016": {
        "WW_B2": [
            0.9871622814994984, 
            1.013176018534303
        ], 
        "WW_B3": [
            0.987996272677846, 
            1.0122989948840022
        ], 
        "WW_B0": [
            0.9850099801402585, 
            1.0154533107292003
        ], 
        "WW_B1": [
            0.9862551998226611, 
            1.0141333194815723
        ]
    }
}