{
    "ww2l2v_13TeV_top_1j": {
        "Vg": {
            "Wg": 0.5415845162671173, 
            "Zg": 0.12663582928358086, 
            "ZgS": 0.01478896321582842, 
            "WgS": 0.31699069123347334
        }, 
        "Higgs": {
            "qqH_htt": 0.024111120928813165, 
            "qqH_hww": 0.042295085301801434, 
            "ggZH_hww": 0.004299494998901647, 
            "WH_htt": 0.07341643361974519, 
            "ggH_htt": 0.17953720414825933, 
            "WH_hww": 0.12277004801615449, 
            "ggH_hww": 0.3697103698989598, 
            "ttH_hww": 0.1257083661614452, 
            "ZH_htt": 0.018049254870467418, 
            "ZH_hww": 0.04010262205545235
        }
    }, 
    "ww2l2v_13TeV_top_0j": {
        "Vg": {
            "Wg": 0.3746643428814621, 
            "Zg": 0.0, 
            "ZgS": 0.0, 
            "WgS": 0.6253356571185379
        }, 
        "Higgs": {
            "qqH_htt": 0.0, 
            "qqH_hww": 0.018538358075404365, 
            "ggZH_hww": 0.0020740419401840877, 
            "WH_htt": 0.10267650100177876, 
            "ggH_htt": 0.04871934490057156, 
            "WH_hww": 0.2173936620030317, 
            "ggH_hww": 0.5597131646448289, 
            "ttH_hww": 0.014868898051423534, 
            "ZH_htt": 0.010195587249881049, 
            "ZH_hww": 0.025820442132895888
        }
    }, 
    "ww2l2v_13TeV_sr_2j_B0": {
        "Vg": {
            "Wg": 0.5767303097817088, 
            "Zg": 0.054536950129637086, 
            "ZgS": 0.021319384813772338, 
            "WgS": 0.3474133552748818
        }, 
        "Higgs": {
            "qqH_htt": 0.003121294301274654, 
            "qqH_hww": 0.2235570585586506, 
            "ggZH_hww": 0.009797881592565288, 
            "WH_htt": 0.01018604168911968, 
            "ggH_htt": 0.010846416820459741, 
            "WH_hww": 0.08915754395680482, 
            "ggH_hww": 0.5840073292808429, 
            "ttH_hww": 0.03506605565466989, 
            "ZH_htt": 0.00253696061552001, 
            "ZH_hww": 0.031723417530092515
        }
    }, 
    "ww2l2v_13TeV_sr_1j_B0": {
        "Vg": {
            "Wg": 0.48423165632902215, 
            "Zg": 0.04449554009657001, 
            "ZgS": 0.02107431767460201, 
            "WgS": 0.4501984858998058
        }, 
        "Higgs": {
            "qqH_htt": 0.000829123984185661, 
            "qqH_hww": 0.09173334829071876, 
            "ggZH_hww": 0.0023912317864308763, 
            "WH_htt": 0.011803749666905004, 
            "ggH_htt": 0.007013009792962338, 
            "WH_hww": 0.06109732763651098, 
            "ggH_hww": 0.8069630350611161, 
            "ttH_hww": 0.0013685468184212331, 
            "ZH_htt": 0.0016318277104044089, 
            "ZH_hww": 0.015168799252344706
        }
    }, 
    "ww2l2v_13TeV_top_2j": {
        "Vg": {
            "Wg": 0.5791856855362241, 
            "Zg": 0.12807237032318702, 
            "ZgS": 0.007641513069848686, 
            "WgS": 0.28510043107074023
        }, 
        "Higgs": {
            "qqH_htt": 0.0068083358193764204, 
            "qqH_hww": 0.012506423524812321, 
            "ggZH_hww": 0.0029473310746099737, 
            "WH_htt": 0.007651982902161937, 
            "ggH_htt": 0.01788332587789832, 
            "WH_hww": 0.01985972201227742, 
            "ggH_hww": 0.040627135881352694, 
            "ttH_hww": 0.8769029346991853, 
            "ZH_htt": 0.0054031341126309605, 
            "ZH_hww": 0.00940967409569448
        }
    }, 
    "ww2l2v_13TeV_sr_0j_B0": {
        "Vg": {
            "Wg": 0.49070805800370737, 
            "Zg": 0.045519221651169985, 
            "ZgS": 0.02411327383209025, 
            "WgS": 0.43965944651303246
        }, 
        "Higgs": {
            "qqH_htt": 0.00013314650378020386, 
            "qqH_hww": 0.01051149773975838, 
            "ggZH_hww": 0.0009718824461463502, 
            "WH_htt": 0.005922278221079243, 
            "ggH_htt": 0.0012732625873202608, 
            "WH_hww": 0.030115840208782264, 
            "ggH_hww": 0.9410056321424, 
            "ttH_hww": 0.00012303338018832506, 
            "ZH_htt": 0.001540656045235941, 
            "ZH_hww": 0.008402770725309022
        }
    }
}