{
    "ww2l2v_13TeV_top_1j": {
        "Vg": {
            "Wg": 0.5429804110314105, 
            "Zg": 0.12680284294647165, 
            "ZgS": 0.014229524095969767, 
            "WgS": 0.3159872219261482
        }, 
        "Higgs": {
            "qqH_htt": 0.024067829640533545, 
            "qqH_hww": 0.042247302093753034, 
            "ggZH_hww": 0.004297020776512634, 
            "WH_htt": 0.07350648076288427, 
            "ggH_htt": 0.17974053055301398, 
            "WH_hww": 0.12278945620187932, 
            "ggH_hww": 0.36912882979515843, 
            "ttH_hww": 0.12615363242851374, 
            "ZH_htt": 0.018021585648851975, 
            "ZH_hww": 0.04004733209889918
        }
    }, 
    "ww2l2v_13TeV_top_0j": {
        "Vg": {
            "Wg": 0.3718304527508407, 
            "Zg": 0.0, 
            "ZgS": 0.0, 
            "WgS": 0.6281695472491593
        }, 
        "Higgs": {
            "qqH_htt": 0.0, 
            "qqH_hww": 0.018448543267691027, 
            "ggZH_hww": 0.0020829838487568496, 
            "WH_htt": 0.10295879111922293, 
            "ggH_htt": 0.0488372287890486, 
            "WH_hww": 0.2179792284249372, 
            "ggH_hww": 0.5585307636184339, 
            "ttH_hww": 0.014966399570434654, 
            "ZH_htt": 0.010237213348108166, 
            "ZH_hww": 0.025958848013366547
        }
    }, 
    "ww2l2v_13TeV_sr_2j_B0": {
        "Vg": {
            "Wg": 0.577188886580988, 
            "Zg": 0.054302299917482214, 
            "ZgS": 0.021218117574850183, 
            "WgS": 0.3472906959266797
        }, 
        "Higgs": {
            "qqH_htt": 0.0031274598385383746, 
            "qqH_hww": 0.22352604045893287, 
            "ggZH_hww": 0.009824050198330408, 
            "WH_htt": 0.010214111412731729, 
            "ggH_htt": 0.010840253940672452, 
            "WH_hww": 0.08921533725833508, 
            "ggH_hww": 0.5837963029578646, 
            "ttH_hww": 0.03518305817550695, 
            "ZH_htt": 0.002543181352328168, 
            "ZH_hww": 0.03173020440675945
        }
    }, 
    "ww2l2v_13TeV_sr_1j_B0": {
        "Vg": {
            "Wg": 0.4843497289589999, 
            "Zg": 0.04434305360321407, 
            "ZgS": 0.020986830838906328, 
            "WgS": 0.45032038659887963
        }, 
        "Higgs": {
            "qqH_htt": 0.0008314823626110999, 
            "qqH_hww": 0.091811728694415, 
            "ggZH_hww": 0.002402000953201862, 
            "WH_htt": 0.011850139741265435, 
            "ggH_htt": 0.007037771575757877, 
            "WH_hww": 0.06125286045857106, 
            "ggH_hww": 0.8066029667229809, 
            "ttH_hww": 0.0013767310076631572, 
            "ZH_htt": 0.0016374537773877216, 
            "ZH_hww": 0.015196864706145716
        }
    }, 
    "ww2l2v_13TeV_top_2j": {
        "Vg": {
            "Wg": 0.5810721361497029, 
            "Zg": 0.12743326310820147, 
            "ZgS": 0.007828834455004046, 
            "WgS": 0.2836657662870917
        }, 
        "Higgs": {
            "qqH_htt": 0.00679588955101886, 
            "qqH_hww": 0.012474174422559733, 
            "ggZH_hww": 0.002947771499916438, 
            "WH_htt": 0.007648399308560647, 
            "ggH_htt": 0.017705662088307164, 
            "WH_hww": 0.01984209301715841, 
            "ggH_hww": 0.04054264816600588, 
            "ttH_hww": 0.877258446084672, 
            "ZH_htt": 0.005391853497994137, 
            "ZH_hww": 0.009393062363806699
        }
    }, 
    "ww2l2v_13TeV_sr_0j_B0": {
        "Vg": {
            "Wg": 0.4908507880246605, 
            "Zg": 0.0454150363336086, 
            "ZgS": 0.02404234879836248, 
            "WgS": 0.4396918268433685
        }, 
        "Higgs": {
            "qqH_htt": 0.0001338795718369967, 
            "qqH_hww": 0.010517345157334742, 
            "ggZH_hww": 0.000979312372022029, 
            "WH_htt": 0.0059647656898143804, 
            "ggH_htt": 0.0012741787876150038, 
            "WH_hww": 0.03027623111933257, 
            "ggH_hww": 0.9407392916254451, 
            "ttH_hww": 0.00012429853492076397, 
            "ZH_htt": 0.0015492500173814718, 
            "ZH_hww": 0.00844144712429689
        }
    }
}