{
    "ww2l2v_13TeV_top_1j": {
        "Vg": {
            "Wg": 0.4579373829703326, 
            "Zg": 0.10875515812635617, 
            "ZgS": 0.019241860078375746, 
            "WgS": 0.4140655988249356
        }, 
        "Higgs": {
            "qqH_htt": 0.025121287234984375, 
            "qqH_hww": 0.043215054703921826, 
            "ggZH_hww": 0.004138651532271727, 
            "WH_htt": 0.06926999073266071, 
            "ggH_htt": 0.18760914441255078, 
            "WH_hww": 0.11742117334873409, 
            "ggH_hww": 0.37898258396585277, 
            "ttH_hww": 0.1154397790533288, 
            "ZH_htt": 0.018496873197346837, 
            "ZH_hww": 0.04030546181834795
        }
    }, 
    "ww2l2v_13TeV_top_0j": {
        "Vg": {
            "Wg": 0.22543270753071262, 
            "Zg": 0.0, 
            "ZgS": 0.0, 
            "WgS": 0.7745672924692873
        }, 
        "Higgs": {
            "qqH_htt": 0.0, 
            "qqH_hww": 0.018927038250898975, 
            "ggZH_hww": 0.002137056040701908, 
            "WH_htt": 0.09618692532518652, 
            "ggH_htt": 0.05063931525164556, 
            "WH_hww": 0.21298559339369272, 
            "ggH_hww": 0.5731318968179258, 
            "ttH_hww": 0.010653478180978311, 
            "ZH_htt": 0.010192047065892346, 
            "ZH_hww": 0.025146649673077774
        }
    }, 
    "ww2l2v_13TeV_sr_2j_B0": {
        "Vg": {
            "Wg": 0.572562016307342, 
            "Zg": 0.05222205786963639, 
            "ZgS": 0.02183610004528783, 
            "WgS": 0.35337982577773375
        }, 
        "Higgs": {
            "qqH_htt": 0.0031016001818145347, 
            "qqH_hww": 0.22581354023720332, 
            "ggZH_hww": 0.009461823111563832, 
            "WH_htt": 0.009372065471873239, 
            "ggH_htt": 0.010583126185050716, 
            "WH_hww": 0.0871085929628131, 
            "ggH_hww": 0.5878260978999833, 
            "ttH_hww": 0.0325631402666109, 
            "ZH_htt": 0.002471660847403661, 
            "ZH_hww": 0.0316983528356833
        }
    }, 
    "ww2l2v_13TeV_sr_1j_B0": {
        "Vg": {
            "Wg": 0.48282801560425764, 
            "Zg": 0.047993757894959445, 
            "ZgS": 0.02019333201933335, 
            "WgS": 0.44898489448144957
        }, 
        "Higgs": {
            "qqH_htt": 0.0008275272778768844, 
            "qqH_hww": 0.09156302805214961, 
            "ggZH_hww": 0.0023039567080979473, 
            "WH_htt": 0.011002664861267464, 
            "ggH_htt": 0.007280395454000004, 
            "WH_hww": 0.05885607650983961, 
            "ggH_hww": 0.8104126636649193, 
            "ttH_hww": 0.0012064285407395847, 
            "ZH_htt": 0.001574232656269615, 
            "ZH_hww": 0.014973026274840115
        }
    }, 
    "ww2l2v_13TeV_top_2j": {
        "Vg": {
            "Wg": 0.5510176387968805, 
            "Zg": 0.15170253383581458, 
            "ZgS": 0.009274701629464616, 
            "WgS": 0.28800512573784026
        }, 
        "Higgs": {
            "qqH_htt": 0.007325604254270553, 
            "qqH_hww": 0.01342952580649486, 
            "ggZH_hww": 0.003016545014809935, 
            "WH_htt": 0.007655641080703371, 
            "ggH_htt": 0.018071735300329128, 
            "WH_hww": 0.02054404222708669, 
            "ggH_hww": 0.04113978815259805, 
            "ttH_hww": 0.8730907074729953, 
            "ZH_htt": 0.0058072763348673015, 
            "ZH_hww": 0.009919134355844874
        }
    }, 
    "ww2l2v_13TeV_sr_0j_B0": {
        "Vg": {
            "Wg": 0.4907302658096177, 
            "Zg": 0.0457310330143622, 
            "ZgS": 0.02440634546535607, 
            "WgS": 0.43913235571066406
        }, 
        "Higgs": {
            "qqH_htt": 0.00013396981806301035, 
            "qqH_hww": 0.01053232230366048, 
            "ggZH_hww": 0.0009373286192545842, 
            "WH_htt": 0.005592471143553275, 
            "ggH_htt": 0.0012780918908963776, 
            "WH_hww": 0.029327894841282256, 
            "ggH_hww": 0.9423561259589038, 
            "ttH_hww": 0.00011740862014255662, 
            "ZH_htt": 0.0015104812198270057, 
            "ZH_hww": 0.008213905584416604
        }
    }
}