{
    "ww2l2v_13TeV_top_1j": {
        "Vg": {
            "Wg": 0.745035489241419, 
            "Zg": 0.18155075204528107, 
            "ZgS": 0.0449388200642862, 
            "WgS": 0.028474938649013563
        }, 
        "Higgs": {
            "qqH_htt": 0.0322605787170949, 
            "qqH_hww": 0.051307449597159105, 
            "ggZH_hww": 0.0031041006527702426, 
            "ggH_htt": 0.23409346664175365, 
            "WH_hww": 0.1668642398119804, 
            "ggH_hww": 0.42768235793404813, 
            "ttH_hww": 0.048649541610356166, 
            "ZH_hww": 0.03603826503483755
        }
    }, 
    "ww2l2v_13TeV_top_0j": {
        "Vg": {
            "Wg": 0.7833493564051937, 
            "Zg": 0.14228999288216793, 
            "ZgS": 0.039683605301344835, 
            "WgS": 0.03467704541129368
        }, 
        "Higgs": {
            "qqH_htt": 0.0019475525863366578, 
            "qqH_hww": 0.014104555310532865, 
            "ggZH_hww": 0.0012439912388966484, 
            "ggH_htt": 0.029673949300390204, 
            "WH_hww": 0.15049876505514714, 
            "ggH_hww": 0.7791471726344277, 
            "ttH_hww": 0.0040364034367862435, 
            "ZH_hww": 0.01934761043748249
        }
    }, 
    "ww2l2v_13TeV_sr_2j_B0": {
        "Vg": {
            "Wg": 0.8614280701137786, 
            "Zg": 0.08650272530373668, 
            "ZgS": 0.028301791789427364, 
            "WgS": 0.023767412793057437
        }, 
        "Higgs": {
            "qqH_htt": 0.0034595126858581087, 
            "qqH_hww": 0.25245981143371415, 
            "ggZH_hww": 0.00822721303950176, 
            "ggH_htt": 0.007431888573457463, 
            "WH_hww": 0.07887253642890352, 
            "ggH_hww": 0.609950938837464, 
            "ttH_hww": 0.011095889319195902, 
            "ZH_hww": 0.028502209681904866
        }
    }, 
    "ww2l2v_13TeV_sr_1j_B0": {
        "Vg": {
            "Wg": 0.8735276016482127, 
            "Zg": 0.07007088307561574, 
            "ZgS": 0.025414629848686546, 
            "WgS": 0.03098688542748509
        }, 
        "Higgs": {
            "qqH_htt": 0.0009037439571861008, 
            "qqH_hww": 0.09256245767855577, 
            "ggZH_hww": 0.002172609292483957, 
            "ggH_htt": 0.006688397829802285, 
            "WH_hww": 0.05313460771036801, 
            "ggH_hww": 0.8302536454816947, 
            "ttH_hww": 0.0006680685905583241, 
            "ZH_hww": 0.013616469459350848
        }
    }, 
    "ww2l2v_13TeV_top_2j": {
        "Vg": {
            "Wg": 0.7664806980498334, 
            "Zg": 0.1581000081617099, 
            "ZgS": 0.05443738919293872, 
            "WgS": 0.020981904595518
        }, 
        "Higgs": {
            "qqH_htt": 0.02419796883034971, 
            "qqH_hww": 0.032337744441270834, 
            "ggZH_hww": 0.004299914420300823, 
            "ggH_htt": 0.0773010058342824, 
            "WH_hww": 0.053516021813878135, 
            "ggH_hww": 0.10382630593360061, 
            "ttH_hww": 0.6874951987317361, 
            "ZH_hww": 0.017025839994581377
        }
    }, 
    "ww2l2v_13TeV_sr_0j_B0": {
        "Vg": {
            "Wg": 0.8440990976075021, 
            "Zg": 0.0940245313628056, 
            "ZgS": 0.03053992381437055, 
            "WgS": 0.0313364472153217
        }, 
        "Higgs": {
            "qqH_htt": 0.00011681957030640779, 
            "qqH_hww": 0.00983939342406016, 
            "ggZH_hww": 0.0009053413641929496, 
            "ggH_htt": 0.0017098742187114278, 
            "WH_hww": 0.026534491552542193, 
            "ggH_hww": 0.952940053193066, 
            "ttH_hww": 7.729812709647571e-05, 
            "ZH_hww": 0.007876728550024562
        }
    }
}