{
    "QCDscale_WW": {
        "WW_B0": [
            0.9821063843297398, 
            1.0131574209354983
        ]
    }, 
    "pdf_WW_eigen22": {
        "WW_B0": [
            0.9850171476408133, 
            1.0154456934482157
        ]
    }, 
    "pdf_WW_eigen23": {
        "WW_B0": [
            0.9898860675894544, 
            1.0103227393874534
        ]
    }, 
    "pdf_WW_eigen20": {
        "WW_B0": [
            1.0126893276573339, 
            0.9876247398055537
        ]
    }, 
    "pdf_WW_eigen21": {
        "WW_B0": [
            1.0018748746097867, 
            0.9981321294363799
        ]
    }, 
    "pdf_WW_eigen26": {
        "WW_B0": [
            0.9945522659223724, 
            1.0055077435217528
        ]
    }, 
    "pdf_WW_eigen27": {
        "WW_B0": [
            0.9770125773102779, 
            1.0240951955809297
        ]
    }, 
    "pdf_WW_eigen24": {
        "WW_B0": [
            1.006573259765595, 
            0.9935120344008651
        ]
    }, 
    "pdf_WW_eigen25": {
        "WW_B0": [
            0.9993020873383373, 
            1.0006988881874759
        ]
    }, 
    "PS_FSR": {
        "ggWW_B0": [
            1.0013825909322467, 
            0.9992842724992129
        ], 
        "WW_B0": [
            1.002550858446161, 
            0.9984633296213424
        ]
    }, 
    "pdf_WW_eigen28": {
        "WW_B0": [
            0.9945361940665749, 
            1.0055241719402612
        ]
    }, 
    "pdf_WW_eigen29": {
        "WW_B0": [
            0.9973987509094144, 
            1.0026148528578176
        ]
    }, 
    "pdf_WW_eigen9": {
        "WW_B0": [
            1.0123552767567399, 
            0.9879426666248473
        ]
    }, 
    "pdf_WW_eigen8": {
        "WW_B0": [
            1.009130617142911, 
            0.9910331289894155
        ]
    }, 
    "pdf_WW_eigen3": {
        "WW_B0": [
            1.0073615492443553, 
            0.992745262963528
        ]
    }, 
    "pdf_WW_eigen2": {
        "WW_B0": [
            0.9947863024456028, 
            1.0052686357005076
        ]
    }, 
    "pdf_WW_eigen1": {
        "WW_B0": [
            0.9691225034583615, 
            1.032909843712449
        ]
    }, 
    "pdf_WW_eigen7": {
        "WW_B0": [
            1.001487923552082, 
            0.9985164911434292
        ]
    }, 
    "pdf_WW_eigen6": {
        "WW_B0": [
            0.9904895838087275, 
            1.0096948197323794
        ]
    }, 
    "pdf_WW_eigen5": {
        "WW_B0": [
            1.0090817718274687, 
            0.9910802425758758
        ]
    }, 
    "pdf_WW_eigen4": {
        "WW_B0": [
            1.0042343115114163, 
            0.9958012461520612
        ]
    }, 
    "CMS_hww_WWresum": {
        "WW_B0": [
            0.9871007116822438, 
            1.04684895022501
        ]
    }, 
    "pdf_WW_eigen19": {
        "WW_B0": [
            0.986376316504234, 
            1.0140052907938488
        ]
    }, 
    "pdf_WW_eigen18": {
        "WW_B0": [
            1.0055536628722497, 
            0.9945073458268606
        ]
    }, 
    "pdf_WW_eigen13": {
        "WW_B0": [
            1.0042506271511753, 
            0.9957852039022707
        ]
    }, 
    "pdf_WW_eigen12": {
        "WW_B0": [
            1.0076819721692636, 
            0.9924342673264264
        ]
    }, 
    "pdf_WW_eigen11": {
        "WW_B0": [
            1.0040336386077569, 
            0.9959986414607855
        ]
    }, 
    "pdf_WW_eigen10": {
        "WW_B0": [
            1.0172261981730268, 
            0.9833475196791266
        ]
    }, 
    "pdf_WW_eigen17": {
        "WW_B0": [
            0.9935536468906818, 
            1.0065305495663133
        ]
    }, 
    "pdf_WW_eigen16": {
        "WW_B0": [
            1.0047973297934074, 
            0.9952482615197368
        ]
    }, 
    "pdf_WW_eigen15": {
        "WW_B0": [
            1.0015617258478253, 
            0.9984431369387513
        ]
    }, 
    "pdf_WW_eigen14": {
        "WW_B0": [
            0.9951396708135446, 
            1.0049080385525222
        ]
    }, 
    "pdf_WW_eigen31": {
        "WW_B0": [
            0.9926287347257794, 
            1.0074815624369948
        ]
    }, 
    "pdf_WW_eigen30": {
        "WW_B0": [
            0.9962708678041639, 
            1.0037571540440424
        ]
    }, 
    "PS_ISR": {
        "ggWW_B0": [
            1.001519401398241, 
            0.998703474199623
        ], 
        "WW_B0": [
            1.0004231545184532, 
            0.9997057405506823
        ]
    }, 
    "pdf_WW_eigen32": {
        "WW_B0": [
            1.0025564197076133, 
            0.9974565843680787
        ]
    }, 
    "CMS_hww_WWqscale": {
        "WW_B0": [
            1.0137669778056226, 
            0.9860806136529796
        ]
    }
}