{
    "PS_ISR": {
        "WW_minnlo_B0": [
            0.9997948908499772, 
            1.0001654559738276
        ], 
        "ggWW_B0": [
            1.0006083329452802, 
            0.9994168827348767
        ]
    }, 
    "PS_FSR": {
        "WW_minnlo_B0": [
            0.9992551131665309, 
            0.999969869858868
        ], 
        "ggWW_B0": [
            1.0000476872500073, 
            0.9999495892730142
        ]
    }, 
    "QCDscale_WW": {
        "WW_minnlo_B0": [
            0.9832439088584145, 
            1.0131716605570278
        ], 
        "ggWW_B0": [
            1.0, 
            1.0
        ]
    }, 
    "pdf_WW": {
        "WW_minnlo_B0": [
            0.9999694192365132, 
            1.0000305826339675
        ]
    }
}