{
    "PS_ISR": {
        "ggWW_B0": [
            1.0006083329452802, 
            0.9994168827348768
        ], 
        "WW_B0": [
            0.9997948908499773, 
            1.0001654559738278
        ]
    }, 
    "PS_FSR": {
        "ggWW_B0": [
            1.0000476872500073, 
            0.999949589273014
        ], 
        "WW_B0": [
            0.9992551131665309, 
            0.9999698698588684
        ]
    }, 
    "QCDscale_WW": {
        "ggWW_B0": [
            1.0, 
            1.0
        ], 
        "WW_B0": [
            0.9832439088584147, 
            1.0131716605570276
        ]
    }, 
    "pdf_WW": {
        "WW_B0": [
            0.999969419236513, 
            1.0000305826339677
        ]
    }
}