{
    "PS_ISR": {
        "ggWW_B0": [
            1.0006083329452802, 
            0.9994168827348767
        ], 
        "WW_B0": [
            0.9997948908499772, 
            1.0001654559738276
        ]
    }, 
    "PS_FSR": {
        "ggWW_B0": [
            1.0000476872500073, 
            0.999949589273014
        ], 
        "WW_B0": [
            0.9992551131665309, 
            0.999969869858868
        ]
    }, 
    "QCDscale_uR_WW": {
        "WW_B0": [
            0.9839717984219499, 
            1.016332937866098
        ]
    }, 
    "QCDscale_uF_WW": {
        "WW_B0": [
            1.0017000167303318, 
            0.9986167601057113
        ]
    }, 
    "pdf_WW": {
        "WW_B0": [
            0.9999694192365132, 
            1.0000305826339675
        ]
    }
}