{
    "PS_ISR": {
        "ggWW_B0": [
            1.0006083329498816, 
            0.9994168827394803
        ], 
        "WW_B0": [
            0.9994993054602448, 
            1.0004021019966929
        ]
    }, 
    "PS_FSR": {
        "ggWW_B0": [
            1.0000476872545982, 
            0.9999495892776239
        ], 
        "WW_B0": [
            1.0006787911031956, 
            0.9995689717097952
        ]
    }, 
    "QCDscale_WW": {
        "ggWW_B0": [
            1.0, 
            1.0
        ], 
        "WW_B0": [
            0.9825667391944024, 
            1.012757349814003
        ]
    }, 
    "CMS_hww_WWresum": {
        "WW_B0": [
            0.9866340736279957, 
            1.047869140037041
        ]
    }, 
    "CMS_hww_WWqscale": {
        "WW_B0": [
            1.013745243378115, 
            0.9862616972764916
        ]
    }, 
    "pdf_WW": {
        "WW_B0": [
            0.9895536300647817, 
            1.0106692804359718
        ]
    }
}