{
    "PS_ISR": {
        "ggWW_B0": [
            1.000814776618156, 
            0.9992601377013726
        ], 
        "WW_B0": [
            0.9994974808137125, 
            1.0003966570470524
        ]
    }, 
    "PS_FSR": {
        "ggWW_B0": [
            1.000420349919841, 
            0.9999327260552408
        ], 
        "WW_B0": [
            1.0011399280365498, 
            0.9994711029119105
        ]
    }, 
    "QCDscale_WW": {
        "ggWW_B0": [
            1.0, 
            1.0
        ], 
        "WW_B0": [
            0.9825931015362724, 
            1.0127354636660464
        ]
    }, 
    "CMS_hww_WWresum": {
        "WW_B0": [
            0.9866158937624443, 
            1.0479232808042054
        ]
    }, 
    "CMS_hww_WWqscale": {
        "WW_B0": [
            1.0136738648098729, 
            0.9863442812454929
        ]
    }, 
    "pdf_WW": {
        "WW_B0": [
            0.9895631888765913, 
            1.0106593095238203
        ]
    }
}
