{
    "PS_ISR": {
        "ggWW_B0": [
            1.0006083329452804, 
            0.9994168827348767
        ], 
        "WW_B0": [
            0.999499305460229, 
            1.0004021019966753
        ]
    }, 
    "PS_FSR": {
        "ggWW_B0": [
            1.0000476872500073, 
            0.999949589273014
        ], 
        "WW_B0": [
            1.0006787911031827, 
            0.999568971709777
        ]
    }, 
    "QCDscale_WW": {
        "ggWW_B0": [
            1.0, 
            1.0
        ], 
        "WW_B0": [
            0.9825667391943842, 
            1.0127573498139828
        ]
    }, 
    "CMS_hww_WWresum": {
        "WW_B0": [
            0.9866340736279997, 
            1.0478691400370344
        ]
    }, 
    "CMS_hww_WWqscale": {
        "WW_B0": [
            1.0137452433781022, 
            0.9862616972764687
        ]
    }, 
    "pdf_WW": {
        "WW_B0": [
            0.9900596628818235, 
            1.0101419662452138
        ]
    }
}