{
    "PS_ISR": {
        "ggWW_B9": [
            0.9526377008536466, 
            1.0411987639126408
        ], 
        "ggWW_B8": [
            0.9852258676160158, 
            1.0130182355743174
        ], 
        "ggWW_B0": [
            1.0105589373110295, 
            0.9912024592981151
        ], 
        "ggWW_B1": [
            1.0112564842542786, 
            0.9907740022468381
        ], 
        "ggWW_B6": [
            1.0161490332662972, 
            0.9871187305652683
        ], 
        "ggWW_B7": [
            1.0130402346318093, 
            0.9894739048910561
        ], 
        "ggWW_B4": [
            1.0131340905259398, 
            0.9895424564885976
        ], 
        "ggWW_B5": [
            1.0141020313621034, 
            0.988822306616102
        ], 
        "ggWW_B2": [
            1.0111867493842077, 
            0.990970304822779
        ], 
        "ggWW_B3": [
            1.0112217217210413, 
            0.9910158079614995
        ], 
        "WW_B8": [
            0.9973398129117067, 
            1.0019036140914193
        ], 
        "WW_B9": [
            0.9947533117104309, 
            1.0042977506411828
        ], 
        "WW_B6": [
            0.9997520819662942, 
            1.0001607932410128
        ], 
        "WW_B7": [
            0.9994377239086291, 
            1.0004435556715503
        ], 
        "WW_B4": [
            1.0009976062889143, 
            0.9993646021263093
        ], 
        "WW_B5": [
            1.0002712742185933, 
            0.9997647918733924
        ], 
        "WW_B2": [
            1.0009814836186495, 
            0.9993010861591052
        ], 
        "WW_B3": [
            0.9995835429657278, 
            1.0002325294566923
        ], 
        "WW_B0": [
            1.0004590313081962, 
            0.9996159513849292
        ], 
        "WW_B1": [
            1.0026527064401585, 
            0.9980354321313009
        ]
    }, 
    "PS_FSR": {
        "ggWW_B9": [
            0.9995670142598083, 
            1.0000382472700369
        ], 
        "ggWW_B8": [
            1.0004316173708347, 
            0.9998072485869735
        ], 
        "ggWW_B0": [
            0.998288483508998, 
            1.0008012002183027
        ], 
        "ggWW_B1": [
            1.0008040628345845, 
            0.9998155667978003
        ], 
        "ggWW_B6": [
            1.0006126634618455, 
            0.9997625441624916
        ], 
        "ggWW_B7": [
            0.9999549806333575, 
            0.9999106330094321
        ], 
        "ggWW_B4": [
            0.9986175017422958, 
            1.0003717643181544
        ], 
        "ggWW_B5": [
            0.9997542802066444, 
            0.9996266226664211
        ], 
        "ggWW_B2": [
            0.9980134505386666, 
            1.0005804491523667
        ], 
        "ggWW_B3": [
            1.0019772623094305, 
            0.9990780488376585
        ], 
        "WW_B8": [
            1.00061588584794, 
            0.9992277462958177
        ], 
        "WW_B9": [
            1.0034785960458243, 
            0.9991267805509276
        ], 
        "WW_B6": [
            0.9980969048153654, 
            0.9999404557307043
        ], 
        "WW_B7": [
            1.0008103402268362, 
            0.9994734093197805
        ], 
        "WW_B4": [
            1.0018672878936115, 
            0.9999273919546245
        ], 
        "WW_B5": [
            0.9968570100012195, 
            1.0013423011821614
        ], 
        "WW_B2": [
            1.006940956066653, 
            0.9955431468096206
        ], 
        "WW_B3": [
            1.000810810870352, 
            0.9990761790855137
        ], 
        "WW_B0": [
            1.0000407454309854, 
            0.9995354671252659
        ], 
        "WW_B1": [
            0.9961712027600266, 
            1.001716821881203
        ]
    }, 
    "QCDscale_WW": {
        "ggWW_B9": [
            1.0, 
            1.0
        ], 
        "ggWW_B8": [
            1.0, 
            1.0
        ], 
        "ggWW_B0": [
            1.0, 
            1.0
        ], 
        "ggWW_B1": [
            1.0, 
            1.0
        ], 
        "ggWW_B6": [
            1.0, 
            1.0
        ], 
        "ggWW_B7": [
            1.0, 
            1.0
        ], 
        "ggWW_B4": [
            1.0, 
            1.0
        ], 
        "ggWW_B5": [
            1.0, 
            1.0
        ], 
        "ggWW_B2": [
            1.0, 
            1.0
        ], 
        "ggWW_B3": [
            1.0, 
            1.0
        ], 
        "WW_B8": [
            0.9722414068377165, 
            1.0231338187648868
        ], 
        "WW_B9": [
            0.948402700814884, 
            1.046401944522405
        ], 
        "WW_B6": [
            0.9865466243510915, 
            1.0092553765602956
        ], 
        "WW_B7": [
            0.9811043704294193, 
            1.0145172570153045
        ], 
        "WW_B4": [
            0.9909265235181923, 
            1.0050151321443175
        ], 
        "WW_B5": [
            0.9896873306569007, 
            1.006237376636576
        ], 
        "WW_B2": [
            0.993166676953212, 
            1.0028861164838971
        ], 
        "WW_B3": [
            0.9922068837010751, 
            1.003825416729384
        ], 
        "WW_B0": [
            0.9946482530737291, 
            1.0015013630946543
        ], 
        "WW_B1": [
            0.995778740900347, 
            1.0003681099273631
        ]
    }, 
    "CMS_hww_WWresum": {
        "WW_B8": [
            0.9737317282565763, 
            1.0646349189517688
        ], 
        "WW_B9": [
            0.9925395155135319, 
            1.0173698060017489
        ], 
        "WW_B6": [
            0.9827164406875379, 
            1.0589853534887101
        ], 
        "WW_B7": [
            0.9772340489689129, 
            1.066174176439303
        ], 
        "WW_B4": [
            0.987143893845875, 
            1.052013822792133
        ], 
        "WW_B5": [
            0.9861938311325834, 
            1.0535562041519888
        ], 
        "WW_B2": [
            0.9911588651130335, 
            1.0450739890664638
        ], 
        "WW_B3": [
            0.98886271199244, 
            1.048995247793158
        ], 
        "WW_B0": [
            0.9957715882417264, 
            1.0372643670306532
        ], 
        "WW_B1": [
            0.9943609110425832, 
            1.0395639566211559
        ]
    }, 
    "CMS_hww_WWqscale": {
        "WW_B8": [
            1.0421963332075626, 
            0.9562970100840389
        ], 
        "WW_B9": [
            1.064588008919638, 
            0.9264947048134
        ], 
        "WW_B6": [
            1.0076695143771837, 
            0.9950578400034555
        ], 
        "WW_B7": [
            1.0193393930770571, 
            0.9816924196996438
        ], 
        "WW_B4": [
            1.0003365614473472, 
            1.003322656270051
        ], 
        "WW_B5": [
            1.0020417317330168, 
            1.0013620218792747
        ], 
        "WW_B2": [
            0.9970046359972236, 
            1.007411879810963
        ], 
        "WW_B3": [
            0.9993462999497803, 
            1.0047484500478714
        ], 
        "WW_B0": [
            0.9920215794918558, 
            1.0124898190640328
        ], 
        "WW_B1": [
            0.993604843706663, 
            1.0108274449897148
        ]
    }, 
    "pdf_WW": {
        "WW_B8": [
            0.9913482898801949, 
            1.008804050301991
        ], 
        "WW_B9": [
            0.9886893110160179, 
            1.0115724742991272
        ], 
        "WW_B6": [
            0.9895149365542033, 
            1.0107096460831237
        ], 
        "WW_B7": [
            0.9901193298569587, 
            1.0100798617205375
        ], 
        "WW_B4": [
            0.9890277992429122, 
            1.0112183814233817
        ],