{
    "PS_ISR": {
        "ggWW_B9": [
            0.952637700853713, 
            1.0411987639127136
        ], 
        "ggWW_B8": [
            0.9852258676159914, 
            1.0130182355742903
        ], 
        "ggWW_B0": [
            1.0105589373109911, 
            0.9912024592980786
        ], 
        "ggWW_B1": [
            1.011256484254155, 
            0.9907740022467169
        ], 
        "ggWW_B6": [
            1.0161490332662464, 
            0.9871187305652119
        ], 
        "ggWW_B7": [
            1.0130402346317413, 
            0.9894739048910021
        ], 
        "ggWW_B4": [
            1.0131340905260886, 
            0.9895424564887396
        ], 
        "ggWW_B5": [
            1.0141020313623204, 
            0.9888223066163194
        ], 
        "ggWW_B2": [
            1.0111867493840794, 
            0.9909703048226536
        ], 
        "ggWW_B3": [
            1.0112217217209951, 
            0.9910158079614627
        ], 
        "WW_B8": [
            0.9973398129117146, 
            1.0019036140914366
        ], 
        "WW_B9": [
            0.9947533117104058, 
            1.0042977506411723
        ], 
        "WW_B6": [
            0.999752081966286, 
            1.0001607932410033
        ], 
        "WW_B7": [
            0.9994377239086236, 
            1.000443555671537
        ], 
        "WW_B4": [
            1.000997606288913, 
            0.9993646021263112
        ], 
        "WW_B5": [
            1.0002712742185826, 
            0.9997647918733951
        ], 
        "WW_B2": [
            1.0009814836186477, 
            0.9993010861591
        ], 
        "WW_B3": [
            0.9995835429657354, 
            1.0002325294566898
        ], 
        "WW_B0": [
            1.0004590313081927, 
            0.9996159513849359
        ], 
        "WW_B1": [
            1.0026527064401547, 
            0.9980354321312968
        ]
    }, 
    "PS_FSR": {
        "ggWW_B9": [
            0.9995670142598729, 
            1.0000382472701075
        ], 
        "ggWW_B8": [
            1.0004316173708134, 
            0.9998072485869515
        ], 
        "ggWW_B0": [
            0.9982884835089632, 
            1.0008012002182656
        ], 
        "ggWW_B1": [
            1.0008040628344617, 
            0.9998155667976796
        ], 
        "ggWW_B6": [
            1.000612663461799, 
            0.9997625441624456
        ], 
        "ggWW_B7": [
            0.9999549806332969, 
            0.9999106330093758
        ], 
        "ggWW_B4": [
            0.998617501742436, 
            1.0003717643183057
        ], 
        "ggWW_B5": [
            0.9997542802068596, 
            0.9996266226666413
        ], 
        "ggWW_B2": [
            0.9980134505385474, 
            1.0005804491522374
        ], 
        "ggWW_B3": [
            1.0019772623093814, 
            0.9990780488376149
        ], 
        "WW_B8": [
            1.0006158858479273, 
            0.9992277462958109
        ], 
        "WW_B9": [
            1.0034785960457946, 
            0.9991267805509004
        ], 
        "WW_B6": [
            0.9980969048153495, 
            0.9999404557306816
        ], 
        "WW_B7": [
            1.0008103402268285, 
            0.9994734093197789
        ], 
        "WW_B4": [
            1.0018672878936097, 
            0.9999273919546253
        ], 
        "WW_B5": [
            0.9968570100012253, 
            1.0013423011821623
        ], 
        "WW_B2": [
            1.006940956066638, 
            0.9955431468096084
        ], 
        "WW_B3": [
            1.000810810870352, 
            0.9990761790855055
        ], 
        "WW_B0": [
            1.0000407454309925, 
            0.9995354671252644
        ], 
        "WW_B1": [
            0.9961712027600136, 
            1.0017168218811894
        ]
    }, 
    "QCDscale_WW": {
        "ggWW_B9": [
            1.0, 
            1.0
        ], 
        "ggWW_B8": [
            1.0, 
            1.0
        ], 
        "ggWW_B0": [
            1.0, 
            1.0
        ], 
        "ggWW_B1": [
            1.0, 
            1.0
        ], 
        "ggWW_B6": [
            1.0, 
            1.0
        ], 
        "ggWW_B7": [
            1.0, 
            1.0
        ], 
        "ggWW_B4": [
            1.0, 
            1.0
        ], 
        "ggWW_B5": [
            1.0, 
            1.0
        ], 
        "ggWW_B2": [
            1.0, 
            1.0
        ], 
        "ggWW_B3": [
            1.0, 
            1.0
        ], 
        "WW_B8": [
            0.9722414068377244, 
            1.0231338187648928
        ], 
        "WW_B9": [
            0.9484027008148639, 
            1.0464019445223849
        ], 
        "WW_B6": [
            0.9865466243510792, 
            1.0092553765602805
        ], 
        "WW_B7": [
            0.9811043704294117, 
            1.0145172570152925
        ], 
        "WW_B4": [
            0.9909265235182002, 
            1.0050151321443208
        ], 
        "WW_B5": [
            0.989687330656894, 
            1.0062373766365762
        ], 
        "WW_B2": [
            0.9931666769532025, 
            1.0028861164838936
        ], 
        "WW_B3": [
            0.9922068837010624, 
            1.003825416729378
        ], 
        "WW_B0": [
            0.9946482530737246, 
            1.0015013630946568
        ], 
        "WW_B1": [
            0.9957787409003364, 
            1.0003681099273527
        ]
    }, 
    "CMS_hww_WWresum": {
        "WW_B8": [
            0.97373172825658, 
            1.0646349189517719
        ], 
        "WW_B9": [
            0.9925395155135273, 
            1.0173698060017475
        ], 
        "WW_B6": [
            0.9827164406875187, 
            1.058985353488702
        ], 
        "WW_B7": [
            0.977234048968918, 
            1.0661741764392996
        ], 
        "WW_B4": [
            0.987143893845871, 
            1.0520138227921367
        ], 
        "WW_B5": [
            0.986193831132582, 
            1.0535562041519975
        ], 
        "WW_B2": [
            0.9911588651130318, 
            1.045073989066462
        ], 
        "WW_B3": [
            0.9888627119924451, 
            1.0489952477931537
        ], 
        "WW_B0": [
            0.9957715882417308, 
            1.0372643670306505
        ], 
        "WW_B1": [
            0.9943609110425907, 
            1.0395639566211508
        ]
    }, 
    "CMS_hww_WWqscale": {
        "WW_B8": [
            1.0421963332075557, 
            0.9562970100840424
        ], 
        "WW_B9": [
            1.0645880089195776, 
            0.9264947048133823
        ], 
        "WW_B6": [
            1.007669514377166, 
            0.9950578400034322
        ], 
        "WW_B7": [
            1.0193393930770454, 
            0.9816924196996409
        ], 
        "WW_B4": [
            1.0003365614473418, 
            1.003322656270043
        ], 
        "WW_B5": [
            1.0020417317330155, 
            1.00136202187927
        ], 
        "WW_B2": [
            0.9970046359972164, 
            1.0074118798109561
        ], 
        "WW_B3": [
            0.9993462999497741, 
            1.0047484500478607
        ], 
        "WW_B0": [
            0.9920215794918634, 
            1.0124898190640323
        ], 
        "WW_B1": [
            0.9936048437066508, 
            1.0108274449897074
        ]
    }, 
    "pdf_WW": {
        "WW_B8": [
            0.991133619020939, 
            1.0090264447755946
        ], 
        "WW_B9": [
            0.9885482003199559, 
            1.0117202352526775
        ], 
        "WW_B6": [
            0.9893682454869221, 
            1.0108627343632601
        ], 
        "WW_B7": [
            0.9899596996284493, 
            1.0102460471536379
        ], 
        "WW_B4": [
            0.9889207206782548, 
            1.011330343400435
        ],