{
    "PS_ISR": {
        "ggWW_B9": [
            0.9526305943535639, 
            1.0412160651685913
        ], 
        "ggWW_B8": [
            0.9853192443527443, 
            1.0128975588757634
        ], 
        "ggWW_B0": [
            1.0109209243858477, 
            0.9909697829776561
        ], 
        "ggWW_B1": [
            1.0117817304974737, 
            0.9904445593716756
        ], 
        "ggWW_B6": [
            1.0161729783770377, 
            0.9870707188220753
        ], 
        "ggWW_B7": [
            1.0132769780006936, 
            0.9892766533246026
        ], 
        "ggWW_B4": [
            1.013403302526368, 
            0.9893397036254169
        ], 
        "ggWW_B5": [
            1.0140687914098658, 
            0.9888027080775874
        ], 
        "ggWW_B2": [
            1.0105786427725045, 
            0.9914036431616374
        ], 
        "ggWW_B3": [
            1.0112803282676388, 
            0.990986037475622
        ], 
        "WW_B8": [
            0.9967663714861204, 
            1.002244063953002
        ], 
        "WW_B9": [
            0.9952900123518276, 
            1.0039861418037028
        ], 
        "WW_B6": [
            0.9988567887206503, 
            1.0007373479037016
        ], 
        "WW_B7": [
            0.99929074400337, 
            1.0004232391928234
        ], 
        "WW_B4": [
            1.0020886949064984, 
            0.99860006714233
        ], 
        "WW_B5": [
            1.001257962107195, 
            0.9991176872748554
        ], 
        "WW_B2": [
            1.001448895724977, 
            0.9990228276105931
        ], 
        "WW_B3": [
            0.9993585876412927, 
            1.00037915171554
        ], 
        "WW_B0": [
            0.9999742302313062, 
            0.9999912328295275
        ], 
        "WW_B1": [
            1.0036666674910109, 
            0.9973039374928855
        ]
    }, 
    "PS_FSR": {
        "ggWW_B9": [
            0.9995581492795754, 
            1.0003873537059382
        ], 
        "ggWW_B8": [
            0.9998422002264197, 
            1.0002497223258286
        ], 
        "ggWW_B0": [
            0.9982873382413594, 
            1.0009159581067708
        ], 
        "ggWW_B1": [
            1.0012219770142914, 
            1.0001406021830703
        ], 
        "ggWW_B6": [
            1.0018945326611572, 
            0.9999175540314952
        ], 
        "ggWW_B7": [
            1.0002272052417922, 
            0.999632583347752
        ], 
        "ggWW_B4": [
            0.9988139011504361, 
            1.0003994933801243
        ], 
        "ggWW_B5": [
            0.9982680768262507, 
            1.0002622161401478
        ], 
        "ggWW_B2": [
            0.9971062621393908, 
            1.0012847017831614
        ], 
        "ggWW_B3": [
            1.0021219198956417, 
            0.9989131905225126
        ], 
        "WW_B8": [
            1.0019564593588717, 
            0.9972714429385543
        ], 
        "WW_B9": [
            1.0029144447705247, 
            0.9984770456798142
        ], 
        "WW_B6": [
            0.9990891265439179, 
            0.9992071922402106
        ], 
        "WW_B7": [
            1.0017556997854544, 
            1.0005123875899675
        ], 
        "WW_B4": [
            0.9996136176863757, 
            1.0002713091617852
        ], 
        "WW_B5": [
            0.9949844330348253, 
            1.0013914394686356
        ], 
        "WW_B2": [
            1.0113173935081925, 
            0.9948667614705448
        ], 
        "WW_B3": [
            0.9988474941723592, 
            1.000652980767526
        ], 
        "WW_B0": [
            0.999309951786509, 
            0.9993289499158223
        ], 
        "WW_B1": [
            0.9940826345968821, 
            1.0025951886072202
        ]
    }, 
    "QCDscale_WW": {
        "ggWW_B9": [
            1.0, 
            1.0
        ], 
        "ggWW_B8": [
            1.0, 
            1.0
        ], 
        "ggWW_B0": [
            1.0, 
            1.0
        ], 
        "ggWW_B1": [
            1.0, 
            1.0
        ], 
        "ggWW_B6": [
            1.0, 
            1.0
        ], 
        "ggWW_B7": [
            1.0, 
            1.0
        ], 
        "ggWW_B4": [
            1.0, 
            1.0
        ], 
        "ggWW_B5": [
            1.0, 
            1.0
        ], 
        "ggWW_B2": [
            1.0, 
            1.0
        ], 
        "ggWW_B3": [
            1.0, 
            1.0
        ], 
        "WW_B8": [
            0.9724618758395085, 
            1.02294647986799
        ], 
        "WW_B9": [
            0.948500236959708, 
            1.0463168910187362
        ], 
        "WW_B6": [
            0.9864403548439583, 
            1.009377454593713
        ], 
        "WW_B7": [
            0.9810862806475155, 
            1.014481765462145
        ], 
        "WW_B4": [
            0.9912090502185594, 
            1.0047497857323575
        ], 
        "WW_B5": [
            0.9894897371073546, 
            1.0063957293535373
        ], 
        "WW_B2": [
            0.9928303830807393, 
            1.003173198998347
        ], 
        "WW_B3": [
            0.9925303037287057, 
            1.003507971265037
        ], 
        "WW_B0": [
            0.9948498625884363, 
            1.001345454423035
        ], 
        "WW_B1": [
            0.997358198257223, 
            0.9988342378500827
        ]
    }, 
    "CMS_hww_WWresum": {
        "WW_B8": [
            0.973832309159498, 
            1.0646049599634149
        ], 
        "WW_B9": [
            0.992375462949964, 
            1.0177184307098506
        ], 
        "WW_B6": [
            0.9827210731903726, 
            1.0589530882708658
        ], 
        "WW_B7": [
            0.9773942027556161, 
            1.065865371807834
        ], 
        "WW_B4": [
            0.9877587351611947, 
            1.050726806892242
        ], 
        "WW_B5": [
            0.9868553276061665, 
            1.0525542685829146
        ], 
        "WW_B2": [
            0.9909392210288207, 
            1.0456928923188664
        ], 
        "WW_B3": [
            0.9879175670478875, 
            1.050862532186004
        ], 
        "WW_B0": [
            0.9956314557166555, 
            1.0374804338820214
        ], 
        "WW_B1": [
            0.9944201403607233, 
            1.0394001588487645
        ]
    }, 
    "CMS_hww_WWqscale": {
        "WW_B8": [
            1.0417019184232619, 
            0.9569246089932217
        ], 
        "WW_B9": [
            1.06441880000327, 
            0.9267165934753594
        ], 
        "WW_B6": [
            1.0077252873844982, 
            0.9950473948569514
        ], 
        "WW_B7": [
            1.0192133503393817, 
            0.9818073953854471
        ], 
        "WW_B4": [
            1.0000510043534505, 
            1.0035004032431445
        ], 
        "WW_B5": [
            1.0011518344728594, 
            1.0023916556797163
        ], 
        "WW_B2": [
            0.9967044344682713, 
            1.0078487762429191
        ], 
        "WW_B3": [
            0.999938564586907, 
            1.004175629109821
        ], 
        "WW_B0": [
            0.9922876137161812, 
            1.0121886950669476
        ], 
        "WW_B1": [
            0.9937179589634804, 
            1.0107265032671042
        ]
    }, 
    "pdf_WW": {
        "WW_B8": [
            0.9911390992180407, 
            1.00902076498905
        ], 
        "WW_B9": [
            0.9884114956145088, 
            1.0118634639945472
        ], 
        "WW_B6": [
            0.9892659971774717, 
            1.010969496025119
        ], 
        "WW_B7": [
            0.9897904966552049, 
            1.0104223166991966
        ], 
        "WW_B4": [
            0.9887526703845401, 
            1.011506156689242
        ],