{
    "ww2l2v_13TeV_top_1j": {
        "Vg": {
            "Wg": 0.3915017862422543, 
            "Zg": 0.08974616232858675, 
            "ZgS": 0.013528942183169846, 
            "WgS": 0.505223109245989
        }, 
        "Higgs": {
            "qqH_htt": 0.023897736122968968, 
            "qqH_hww": 0.043609850973890515, 
            "ggZH_hww": 0.04054676646750562, 
            "WH_htt": 0.0673131100231332, 
            "ggH_htt": 0.18088277817054965, 
            "WH_hww": 0.11662258833944239, 
            "ggH_hww": 0.3271169407678961, 
            "ttH_hww": 0.13591458839540946, 
            "ZH_htt": 0.021837840876664114, 
            "ZH_hww": 0.042257799862539795
        }
    }, 
    "ww2l2v_13TeV_top_0j": {
        "Vg": {
            "Wg": 0.5947015284800096, 
            "Zg": -0.03502972026934043, 
            "ZgS": 0.17986264052060674, 
            "WgS": 0.260465551268724
        }, 
        "Higgs": {
            "qqH_htt": 0.0, 
            "qqH_hww": 0.018945240519389298, 
            "ggZH_hww": 0.021789025148442994, 
            "WH_htt": 0.09980387115108963, 
            "ggH_htt": 0.012979032576476287, 
            "WH_hww": 0.2062010278096684, 
            "ggH_hww": 0.5839427378112737, 
            "ttH_hww": 0.019572459605788576, 
            "ZH_htt": 0.012683725588306887, 
            "ZH_hww": 0.024082879789564273
        }
    }, 
    "ww2l2v_13TeV_sr_2j_B0": {
        "Vg": {
            "Wg": 0.6186582079199128, 
            "Zg": 0.0476049079450858, 
            "ZgS": 0.02776437529489329, 
            "WgS": 0.30597250884010824
        }, 
        "Higgs": {
            "qqH_htt": 0.003549037335291499, 
            "qqH_hww": 0.20426834553090434, 
            "ggZH_hww": 0.08542790844816558, 
            "WH_htt": 0.00994242361455314, 
            "ggH_htt": 0.0075037105271325445, 
            "WH_hww": 0.08680653521549338, 
            "ggH_hww": 0.5322308160656816, 
            "ttH_hww": 0.03725039097139665, 
            "ZH_htt": 0.002227064495495415, 
            "ZH_hww": 0.030793767795885885
        }
    }, 
    "ww2l2v_13TeV_sr_1j_B0": {
        "Vg": {
            "Wg": 0.5985247584340171, 
            "Zg": 0.06736846698580184, 
            "ZgS": 0.02348943429365536, 
            "WgS": 0.31061734028652577
        }, 
        "Higgs": {
            "qqH_htt": 0.0009854091101428, 
            "qqH_hww": 0.09260098723865726, 
            "ggZH_hww": 0.023150223918700467, 
            "WH_htt": 0.011512453303228592, 
            "ggH_htt": 0.005253376033063569, 
            "WH_hww": 0.06042040788922872, 
            "ggH_hww": 0.7880610287183863, 
            "ttH_hww": 0.0014782695032598023, 
            "ZH_htt": 0.0018464775017197773, 
            "ZH_hww": 0.01469136678361243
        }
    }, 
    "ww2l2v_13TeV_top_2j": {
        "Vg": {
            "Wg": 0.49376396387565963, 
            "Zg": 0.11444711839021358, 
            "ZgS": 0.0777694031092384, 
            "WgS": 0.3140195146248883
        }, 
        "Higgs": {
            "qqH_htt": 0.00808314462056082, 
            "qqH_hww": 0.01198407467974208, 
            "ggZH_hww": 0.028011480467101522, 
            "WH_htt": 0.007647444115240245, 
            "ggH_htt": 0.028974795064632682, 
            "WH_hww": 0.018358092379625914, 
            "ggH_hww": 0.04251367076321949, 
            "ttH_hww": 0.8402363752984034, 
            "ZH_htt": 0.005266979101538203, 
            "ZH_hww": 0.008923943509935604
        }
    }, 
    "ww2l2v_13TeV_sr_0j_B0": {
        "Vg": {
            "Wg": 0.5819053387721497, 
            "Zg": 0.0593847542767424, 
            "ZgS": 0.01329246857301668, 
            "WgS": 0.34541743837809125
        }, 
        "Higgs": {
            "qqH_htt": 0.00011121893075526384, 
            "qqH_hww": 0.010994925760060762, 
            "ggZH_hww": 0.009715951726717095, 
            "WH_htt": 0.006307659515642244, 
            "ggH_htt": 0.0021299927939705267, 
            "WH_hww": 0.030365499772270495, 
            "ggH_hww": 0.9305706082496799, 
            "ttH_hww": 9.564385820889148e-05, 
            "ZH_htt": 0.0016498381842699583, 
            "ZH_hww": 0.008058661208425114
        }
    }
}