{
    "ww2l2v_13TeV_top_1j": {
        "Vg": {
            "Wg": 0.6814448364310519, 
            "Zg": 0.10026031289113908, 
            "ZgS": -0.001515493173747826, 
            "WgS": 0.21981034385155676
        }, 
        "Higgs": {
            "qqH_htt": 0.032155098243388, 
            "qqH_hww": 0.04072147673190252, 
            "ggZH_hww": 0.03497961737132222, 
            "WH_htt": 0.07027423563649295, 
            "ggH_htt": 0.18885594251397048, 
            "WH_hww": 0.1195873433577983, 
            "ggH_hww": 0.3210982610991856, 
            "ttH_hww": 0.12900422279374713, 
            "ZH_htt": 0.02426788275164497, 
            "ZH_hww": 0.03905591950054804
        }
    }, 
    "ww2l2v_13TeV_top_0j": {
        "Vg": {
            "Wg": 0.6203134054787786, 
            "Zg": 0.021512497603018307, 
            "ZgS": 0.17708131220406836, 
            "WgS": 0.1810927847141346
        }, 
        "Higgs": {
            "qqH_htt": 0.0, 
            "qqH_hww": 0.018324696518934584, 
            "ggZH_hww": 0.023290180922580547, 
            "WH_htt": 0.10308798625721768, 
            "ggH_htt": 0.027622560885257934, 
            "WH_hww": 0.20140013733956444, 
            "ggH_hww": 0.5706813616915353, 
            "ttH_hww": 0.018872426501978075, 
            "ZH_htt": 0.012751882937457212, 
            "ZH_hww": 0.02396876694547427
        }
    }, 
    "ww2l2v_13TeV_sr_2j_B0": {
        "Vg": {
            "Wg": 0.7694484014979667, 
            "Zg": 0.0649992893487478, 
            "ZgS": 0.024784892219743573, 
            "WgS": 0.14076741693354206
        }, 
        "Higgs": {
            "qqH_htt": 0.003637507951257416, 
            "qqH_hww": 0.1945242621708258, 
            "ggZH_hww": 0.08489300589083489, 
            "WH_htt": 0.01115228443918396, 
            "ggH_htt": 0.010134086364257687, 
            "WH_hww": 0.08738344604954887, 
            "ggH_hww": 0.5343135612058247, 
            "ttH_hww": 0.0398790668644313, 
            "ZH_htt": 0.002641155972815881, 
            "ZH_hww": 0.03144162309101946
        }
    }, 
    "ww2l2v_13TeV_sr_1j_B0": {
        "Vg": {
            "Wg": 0.7576253284668046, 
            "Zg": 0.07995221055600674, 
            "ZgS": 0.019433845347565704, 
            "WgS": 0.14298861562962306
        }, 
        "Higgs": {
            "qqH_htt": 0.0009026972782535188, 
            "qqH_hww": 0.08985837948281732, 
            "ggZH_hww": 0.02147000307180373, 
            "WH_htt": 0.01231062250422236, 
            "ggH_htt": 0.006364448858549913, 
            "WH_hww": 0.05989082066744291, 
            "ggH_hww": 0.7909811338984966, 
            "ttH_hww": 0.001402332315046544, 
            "ZH_htt": 0.0020856094332504186, 
            "ZH_hww": 0.014733952490116832
        }
    }, 
    "ww2l2v_13TeV_top_2j": {
        "Vg": {
            "Wg": 0.6281627201442556, 
            "Zg": 0.10331566295926706, 
            "ZgS": 0.05918897586915943, 
            "WgS": 0.20933264102731794
        }, 
        "Higgs": {
            "qqH_htt": 0.008510600005387099, 
            "qqH_hww": 0.011297788093398561, 
            "ggZH_hww": 0.025805253454228665, 
            "WH_htt": 0.008036076119439507, 
            "ggH_htt": 0.029371859649944973, 
            "WH_hww": 0.017718430257371513, 
            "ggH_hww": 0.04011354582969853, 
            "ttH_hww": 0.8445992885033922, 
            "ZH_htt": 0.0057282295856907845, 
            "ZH_hww": 0.008818928501448163
        }
    }, 
    "ww2l2v_13TeV_sr_0j_B0": {
        "Vg": {
            "Wg": 0.7516108240510742, 
            "Zg": 0.08293219540381222, 
            "ZgS": 0.016750609790659152, 
            "WgS": 0.1487063707544545
        }, 
        "Higgs": {
            "qqH_htt": 0.00012522508498825756, 
            "qqH_hww": 0.010896011426305153, 
            "ggZH_hww": 0.008585680446649983, 
            "WH_htt": 0.006430346856313316, 
            "ggH_htt": 0.00248103607183689, 
            "WH_hww": 0.029178608765463524, 
            "ggH_hww": 0.9326598919840068, 
            "ttH_hww": 8.940519901832792e-05, 
            "ZH_htt": 0.00181559909068344, 
            "ZH_hww": 0.007738195074734388
        }
    }
}