{
    "ww2l2v_13TeV_top_1j": {
        "Vg": {
            "Wg": 0.4345272684887662, 
            "Zg": 0.0786566821331456, 
            "ZgS": 0.01366637963960457, 
            "WgS": 0.47314966973848366
        }, 
        "Higgs": {
            "qqH_htt": 0.02541057006381048, 
            "qqH_hww": 0.04443030135831319, 
            "ggZH_hww": 0.03764154229411624, 
            "WH_htt": 0.06641952372425974, 
            "ggH_htt": 0.18819597132002217, 
            "WH_hww": 0.11084928115426093, 
            "ggH_hww": 0.3339036836139963, 
            "ttH_hww": 0.12737448694521483, 
            "ZH_htt": 0.022062787458772173, 
            "ZH_hww": 0.04371185206723392
        }
    }, 
    "ww2l2v_13TeV_top_0j": {
        "Vg": {
            "Wg": 0.61554670321992, 
            "Zg": -0.07136599875307467, 
            "ZgS": 0.1862670176085044, 
            "WgS": 0.2695522779246502
        }, 
        "Higgs": {
            "qqH_htt": 0.0, 
            "qqH_hww": 0.0193254490997492, 
            "ggZH_hww": 0.02223514785217869, 
            "WH_htt": 0.09547134610229731, 
            "ggH_htt": 0.013101745100020051, 
            "WH_hww": 0.20378993741559323, 
            "ggH_hww": 0.5958769452376437, 
            "ttH_hww": 0.012965543400310618, 
            "ZH_htt": 0.012626298308589155, 
            "ZH_hww": 0.02460758748361798
        }
    }, 
    "ww2l2v_13TeV_sr_2j_B0": {
        "Vg": {
            "Wg": 0.6166215355248892, 
            "Zg": 0.05394998975314541, 
            "ZgS": 0.028106572807800274, 
            "WgS": 0.30132190191416514
        }, 
        "Higgs": {
            "qqH_htt": 0.003538753264758798, 
            "qqH_hww": 0.20672365598756587, 
            "ggZH_hww": 0.0829360025919043, 
            "WH_htt": 0.009096022320518869, 
            "ggH_htt": 0.007756966879798526, 
            "WH_hww": 0.08485561369785388, 
            "ggH_hww": 0.537695756825012, 
            "ttH_hww": 0.03449160315398118, 
            "ZH_htt": 0.002162497187579653, 
            "ZH_hww": 0.03074312809102698
        }
    }, 
    "ww2l2v_13TeV_sr_1j_B0": {
        "Vg": {
            "Wg": 0.5996447457117174, 
            "Zg": 0.06528833297312639, 
            "ZgS": 0.023071623706531673, 
            "WgS": 0.3119952976086244
        }, 
        "Higgs": {
            "qqH_htt": 0.0009969375564105245, 
            "qqH_hww": 0.09262136385329581, 
            "ggZH_hww": 0.02219175862965876, 
            "WH_htt": 0.010720131723448337, 
            "ggH_htt": 0.0052522424648404, 
            "WH_hww": 0.05846844740551312, 
            "ggH_hww": 0.7921598051331247, 
            "ttH_hww": 0.0012903519917226217, 
            "ZH_htt": 0.0017960870037639761, 
            "ZH_hww": 0.014502874238221757
        }
    }, 
    "ww2l2v_13TeV_top_2j": {
        "Vg": {
            "Wg": 0.51414113532951, 
            "Zg": 0.10033424714033101, 
            "ZgS": 0.07098731036965758, 
            "WgS": 0.31453730716050143
        }, 
        "Higgs": {
            "qqH_htt": 0.008542574683465875, 
            "qqH_hww": 0.012999042297217447, 
            "ggZH_hww": 0.02931827176583208, 
            "WH_htt": 0.007823514124567941, 
            "ggH_htt": 0.03134044151299217, 
            "WH_hww": 0.018783673246926837, 
            "ggH_hww": 0.04626991352752144, 
            "ttH_hww": 0.8298173717490802, 
            "ZH_htt": 0.005682527914574756, 
            "ZH_hww": 0.009422669177821114
        }
    }, 
    "ww2l2v_13TeV_sr_0j_B0": {
        "Vg": {
            "Wg": 0.5810893688175872, 
            "Zg": 0.05965330312076245, 
            "ZgS": 0.013563544541228125, 
            "WgS": 0.3456937835204223
        }, 
        "Higgs": {
            "qqH_htt": 0.0001114810883601293, 
            "qqH_hww": 0.011005991437207338, 
            "ggZH_hww": 0.009324754695063182, 
            "WH_htt": 0.005957362470739862, 
            "ggH_htt": 0.002133474513266811, 
            "WH_hww": 0.029511292113885677, 
            "ggH_hww": 0.9323677249926774, 
            "ttH_hww": 9.584805192221507e-05, 
            "ZH_htt": 0.0016014322702070313, 
            "ZH_hww": 0.007890638366670213
        }
    }
}