{
    "ww2l2v_13TeV_top_1j": {
        "Vg": {
            "Wg": 0.39247925116921556, 
            "Zg": 0.08861989211863668, 
            "ZgS": 0.013523600125341994, 
            "WgS": 0.5053772565868058
        }, 
        "Higgs": {
            "qqH_htt": 0.023876054446947244, 
            "qqH_hww": 0.04359235576371029, 
            "ggZH_hww": 0.04040995786467946, 
            "WH_htt": 0.06720775245702425, 
            "ggH_htt": 0.18098410013362656, 
            "WH_hww": 0.1164711152457846, 
            "ggH_hww": 0.3274194348925395, 
            "ttH_hww": 0.13606597369435858, 
            "ZH_htt": 0.021841259478722706, 
            "ZH_hww": 0.04213199602260673
        }
    }, 
    "ww2l2v_13TeV_top_0j": {
        "Vg": {
            "Wg": 0.5939660049067923, 
            "Zg": -0.034434489540612796, 
            "ZgS": 0.18003614498135875, 
            "WgS": 0.26043233965246176
        }, 
        "Higgs": {
            "qqH_htt": 0.0, 
            "qqH_hww": 0.01898522765450018, 
            "ggZH_hww": 0.021893879633253295, 
            "WH_htt": 0.09989431483860542, 
            "ggH_htt": 0.013015543944797503, 
            "WH_hww": 0.20625190637632138, 
            "ggH_hww": 0.5834950653095243, 
            "ttH_hww": 0.01959865399041284, 
            "ZH_htt": 0.01273609492802509, 
            "ZH_hww": 0.024129313324560017
        }
    }, 
    "ww2l2v_13TeV_sr_2j_B0": {
        "Vg": {
            "Wg": 0.6186938343899933, 
            "Zg": 0.04726006690793693, 
            "ZgS": 0.027889697605677836, 
            "WgS": 0.3061564010963919
        }, 
        "Higgs": {
            "qqH_htt": 0.003551410708540229, 
            "qqH_hww": 0.2042636200085942, 
            "ggZH_hww": 0.08548273799656395, 
            "WH_htt": 0.009923726049520853, 
            "ggH_htt": 0.007492577819533976, 
            "WH_hww": 0.08673094427773713, 
            "ggH_hww": 0.5323210075014865, 
            "ttH_hww": 0.03723081431375013, 
            "ZH_htt": 0.0022278782710680265, 
            "ZH_hww": 0.030775283053204948
        }
    }, 
    "ww2l2v_13TeV_sr_1j_B0": {
        "Vg": {
            "Wg": 0.5982329054708766, 
            "Zg": 0.06711530493701025, 
            "ZgS": 0.02352682231350072, 
            "WgS": 0.31112496727861244
        }, 
        "Higgs": {
            "qqH_htt": 0.0009834088740876975, 
            "qqH_hww": 0.09258548128361117, 
            "ggZH_hww": 0.023168739779937372, 
            "WH_htt": 0.011507853393265956, 
            "ggH_htt": 0.005244780325401823, 
            "WH_hww": 0.06033610489853841, 
            "ggH_hww": 0.7881816324912492, 
            "ttH_hww": 0.0014757627764074492, 
            "ZH_htt": 0.0018449739696261595, 
            "ZH_hww": 0.014671262207874793
        }
    }, 
    "ww2l2v_13TeV_top_2j": {
        "Vg": {
            "Wg": 0.4925695629270634, 
            "Zg": 0.11490928605856522, 
            "ZgS": 0.07763863711371584, 
            "WgS": 0.3148825139006555
        }, 
        "Higgs": {
            "qqH_htt": 0.008080278517062769, 
            "qqH_hww": 0.011983913211240326, 
            "ggZH_hww": 0.02804860729696633, 
            "WH_htt": 0.007634745512674891, 
            "ggH_htt": 0.028947783966373614, 
            "WH_hww": 0.01837234864304107, 
            "ggH_hww": 0.04247197910231976, 
            "ttH_hww": 0.8402691360365409, 
            "ZH_htt": 0.005262909263867627, 
            "ZH_hww": 0.008928298449912723
        }
    }, 
    "ww2l2v_13TeV_sr_0j_B0": {
        "Vg": {
            "Wg": 0.581383256893304, 
            "Zg": 0.059078674877246974, 
            "ZgS": 0.013232532726678601, 
            "WgS": 0.34630553550277043
        }, 
        "Higgs": {
            "qqH_htt": 0.00011034960284192671, 
            "qqH_hww": 0.010989543844840516, 
            "ggZH_hww": 0.009728164798485246, 
            "WH_htt": 0.0063004828926811725, 
            "ggH_htt": 0.0021275741669662157, 
            "WH_hww": 0.030346040239957645, 
            "ggH_hww": 0.9305976680757914, 
            "ttH_hww": 9.565919638368929e-05, 
            "ZH_htt": 0.00164915566749659, 
            "ZH_hww": 0.008055361514555768
        }
    }
}