{
    "PS_ISR": {
        "ggWW_B0": [
            1.000739355768823, 
            0.999317602315082
        ], 
        "WW_B0": [
            0.9999166228495338, 
            1.0000659995931545
        ]
    }, 
    "PS_FSR": {
        "ggWW_B0": [
            0.9999767143477388, 
            0.9999108692016769
        ], 
        "WW_B0": [
            1.000372651434125, 
            1.0004697766470525
        ]
    }, 
    "QCDscale_uR_WW": {
        "WW_B0": [
            0.9837367406284788, 
            1.016837677560125
        ]
    }, 
    "QCDscale_uF_WW": {
        "WW_B0": [
            1.001631723294983, 
            0.9989939537507133
        ]
    }, 
    "pdf_WW": {
        "WW_B0": [
            0.9999694154747054, 
            1.0000305863962353
        ]
    }
}