{
    "PS_ISR": {
        "WW_minnlo_B0": [
            0.9999166228495338, 
            1.0000659995931545
        ], 
        "ggWW_B0": [
            1.000739355768823, 
            0.9993176023150823
        ]
    }, 
    "PS_FSR": {
        "WW_minnlo_B0": [
            1.000372651434125, 
            1.0004697766470525
        ], 
        "ggWW_B0": [
            0.9999767143477388, 
            0.9999108692016769
        ]
    }, 
    "QCDscale_WW": {
        "WW_minnlo_B0": [
            0.982723843410857, 
            1.014079927842263
        ], 
        "ggWW_B0": [
            1.0, 
            1.0
        ]
    }, 
    "pdf_WW": {
        "WW_minnlo_B0": [
            0.9999694154747054, 
            1.0000305863962353
        ]
    }
}