{
    "PS_ISR": {
        "ggWW_B0": [
            1.0007393557688224, 
            0.9993176023150823
        ], 
        "WW_B0": [
            0.9993943047800127, 
            1.000485635213205
        ]
    }, 
    "PS_FSR": {
        "ggWW_B0": [
            0.9999767143477388, 
            0.9999108692016769
        ], 
        "WW_B0": [
            1.0005755623843111, 
            0.9994797432521726
        ]
    }, 
    "QCDscale_WW": {
        "ggWW_B0": [
            1.0, 
            1.0
        ], 
        "WW_B0": [
            0.9827219625140049, 
            1.0125871508811597
        ]
    }, 
    "CMS_hww_WWresum": {
        "WW_B0": [
            0.9866619638067977, 
            1.0478446551055594
        ]
    }, 
    "CMS_hww_WWqscale": {
        "WW_B0": [
            1.0136232145723763, 
            0.9863544591857213
        ]
    }, 
    "pdf_WW": {
        "WW_B0": [
            0.9900882664805511, 
            1.0101121922287872
        ]
    }
}