{
    "PS_ISR": {
        "ggWW_B0": [
            1.0008577574599389, 
            0.9992108967279986
        ], 
        "WW_B0": [
            0.9995190070662345,
            1.0003873952119187            
        ]
    }, 
    "PS_FSR": {
        "ggWW_B0": [
            1.0000086612244037, 
            1.000119949878751
        ], 
        "WW_B0": [
            1.0004585994163004, 
            0.9993812739344954
        ]
    }, 
    "QCDscale_WW": {
        "ggWW_B0": [
            1.0, 
            1.0
        ], 
        "WW_B0": [
            0.9829464466329704, 
            1.0123637595901036
        ]
    }, 
    "CMS_hww_WWresum": {
        "WW_B0": [
            0.9866762939620833, 
            1.0478925147891354
        ]
    }, 
    "CMS_hww_WWqscale": {
        "WW_B0": [
            1.0134460237165455,
            0.9865977446954217
        ]
    }, 
    "pdf_WW": {
        "WW_B0": [
            0.9894048503310868, 
            1.0108245245850602
        ]
    }
}
