{
    "PS_ISR": {
        "ggWW_B0": [
            1.0007393557688227, 
            0.9993176023150823
        ], 
        "WW_B0": [
            0.9999166228495342, 
            1.0000659995931545
        ]
    }, 
    "PS_FSR": {
        "ggWW_B0": [
            0.9999767143477388, 
            0.9999108692016769
        ], 
        "WW_B0": [
            1.000372651434125, 
            1.0004697766470527
        ]
    }, 
    "QCDscale_WW": {
        "ggWW_B0": [
            1.0, 
            1.0
        ], 
        "WW_B0": [
            0.9827238434108573, 
            1.014079927842263
        ]
    }, 
    "pdf_WW": {
        "WW_B0": [
            0.9999694154747053, 
            1.0000305863962355
        ]
    }
}