{
    "PS_ISR": {
        "ggWW_B0": [
            1.00073935577157, 
            0.9993176023178383
        ], 
        "WW_B0": [
            0.9993943047800196, 
            1.0004856352132148
        ]
    }, 
    "PS_FSR": {
        "ggWW_B0": [
            0.9999767143505027, 
            0.9999108692044282
        ], 
        "WW_B0": [
            1.0005755623843309, 
            0.9994797432521884
        ]
    }, 
    "QCDscale_WW": {
        "ggWW_B0": [
            1.0, 
            1.0
        ], 
        "WW_B0": [
            0.9827219625140134, 
            1.0125871508811675
        ]
    }, 
    "CMS_hww_WWresum": {
        "WW_B0": [
            0.9866619638067968, 
            1.0478446551055787
        ]
    }, 
    "CMS_hww_WWqscale": {
        "WW_B0": [
            1.0136232145724065, 
            0.9863544591857284
        ]
    }, 
    "pdf_WW": {
        "WW_B0": [
            0.989567105179316, 
            1.0106552244935478
        ]
    }
}