{
    "ww2l2v_13TeV_sr_2j_B11": {
        "Vg": {
            "Wg": 0.810782388116377, 
            "Zg": -0.10731857551511244, 
            "ZgS": -0.03357161684504995, 
            "WgS": 0.33010780424378533
        }, 
        "Higgs": {
            "qqH_htt": 0.0018945065064603123, 
            "qqH_hww": 0.08966797299164836, 
            "ggZH_hww": 0.13646529272755595, 
            "WH_htt": 0.011688537345598177, 
            "ggH_htt": 0.0, 
            "WH_hww": 0.11289081407051356, 
            "ggH_hww": 0.5553331183557738, 
            "ttH_hww": 0.05019938893855664, 
            "ZH_htt": 0.0029700683395553367, 
            "ZH_hww": 0.03889030072433773
        }
    }, 
    "ww2l2v_13TeV_sr_2j_B10": {
        "Vg": {
            "Wg": 0.6132443877754663, 
            "Zg": 0.08226378444765815, 
            "ZgS": 0.03735193535471383, 
            "WgS": 0.26713989242216185
        }, 
        "Higgs": {
            "qqH_htt": 0.001957488091287642, 
            "qqH_hww": 0.0929125935319142, 
            "ggZH_hww": 0.08966156100628671, 
            "WH_htt": 0.013193973197664913, 
            "ggH_htt": 0.004538726358252503, 
            "WH_hww": 0.10392250006018239, 
            "ggH_hww": 0.618822075735892, 
            "ttH_hww": 0.038547559457149265, 
            "ZH_htt": 0.002400102372584974, 
            "ZH_hww": 0.03404342018878549
        }
    }, 
    "ww2l2v_13TeV_sr_2j_B13": {
        "Vg": {
            "Wg": 0.7621499916315704, 
            "Zg": 0.054998076442530734, 
            "ZgS": 0.009714799603035607, 
            "WgS": 0.17313713232286335
        }, 
        "Higgs": {
            "qqH_htt": 0.0008797053973343315, 
            "qqH_hww": 0.11545476955900345, 
            "ggZH_hww": 0.12512609435653863, 
            "WH_htt": 0.008195136031060486, 
            "ggH_htt": 0.005325478025070149, 
            "WH_hww": 0.10848257855872233, 
            "ggH_hww": 0.5558736034390199, 
            "ttH_hww": 0.04662883411362098, 
            "ZH_htt": 0.0016953847398198856, 
            "ZH_hww": 0.032338415779809816
        }
    }, 
    "ww2l2v_13TeV_sr_2j_B12": {
        "Vg": {
            "Wg": 0.6815141359915302, 
            "Zg": 0.07843795130465735, 
            "ZgS": 0.01218665855273239, 
            "WgS": 0.22786125415108008
        }, 
        "Higgs": {
            "qqH_htt": 0.0005505641127388893, 
            "qqH_hww": 0.09184259656666316, 
            "ggZH_hww": 0.15168707413831092, 
            "WH_htt": 0.009003957591414667, 
            "ggH_htt": 0.009381578190235869, 
            "WH_hww": 0.1074320287824679, 
            "ggH_hww": 0.5481006088337533, 
            "ttH_hww": 0.04267152399091417, 
            "ZH_htt": 0.0018207502621153436, 
            "ZH_hww": 0.03750931753138595
        }
    }, 
    "ww2l2v_13TeV_top_2j": {
        "Vg": {
            "Wg": 0.6692278957545971, 
            "Zg": 0.10659802779963506, 
            "ZgS": 0.023458976342181692, 
            "WgS": 0.20071510010358612
        }, 
        "Higgs": {
            "qqH_htt": 0.006415784739474695, 
            "qqH_hww": 0.0070973660514031065, 
            "ggZH_hww": 0.024475123039770164, 
            "WH_htt": 0.008604335039687407, 
            "ggH_htt": 0.023237363344796574, 
            "WH_hww": 0.019609999862186072, 
            "ggH_hww": 0.035232356034743964, 
            "ttH_hww": 0.860383851764978, 
            "ZH_htt": 0.005843530153976564, 
            "ZH_hww": 0.009100289968983476
        }
    }, 
    "ww2l2v_13TeV_sr_2j_B5": {
        "Vg": {
            "Wg": 0.6052583190884357, 
            "Zg": 0.1086237553844021, 
            "ZgS": 0.042783920265134, 
            "WgS": 0.24333400526202828
        }, 
        "Higgs": {
            "qqH_htt": 0.0035246637575769135, 
            "qqH_hww": 0.12174934882437187, 
            "ggZH_hww": 0.09861424801956495, 
            "WH_htt": 0.019354406241186492, 
            "ggH_htt": 0.007826641082228613, 
            "WH_hww": 0.1125725402653025, 
            "ggH_hww": 0.5163336116894365, 
            "ttH_hww": 0.06754480318262421, 
            "ZH_htt": 0.003281475381985698, 
            "ZH_hww": 0.049198261555722336
        }
    }, 
    "ww2l2v_13TeV_sr_2j_B4": {
        "Vg": {
            "Wg": 0.6475779642733202, 
            "Zg": 0.03621153487072341, 
            "ZgS": -0.007360060966377274, 
            "WgS": 0.32357056182233385
        }, 
        "Higgs": {
            "qqH_htt": 0.0, 
            "qqH_hww": 0.09659681514698495, 
            "ggZH_hww": 0.08292052898234628, 
            "WH_htt": 0.015702722687039348, 
            "ggH_htt": 0.017275986673763597, 
            "WH_hww": 0.09029658760269843, 
            "ggH_hww": 0.5963021707190782, 
            "ttH_hww": 0.0642436560176634, 
            "ZH_htt": 0.0029650189912878958, 
            "ZH_hww": 0.033696513179137806
        }
    }, 
    "ww2l2v_13TeV_sr_2j_B7": {
        "Vg": {
            "Wg": 0.7122489109405098, 
            "Zg": 0.04861680817782633, 
            "ZgS": 0.050017886825247285, 
            "WgS": 0.1891163940564166
        }, 
        "Higgs": {
            "qqH_htt": 0.004829768688864206, 
            "qqH_hww": 0.1169847976343441, 
            "ggZH_hww": 0.11744880614006643, 
            "WH_htt": 0.014987576833828509, 
            "ggH_htt": 0.002805638967411726, 
            "WH_hww": 0.13115968315042426, 
            "ggH_hww": 0.4434792179826856, 
            "ttH_hww": 0.1113455683906762, 
            "ZH_htt": 0.0039224987424622835, 
            "ZH_hww": 0.05303644346923679
        }
    }, 
    "ww2l2v_13TeV_sr_2j_B6": {
        "Vg": {
            "Wg": 0.6499026272034913, 
            "Zg": 0.06718255247865804, 
            "ZgS": 0.031634036380492336, 
            "WgS": 0.2512807839373583
        }, 
        "Higgs": {
            "qqH_htt": 0.00035022304569050095, 
            "qqH_hww": 0.12571346775622558, 
            "ggZH_hww": 0.112149447830882, 
            "WH_htt": 0.020597503876864428, 
            "ggH_htt": 0.009110944144966507, 
            "WH_hww": 0.14581966139425867, 
            "ggH_hww": 0.43348696426126887, 
            "ttH_hww": 0.1019666806402397, 
            "ZH_htt": 0.006570295890542369, 
            "ZH_hww": 0.044234811159061416
        }
    }, 
    "ww2l2v_13TeV_sr_2j_B1": {
        "Vg": {
            "Wg": 0.643766920961709, 
            "Zg": 0.06159072164566768, 
            "ZgS": 0.07126940821439492, 
            "WgS": 0.22337294917822845
        }, 
        "Higgs": {
            "qqH_htt": 0.0012082822659621342, 
            "qqH_hww": 0.08949653692965864, 
            "ggZH_hww": 0.13639328303784284, 
            "WH_htt": 0.007919917169528574, 
            "ggH_htt": 0.011433551525926943, 
            "WH_hww": 0.12323076307039975, 
            "ggH_hww": 0.5475273104122004, 
            "ttH_hww": 0.043091165149567096, 
            "ZH_htt": 0.002494364469451953, 
            "ZH_hww": 0.03720482596946155
        }
    }, 
    "ww2l2v_13TeV_sr_2j_B0": {
        "Vg": {
            "Wg": 0.7222313907351483, 
            "Zg": 0.08860481464825484, 
            "ZgS": 0.0, 
            "WgS": 0.18916379461659688
        }, 
        "Higgs": {
            "qqH_htt": 0.0012948416608779944, 
            "qqH_hww": 0.10180633164074251, 
            "ggZH_hww": 0.13553897775081142, 
            "WH_htt": 0.009440241225576018, 
            "ggH_htt": 0.004549478841693285, 
            "WH_hww": 0.1150511158257769, 
            "ggH_hww": 0.5620873462891728, 
            "ttH_hww": 0.03501095014565588, 
            "ZH_htt": 0.003075698786903135, 
            "ZH_hww": 0.0321450178327901
        }
    }, 
    "ww2l2v_13TeV_sr_2j_B3": {
        "Vg": {
            "Wg": 0.7702228791018448, 
            "Zg": 0.041637882148552574, 
            "ZgS": 0.012121812500358814, 
            "WgS": 0.17601742624924369
        }, 
        "Higgs": {
            "qqH_htt": 0.00033358294597640763,