{
    "ww2l2v_13TeV_sr_2j_B11": {
        "Vg": {
            "Wg": 0.6894113227459103, 
            "Zg": -0.04100848618151434, 
            "ZgS": -0.06621747472848642, 
            "WgS": 0.41781463816409037
        }, 
        "Higgs": {
            "qqH_htt": 0.002160225830486682, 
            "qqH_hww": 0.09330758142497986, 
            "ggZH_hww": 0.136558660565022, 
            "WH_htt": 0.010569503074466136, 
            "ggH_htt": 0.0, 
            "WH_hww": 0.1091529555855146, 
            "ggH_hww": 0.5595800737954266, 
            "ttH_hww": 0.04931315892289172, 
            "ZH_htt": 0.0022254007520948068, 
            "ZH_hww": 0.03713244004911758
        }
    }, 
    "ww2l2v_13TeV_sr_2j_B10": {
        "Vg": {
            "Wg": 0.646382805257752, 
            "Zg": 0.0909774105474316, 
            "ZgS": 0.035291234515166636, 
            "WgS": 0.22734854967964988
        }, 
        "Higgs": {
            "qqH_htt": 0.002361451215432107, 
            "qqH_hww": 0.09955985603494222, 
            "ggZH_hww": 0.09485867735676291, 
            "WH_htt": 0.013099420875764385, 
            "ggH_htt": 0.0027069498671807423, 
            "WH_hww": 0.10323235036045791, 
            "ggH_hww": 0.6117894093004174, 
            "ttH_hww": 0.036062159154200066, 
            "ZH_htt": 0.0010676832082449192, 
            "ZH_hww": 0.03526204262659738
        }
    }, 
    "ww2l2v_13TeV_sr_2j_B13": {
        "Vg": {
            "Wg": 0.7787277954015517, 
            "Zg": 0.026222019147375476, 
            "ZgS": 0.016313417383254845, 
            "WgS": 0.17873676806781807
        }, 
        "Higgs": {
            "qqH_htt": 0.0, 
            "qqH_hww": 0.11457751529819979, 
            "ggZH_hww": 0.12540598893673485, 
            "WH_htt": 0.007687871968231708, 
            "ggH_htt": 0.006106087624283212, 
            "WH_hww": 0.10725875664143426, 
            "ggH_hww": 0.5569036587021841, 
            "ttH_hww": 0.05028426017733657, 
            "ZH_htt": 0.0014827815642781395, 
            "ZH_hww": 0.030293079087317286
        }
    }, 
    "ww2l2v_13TeV_sr_2j_B12": {
        "Vg": {
            "Wg": 0.6415197311784457, 
            "Zg": 0.10666629814810717, 
            "ZgS": 0.022327666300647222, 
            "WgS": 0.2294863043727998
        }, 
        "Higgs": {
            "qqH_htt": 0.0, 
            "qqH_hww": 0.09161949506528391, 
            "ggZH_hww": 0.15780227376683628, 
            "WH_htt": 0.0078168238823748, 
            "ggH_htt": 0.00935982380245265, 
            "WH_hww": 0.10809095187847666, 
            "ggH_hww": 0.5438003131138486, 
            "ttH_hww": 0.0425530333283072, 
            "ZH_htt": 0.0015029480356222441, 
            "ZH_hww": 0.03745433712679774
        }
    }, 
    "ww2l2v_13TeV_top_2j": {
        "Vg": {
            "Wg": 0.6213403909494044, 
            "Zg": 0.06411867292447945, 
            "ZgS": 0.045799021435057194, 
            "WgS": 0.26874191469105885
        }, 
        "Higgs": {
            "qqH_htt": 0.0063424098875287825, 
            "qqH_hww": 0.007258627875398396, 
            "ggZH_hww": 0.026489269694988424, 
            "WH_htt": 0.007564305521225969, 
            "ggH_htt": 0.021093902979556402, 
            "WH_hww": 0.019663033582776938, 
            "ggH_hww": 0.03592232858014234, 
            "ttH_hww": 0.8611544879450429, 
            "ZH_htt": 0.00542355740224423, 
            "ZH_hww": 0.009088076531095654
        }
    }, 
    "ww2l2v_13TeV_sr_2j_B5": {
        "Vg": {
            "Wg": 0.5595583451891495, 
            "Zg": 0.11824116500180912, 
            "ZgS": 0.04158336058153814, 
            "WgS": 0.28061712922750326
        }, 
        "Higgs": {
            "qqH_htt": 0.0030381948937930727, 
            "qqH_hww": 0.12608514604378004, 
            "ggZH_hww": 0.10021053084599309, 
            "WH_htt": 0.018069769529089442, 
            "ggH_htt": 0.004971969756788721, 
            "WH_hww": 0.11388364530671212, 
            "ggH_hww": 0.5148081007198835, 
            "ttH_hww": 0.06609605064683159, 
            "ZH_htt": 0.0033043750035951242, 
            "ZH_hww": 0.0495322172535333
        }
    }, 
    "ww2l2v_13TeV_sr_2j_B4": {
        "Vg": {
            "Wg": 0.41290083454264914, 
            "Zg": 0.05469002503000341, 
            "ZgS": 0.07278471381036455, 
            "WgS": 0.459624426616983
        }, 
        "Higgs": {
            "qqH_htt": 0.0, 
            "qqH_hww": 0.0962984079682252, 
            "ggZH_hww": 0.08973195975007497, 
            "WH_htt": 0.014080993410249865, 
            "ggH_htt": 0.018876525244788632, 
            "WH_hww": 0.08693285685420868, 
            "ggH_hww": 0.5986971573487992, 
            "ttH_hww": 0.059325158613873635, 
            "ZH_htt": 0.0029818699374062375, 
            "ZH_hww": 0.033075070872373546
        }
    }, 
    "ww2l2v_13TeV_sr_2j_B7": {
        "Vg": {
            "Wg": 0.6415489174733822, 
            "Zg": 0.03678837410018337, 
            "ZgS": 0.04498192945585357, 
            "WgS": 0.27668077897058097
        }, 
        "Higgs": {
            "qqH_htt": 0.004179511945672873, 
            "qqH_hww": 0.12340073452171814, 
            "ggZH_hww": 0.12182677534285682, 
            "WH_htt": 0.013348536199546379, 
            "ggH_htt": 0.003406565729947097, 
            "WH_hww": 0.13074190950407913, 
            "ggH_hww": 0.44455668876087784, 
            "ttH_hww": 0.1036003084485235, 
            "ZH_htt": 0.0027015503735140396, 
            "ZH_hww": 0.05223741917326421
        }
    }, 
    "ww2l2v_13TeV_sr_2j_B6": {
        "Vg": {
            "Wg": 0.5924076450473245, 
            "Zg": 0.02919591375643646, 
            "ZgS": 0.04382304794706741, 
            "WgS": 0.3345733932491716
        }, 
        "Higgs": {
            "qqH_htt": 0.0004213944342220037, 
            "qqH_hww": 0.12915375362637468, 
            "ggZH_hww": 0.11437649287348214, 
            "WH_htt": 0.018709708075503918, 
            "ggH_htt": 0.010940950417181553, 
            "WH_hww": 0.14807150303596195, 
            "ggH_hww": 0.4245359776916113, 
            "ttH_hww": 0.10153389913842707, 
            "ZH_htt": 0.005589924787050199, 
            "ZH_hww": 0.046666395920185184
        }
    }, 
    "ww2l2v_13TeV_sr_2j_B1": {
        "Vg": {
            "Wg": 0.6144220929557331, 
            "Zg": 0.06672558028031673, 
            "ZgS": 0.028911238564565265, 
            "WgS": 0.28994108819938486
        }, 
        "Higgs": {
            "qqH_htt": 0.000930625115632541, 
            "qqH_hww": 0.09078337277100108, 
            "ggZH_hww": 0.1414549163246217, 
            "WH_htt": 0.00728451256143018, 
            "ggH_htt": 0.01067791509301273, 
            "WH_hww": 0.12121107388500464, 
            "ggH_hww": 0.5513075688918107, 
            "ttH_hww": 0.038398887057474435, 
            "ZH_htt": 0.0021025096028137696, 
            "ZH_hww": 0.035848618697198346
        }
    }, 
    "ww2l2v_13TeV_sr_2j_B0": {
        "Vg": {
            "Wg": 0.5022807947271136, 
            "Zg": 0.13761107426319458, 
            "ZgS": 0.0, 
            "WgS": 0.3601081310096919
        }, 
        "Higgs": {
            "qqH_htt": 0.0014834122395916177, 
            "qqH_hww": 0.10270213167456019, 
            "ggZH_hww": 0.1382348515596234, 
            "WH_htt": 0.008564183702016843, 
            "ggH_htt": 0.005169817611896577, 
            "WH_hww": 0.11162880464558476, 
            "ggH_hww": 0.5576293310162955, 
            "ttH_hww": 0.03805708058592254, 
            "ZH_htt": 0.002416366395630466, 
            "ZH_hww": 0.03411402056887812
        }
    }, 
    "ww2l2v_13TeV_sr_2j_B3": {
        "Vg": {
            "Wg": 0.7348363985049572, 
            "Zg": 0.043567660106713195, 
            "ZgS": 0.001960010012810073, 
            "WgS": 0.2196359313755195
        }, 
        "Higgs": {
            "qqH_htt": 0.00039042717298772397, 
            "qqH_hww": 0.09622569669941705,