{
    "PS_ISR": {
        "ggWW_B10": [
            0.8815322391708734, 
            1.1124854154939674
        ], 
        "ggWW_B11": [
            0.8890015706088344, 
            1.1049864429872593
        ], 
        "ggWW_B12": [
            0.896099901474467, 
            1.0971580162042607
        ], 
        "ggWW_B13": [
            0.8927935757185308, 
            1.1004912973721963
        ], 
        "ggWW_B6": [
            0.8906953933514057, 
            1.1020831298942928
        ], 
        "ggWW_B7": [
            0.8908574943731381, 
            1.1019767879451832
        ], 
        "ggWW_B4": [
            0.8848251862499177, 
            1.1099301929381937
        ], 
        "ggWW_B5": [
            0.8821239038630772, 
            1.1123038347521896
        ], 
        "ggWW_B2": [
            0.8876318776072584, 
            1.1061755232410668
        ], 
        "ggWW_B3": [
            0.8856373396567013, 
            1.1088455482323518
        ], 
        "ggWW_B0": [
            0.8934858853432519, 
            1.0999942920245624
        ], 
        "ggWW_B1": [
            0.8939239538391713, 
            1.0996128744777012
        ], 
        "ggWW_B8": [
            0.8802382705521469, 
            1.1142434823157885
        ], 
        "ggWW_B9": [
            0.885315986069246, 
            1.1090194623324667
        ], 
        "WW_B10": [
            0.9394352717125578, 
            1.0538113182639712
        ], 
        "WW_B11": [
            0.9438439746387752, 
            1.0478326055134275
        ], 
        "WW_B12": [
            0.9678217655128974, 
            1.0287066611909752
        ], 
        "WW_B13": [
            0.9646158154215477, 
            1.030969186445119
        ], 
        "WW_B8": [
            0.9423399424358824, 
            1.0500003811534437
        ], 
        "WW_B9": [
            0.9478698670717058, 
            1.0459933210726777
        ], 
        "WW_B6": [
            0.9525025632997023, 
            1.041951823281673
        ], 
        "WW_B7": [
            0.9487810766614573, 
            1.0455189353147196
        ], 
        "WW_B4": [
            0.9454861224808981, 
            1.0488673851973371
        ], 
        "WW_B5": [
            0.9381826955368521, 
            1.0545592155058123
        ], 
        "WW_B2": [
            0.953421950216347, 
            1.0397459742806046
        ], 
        "WW_B3": [
            0.9450892289952597, 
            1.0474492776935496
        ], 
        "WW_B0": [
            0.9669442834844474, 
            1.0280756725932443
        ], 
        "WW_B1": [
            0.9587969295603043, 
            1.0354206362336547
        ]
    }, 
    "PS_FSR": {
        "ggWW_B10": [
            1.021013012859335, 
            0.9829867285538505
        ], 
        "ggWW_B11": [
            1.0183867722832596, 
            0.9903953931090589
        ], 
        "ggWW_B12": [
            1.0131422310262124, 
            0.9960717543900303
        ], 
        "ggWW_B13": [
            1.0175414742612103, 
            0.9941743931454325
        ], 
        "ggWW_B6": [
            1.0390754990573303, 
            0.9805881616090788
        ], 
        "ggWW_B7": [
            1.04465076749525, 
            0.9736415983584442
        ], 
        "ggWW_B4": [
            1.0160328042891649, 
            0.9878412034549786
        ], 
        "ggWW_B5": [
            1.0300349588695237, 
            0.9820409512072488
        ], 
        "ggWW_B2": [
            1.0094436949321859, 
            0.9970995788767609
        ], 
        "ggWW_B3": [
            1.0148841039581926, 
            0.9900172384936266
        ], 
        "ggWW_B0": [
            1.0251551828608412, 
            0.9895266643323721
        ], 
        "ggWW_B1": [
            1.0031194881530499, 
            1.000329867420675
        ], 
        "ggWW_B8": [
            1.034712554952667, 
            0.9820568549556529
        ], 
        "ggWW_B9": [
            1.0360252619954708, 
            0.9831806036396089
        ], 
        "WW_B10": [
            0.9814678310229175, 
            0.991857398253147
        ], 
        "WW_B11": [
            0.9758290144885572, 
            1.0034253108349682
        ], 
        "WW_B12": [
            1.0311468010712463, 
            1.0025506167971223
        ], 
        "WW_B13": [
            0.9874419047303179, 
            1.0040466422274326
        ], 
        "WW_B8": [
            1.0286876695745333, 
            0.9845243853441533
        ], 
        "WW_B9": [
            0.9674840095189732, 
            1.0012208303758154
        ], 
        "WW_B6": [
            1.0097795961342126, 
            0.9865981555957487
        ], 
        "WW_B7": [
            1.0292112435146896, 
            0.978984904037571
        ], 
        "WW_B4": [
            1.0230597772382946, 
            0.9964647783808598
        ], 
        "WW_B5": [
            0.9650893226519804, 
            1.005953619466844
        ], 
        "WW_B2": [
            0.9859119655069569, 
            1.0032836807843744
        ], 
        "WW_B3": [
            1.0197086688591082, 
            0.9809251193372638
        ], 
        "WW_B0": [
            0.9874987029121762, 
            0.9987358917073699
        ], 
        "WW_B1": [
            0.9620072760211901, 
            1.0142212293038348
        ]
    }, 
    "QCDscale_WW": {
        "ggWW_B10": [
            1.0, 
            1.0
        ], 
        "ggWW_B11": [
            1.0, 
            1.0
        ], 
        "ggWW_B12": [
            1.0, 
            1.0
        ], 
        "ggWW_B13": [
            1.0, 
            1.0
        ], 
        "ggWW_B6": [
            1.0, 
            1.0
        ], 
        "ggWW_B7": [
            1.0, 
            1.0
        ], 
        "ggWW_B4": [
            1.0, 
            1.0
        ], 
        "ggWW_B5": [
            1.0, 
            1.0
        ], 
        "ggWW_B2": [
            1.0, 
            1.0
        ], 
        "ggWW_B3": [
            1.0, 
            1.0
        ], 
        "ggWW_B0": [
            1.0, 
            1.0
        ], 
        "ggWW_B1": [
            1.0, 
            1.0
        ], 
        "ggWW_B8": [
            1.0, 
            1.0
        ], 
        "ggWW_B9": [
            1.0, 
            1.0
        ], 
        "WW_B10": [
            0.9589232804804732, 
            1.0360147206121886
        ], 
        "WW_B11": [
            0.9572899526326418, 
            1.0372877142950543
        ], 
        "WW_B12": [
            0.9538261508844053, 
            1.040662168529228
        ], 
        "WW_B13": [
            0.9530486263569478, 
            1.0414244370002255
        ], 
        "WW_B8": [
            0.9524512092719265, 
            1.0418270348491359
        ], 
        "WW_B9": [
            0.9553652428185958, 
            1.038928169651831
        ], 
        "WW_B6": [
            0.9558815927084857, 
            1.0387303549935882
        ], 
        "WW_B7": [
            0.9574073156214322, 
            1.0370352029388459
        ], 
        "WW_B4": [
            0.9577220109461354, 
            1.0362520180962533
        ], 
        "WW_B5": [
            0.9565014890661737, 
            1.0376525194748223
        ], 
        "WW_B2": [
            0.9577008302097395, 
            1.0364284010619098
        ], 
        "WW_B3": [
            0.9543559063786611, 
            1.0401913862824914
        ], 
        "WW_B0": [
            0.955745914232081, 
            1.0388364577761033
        ], 
        "WW_B1": [
            0.9544155962594337, 
            1.0401386741478236
        ]
    }, 
    "CMS_hww_WWresum": {
        "WW_B13": [
            0.9984692163453633, 
            1.00312450104626
        ], 
        "WW_B12": [
            0.9989585833603373, 
            1.002049953653229
        ],