{
    "PS_ISR": {
        "ggWW_B10": [
            0.8836468736097709, 
            1.1106127372601207
        ], 
        "ggWW_B11": [
            0.8899193248049609, 
            1.1040999943990855
        ], 
        "ggWW_B12": [
            0.8947270092383943, 
            1.0985466248865838
        ], 
        "ggWW_B13": [
            0.8939626451378, 
            1.0993589860472308
        ], 
        "ggWW_B6": [
            0.8907245549310768, 
            1.1017684236804757
        ], 
        "ggWW_B7": [
            0.8916319937990649, 
            1.1013078547814519
        ], 
        "ggWW_B4": [
            0.8834202932804073, 
            1.1116279532643356
        ], 
        "ggWW_B5": [
            0.8819638076150199, 
            1.112849110984364
        ], 
        "ggWW_B2": [
            0.8876301136458791, 
            1.1065681229503723
        ], 
        "ggWW_B3": [
            0.8858141709202004, 
            1.1088404936277105
        ], 
        "ggWW_B0": [
            0.8941716727731827, 
            1.0994739339337922
        ], 
        "ggWW_B1": [
            0.8925141210060961, 
            1.1008818232870143
        ], 
        "ggWW_B8": [
            0.8808861747227874, 
            1.1132024820636728
        ], 
        "ggWW_B9": [
            0.885239029771577, 
            1.1091575252940558
        ], 
        "WW_B10": [
            0.9424952704014634, 
            1.0510565992990792
        ], 
        "WW_B11": [
            0.9512603969399519, 
            1.042428070402547
        ], 
        "WW_B12": [
            0.9628419346058903, 
            1.032076473877893
        ], 
        "WW_B13": [
            0.9613767335290371, 
            1.0331259676323428
        ], 
        "WW_B8": [
            0.9485816125402767, 
            1.0460669834512877
        ], 
        "WW_B9": [
            0.9447275446043747, 
            1.0491194696339545
        ], 
        "WW_B6": [
            0.9489526685250639, 
            1.0452668466481385
        ], 
        "WW_B7": [
            0.94192995738271, 
            1.050461330288212
        ], 
        "WW_B4": [
            0.9398528948253118, 
            1.0527455289499539
        ], 
        "WW_B5": [
            0.9366578532076903, 
            1.056221165381917
        ], 
        "WW_B2": [
            0.9540993284891846, 
            1.0396013861652855
        ], 
        "WW_B3": [
            0.9509991433161283, 
            1.0430624567135207
        ], 
        "WW_B0": [
            0.9678400385070868, 
            1.0277620238231753
        ], 
        "WW_B1": [
            0.9540225213839673, 
            1.0394201430741317
        ]
    }, 
    "PS_FSR": {
        "ggWW_B10": [
            1.021155741030685, 
            0.9826321539400034
        ], 
        "ggWW_B11": [
            1.0198785608430583, 
            0.9927546318088876
        ], 
        "ggWW_B12": [
            1.003592402038143, 
            0.9992806456147597
        ], 
        "ggWW_B13": [
            1.0083396224055015, 
            0.9990798308509653
        ], 
        "ggWW_B6": [
            1.0263306580475606, 
            0.9862121977941728
        ], 
        "ggWW_B7": [
            1.0461837568937695, 
            0.9688673241319066
        ], 
        "ggWW_B4": [
            1.0200469644665804, 
            0.9869755311530586
        ], 
        "ggWW_B5": [
            1.0271244590964044, 
            0.9862745803560997
        ], 
        "ggWW_B2": [
            1.0141264587750143, 
            0.9958255721402658
        ], 
        "ggWW_B3": [
            1.016273661669396, 
            0.9866743350927577
        ], 
        "ggWW_B0": [
            1.0280295640567332, 
            0.9905130439559691
        ], 
        "ggWW_B1": [
            1.0044473369420766, 
            1.0016785355544302
        ], 
        "ggWW_B8": [
            1.0370569494655242, 
            0.9813926137448653
        ], 
        "ggWW_B9": [
            1.035463312905777, 
            0.9839410121060529
        ], 
        "WW_B10": [
            0.9985553573968771, 
            0.9884459102315338
        ], 
        "WW_B11": [
            1.007691619610994, 
            0.9943153021823123
        ], 
        "WW_B12": [
            1.0103531479575254, 
            1.0001814209672706
        ], 
        "WW_B13": [
            0.9917664612091261, 
            1.0060309479177079
        ], 
        "WW_B8": [
            1.0093150774456943, 
            0.9927785327440952
        ], 
        "WW_B9": [
            1.0187960120585107, 
            0.9918000983883176
        ], 
        "WW_B6": [
            1.0108048078679441, 
            0.9794407762023294
        ], 
        "WW_B7": [
            0.9979298545284447, 
            0.9959478451928373
        ], 
        "WW_B4": [
            1.0325689644743805, 
            0.9913853305846118
        ], 
        "WW_B5": [
            0.9881422057478333, 
            0.9911790270540423
        ], 
        "WW_B2": [
            1.0010014677379522, 
            0.9935758947744551
        ], 
        "WW_B3": [
            1.0078689265834468, 
            0.9808370450738731
        ], 
        "WW_B0": [
            0.9828684253700428, 
            1.0061691530311534
        ], 
        "WW_B1": [
            0.9710908664502688, 
            1.0185928533992432
        ]
    }, 
    "QCDscale_WW": {
        "ggWW_B10": [
            1.0, 
            1.0
        ], 
        "ggWW_B11": [
            1.0, 
            1.0
        ], 
        "ggWW_B12": [
            1.0, 
            1.0
        ], 
        "ggWW_B13": [
            1.0, 
            1.0
        ], 
        "ggWW_B6": [
            1.0, 
            1.0
        ], 
        "ggWW_B7": [
            1.0, 
            1.0
        ], 
        "ggWW_B4": [
            1.0, 
            1.0
        ], 
        "ggWW_B5": [
            1.0, 
            1.0
        ], 
        "ggWW_B2": [
            1.0, 
            1.0
        ], 
        "ggWW_B3": [
            1.0, 
            1.0
        ], 
        "ggWW_B0": [
            1.0, 
            1.0
        ], 
        "ggWW_B1": [
            1.0, 
            1.0
        ], 
        "ggWW_B8": [
            1.0, 
            1.0
        ], 
        "ggWW_B9": [
            1.0, 
            1.0
        ], 
        "WW_B10": [
            0.9567751838614393, 
            1.0377959922224917
        ], 
        "WW_B11": [
            0.9576137412645276, 
            1.036859221118481
        ], 
        "WW_B12": [
            0.9557466134414166, 
            1.038611413686166
        ], 
        "WW_B13": [
            0.9565253030284709, 
            1.0378890417142677
        ], 
        "WW_B8": [
            0.95560392441501, 
            1.0388100685540906
        ], 
        "WW_B9": [
            0.9555665763019326, 
            1.0387793769482097
        ], 
        "WW_B6": [
            0.955739692515819, 
            1.0385965171623357
        ], 
        "WW_B7": [
            0.9573455883586832, 
            1.0371290390683339
        ], 
        "WW_B4": [
            0.9554191261529303, 
            1.0387758359088486
        ], 
        "WW_B5": [
            0.9558338974068953, 
            1.0384885566212123
        ], 
        "WW_B2": [
            0.956398549551891, 
            1.037911891789836
        ], 
        "WW_B3": [
            0.9533198898196165, 
            1.04134603689678
        ], 
        "WW_B0": [
            0.9561942837262407, 
            1.0379901108716518
        ], 
        "WW_B1": [
            0.9526743499887926, 
            1.0418399984583544
        ]
    }, 
    "CMS_hww_WWresum": {
        "WW_B13": [
            0.9991884893287523, 
            1.0016452628265498
        ], 
        "WW_B12": [
            0.9989196761542231, 
            1.0021485204333105
        ],