{
    "QCDscale_WW": {
        "WW_B12": [
            0.9599380897833978, 
            1.038209436246373
        ], 
        "WW_B10": [
            0.9620432608854289, 
            1.032482357372343
        ], 
        "WW_B11": [
            0.9584410822082658, 
            1.0370265566321752
        ], 
        "WW_B8": [
            0.9699485506640884, 
            1.0242959653090649
        ], 
        "WW_B9": [
            0.9635812023710015, 
            1.030589479934013
        ], 
        "WW_B6": [
            0.9793620543517025, 
            1.0154453423509744
        ], 
        "WW_B7": [
            0.9747125777367357, 
            1.0192984092459922
        ], 
        "WW_B4": [
            0.9843229138217082, 
            1.010957488120436
        ], 
        "WW_B5": [
            0.9817167633831045, 
            1.0132930116635237
        ], 
        "WW_B2": [
            0.9872050962552694, 
            1.0082385848562678
        ], 
        "WW_B3": [
            0.9851408937053985, 
            1.0101753459361722
        ], 
        "WW_B0": [
            0.9859864515050076, 
            1.0095129195425463
        ], 
        "WW_B1": [
            0.9875395269349088, 
            1.0079887600729394
        ]
    }, 
    "PS_FSR": {
        "ggWW_B10": [
            1.0210672196305406, 
            0.9852601078710893, 
            1.0014868587848667, 
            0.9723291226898368, 
            0.9695934558665883, 
            1.026809691023963, 
            0.9853484000291465, 
            1.0445404524380943
        ], 
        "ggWW_B11": [
            0.9812866074195937, 
            0.9911094048941359, 
            1.0673887927796133, 
            0.9727288919043778, 
            0.9816142044677597, 
            1.0732774020072144, 
            0.8578018231938449, 
            1.0274551424973155
        ], 
        "ggWW_B12": [
            1.0399181878009236, 
            0.9281437473055026, 
            1.0210436639208826, 
            0.9962561045971662, 
            1.0246596151182994, 
            1.009642278985695, 
            0.9850593184271356, 
            0.9932985140865166
        ], 
        "ggWW_B6": [
            0.9907765141712804, 
            1.005933905631158, 
            1.0184577721734402, 
            0.9961145582341313, 
            1.0186249117912858, 
            0.988773771142102, 
            0.9699969174036694, 
            0.9742031653816215
        ], 
        "ggWW_B7": [
            0.9920608195799094, 
            1.007766459310547, 
            1.0109324671000022, 
            0.9851046900893691, 
            1.0199089328546838, 
            0.9888517106771203, 
            0.9696238660540402, 
            0.9854525980209383
        ], 
        "ggWW_B4": [
            0.9915152054538277, 
            1.0051389593692528, 
            1.025663650121766, 
            1.0156420797365768, 
            1.015223110417363, 
            0.9887810183192359, 
            0.964579657678977, 
            0.9578138807358699
        ], 
        "ggWW_B5": [
            0.9954952710843346, 
            1.0015443139289444, 
            1.0053319603138053, 
            1.041303472433557, 
            1.0117217657411197, 
            0.9907991810236745, 
            1.0076250366148947, 
            0.8780390120471602
        ], 
        "ggWW_B2": [
            0.9927961405122868, 
            1.0085592474391216, 
            1.0256729567511487, 
            1.014676245394624, 
            1.0117069615802663, 
            0.9873021905913331, 
            0.9578633184097658, 
            0.9561452926491808
        ], 
        "ggWW_B3": [
            0.9945882226533949, 
            1.004712512913998, 
            1.0189784932018546, 
            1.0162543787633418, 
            1.0079360424844739, 
            0.9929584932370088, 
            0.9809778155443899, 
            0.9384774600725582
        ], 
        "ggWW_B0": [
            0.9933490292832802, 
            1.0089119845395278, 
            1.0217465526326253, 
            0.9914612341079186, 
            1.01227299039615, 
            0.9874407486218512, 
            0.9528540612953339, 
            0.9758198585358906
        ], 
        "ggWW_B1": [
            0.9922115188155903, 
            1.008344603022066, 
            1.0322702673486726, 
            1.0118970209539575, 
            1.0114646199511874, 
            0.9904596729521872, 
            0.9489905830297736, 
            0.9500926823982065
        ], 
        "ggWW_B8": [
            0.9926410763395672, 
            1.0037606090091538, 
            1.0056217280962627, 
            1.014753323046586, 
            1.0220642242087419, 
            0.9893444862756149, 
            0.9909337001860721, 
            0.9287610085078251
        ], 
        "ggWW_B9": [
            0.995536645320549, 
            1.0009163974786688, 
            1.0123921271143406, 
            0.9898549854948184, 
            1.0153064185020138, 
            1.007239252471689, 
            0.9660714378170993, 
            0.9604788948194294
        ], 
        "ggWW_nonfid": [
            0.9933946179668844, 
            1.0075106847217512, 
            1.0184408502321238, 
            1.0185610259021851, 
            1.0110578913564614, 
            0.9881757684119075, 
            0.9710204547173186, 
            0.9637996933204865
        ], 
        "WW_B10": [
            0.9951318511716591, 
            0.9985399556931613, 
            1.0041542887029256, 
            1.0226925559988074, 
            1.0061130242841692, 
            0.999557696983637, 
            0.9934295075698089, 
            0.982511784402621
        ], 
        "WW_B11": [
            0.9792049259248328, 
            1.001772768116309, 
            1.0353195905327748, 
            1.0226019316361081, 
            1.0543853715040064, 
            0.9853202186425567, 
            0.9352969692580592, 
            0.9162073851439962
        ], 
        "WW_B12": [
            0.9902597740800928, 
            1.0164553733489725, 
            1.0175573046694992, 
            0.9333774853286202, 
            0.9644374643856402, 
            1.0131773396375443, 
            1.0234790259369801, 
            1.0586319609721153
        ], 
        "WW_B8": [
            0.9973303378616004, 
            1.0046754951711538, 
            1.0083249110721828, 
            0.9786355277250142, 
            1.0044779094317162, 
            0.9915176759319413, 
            0.9964014501015295, 
            1.0172173107970084
        ], 
        "WW_B9": [
            0.9938830419021987, 
            1.0079191772134095, 
            1.0024053882680133, 
            0.9978245635694422, 
            1.007747496605941, 
            0.9994554277492258, 
            0.9815561760621975, 
            0.9932858254494901
        ], 
        "WW_B6": [
            0.9962177488413817, 
            0.9999546858406686, 
            1.0133934640372415, 
            1.006917823446947, 
            1.006778472099961, 
            1.0035819788905547, 
            0.9750462982046468, 
            0.9654116006318977
        ], 
        "WW_B7": [
            0.9961774355794291, 
            1.0026063654221764, 
            1.0081729925966234, 
            0.9983741739457741, 
            1.0033166969077392, 
            0.9985648465353445, 
            0.9953153802632501, 
            0.9912987584088965
        ], 
        "WW_B4": [
            0.993620889268259, 
            1.007565655101346, 
            1.0105641118109125, 
            1.007250912985086, 
            1.0108858934797007, 
            0.9860752143593374, 
            0.9837736358424175, 
            0.9912488687212611
        ],