{
    "ww2l2v_13TeV_sr_2j_B10": {
        "Vg": {
            "Wg": 0.6736282477329132, 
            "Zg": 0.06653406526132354, 
            "ZgS": 0.011342311821721754, 
            "WgS": 0.24849537518404152
        }, 
        "Higgs": {
            "qqH_htt": 0.006364209771583722, 
            "qqH_hww": 0.1869666228905411, 
            "ggZH_hww": 0.13003655234095093, 
            "WH_htt": 0.0138044967032323, 
            "ggH_htt": 0.019059973795635766, 
            "WH_hww": 0.07084036897295765, 
            "ggH_hww": 0.47714852722297535, 
            "ttH_hww": 0.06509244005513244, 
            "ZH_htt": 0.003107597254016307, 
            "ZH_hww": 0.027579210992974466
        }
    }, 
    "ww2l2v_13TeV_top_2j": {
        "Vg": {
            "Wg": 0.5950554826409921, 
            "Zg": 0.1006982260155257, 
            "ZgS": 0.052972592489938186, 
            "WgS": 0.2512736988535441
        }, 
        "Higgs": {
            "qqH_htt": 0.006228605952837427, 
            "qqH_hww": 0.007071755629353899, 
            "ggZH_hww": 0.02671996095480254, 
            "WH_htt": 0.008067546740212657, 
            "ggH_htt": 0.029252398660765865, 
            "WH_hww": 0.01787854377233173, 
            "ggH_hww": 0.03591720652771206, 
            "ttH_hww": 0.8542151275339825, 
            "ZH_htt": 0.00586542567568956, 
            "ZH_hww": 0.00878342855231171
        }
    }, 
    "ww2l2v_13TeV_sr_2j_B5": {
        "Vg": {
            "Wg": 0.7297886175994263, 
            "Zg": 0.044978682856488685, 
            "ZgS": 0.002077242361388001, 
            "WgS": 0.22315545718269705
        }, 
        "Higgs": {
            "qqH_htt": 0.003981957653711851, 
            "qqH_hww": 0.05730983130450536, 
            "ggZH_hww": 0.08145192111778939, 
            "WH_htt": 0.015104605921364447, 
            "ggH_htt": 0.00931169227910919, 
            "WH_hww": 0.09918638489827578, 
            "ggH_hww": 0.6212778792808321, 
            "ttH_hww": 0.06746097177940544, 
            "ZH_htt": 0.0056422431200389145, 
            "ZH_hww": 0.0392725126449676
        }
    }, 
    "ww2l2v_13TeV_sr_2j_B4": {
        "Vg": {
            "Wg": 0.6308384791396787, 
            "Zg": 0.07614311304220887, 
            "ZgS": 0.029179019655206768, 
            "WgS": 0.26383938816290575
        }, 
        "Higgs": {
            "qqH_htt": 0.0, 
            "qqH_hww": 0.03959210230036549, 
            "ggZH_hww": 0.18315387510918518, 
            "WH_htt": 0.013726450355192703, 
            "ggH_htt": 0.005174927656578963, 
            "WH_hww": 0.11732055127464634, 
            "ggH_hww": 0.5117510644678436, 
            "ttH_hww": 0.05029336527167413, 
            "ZH_htt": 0.003465578556807255, 
            "ZH_hww": 0.07552208500770645
        }
    }, 
    "ww2l2v_13TeV_sr_2j_B7": {
        "Vg": {
            "Wg": 0.836573569978321, 
            "Zg": 0.00912194418849337, 
            "ZgS": 0.016338920361181467, 
            "WgS": 0.1379655654720041
        }, 
        "Higgs": {
            "qqH_htt": 0.0022190703183147557, 
            "qqH_hww": 0.09008131015838416, 
            "ggZH_hww": 0.08864564279598967, 
            "WH_htt": 0.01700158079942526, 
            "ggH_htt": 0.004614191431035898, 
            "WH_hww": 0.10076724207367857, 
            "ggH_hww": 0.5996459057655027, 
            "ttH_hww": 0.06200156000686391, 
            "ZH_htt": 0.0034496448709965977, 
            "ZH_hww": 0.031573851779808565
        }
    }, 
    "ww2l2v_13TeV_sr_2j_B6": {
        "Vg": {
            "Wg": 0.6146780861786989, 
            "Zg": 0.01923984807991222, 
            "ZgS": 0.030842743480021216, 
            "WgS": 0.3352393222613675
        }, 
        "Higgs": {
            "qqH_htt": 0.0, 
            "qqH_hww": 0.06967827953534296, 
            "ggZH_hww": 0.07530977087326703, 
            "WH_htt": 0.01701112864966714, 
            "ggH_htt": 0.013721142765703792, 
            "WH_hww": 0.10528887646457795, 
            "ggH_hww": 0.6214718012284282, 
            "ttH_hww": 0.06313346379533828, 
            "ZH_htt": 0.002533833015339365, 
            "ZH_hww": 0.0318517036723353
        }
    }, 
    "ww2l2v_13TeV_sr_2j_B1": {
        "Vg": {
            "Wg": 0.818061245870193, 
            "Zg": 0.02822250900526353, 
            "ZgS": 0.013444742350305934, 
            "WgS": 0.14027150277423736
        }, 
        "Higgs": {
            "qqH_htt": 0.0, 
            "qqH_hww": 0.07133995555534584, 
            "ggZH_hww": 0.06437633360646329, 
            "WH_htt": 0.012326649563287634, 
            "ggH_htt": 0.030700238261823175, 
            "WH_hww": 0.1115626136948696, 
            "ggH_hww": 0.6385777270374705, 
            "ttH_hww": 0.0361891444640068, 
            "ZH_htt": 0.004258132289232522, 
            "ZH_hww": 0.03066920552750064
        }
    }, 
    "ww2l2v_13TeV_sr_2j_B0": {
        "Vg": {
            "Wg": 0.8501586877943595, 
            "Zg": -0.04087537536396189, 
            "ZgS": -0.0092584605410497, 
            "WgS": 0.19997514811065203
        }, 
        "Higgs": {
            "qqH_htt": 0.0009830445828579743, 
            "qqH_hww": 0.08761603069288201, 
            "ggZH_hww": 0.04468369858736908, 
            "WH_htt": 0.011117101984917825, 
            "ggH_htt": 0.00538306290364573, 
            "WH_hww": 0.09521200040739523, 
            "ggH_hww": 0.7089045508941144, 
            "ttH_hww": 0.01894478250766079, 
            "ZH_htt": 0.0017080454457864894, 
            "ZH_hww": 0.02544768199337042
        }
    }, 
    "ww2l2v_13TeV_sr_2j_B3": {
        "Vg": {
            "Wg": 0.6406838051050159, 
            "Zg": 0.027376393795088, 
            "ZgS": 0.016504264009247715, 
            "WgS": 0.3154355370906485
        }, 
        "Higgs": {
            "qqH_htt": 0.0, 
            "qqH_hww": 0.031752073691898225, 
            "ggZH_hww": 0.16164373977694543, 
            "WH_htt": 0.01113434662499042, 
            "ggH_htt": 0.00693232133217205, 
            "WH_hww": 0.2252545843454165, 
            "ggH_hww": 0.4454310834775308, 
            "ttH_hww": 0.039672075230816096, 
            "ZH_htt": 0.0027264591639542743, 
            "ZH_hww": 0.07545331635627597
        }
    }, 
    "ww2l2v_13TeV_sr_2j_B2": {
        "Vg": {
            "Wg": 0.5175377479115152, 
            "Zg": 0.11619500343932404, 
            "ZgS": 0.11802977122004674, 
            "WgS": 0.24823747742911415
        }, 
        "Higgs": {
            "qqH_htt": 0.0, 
            "qqH_hww": 0.05672892963353802, 
            "ggZH_hww": 0.09222479537298317, 
            "WH_htt": 0.015185114837737984, 
            "ggH_htt": 0.01234361898058409, 
            "WH_hww": 0.17745003260807538, 
            "ggH_hww": 0.5575820794020043, 
            "ttH_hww": 0.03469262599207978, 
            "ZH_htt": 0.0030501303076928897, 
            "ZH_hww": 0.050742672865304386
        }
    }, 
    "ww2l2v_13TeV_sr_2j_B9": {
        "Vg": {
            "Wg": 0.7402033864055977, 
            "Zg": 0.10767695086066564, 
            "ZgS": 0.024599461932002648, 
            "WgS": 0.12752020080173404
        }, 
        "Higgs": {
            "qqH_htt": 0.00437387755359969, 
            "qqH_hww": 0.14240577604465968, 
            "ggZH_hww": 0.09449173660580366, 
            "WH_htt": 0.010765614717478994, 
            "ggH_htt": 0.00708528152380318, 
            "WH_hww": 0.07437005837305047, 
            "ggH_hww": 0.57001161951866, 
            "ttH_hww": 0.06829758583602497, 
            "ZH_htt": 0.0038705061770292347, 
            "ZH_hww": 0.024327943649890264
        }
    }, 
    "ww2l2v_13TeV_sr_2j_B8": {
        "Vg": {
            "Wg": 0.6495422124916823, 
            "Zg": 0.04831354349174898, 
            "ZgS": 0.04925275533404805, 
            "WgS": 0.2528914886825206
        }, 
        "Higgs": {
            "qqH_htt": 0.0012056272055468754, 
            "qqH_hww": 0.10621783617277616,