{
    "ww2l2v_13TeV_sr_2j_B10": {
        "Vg": {
            "Wg": 0.6268383056284933, 
            "Zg": 0.03390981492415425, 
            "ZgS": 0.005226151610982194, 
            "WgS": 0.3340257278363703
        }, 
        "Higgs": {
            "qqH_htt": 0.00613012850476559, 
            "qqH_hww": 0.1846285527708681, 
            "ggZH_hww": 0.13116137766251149, 
            "WH_htt": 0.012083071111699628, 
            "ggH_htt": 0.01677435464767847, 
            "WH_hww": 0.06774765837334448, 
            "ggH_hww": 0.48942910481338, 
            "ttH_hww": 0.0630426088807101, 
            "ZH_htt": 0.002772821294297594, 
            "ZH_hww": 0.02623032194074446
        }
    }, 
    "ww2l2v_13TeV_top_2j": {
        "Vg": {
            "Wg": 0.5070204409695509, 
            "Zg": 0.12645227941960435, 
            "ZgS": 0.09468343558034344, 
            "WgS": 0.27184384403050127
        }, 
        "Higgs": {
            "qqH_htt": 0.005838633271489789, 
            "qqH_hww": 0.00717748306647734, 
            "ggZH_hww": 0.028004547085960417, 
            "WH_htt": 0.007346926448843965, 
            "ggH_htt": 0.0267942497916737, 
            "WH_hww": 0.017777218952100736, 
            "ggH_hww": 0.03625495440844649, 
            "ttH_hww": 0.8570061063835515, 
            "ZH_htt": 0.00520318631743472, 
            "ZH_hww": 0.008596694274021389
        }
    }, 
    "ww2l2v_13TeV_sr_2j_B5": {
        "Vg": {
            "Wg": 0.7401700696399619, 
            "Zg": -0.0034275674850415875, 
            "ZgS": -0.027202120819232966, 
            "WgS": 0.2904596186643126
        }, 
        "Higgs": {
            "qqH_htt": 0.004059863706124346, 
            "qqH_hww": 0.05788369473034895, 
            "ggZH_hww": 0.08191776684688071, 
            "WH_htt": 0.013153806684850168, 
            "ggH_htt": 0.008322399647161256, 
            "WH_hww": 0.09772560156322224, 
            "ggH_hww": 0.625187489523926, 
            "ttH_hww": 0.067557938833371, 
            "ZH_htt": 0.005071937367511565, 
            "ZH_hww": 0.03911950109660386
        }
    }, 
    "ww2l2v_13TeV_sr_2j_B4": {
        "Vg": {
            "Wg": 0.5939566981752373, 
            "Zg": 0.03419385848124061, 
            "ZgS": -0.007179615534354083, 
            "WgS": 0.3790290588778761
        }, 
        "Higgs": {
            "qqH_htt": 0.0, 
            "qqH_hww": 0.038697619092147494, 
            "ggZH_hww": 0.18849843681433975, 
            "WH_htt": 0.012534236042197677, 
            "ggH_htt": 0.003896290954431958, 
            "WH_hww": 0.11706477319635539, 
            "ggH_hww": 0.5142323952004038, 
            "ttH_hww": 0.04710449606312195, 
            "ZH_htt": 0.0028346856280036157, 
            "ZH_hww": 0.07513706700899835
        }
    }, 
    "ww2l2v_13TeV_sr_2j_B7": {
        "Vg": {
            "Wg": 0.7148421474935505, 
            "Zg": 0.03209356927831923, 
            "ZgS": 0.03161647238785437, 
            "WgS": 0.22144781084027587
        }, 
        "Higgs": {
            "qqH_htt": 0.0011625533117019357, 
            "qqH_hww": 0.0932819344122663, 
            "ggZH_hww": 0.09478009939908849, 
            "WH_htt": 0.015923174223891143, 
            "ggH_htt": 0.0019796442300963027, 
            "WH_hww": 0.10540870511970232, 
            "ggH_hww": 0.5870778424380889, 
            "ttH_hww": 0.06608630205208046, 
            "ZH_htt": 0.0034467296183851408, 
            "ZH_hww": 0.030853015194698904
        }
    }, 
    "ww2l2v_13TeV_sr_2j_B6": {
        "Vg": {
            "Wg": 0.49341118397088246, 
            "Zg": 0.019752566917160597, 
            "ZgS": 0.013803013125979542, 
            "WgS": 0.47303323598597746
        }, 
        "Higgs": {
            "qqH_htt": 0.0, 
            "qqH_hww": 0.07039345397488167, 
            "ggZH_hww": 0.07406224112319537, 
            "WH_htt": 0.016253331986705744, 
            "ggH_htt": 0.015301268651987606, 
            "WH_hww": 0.10630609840484492, 
            "ggH_hww": 0.6163270453403856, 
            "ttH_hww": 0.06691843847551858, 
            "ZH_htt": 0.0014755426331133806, 
            "ZH_hww": 0.03296257940936711
        }
    }, 
    "ww2l2v_13TeV_sr_2j_B1": {
        "Vg": {
            "Wg": 1.0593336570471867, 
            "Zg": -0.07672121052402094, 
            "ZgS": 0.056448546912483334, 
            "WgS": -0.03906099343564909
        }, 
        "Higgs": {
            "qqH_htt": 0.0, 
            "qqH_hww": 0.06784184993793589, 
            "ggZH_hww": 0.067291628042355, 
            "WH_htt": 0.010760778465146779, 
            "ggH_htt": 0.02644587282098904, 
            "WH_hww": 0.1117513261633476, 
            "ggH_hww": 0.6473854950690308, 
            "ttH_hww": 0.03558995918403839, 
            "ZH_htt": 0.0037978893438754785, 
            "ZH_hww": 0.02913520097328103
        }
    }, 
    "ww2l2v_13TeV_sr_2j_B0": {
        "Vg": {
            "Wg": 0.8139849635131926, 
            "Zg": 0.0501305070509107, 
            "ZgS": -0.015200147588690446, 
            "WgS": 0.15108467702458708
        }, 
        "Higgs": {
            "qqH_htt": 0.0011657334397237578, 
            "qqH_hww": 0.09012977859949894, 
            "ggZH_hww": 0.046270715776510804, 
            "WH_htt": 0.008990125265421848, 
            "ggH_htt": 0.006169261047835471, 
            "WH_hww": 0.09854732315674034, 
            "ggH_hww": 0.7029932312817082, 
            "ttH_hww": 0.018121597725146925, 
            "ZH_htt": 0.00208579848569463, 
            "ZH_hww": 0.025526435221719115
        }
    }, 
    "ww2l2v_13TeV_sr_2j_B3": {
        "Vg": {
            "Wg": 0.4395875254090437, 
            "Zg": 0.05679116814302406, 
            "ZgS": 0.05352102076295026, 
            "WgS": 0.450100285684982
        }, 
        "Higgs": {
            "qqH_htt": 0.0, 
            "qqH_hww": 0.03248238680181024, 
            "ggZH_hww": 0.16894911318452183, 
            "WH_htt": 0.0106126985107473, 
            "ggH_htt": 0.006532156440472475, 
            "WH_hww": 0.23414500521539267, 
            "ggH_hww": 0.4288160369424673, 
            "ttH_hww": 0.03985615399362716, 
            "ZH_htt": 0.00249745075079936, 
            "ZH_hww": 0.07610899816016163
        }
    }, 
    "ww2l2v_13TeV_sr_2j_B2": {
        "Vg": {
            "Wg": 0.3887449949325912, 
            "Zg": 0.14373602815793554, 
            "ZgS": 0.12805947938311357, 
            "WgS": 0.3394594975263596
        }, 
        "Higgs": {
            "qqH_htt": 0.0, 
            "qqH_hww": 0.05532086288589662, 
            "ggZH_hww": 0.09994322310481503, 
            "WH_htt": 0.013115156367780148, 
            "ggH_htt": 0.0, 
            "WH_hww": 0.17800999604106035, 
            "ggH_hww": 0.5655357115062901, 
            "ttH_hww": 0.03475324220199328, 
            "ZH_htt": 0.002719331972099231, 
            "ZH_hww": 0.050602475920065254
        }
    }, 
    "ww2l2v_13TeV_sr_2j_B9": {
        "Vg": {
            "Wg": 0.7823859707779138, 
            "Zg": 0.11409326981088617, 
            "ZgS": 0.0, 
            "WgS": 0.10352075941119994
        }, 
        "Higgs": {
            "qqH_htt": 0.0041240667096546805, 
            "qqH_hww": 0.14638312477594626, 
            "ggZH_hww": 0.10073865945845757, 
            "WH_htt": 0.009220826548024901, 
            "ggH_htt": 0.005917418536759763, 
            "WH_hww": 0.07422582442938214, 
            "ggH_hww": 0.5657941189010438, 
            "ttH_hww": 0.06550698842386114, 
            "ZH_htt": 0.003447056204826928, 
            "ZH_hww": 0.024641916012042804
        }
    }, 
    "ww2l2v_13TeV_sr_2j_B8": {
        "Vg": {
            "Wg": 0.6097380525752665, 
            "Zg": 0.046797967280871364, 
            "ZgS": 0.0980711408298372, 
            "WgS": 0.24539283931402492
        }, 
        "Higgs": {
            "qqH_htt": 0.0013465435130911305, 
            "qqH_hww": 0.10915038187490794, 
            "ggZH_hww": 0.08706204543588442,