{
    "PS_ISR": {
        "ggWW_B10": [
            0.8629821778831732, 
            1.134523131176999
        ], 
        "ggWW_B6": [
            0.8848687983692449, 
            1.1095306053562939
        ], 
        "ggWW_B7": [
            0.878184465861658, 
            1.1164728378860589
        ], 
        "ggWW_B4": [
            0.8946973621999423, 
            1.0985776737686883
        ], 
        "ggWW_B5": [
            0.8900389959192851, 
            1.10404945246585
        ], 
        "ggWW_B2": [
            0.9041026132621233, 
            1.0891213816348257
        ], 
        "ggWW_B3": [
            0.8997353270343005, 
            1.0931350330550207
        ], 
        "ggWW_B0": [
            0.9180672426685977, 
            1.074808838142311
        ], 
        "ggWW_B1": [
            0.9087176116769248, 
            1.0842001614259924
        ], 
        "ggWW_B8": [
            0.875020310801323, 
            1.1204660129597224
        ], 
        "ggWW_B9": [
            0.8716577651765742, 
            1.124604194905306
        ], 
        "WW_B10": [
            0.9338889272890659, 
            1.058512829352394
        ], 
        "WW_B8": [
            0.946136418916452, 
            1.0472219403290643
        ], 
        "WW_B9": [
            0.9448121009017456, 
            1.0489261298494974
        ], 
        "WW_B6": [
            0.9479448889986255, 
            1.046178234522195
        ], 
        "WW_B7": [
            0.9507204468747167, 
            1.0437790247796725
        ], 
        "WW_B4": [
            0.953767767247289, 
            1.0404057825594255
        ], 
        "WW_B5": [
            0.951040620183031, 
            1.043281553275405
        ], 
        "WW_B2": [
            0.9678549438040521, 
            1.029187571574161
        ], 
        "WW_B3": [
            0.9611945651888613, 
            1.0337539014565138
        ], 
        "WW_B0": [
            0.9801601291569002, 
            1.0165449422581174
        ], 
        "WW_B1": [
            0.9708876786529863, 
            1.0236773440267553
        ]
    }, 
    "PS_FSR": {
        "ggWW_B10": [
            1.044672317046764, 
            0.9730777703277446
        ], 
        "ggWW_B6": [
            1.0393889894770398, 
            0.9790158937581552
        ], 
        "ggWW_B7": [
            1.042607871795699, 
            0.9777450083207696
        ], 
        "ggWW_B4": [
            1.0333547872993378, 
            0.9840286734363335
        ], 
        "ggWW_B5": [
            1.0274856761589017, 
            0.9843329468929526
        ], 
        "ggWW_B2": [
            1.003580436432609, 
            1.0007038090789744
        ], 
        "ggWW_B3": [
            1.010665450235046, 
            0.9910842418611395
        ], 
        "ggWW_B0": [
            0.9647595823556621, 
            1.0302252004423444
        ], 
        "ggWW_B1": [
            0.9848384722422658, 
            1.0157430193390473
        ], 
        "ggWW_B8": [
            1.0363351539669017, 
            0.9777736057152493
        ], 
        "ggWW_B9": [
            1.046495826326516, 
            0.9731651011544489
        ], 
        "WW_B10": [
            1.0088354831242052, 
            0.9870496304256617
        ], 
        "WW_B8": [
            1.018741790529764, 
            0.9892029250094438
        ], 
        "WW_B9": [
            1.006623891727316, 
            0.9872318934220353
        ], 
        "WW_B6": [
            1.0206026548953047, 
            0.982920391814184
        ], 
        "WW_B7": [
            1.0105374013912765, 
            0.9881284391001557
        ], 
        "WW_B4": [
            0.995566785172612, 
            0.9948690086085409
        ], 
        "WW_B5": [
            1.0249289558855743, 
            0.9884892259414805
        ], 
        "WW_B2": [
            1.011734807364657, 
            1.0073036996858655
        ], 
        "WW_B3": [
            1.0297996713838762, 
            0.9889838168389011
        ], 
        "WW_B0": [
            0.9686002085778425, 
            1.024606770369291
        ], 
        "WW_B1": [
            1.0050513559391026, 
            1.0081833262077609
        ]
    }, 
    "QCDscale_WW": {
        "WW_B10": [
            0.9395874027623266, 
            1.0549089466313368
        ], 
        "WW_B8": [
            0.949447659719417, 
            1.0451955694283428
        ], 
        "WW_B9": [
            0.945721884635268, 
            1.048677079136635
        ], 
        "WW_B6": [
            0.9587696753701741, 
            1.036025383808271
        ], 
        "WW_B7": [
            0.9539519855270889, 
            1.0404058900880562
        ], 
        "WW_B4": [
            0.964944281683037, 
            1.0298523181716457
        ], 
        "WW_B5": [
            0.9639701144609358, 
            1.0310540005096929
        ], 
        "WW_B2": [
            0.9663214828784221, 
            1.0285471590622677
        ], 
        "WW_B3": [
            0.9651390187181218, 
            1.0297147014457961
        ], 
        "WW_B0": [
            0.9701623528836262, 
            1.0252574747413084
        ], 
        "WW_B1": [
            0.9667636025726483, 
            1.0283542044154999
        ]
    }, 
    "CMS_hww_WWresum": {
        "WW_B10": [
            0.9972067326222064, 
            1.0058938744117667
        ], 
        "WW_B8": [
            0.9942153005228075, 
            1.0122115776545464
        ], 
        "WW_B9": [
            0.9949231671477503, 
            1.0105881003507162
        ], 
        "WW_B6": [
            0.9892165269818124, 
            1.0226193444453036
        ], 
        "WW_B7": [
            0.991726748302785, 
            1.0173249428562732
        ], 
        "WW_B4": [
            0.9850246087396836, 
            1.0321512321606963
        ], 
        "WW_B5": [
            0.9871542618993353, 
            1.0272781294205866
        ], 
        "WW_B2": [
            0.992242492798755, 
            1.0161868425750482
        ], 
        "WW_B3": [
            0.988029026262163, 
            1.0257061576101505
        ], 
        "WW_B0": [
            0.9973939785288662, 
            1.0052129312322562
        ], 
        "WW_B1": [
            0.9969231575583744, 
            1.0062715842770418
        ]
    }, 
    "CMS_hww_WWqscale": {
        "WW_B10": [
            1.0722598991569647, 
            0.9169886529335359
        ], 
        "WW_B8": [
            1.0700543486760974, 
            0.9215375305212493
        ], 
        "WW_B9": [
            1.071224076649618, 
            0.9192770031605335
        ], 
        "WW_B6": [
            1.068525416045806, 
            0.9246044251892129
        ], 
        "WW_B7": [
            1.06869317620785, 
            0.9235905777472645
        ], 
        "WW_B4": [
            1.0645998922149074, 
            0.9303756787593896
        ], 
        "WW_B5": [
            1.0655667999771028, 
            0.9284695334366229
        ], 
        "WW_B2": [
            1.0694535064421888, 
            0.9239204551669226
        ], 
        "WW_B3": [
            1.066829055035948, 
            0.9274692554752461
        ], 
        "WW_B0": [
            1.069822535966875, 
            0.9259640294622877
        ], 
        "WW_B1": [
            1.0722221143577202, 
            0.9203886103351182
        ]
    }, 
    "pdf_WW": {
        "WW_B10": [
            0.9885905003478748, 
            1.0116759327535039
        ], 
        "WW_B8": [
            0.9899336523464516, 
            1.0102731743424211
        ], 
        "WW_B9": [
            0.9897990897253539, 
            1.0104133618136837
        ], 
        "WW_B6": [
            0.9923141733579437, 
            1.0078058149226472
        ], 
        "WW_B7": [
            0.9922750735463278, 
            1.007846148290652
        ],