{
    "PS_ISR": {
        "ggWW_B10": [
            0.8648073891911486, 
            1.132641262051255
        ], 
        "ggWW_B6": [
            0.8860814245792068, 
            1.1083960520991054
        ], 
        "ggWW_B7": [
            0.878806431720135, 
            1.116178518314713
        ], 
        "ggWW_B4": [
            0.8950766372873981, 
            1.0982825910417435
        ], 
        "ggWW_B5": [
            0.8896998573710957, 
            1.1042019998933084
        ], 
        "ggWW_B2": [
            0.9045483345669053, 
            1.088657492013218
        ], 
        "ggWW_B3": [
            0.9009940441775225, 
            1.0919640861989364
        ], 
        "ggWW_B0": [
            0.9175177062395875, 
            1.0752936388001542
        ], 
        "ggWW_B1": [
            0.9088082868721229, 
            1.083974691125919
        ], 
        "ggWW_B8": [
            0.8760405517483758, 
            1.119604928582575
        ], 
        "ggWW_B9": [
            0.8720390062045285, 
            1.12440051371328
        ], 
        "WW_B10": [
            0.9373778463606658, 
            1.0561673193612708
        ], 
        "WW_B8": [
            0.9443185478994984, 
            1.0492860200536558
        ], 
        "WW_B9": [
            0.9424227343611329, 
            1.0515187474445422
        ], 
        "WW_B6": [
            0.9506109717829552, 
            1.0435184879002612
        ], 
        "WW_B7": [
            0.9483628745485384, 
            1.045987455164932
        ], 
        "WW_B4": [
            0.9530247046419855, 
            1.0408825410058664
        ], 
        "WW_B5": [
            0.9525532156205873, 
            1.0421822334196804
        ], 
        "WW_B2": [
            0.9658733723314756, 
            1.0302554588005497
        ], 
        "WW_B3": [
            0.9616522151185177, 
            1.033250998710382
        ], 
        "WW_B0": [
            0.9749713757043009, 
            1.0214024440268
        ], 
        "WW_B1": [
            0.9742313285546242, 
            1.02178558107241
        ]
    }, 
    "PS_FSR": {
        "ggWW_B10": [
            1.0380772597508425, 
            0.9750800751829004
        ], 
        "ggWW_B6": [
            1.037150077389816, 
            0.9794074997814963
        ], 
        "ggWW_B7": [
            1.0332052633283366, 
            0.9803413768181715
        ], 
        "ggWW_B4": [
            1.0272270091926232, 
            0.9874454269060354
        ], 
        "ggWW_B5": [
            1.029296167067941, 
            0.98295378305208
        ], 
        "ggWW_B2": [
            1.0072016636714276, 
            0.9987881425203943
        ], 
        "ggWW_B3": [
            1.021369848319813, 
            0.9893774356468055
        ], 
        "ggWW_B0": [
            0.9686495099477124, 
            1.0293566929783382
        ], 
        "ggWW_B1": [
            0.994552831551978, 
            1.0092876415227672
        ], 
        "ggWW_B8": [
            1.037732794314111, 
            0.9771895124018178
        ], 
        "ggWW_B9": [
            1.044217515564595, 
            0.9732841793324045
        ], 
        "WW_B10": [
            1.0168697616535367, 
            0.98502083550238
        ], 
        "WW_B8": [
            1.0345378205724693, 
            0.9782967626340766
        ], 
        "WW_B9": [
            1.0113590748096646, 
            0.9909588202887618
        ], 
        "WW_B6": [
            1.025091869922602, 
            0.9820660048835362
        ], 
        "WW_B7": [
            0.9958385846999747, 
            0.9935373921029812
        ], 
        "WW_B4": [
            1.0205615622810786, 
            0.9857573109789912
        ], 
        "WW_B5": [
            1.0179375678249198, 
            0.9946766271799526
        ], 
        "WW_B2": [
            0.9884126976816798, 
            1.013066713929128
        ], 
        "WW_B3": [
            1.0043145227777168, 
            0.9978691220302119
        ], 
        "WW_B0": [
            0.9760044421192262, 
            1.0292194163894495
        ], 
        "WW_B1": [
            0.9998386611500532, 
            1.0109419613173716
        ]
    }, 
    "QCDscale_WW": {
        "ggWW_B10": [
            1.0, 
            1.0
        ], 
        "ggWW_B6": [
            1.0, 
            1.0
        ], 
        "ggWW_B7": [
            1.0, 
            1.0
        ], 
        "ggWW_B4": [
            1.0, 
            1.0
        ], 
        "ggWW_B5": [
            1.0, 
            1.0
        ], 
        "ggWW_B2": [
            1.0, 
            1.0
        ], 
        "ggWW_B3": [
            1.0, 
            1.0
        ], 
        "ggWW_B0": [
            1.0, 
            1.0
        ], 
        "ggWW_B1": [
            1.0, 
            1.0
        ], 
        "ggWW_B8": [
            1.0, 
            1.0
        ], 
        "ggWW_B9": [
            1.0, 
            1.0
        ], 
        "WW_B10": [
            0.9412680483078151, 
            1.0531991506445735
        ], 
        "WW_B8": [
            0.9518522375235552, 
            1.0425913118327619
        ], 
        "WW_B9": [
            0.9470723956605257, 
            1.0473306080715916
        ], 
        "WW_B6": [
            0.9585821138616117, 
            1.0362279321774928
        ], 
        "WW_B7": [
            0.9526346884347323, 
            1.0418115749414851
        ], 
        "WW_B4": [
            0.9640245066445079, 
            1.0307372267126345
        ], 
        "WW_B5": [
            0.9634229579339492, 
            1.0315956829524953
        ], 
        "WW_B2": [
            0.9661878342467405, 
            1.0287473411875703
        ], 
        "WW_B3": [
            0.9649637726800526, 
            1.0298004281935906
        ], 
        "WW_B0": [
            0.9713743574713359, 
            1.023969095420312
        ], 
        "WW_B1": [
            0.9661053310966604, 
            1.0288519319758291
        ]
    }, 
    "CMS_hww_WWresum": {
        "WW_B10": [
            0.9963332948594439, 
            1.0076966710923774
        ], 
        "WW_B8": [
            0.9947028503767072, 
            1.0111846630029704
        ], 
        "WW_B9": [
            0.9947806203262527, 
            1.01080690468338
        ], 
        "WW_B6": [
            0.9896746310002902, 
            1.021735408257246
        ], 
        "WW_B7": [
            0.9923754283896593, 
            1.0160108139837896
        ], 
        "WW_B4": [
            0.9859649057162375, 
            1.0299633122401408
        ], 
        "WW_B5": [
            0.9877480576409368, 
            1.025984849162299
        ], 
        "WW_B2": [
            0.9924745795530002, 
            1.0156729924863288
        ], 
        "WW_B3": [
            0.9881961995168466, 
            1.0253785773772772
        ], 
        "WW_B0": [
            0.9966866162816591, 
            1.0066493595938875
        ], 
        "WW_B1": [
            0.9968701188713345, 
            1.0063893025926882
        ]
    }, 
    "CMS_hww_WWqscale": {
        "WW_B10": [
            1.071759966160329, 
            0.9176938872756847
        ], 
        "WW_B8": [
            1.0706901295565785, 
            0.920403657253885
        ], 
        "WW_B9": [
            1.0714864356184783, 
            0.9185653147553636
        ], 
        "WW_B6": [
            1.0682384657092228, 
            0.9249340204570314
        ], 
        "WW_B7": [
            1.068822300343148, 
            0.9231934457590841
        ], 
        "WW_B4": [
            1.065328667575875, 
            0.9292033609062293
        ], 
        "WW_B5": [
            1.0659982606101976, 
            0.9277827083381479
        ], 
        "WW_B2": [
            1.0698013601590093, 
            0.9236182166458816
        ],