{
    "ww2l2v_13TeV_sr_2j_B11": {
        "Vg": {
            "Wg": 0.3088483039828359, 
            "Zg": 0.09086675827629745, 
            "ZgS": 0.11935246342245662, 
            "WgS": 0.48093247431840996
        }, 
        "Higgs": {
            "qqH_htt": 0.00682440016533582, 
            "qqH_hww": 0.32990932864172856, 
            "ggZH_hww": 0.01749089497684244, 
            "WH_htt": 0.010698326084455211, 
            "ggH_htt": 0.014037437868718347, 
            "WH_hww": 0.05559867587555206, 
            "ggH_hww": 0.4801665627400648, 
            "ttH_hww": 0.0590345400791625, 
            "ZH_htt": 0.002842311338992695, 
            "ZH_hww": 0.023397522229147708
        }
    }, 
    "ww2l2v_13TeV_sr_2j_B10": {
        "Vg": {
            "Wg": 0.5516794462143008, 
            "Zg": 0.08869776119199611, 
            "ZgS": 0.16724028551732917, 
            "WgS": 0.1923825070763739
        }, 
        "Higgs": {
            "qqH_htt": 0.005433210948092825, 
            "qqH_hww": 0.22301213458629018, 
            "ggZH_hww": 0.014607851850319663, 
            "WH_htt": 0.013669790755526377, 
            "ggH_htt": 0.009096745929068086, 
            "WH_hww": 0.08354329762817123, 
            "ggH_hww": 0.5411669125324262, 
            "ttH_hww": 0.08024864837856824, 
            "ZH_htt": 0.0027177757419973437, 
            "ZH_hww": 0.026503631649539793
        }
    }, 
    "ww2l2v_13TeV_top_2j": {
        "Vg": {
            "Wg": 0.29866831624555346, 
            "Zg": 0.1327642612277377, 
            "ZgS": 0.061724956723070906, 
            "WgS": 0.5068424658036379
        }, 
        "Higgs": {
            "qqH_htt": 0.004821976065202648, 
            "qqH_hww": 0.008583700963878301, 
            "ggZH_hww": 0.0026455607687118983, 
            "WH_htt": 0.007886480269275522, 
            "ggH_htt": 0.019188372745418944, 
            "WH_hww": 0.01766259421404831, 
            "ggH_hww": 0.0312846884394721, 
            "ttH_hww": 0.8947112074464896, 
            "ZH_htt": 0.005047041665766896, 
            "ZH_hww": 0.008168377421735831
        }
    }, 
    "ww2l2v_13TeV_sr_2j_B5": {
        "Vg": {
            "Wg": 0.5458447332376387, 
            "Zg": 0.1452962378577099, 
            "ZgS": 0.0425613194750797, 
            "WgS": 0.26629770942957165
        }, 
        "Higgs": {
            "qqH_htt": 0.0013246715224748105, 
            "qqH_hww": 0.06998066722844504, 
            "ggZH_hww": 0.010443924716751507, 
            "WH_htt": 0.017701874001867596, 
            "ggH_htt": 0.006910637957377964, 
            "WH_hww": 0.11845897090368092, 
            "ggH_hww": 0.6613261675296433, 
            "ttH_hww": 0.05872016952609825, 
            "ZH_htt": 0.0034248057955336927, 
            "ZH_hww": 0.051708110818126915
        }
    }, 
    "ww2l2v_13TeV_sr_2j_B4": {
        "Vg": {
            "Wg": 0.0, 
            "Zg": 0.34058067009053866, 
            "ZgS": -0.01320701827474737, 
            "WgS": 0.6726263481842087
        }, 
        "Higgs": {
            "qqH_htt": 0.0014776265816322436, 
            "qqH_hww": 0.05102763020181256, 
            "ggZH_hww": 0.023261534370726346, 
            "WH_htt": 0.015601298737609366, 
            "ggH_htt": 0.004016380432815217, 
            "WH_hww": 0.17667110846784143, 
            "ggH_hww": 0.5625879307640651, 
            "ttH_hww": 0.05069786805625426, 
            "ZH_htt": 0.002886110853995808, 
            "ZH_hww": 0.11177251153324765
        }
    }, 
    "ww2l2v_13TeV_sr_2j_B7": {
        "Vg": {
            "Wg": 0.5935334765612857, 
            "Zg": 0.12238163187384597, 
            "ZgS": 0.04054918533597405, 
            "WgS": 0.24353570622889423
        }, 
        "Higgs": {
            "qqH_htt": 0.0011540709617477145, 
            "qqH_hww": 0.08295067620588534, 
            "ggZH_hww": 0.00874361331820596, 
            "WH_htt": 0.016350517691996205, 
            "ggH_htt": 0.015371019728884943, 
            "WH_hww": 0.08282757541513751, 
            "ggH_hww": 0.6957516694185107, 
            "ttH_hww": 0.06486347695344993, 
            "ZH_htt": 0.003015727966649317, 
            "ZH_hww": 0.028971652339532326
        }
    }, 
    "ww2l2v_13TeV_sr_2j_B6": {
        "Vg": {
            "Wg": 0.201970673057801, 
            "Zg": 0.30704137375677554, 
            "ZgS": 0.161266792477866, 
            "WgS": 0.3297211607075575
        }, 
        "Higgs": {
            "qqH_htt": 0.00017228227393363725, 
            "qqH_hww": 0.07521956403092919, 
            "ggZH_hww": 0.006812130304344107, 
            "WH_htt": 0.015823910023830517, 
            "ggH_htt": 0.012362633961660412, 
            "WH_hww": 0.06923617954703358, 
            "ggH_hww": 0.7309427944229019, 
            "ttH_hww": 0.056186796527448596, 
            "ZH_htt": 0.003097793805342617, 
            "ZH_hww": 0.03014591510257529
        }
    }, 
    "ww2l2v_13TeV_sr_2j_B1": {
        "Vg": {
            "Wg": 0.6116712311073962, 
            "Zg": -0.1233482251281209, 
            "ZgS": 0.21655334212943567, 
            "WgS": 0.2951236518912891
        }, 
        "Higgs": {
            "qqH_htt": 0.001786050496497529, 
            "qqH_hww": 0.10247426040441018, 
            "ggZH_hww": 0.0065894017111682865, 
            "WH_htt": 0.01093891289016515, 
            "ggH_htt": 0.007192215394330966, 
            "WH_hww": 0.12097441821083152, 
            "ggH_hww": 0.6875145187555846, 
            "ttH_hww": 0.026475062131526703, 
            "ZH_htt": 0.0011787421730015863, 
            "ZH_hww": 0.03487641783248353
        }
    }, 
    "ww2l2v_13TeV_sr_2j_B0": {
        "Vg": {
            "Wg": 0.0, 
            "Zg": 0.05211712614359288, 
            "ZgS": 0.07831553930792738, 
            "WgS": 0.8695673345484797
        }, 
        "Higgs": {
            "qqH_htt": 0.0003203653840722673, 
            "qqH_hww": 0.10950576234943667, 
            "ggZH_hww": 0.004148155627350033, 
            "WH_htt": 0.00931909558412947, 
            "ggH_htt": 0.001695233338904006, 
            "WH_hww": 0.0849027682171673, 
            "ggH_hww": 0.746561816838677, 
            "ttH_hww": 0.017428959758958053, 
            "ZH_htt": 0.0012383427773293993, 
            "ZH_hww": 0.02487950012397575
        }
    }, 
    "ww2l2v_13TeV_sr_2j_B3": {
        "Vg": {
            "Wg": 0.6362628127288922, 
            "Zg": 0.10885576365126272, 
            "ZgS": 0.047172207214842526, 
            "WgS": 0.20770921640500242
        }, 
        "Higgs": {
            "qqH_htt": 5.738948765645591e-05, 
            "qqH_hww": 0.04952941343066344, 
            "ggZH_hww": 0.01835228598003814, 
            "WH_htt": 0.015768468378943044, 
            "ggH_htt": 0.007623987990426576, 
            "WH_hww": 0.2694090008020317, 
            "ggH_hww": 0.5212456925758283, 
            "ttH_hww": 0.04011050813914385, 
            "ZH_htt": 0.002711549446579265, 
            "ZH_hww": 0.07519170376868917
        }
    }, 
    "ww2l2v_13TeV_sr_2j_B2": {
        "Vg": {
            "Wg": 0.0, 
            "Zg": 0.2420128737852249, 
            "ZgS": -0.013064414022692513, 
            "WgS": 0.7710515402374676
        }, 
        "Higgs": {
            "qqH_htt": 0.0006268626810649764, 
            "qqH_hww": 0.06295028279124149, 
            "ggZH_hww": 0.009435388232493175, 
            "WH_htt": 0.011832773275692602, 
            "ggH_htt": 0.009618763964746748, 
            "WH_hww": 0.14581333035687621, 
            "ggH_hww": 0.68621394981484, 
            "ttH_hww": 0.03315283675747642, 
            "ZH_htt": 0.00295329940240264, 
            "ZH_hww": 0.037402512723165866
        }
    }, 
    "ww2l2v_13TeV_sr_2j_B9": {
        "Vg": {
            "Wg": 0.4189718386210191, 
            "Zg": -0.0038095376402733448, 
            "ZgS": 0.0379978282061745, 
            "WgS": 0.5468398708130798
        }, 
        "Higgs": {
            "qqH_htt": 0.0015503659210167017,