{
  "VBS": {
    "pdf_weight_34": 0.9996892518567844, 
    "pdf_weight_35": 1.0000376037337815, 
    "pdf_weight_36": 1.000161316231474, 
    "pdf_weight_37": 0.9999708076496608, 
    "pdf_weight_30": 1.000214736527796, 
    "pdf_weight_31": 0.999614089278332, 
    "pdf_weight_32": 0.9996015332564452, 
    "pdf_weight_33": 0.9997947933455351, 
    "pdf_weight_38": 1.0000372167960856, 
    "pdf_weight_39": 1.0001277872219951, 
    "pdf_weight_41": 1.0000456602957968, 
    "pdf_weight_40": 0.9997953523511237, 
    "pdf_weight_43": 1.0000665880451467, 
    "pdf_weight_42": 1.0006725431244516, 
    "pdf_weight_45": 1.0002191032504293, 
    "pdf_weight_44": 0.9997438874140716, 
    "pdf_weight_47": 0.9993768455131299, 
    "pdf_weight_46": 0.9993399255385316, 
    "pdf_weight_49": 1.0001410727015498, 
    "pdf_weight_48": 1.0004774842739306, 
    "pdf_weight_52": 1.000195975784986, 
    "pdf_weight_53": 0.9998180508184996, 
    "pdf_weight_50": 0.9997499121220664, 
    "pdf_weight_51": 0.9995466146435168, 
    "pdf_weight_56": 1.0001050184991547, 
    "pdf_weight_57": 1.0000420387413205, 
    "pdf_weight_54": 0.9997682090120359, 
    "pdf_weight_55": 0.9999390705902761, 
    "pdf_weight_58": 0.999852770661973, 
    "pdf_weight_59": 1.0001339394456192, 
    "pdf_weight_69": 0.9998419847173982, 
    "pdf_weight_68": 0.9997454399153671, 
    "pdf_weight_67": 0.9998784366553496, 
    "pdf_weight_66": 0.9999081989958205, 
    "pdf_weight_65": 0.9998323757519607, 
    "pdf_weight_64": 1.0001960171816084, 
    "pdf_weight_63": 0.9999802365823741, 
    "pdf_weight_62": 1.0001243733194078, 
    "pdf_weight_61": 1.0001734839371845, 
    "pdf_weight_60": 0.9999303591008193, 
    "pdf_weight_78": 0.9998987153134152, 
    "pdf_weight_79": 0.9998761040931934, 
    "pdf_weight_70": 1.0003386677307817, 
    "pdf_weight_71": 1.0002711070588333, 
    "pdf_weight_72": 0.9999554642534748, 
    "pdf_weight_73": 1.0001569298892936, 
    "pdf_weight_74": 1.0001067336319942, 
    "pdf_weight_75": 1.0001305987453932, 
    "pdf_weight_76": 0.9998641936097332, 
    "pdf_weight_77": 1.0003317818324553, 
    "pdf_weight_85": 1.0000286761479706, 
    "pdf_weight_84": 0.9999727772861048, 
    "pdf_weight_87": 1.0001162726023725, 
    "pdf_weight_86": 0.9999844794411161, 
    "pdf_weight_81": 0.999855137688196, 
    "pdf_weight_80": 0.999908753545543, 
    "pdf_weight_83": 0.999986794368233, 
    "pdf_weight_82": 0.9997768484793034, 
    "pdf_weight_89": 0.9999924263406063, 
    "pdf_weight_88": 0.9999633650170013, 
    "pdf_weight_96": 1.000106599171173, 
    "pdf_weight_97": 0.999762203133323, 
    "pdf_weight_94": 0.9999568247158551, 
    "pdf_weight_95": 0.9999108030868099, 
    "pdf_weight_92": 1.0000331935504443, 
    "pdf_weight_93": 0.9999323742751254, 
    "pdf_weight_90": 1.000028371442955, 
    "pdf_weight_91": 1.0000537134055711, 
    "pdf_weight_98": 1.0001112345955765, 
    "pdf_weight_99": 0.9998967745345868, 
    "pdf_weight_18": 1.000784331844008, 
    "pdf_weight_19": 0.9997144605255907, 
    "pdf_weight_16": 0.998937890903245, 
    "pdf_weight_17": 1.0002389246386636, 
    "pdf_weight_14": 0.9996395681774358, 
    "pdf_weight_15": 1.000196214268263, 
    "pdf_weight_12": 1.0006835136509438, 
    "pdf_weight_13": 1.0018309714969107, 
    "pdf_weight_10": 1.0002336861557073, 
    "pdf_weight_11": 1.0019870428941045, 
    "pdf_weight_8": 1.0013063245471718, 
    "pdf_weight_9": 0.9987409020124902, 
    "pdf_weight_4": 0.9985924491219136, 
    "pdf_weight_5": 1.0001617481716978, 
    "pdf_weight_6": 1.0010349862250842, 
    "pdf_weight_7": 1.0007588979440722, 
    "pdf_weight_0": 1.0000034740374828, 
    "pdf_weight_1": 1.0007712398083837, 
    "pdf_weight_2": 0.9994576341944714, 
    "pdf_weight_3": 0.9999459825026696, 
    "pdf_weight_102": 0.9778923900309275, 
    "pdf_weight_101": 1.021922149005692, 
    "pdf_weight_100": 1.0000446176861806, 
    "pdf_weight_29": 0.998290684489689, 
    "pdf_weight_28": 1.0005575875151826, 
    "pdf_weight_23": 0.9999723907703849, 
    "pdf_weight_22": 1.0001385155884335, 
    "pdf_weight_21": 0.9995696138154117, 
    "pdf_weight_20": 1.0001044045084457, 
    "pdf_weight_27": 1.0005022015169618, 
    "pdf_weight_26": 0.9996209549211493, 
    "pdf_weight_25": 0.9998774358188134, 
    "pdf_weight_24": 1.000990657341769
  }
}