{
    "ww2l2v_13TeV_top_1j": {
        "Vg": {
            "Wg": 0.5732151165239548, 
            "Zg": 0.12530327821028084, 
            "ZgS": 0.012659795748416138, 
            "WgS": 0.28882180951734815
        }, 
        "Higgs": {
            "qqH_htt": 0.0453388307218732, 
            "qqH_hww": 0.08219154950176707, 
            "ggZH_hww": 0.004600319367154613, 
            "WH_htt": 0.05940400780271589, 
            "ggH_htt": 0.1742914152476358, 
            "WH_hww": 0.10092663951528796, 
            "ggH_hww": 0.33475144952661917, 
            "ttH_hww": 0.1486558063524584, 
            "ZH_htt": 0.01540048093765567, 
            "ZH_hww": 0.03443950102683208
        }
    }, 
    "ww2l2v_13TeV_sr_1j_B6": {
        "Vg": {
            "Wg": 0.5227377782275401, 
            "Zg": 0.03728685713168947, 
            "ZgS": 0.006574980212677155, 
            "WgS": 0.43340038442809337
        }, 
        "Higgs": {
            "qqH_htt": 0.001986916711612158, 
            "qqH_hww": 0.1904629333720813, 
            "ggZH_hww": 0.003666391914676114, 
            "WH_htt": 0.009459171204307122, 
            "ggH_htt": 0.007405326669025922, 
            "WH_hww": 0.05824289398758742, 
            "ggH_hww": 0.7080906333689406, 
            "ttH_hww": 0.003139406551017165, 
            "ZH_htt": 0.0014024592261007757, 
            "ZH_hww": 0.016143866994651576
        }
    }, 
    "ww2l2v_13TeV_sr_1j_B5": {
        "Vg": {
            "Wg": 0.4848714591010194, 
            "Zg": 0.04115178392269764, 
            "ZgS": 0.007301221116005307, 
            "WgS": 0.46667553586027755
        }, 
        "Higgs": {
            "qqH_htt": 0.0020862374335634385, 
            "qqH_hww": 0.08512639033066216, 
            "ggZH_hww": 0.0017101483308487133, 
            "WH_htt": 0.013635267312258819, 
            "ggH_htt": 0.006578416321533921, 
            "WH_hww": 0.0716384470616775, 
            "ggH_hww": 0.7988535820039361, 
            "ttH_hww": 0.0013670182203153079, 
            "ZH_htt": 0.0020443244430651403, 
            "ZH_hww": 0.01696016854213879
        }
    }, 
    "ww2l2v_13TeV_sr_1j_B2": {
        "Vg": {
            "Wg": 0.3758864352258944, 
            "Zg": 0.06488877681717789, 
            "ZgS": 0.08398390543145967, 
            "WgS": 0.47524088252546803
        }, 
        "Higgs": {
            "qqH_htt": 0.00031859349521723196, 
            "qqH_hww": 0.07271652818321823, 
            "ggZH_hww": 0.0013496696475367193, 
            "WH_htt": 0.01946741864543335, 
            "ggH_htt": 0.013432442542705406, 
            "WH_hww": 0.07838971578116334, 
            "ggH_hww": 0.7935208883881525, 
            "ttH_hww": 0.0018826983958008235, 
            "ZH_htt": 0.0026081955660447534, 
            "ZH_hww": 0.016313849354727517
        }
    }, 
    "ww2l2v_13TeV_top_2j": {
        "Vg": {
            "Wg": 0.5602862759373075, 
            "Zg": 0.12868612542445065, 
            "ZgS": 0.008518409188158016, 
            "WgS": 0.3025091894500839
        }, 
        "Higgs": {
            "qqH_htt": 0.004171366454018588, 
            "qqH_hww": 0.0076177133873245075, 
            "ggZH_hww": 0.0028804843609850474, 
            "WH_htt": 0.007295170372315671, 
            "ggH_htt": 0.013870860057828923, 
            "WH_hww": 0.019271507650384337, 
            "ggH_hww": 0.035131518172349684, 
            "ttH_hww": 0.8953140366642914, 
            "ZH_htt": 0.005315662091388072, 
            "ZH_hww": 0.009131680789113803
        }
    }, 
    "ww2l2v_13TeV_sr_1j_B3": {
        "Vg": {
            "Wg": 0.33252587638062886, 
            "Zg": 0.07378581818507197, 
            "ZgS": 0.040919739415866865, 
            "WgS": 0.5527685660184323
        }, 
        "Higgs": {
            "qqH_htt": 0.0014537119778618385, 
            "qqH_hww": 0.07186699291869734, 
            "ggZH_hww": 0.0015722446185775943, 
            "WH_htt": 0.0162729460142291, 
            "ggH_htt": 0.01536919887290837, 
            "WH_hww": 0.07280404042338925, 
            "ggH_hww": 0.802082570597831, 
            "ttH_hww": 0.0015875029613302773, 
            "ZH_htt": 0.0020537008281809525, 
            "ZH_hww": 0.014937090786994128
        }
    }, 
    "ww2l2v_13TeV_sr_2j_B3": {
        "Vg": {
            "Wg": 0.5364974402674064, 
            "Zg": 0.04437705504960435, 
            "ZgS": 0.0948569712767766, 
            "WgS": 0.32426853340621253
        }, 
        "Higgs": {
            "qqH_htt": 0.0013018626406384893, 
            "qqH_hww": 0.1125159469237179, 
            "ggZH_hww": 0.005788921301904907, 
            "WH_htt": 0.023984696328663787, 
            "ggH_htt": 0.0, 
            "WH_hww": 0.17473857244655214, 
            "ggH_hww": 0.5589677399910398, 
            "ttH_hww": 0.05392002259704353, 
            "ZH_htt": 0.007807292652606215, 
            "ZH_hww": 0.060974945117833274
        }
    }, 
    "ww2l2v_13TeV_top_0j": {
        "Vg": {
            "Wg": 0.3718304527508407, 
            "Zg": 0.0, 
            "ZgS": 0.0, 
            "WgS": 0.6281695472491594
        }, 
        "Higgs": {
            "qqH_htt": 0.0, 
            "qqH_hww": 0.018448543267691027, 
            "ggZH_hww": 0.0020829838487568496, 
            "WH_htt": 0.10295879111922293, 
            "ggH_htt": 0.0488372287890486, 
            "WH_hww": 0.2179792284249372, 
            "ggH_hww": 0.5585307636184339, 
            "ttH_hww": 0.014966399570434653, 
            "ZH_htt": 0.010237213348108166, 
            "ZH_hww": 0.025958848013366547
        }
    }, 
    "ww2l2v_13TeV_sr_2j_B2": {
        "Vg": {
            "Wg": 0.875286319621381, 
            "Zg": 0.07555977946042745, 
            "ZgS": 0.09029672600748567, 
            "WgS": -0.041142825089294115
        }, 
        "Higgs": {
            "qqH_htt": 0.004547010273147782, 
            "qqH_hww": 0.10257887197525434, 
            "ggZH_hww": 0.005233572019871832, 
            "WH_htt": 0.020564905952225637, 
            "ggH_htt": -0.021333665175213477, 
            "WH_hww": 0.1999346089846557, 
            "ggH_hww": 0.5680479208251802, 
            "ttH_hww": 0.058938134422928314, 
            "ZH_htt": 0.005912802569036447, 
            "ZH_hww": 0.05557583815291323
        }
    }, 
    "ww2l2v_13TeV_sr_0j_B6": {
        "Vg": {
            "Wg": 0.5512790641660629, 
            "Zg": 0.05765874834891154, 
            "ZgS": 0.015807157045077725, 
            "WgS": 0.3752550304399479
        }, 
        "Higgs": {
            "qqH_htt": 0.0024959915261323303, 
            "qqH_hww": 0.2448155417494513, 
            "ggZH_hww": 0.0020745333213088944, 
            "WH_htt": 0.004941299902952124, 
            "ggH_htt": 0.002189746197533187, 
            "WH_hww": 0.03099039704286918, 
            "ggH_hww": 0.7015636844234016, 
            "ttH_hww": 0.0013997920173380856, 
            "ZH_htt": 0.000999733088181044, 
            "ZH_hww": 0.008529280730832346
        }
    }, 
    "ww2l2v_13TeV_sr_0j_B5": {
        "Vg": {
            "Wg": 0.4322905973545723, 
            "Zg": 0.10006201360473535, 
            "ZgS": 0.028886087316699015, 
            "WgS": 0.4387613017239933
        }, 
        "Higgs": {
            "qqH_htt": 0.0007076526112842913, 
            "qqH_hww": 0.07541332295615058, 
            "ggZH_hww": 0.0015365048754413765, 
            "WH_htt": 0.0051754000251651375, 
            "ggH_htt": 0.00404829998374646, 
            "WH_hww": 0.037725025714879235, 
            "ggH_hww": 0.8652043640307787, 
            "ttH_hww": 0.0005154756438228962, 
            "ZH_htt": 0.0010395946348218104, 
            "ZH_hww": 0.00863435952390953
        }
    }, 
    "ww2l2v_13TeV_sr_0j_B4": {
        "Vg": {
            "Wg": 0.6436392349726601, 
            "Zg": 0.03843521611016628, 
            "ZgS": 0.017146631734222022, 
            "WgS": 0.3007789171829516
        }, 
        "Higgs": {
            "qqH_htt": 0.0004505193967200079,