{
    "ww2l2v_13TeV_top_1j": {
        "Vg": {
            "Wg": 0.742819853306569, 
            "Zg": 0.18232609608785452, 
            "ZgS": 0.04761192683711294, 
            "WgS": 0.027242123768463557
        }, 
        "Higgs": {
            "qqH_htt": 0.0651035975525385, 
            "qqH_hww": 0.0972647465449789, 
            "ggZH_hww": 0.0031365015389565004, 
            "ggH_htt": 0.22942427090866782, 
            "WH_hww": 0.13667132558072506, 
            "ggH_hww": 0.3777274785997671, 
            "ttH_hww": 0.059368805518040996, 
            "ZH_hww": 0.031303273756325245
        }
    }, 
    "ww2l2v_13TeV_sr_1j_B6": {
        "Vg": {
            "Wg": 0.9051543250151792, 
            "Zg": 0.05582081731630558, 
            "ZgS": 0.011026476869331015, 
            "WgS": 0.027998380799184357
        }, 
        "Higgs": {
            "qqH_htt": 0.001996798778441576, 
            "qqH_hww": 0.19112576249012034, 
            "ggZH_hww": 0.003397424867300215, 
            "ggH_htt": 0.00580183008439992, 
            "WH_hww": 0.05387294246608382, 
            "ggH_hww": 0.7266965541235235, 
            "ttH_hww": 0.0019252337423356213, 
            "ZH_hww": 0.015183453447795104
        }
    }, 
    "ww2l2v_13TeV_sr_1j_B5": {
        "Vg": {
            "Wg": 0.8902032953607097, 
            "Zg": 0.054476248465568956, 
            "ZgS": 0.0200027988375931, 
            "WgS": 0.03531765733612818
        }, 
        "Higgs": {
            "qqH_htt": 0.0015397707995307636, 
            "qqH_hww": 0.0841196597848756, 
            "ggZH_hww": 0.0016509301497053522, 
            "ggH_htt": 0.004025378731617276, 
            "WH_hww": 0.06312734419740872, 
            "ggH_hww": 0.8292492053426512, 
            "ttH_hww": 0.0009498376451095539, 
            "ZH_hww": 0.015337873349101507
        }
    }, 
    "ww2l2v_13TeV_sr_1j_B2": {
        "Vg": {
            "Wg": 0.6816695223431884, 
            "Zg": 0.16023498466987515, 
            "ZgS": 0.11719118211002956, 
            "WgS": 0.04090431087690686
        }, 
        "Higgs": {
            "qqH_htt": 0.0003546439509327037, 
            "qqH_hww": 0.07293723749618021, 
            "ggZH_hww": 0.0012093598089499011, 
            "ggH_htt": 0.01662650236007467, 
            "WH_hww": 0.06791571204103405, 
            "ggH_hww": 0.8249546728141804, 
            "ttH_hww": 0.0007360199995501968, 
            "ZH_hww": 0.015265851529097778
        }
    }, 
    "ww2l2v_13TeV_top_2j": {
        "Vg": {
            "Wg": 0.7754502751015336, 
            "Zg": 0.150824241461501, 
            "ZgS": 0.05292631210515148, 
            "WgS": 0.020799171331813988
        }, 
        "Higgs": {
            "qqH_htt": 0.015949512589861804, 
            "qqH_hww": 0.02026373586586686, 
            "ggZH_hww": 0.004393690131662464, 
            "ggH_htt": 0.06934893926277415, 
            "WH_hww": 0.05407578179403287, 
            "ggH_hww": 0.09514457156395358, 
            "ttH_hww": 0.7237681271287809, 
            "ZH_hww": 0.01705564166306732
        }
    }, 
    "ww2l2v_13TeV_sr_1j_B3": {
        "Vg": {
            "Wg": 0.7674663672705561, 
            "Zg": 0.12953635753024184, 
            "ZgS": 0.054133520836204665, 
            "WgS": 0.04886375436299732
        }, 
        "Higgs": {
            "qqH_htt": 0.0008700853613943146, 
            "qqH_hww": 0.0727586955093102, 
            "ggZH_hww": 0.001500173360517568, 
            "ggH_htt": 0.009747447370671097, 
            "WH_hww": 0.06501252526814211, 
            "ggH_hww": 0.8363719369453964, 
            "ttH_hww": 0.0010948205183030576, 
            "ZH_hww": 0.012644315666265173
        }
    }, 
    "ww2l2v_13TeV_sr_2j_B3": {
        "Vg": {
            "Wg": 0.7978021017241823, 
            "Zg": 0.18988066202775963, 
            "ZgS": 0.0, 
            "WgS": 0.012317236248058047
        }, 
        "Higgs": {
            "qqH_htt": 0.002144798174811615, 
            "qqH_hww": 0.13026250578482063, 
            "ggZH_hww": 0.0052957205695982005, 
            "ggH_htt": 0.0, 
            "WH_hww": 0.17249814125537957, 
            "ggH_hww": 0.6021796558332992, 
            "ttH_hww": 0.02414079109933995, 
            "ZH_hww": 0.06347838728275085
        }
    }, 
    "ww2l2v_13TeV_top_0j": {
        "Vg": {
            "Wg": 0.7776344579097375, 
            "Zg": 0.14739060598249717, 
            "ZgS": 0.040305223331513776, 
            "WgS": 0.034669712776251464
        }, 
        "Higgs": {
            "qqH_htt": 0.001926122732786955, 
            "qqH_hww": 0.014263497174700334, 
            "ggZH_hww": 0.0012482917303190616, 
            "ggH_htt": 0.03208713765749157, 
            "WH_hww": 0.1506634328086576, 
            "ggH_hww": 0.7763226037277171, 
            "ttH_hww": 0.004201596523087426, 
            "ZH_hww": 0.019287317645240037
        }
    }, 
    "ww2l2v_13TeV_sr_2j_B2": {
        "Vg": {
            "Wg": 0.7974683417503181, 
            "Zg": 0.13080161487588363, 
            "ZgS": 0.056352095646344344, 
            "WgS": 0.015377947727453736
        }, 
        "Higgs": {
            "qqH_htt": 0.006754427674385303, 
            "qqH_hww": 0.10498750314507897, 
            "ggZH_hww": 0.004341164586104756, 
            "ggH_htt": 0.0, 
            "WH_hww": 0.18662940450211654, 
            "ggH_hww": 0.6281344768599206, 
            "ttH_hww": 0.018370655807775214, 
            "ZH_hww": 0.05078236742461857
        }
    }, 
    "ww2l2v_13TeV_sr_0j_B6": {
        "Vg": {
            "Wg": 0.8527611342348796, 
            "Zg": 0.0955460406589228, 
            "ZgS": 0.02257134845290567, 
            "WgS": 0.029121476653292157
        }, 
        "Higgs": {
            "qqH_htt": 0.002515949962651355, 
            "qqH_hww": 0.2482842206314829, 
            "ggZH_hww": 0.0020999736660562104, 
            "ggH_htt": 0.00253022135690725, 
            "WH_hww": 0.031119666886490874, 
            "ggH_hww": 0.7039156936990645, 
            "ttH_hww": 0.0010383776383339873, 
            "ZH_hww": 0.008495896159013036
        }
    }, 
    "ww2l2v_13TeV_sr_0j_B5": {
        "Vg": {
            "Wg": 0.7994191177591204, 
            "Zg": 0.12762132199271342, 
            "ZgS": 0.04354094018043372, 
            "WgS": 0.029418620067732305
        }, 
        "Higgs": {
            "qqH_htt": 0.0006674838194741111, 
            "qqH_hww": 0.07534117474929042, 
            "ggZH_hww": 0.0014191623162483793, 
            "ggH_htt": 0.006426018237337759, 
            "WH_hww": 0.034944867632050514, 
            "ggH_hww": 0.8727012619871924, 
            "ttH_hww": 0.00031222150109246717, 
            "ZH_hww": 0.008187809757314014
        }
    }, 
    "ww2l2v_13TeV_sr_0j_B4": {
        "Vg": {
            "Wg": 0.8392008020108291, 
            "Zg": 0.11028267169550218, 
            "ZgS": 0.022104020835889325, 
            "WgS": 0.02841250545777934
        }, 
        "Higgs": {
            "qqH_htt": 0.000560608442701764, 
            "qqH_hww": 0.045046722722765074, 
            "ggZH_hww": 0.0011688249613824577, 
            "ggH_htt": 0.0009423093849196802, 
            "WH_hww": 0.03246435517217676, 
            "ggH_hww": 0.9103232230217773, 
            "ttH_hww": 0.0001583594285847967, 
            "ZH_hww": 0.009335596865692136
        }
    }, 
    "ww2l2v_13TeV_sr_0j_B3": {
        "Vg": {
            "Wg": 0.8647200885055029, 
            "Zg": 0.08693358062222879, 
            "ZgS": 0.018517219791986304, 
            "WgS": 0.029829111080282078
        }, 
        "Higgs": {
            "qqH_htt": 0.00019847752577340278, 
            "qqH_hww": 0.028945698957853015, 
            "ggZH_hww": 0.0009598716938353778, 
            "ggH_htt": 0.0041227331901183915, 
            "WH_hww": 0.031049674223435204, 
            "ggH_hww": 0.9265168102443018, 
            "ttH_hww": 0.00015633969569019398, 
            "ZH_hww": 0.008050394468992552
        }
    },