{
    "ww2l2v_13TeV_top_1j": {
        "Vg": {
            "Wg": 0.6397484401567372, 
            "Zg": 0.11908512197299022, 
            "ZgS": 0.008906898501620554, 
            "WgS": 0.23225953936865212
        }, 
        "Higgs": {
            "qqH_htt": 0.0493285598704683, 
            "qqH_hww": 0.07767918259251116, 
            "ggZH_hww": 0.004219917796073406, 
            "WH_htt": 0.062023793006914824, 
            "ggH_htt": 0.2009385503091721, 
            "WH_hww": 0.0950209232837601, 
            "ggH_hww": 0.3163715653233893, 
            "ttH_hww": 0.14177646562530616, 
            "ZH_htt": 0.01910715356399332, 
            "ZH_hww": 0.03353388862841145
        }
    }, 
    "ww2l2v_13TeV_sr_1j_B6": {
        "Vg": {
            "Wg": 0.6236365365199663, 
            "Zg": 0.037369360297676284, 
            "ZgS": 0.009076359613562741, 
            "WgS": 0.3299177435687948
        }, 
        "Higgs": {
            "qqH_htt": 0.0021652822410758235, 
            "qqH_hww": 0.18816138726984383, 
            "ggZH_hww": 0.003607468168652521, 
            "WH_htt": 0.010753116248535801, 
            "ggH_htt": 0.00797085382513238, 
            "WH_hww": 0.05918702887384095, 
            "ggH_hww": 0.7064605521147358, 
            "ttH_hww": 0.00337264669866402, 
            "ZH_htt": 0.0018273873631003122, 
            "ZH_hww": 0.016494277196418602
        }
    }, 
    "ww2l2v_13TeV_sr_1j_B5": {
        "Vg": {
            "Wg": 0.6090771870948926, 
            "Zg": 0.05191752480716549, 
            "ZgS": 0.01380203233681331, 
            "WgS": 0.32520325576112863
        }, 
        "Higgs": {
            "qqH_htt": 0.0017287358415743884, 
            "qqH_hww": 0.08475034149319519, 
            "ggZH_hww": 0.0016827743233098454, 
            "WH_htt": 0.014656220059822766, 
            "ggH_htt": 0.009157535602648747, 
            "WH_hww": 0.07076708339992535, 
            "ggH_hww": 0.796479066443185, 
            "ttH_hww": 0.001480887696978385, 
            "ZH_htt": 0.002252680928053619, 
            "ZH_hww": 0.01704467421130659
        }
    }, 
    "ww2l2v_13TeV_sr_1j_B2": {
        "Vg": {
            "Wg": 0.4316742340575319, 
            "Zg": 0.11504500804833553, 
            "ZgS": 0.05131920493910112, 
            "WgS": 0.4019615529550315
        }, 
        "Higgs": {
            "qqH_htt": 0.0002561863799568042, 
            "qqH_hww": 0.07198258672142392, 
            "ggZH_hww": 0.001288399836354643, 
            "WH_htt": 0.019693826498364122, 
            "ggH_htt": 0.022699342078155445, 
            "WH_hww": 0.0755573721650089, 
            "ggH_hww": 0.7868707156920288, 
            "ttH_hww": 0.0018902141211707912, 
            "ZH_htt": 0.0026041354196689316, 
            "ZH_hww": 0.017157221087867727
        }
    }, 
    "ww2l2v_13TeV_top_2j": {
        "Vg": {
            "Wg": 0.6382413889158575, 
            "Zg": 0.06977979980266152, 
            "ZgS": 0.027773241747869666, 
            "WgS": 0.26420556953361124
        }, 
        "Higgs": {
            "qqH_htt": 0.005287119997762647, 
            "qqH_hww": 0.0073259087980595316, 
            "ggZH_hww": 0.0027656985108707654, 
            "WH_htt": 0.008740052218872625, 
            "ggH_htt": 0.017715625839331072, 
            "WH_hww": 0.019375048589516466, 
            "ggH_hww": 0.0348009059468142, 
            "ttH_hww": 0.888202636595779, 
            "ZH_htt": 0.00654106848359688, 
            "ZH_hww": 0.009245935019396693
        }
    }, 
    "ww2l2v_13TeV_sr_1j_B3": {
        "Vg": {
            "Wg": 0.4748445879564906, 
            "Zg": 0.08910812327425383, 
            "ZgS": 0.028119500400317774, 
            "WgS": 0.40792778836893784
        }, 
        "Higgs": {
            "qqH_htt": 0.001193795849729046, 
            "qqH_hww": 0.07184190978134665, 
            "ggZH_hww": 0.0015708853945136491, 
            "WH_htt": 0.017553934483311363, 
            "ggH_htt": 0.012689305476427984, 
            "WH_hww": 0.0728369667177314, 
            "ggH_hww": 0.8030738815488231, 
            "ttH_hww": 0.001538799430860983, 
            "ZH_htt": 0.00267719036427067, 
            "ZH_hww": 0.015023330952985262
        }
    }, 
    "ww2l2v_13TeV_sr_1j_B0": {
        "Vg": {
            "Wg": 0.5615649620932779, 
            "Zg": 0.10611623486818379, 
            "ZgS": -0.00579186065376314, 
            "WgS": 0.3381106636923014
        }, 
        "Higgs": {
            "qqH_htt": 0.0022710489825463133, 
            "qqH_hww": 0.08499899362919326, 
            "ggZH_hww": 0.0015680937220764986, 
            "WH_htt": 0.029236734689123006, 
            "ggH_htt": 0.0005996991052432228, 
            "WH_hww": 0.09038774844223257, 
            "ggH_hww": 0.7616433737383381, 
            "ttH_hww": 0.0035041485259101916, 
            "ZH_htt": 0.003273186646845214, 
            "ZH_hww": 0.022516972518491624
        }
    }, 
    "ww2l2v_13TeV_top_0j": {
        "Vg": {
            "Wg": 0.5029884597713051, 
            "Zg": 0.17792349441228844, 
            "ZgS": 0.0, 
            "WgS": 0.3190880458164065
        }, 
        "Higgs": {
            "qqH_htt": 0.0016958779409235452, 
            "qqH_hww": 0.017864896867865493, 
            "ggZH_hww": 0.0017003870837431331, 
            "WH_htt": 0.11115672236684457, 
            "ggH_htt": 0.04951795544225594, 
            "WH_hww": 0.20305668256774703, 
            "ggH_hww": 0.567098716842212, 
            "ttH_hww": 0.013833605406233082, 
            "ZH_htt": 0.010741730267187128, 
            "ZH_hww": 0.023333425214987904
        }
    }, 
    "ww2l2v_13TeV_sr_1j_B1": {
        "Vg": {
            "Wg": 0.5586421665801348, 
            "Zg": 0.08867499590981515, 
            "ZgS": 0.04245949040102779, 
            "WgS": 0.3102233471090223
        }, 
        "Higgs": {
            "qqH_htt": 0.0022390552176742586, 
            "qqH_hww": 0.07794203087812393, 
            "ggZH_hww": 0.0016459345123064604, 
            "WH_htt": 0.020786198641695553, 
            "ggH_htt": 0.014254292265633564, 
            "WH_hww": 0.08209625503813846, 
            "ggH_hww": 0.7773462943848574, 
            "ttH_hww": 0.0017817903772820033, 
            "ZH_htt": 0.0028634856446892397, 
            "ZH_hww": 0.019044663039599164
        }
    }, 
    "ww2l2v_13TeV_sr_0j_B6": {
        "Vg": {
            "Wg": 0.5734475195859143, 
            "Zg": 0.08595763124979561, 
            "ZgS": 0.01967872026667702, 
            "WgS": 0.32091612889761306
        }, 
        "Higgs": {
            "qqH_htt": 0.0026363931331670003, 
            "qqH_hww": 0.23454654388129526, 
            "ggZH_hww": 0.0020286103877952782, 
            "WH_htt": 0.005909148452968246, 
            "ggH_htt": 0.002635504711395951, 
            "WH_hww": 0.03294278479555101, 
            "ggH_hww": 0.7074256376291502, 
            "ttH_hww": 0.001347424660457005, 
            "ZH_htt": 0.0012282451741647499, 
            "ZH_hww": 0.009299707174055401
        }
    }, 
    "ww2l2v_13TeV_sr_0j_B5": {
        "Vg": {
            "Wg": 0.5442781929973758, 
            "Zg": 0.09173224713546177, 
            "ZgS": 0.030856217006316796, 
            "WgS": 0.3331333428608457
        }, 
        "Higgs": {
            "qqH_htt": 0.0005730336259527552, 
            "qqH_hww": 0.07170660744520414, 
            "ggZH_hww": 0.001406499104716821, 
            "WH_htt": 0.005758422175010468, 
            "ggH_htt": 0.005516724785750421, 
            "WH_hww": 0.03768617530278743, 
            "ggH_hww": 0.8666554668681681, 
            "ttH_hww": 0.0005513985717012455, 
            "ZH_htt": 0.0013984768762699135, 
            "ZH_hww": 0.00874719524443883
        }
    }, 
    "ww2l2v_13TeV_sr_0j_B4": {
        "Vg": {
            "Wg": 0.596056474792944, 
            "Zg": 0.08324971091937555, 
            "ZgS": 0.02044728692957958, 
            "WgS": 0.3002465273581008
        },