{
    "PS_ISR": {
        "ggWW_B6": [
            0.9211652159577816, 
            1.073518562808113
        ], 
        "ggWW_B4": [
            0.9593228668208664, 
            1.0392319969651638
        ], 
        "ggWW_B5": [
            0.9471546419762068, 
            1.0502629236626597
        ], 
        "ggWW_B2": [
            0.9840229055770003, 
            1.0179583044128473
        ], 
        "ggWW_B3": [
            0.9722181599553585, 
            1.027976708826327
        ], 
        "ggWW_B0": [
            1.1068626939681308, 
            0.9229401730975058
        ], 
        "ggWW_B1": [
            1.0103514598763212, 
            0.9963548792243029
        ], 
        "WW_B6": [
            0.9939038291833457, 
            1.0047552581321337
        ], 
        "WW_B4": [
            0.9985247644628639, 
            1.0009446945011553
        ], 
        "WW_B5": [
            0.9969927480968747, 
            1.002034843828529
        ], 
        "WW_B2": [
            1.0005680450212093, 
            0.9993191031861641
        ], 
        "WW_B3": [
            0.9989890845525449, 
            1.0005177837648713
        ], 
        "WW_B0": [
            1.0021489294085983, 
            0.9984935841901026
        ], 
        "WW_B1": [
            1.0056809783597005, 
            0.995661584100285
        ]
    }, 
    "PS_FSR": {
        "ggWW_B6": [
            1.0004198758426146, 
            0.9995794680155349
        ], 
        "ggWW_B4": [
            0.9996384348195482, 
            1.0002272532777143
        ], 
        "ggWW_B5": [
            1.0001153154577829, 
            0.9996240133579923
        ], 
        "ggWW_B2": [
            1.0007624128800388, 
            0.9996433334951501
        ], 
        "ggWW_B3": [
            0.9986475277858861, 
            1.0005251288204862
        ], 
        "ggWW_B0": [
            1.000185295296897, 
            0.9999466890541095
        ], 
        "ggWW_B1": [
            0.9996326451144737, 
            1.0004263191983462
        ], 
        "WW_B6": [
            1.0000752831789992, 
            0.9996533439961514
        ], 
        "WW_B4": [
            1.0027353335738105, 
            0.9981112767339708
        ], 
        "WW_B5": [
            0.9997078902487662, 
            1.0007705888415943
        ], 
        "WW_B2": [
            1.0031058581954764, 
            0.9992524019706853
        ], 
        "WW_B3": [
            1.0044056878165106, 
            0.9977591826375419
        ], 
        "WW_B0": [
            1.0006620125959933, 
            0.9995562304368063
        ], 
        "WW_B1": [
            0.9995956489086432, 
            1.000324442833384
        ]
    }, 
    "QCDscale_WW": {
        "ggWW_B6": [
            1.0, 
            1.0
        ], 
        "ggWW_B4": [
            1.0, 
            1.0
        ], 
        "ggWW_B5": [
            1.0, 
            1.0
        ], 
        "ggWW_B2": [
            1.0, 
            1.0
        ], 
        "ggWW_B3": [
            1.0, 
            1.0
        ], 
        "ggWW_B0": [
            1.0, 
            1.0
        ], 
        "ggWW_B1": [
            1.0, 
            1.0
        ], 
        "WW_B6": [
            0.9617969949598061, 
            1.032804490553687
        ], 
        "WW_B4": [
            0.9851726965757431, 
            1.010737711264234
        ], 
        "WW_B5": [
            0.9817650340564319, 
            1.0139650805198348
        ], 
        "WW_B2": [
            0.9890644788411939, 
            1.0069635308172047
        ], 
        "WW_B3": [
            0.9871707625436152, 
            1.008780591227421
        ], 
        "WW_B0": [
            0.9940172346485843, 
            1.002224160251788
        ], 
        "WW_B1": [
            0.9911521187151817, 
            1.004980619534406
        ]
    }, 
    "CMS_hww_WWresum": {
        "WW_B6": [
            0.9999422865385051, 
            1.0001245130234908
        ], 
        "WW_B4": [
            0.8767476291116046, 
            1.3802875682226203
        ], 
        "WW_B5": [
            0.9972391810148202, 
            1.005415440779048
        ], 
        "WW_B2": [
            0.9171544512252897, 
            1.2280521864112834
        ], 
        "WW_B3": [
            0.881559313578912, 
            1.361200727176229
        ], 
        "WW_B0": [
            1.0304508970142632, 
            0.984762690853734
        ], 
        "WW_B1": [
            0.9272670328175184, 
            1.196417500273905
        ]
    }, 
    "CMS_hww_WWqscale": {
        "WW_B6": [
            1.070054490192316, 
            0.9247410025197456
        ], 
        "WW_B4": [
            1.0471877303478803, 
            0.9576467038572044
        ], 
        "WW_B5": [
            1.0523488333182494, 
            0.9488067085692194
        ], 
        "WW_B2": [
            1.0359015013025206, 
            0.9726946173246049
        ], 
        "WW_B3": [
            1.0458071394255173, 
            0.9599491657968854
        ], 
        "WW_B0": [
            0.9601583823295746, 
            1.051753555252762
        ], 
        "WW_B1": [
            1.0330641767538737, 
            0.9763588679384053
        ]
    }, 
    "pdf_WW": {
        "WW_B6": [
            0.9914118354917644, 
            1.0087382556625253
        ], 
        "WW_B4": [
            0.9910791567711664, 
            1.0090828974370323
        ], 
        "WW_B5": [
            0.9913893994230082, 
            1.0087614838528287
        ], 
        "WW_B2": [
            0.9900034962527442, 
            1.010200441245525
        ], 
        "WW_B3": [
            0.9906138410551341, 
            1.0095657298667722
        ], 
        "WW_B0": [
            0.9876437459740024, 
            1.0126693453243387
        ], 
        "WW_B1": [
            0.9893474968616696, 
            1.0108843952473938
        ]
    }
}