{
    "PS_ISR": {
        "ggWW_B6": [
            0.9213123539923794, 
            1.073420627527888
        ], 
        "ggWW_B4": [
            0.9592206806615412, 
            1.0393515055574185
        ], 
        "ggWW_B5": [
            0.9473277881279798, 
            1.0501354094862516
        ], 
        "ggWW_B2": [
            0.983922087996636, 
            1.018045021984918
        ], 
        "ggWW_B3": [
            0.9719069289859229, 
            1.0282250148218293
        ], 
        "ggWW_B0": [
            1.1070675734577695, 
            0.9227987749314357
        ], 
        "ggWW_B1": [
            1.0105002342293388, 
            0.9962573123714258
        ], 
        "WW_B6": [
            0.9937147389300552, 
            1.004853743655306
        ], 
        "WW_B4": [
            0.9985495807453711, 
            1.000844393985799
        ], 
        "WW_B5": [
            0.9974366171549401, 
            1.0017294437251119
        ], 
        "WW_B2": [
            1.0003935251046736, 
            0.9995890731787141
        ], 
        "WW_B3": [
            0.9997395746241976, 
            0.9999611980429463
        ], 
        "WW_B0": [
            1.002157073888756, 
            0.9984956776885735
        ], 
        "WW_B1": [
            1.0056712851677179, 
            0.9956730701044552
        ]
    }, 
    "PS_FSR": {
        "ggWW_B6": [
            1.0023428911234065, 
            0.998953123382672
        ], 
        "ggWW_B4": [
            0.998124112724682, 
            1.0008629338221187
        ], 
        "ggWW_B5": [
            0.9980165092555765, 
            1.0009656684659864
        ], 
        "ggWW_B2": [
            1.0005404642900588, 
            0.999999003522894
        ], 
        "ggWW_B3": [
            0.997128989401641, 
            1.0012840032613899
        ], 
        "ggWW_B0": [
            1.001071540796382, 
            0.9997578507276589
        ], 
        "ggWW_B1": [
            0.999883126976233, 
            1.0002048005113806
        ], 
        "WW_B6": [
            1.0000822423158264, 
            0.9997525495802684
        ], 
        "WW_B4": [
            0.9999979558299967, 
            0.9986524562253148
        ], 
        "WW_B5": [
            0.9998907545827209, 
            1.0000560175681474
        ], 
        "WW_B2": [
            1.0067680762599949, 
            0.9966016390055668
        ], 
        "WW_B3": [
            1.012847142226811, 
            0.9963661988533019
        ], 
        "WW_B0": [
            1.00196330975083, 
            0.9993350983191379
        ], 
        "WW_B1": [
            0.9963011043480365, 
            1.001456642493754
        ]
    }, 
    "QCDscale_WW": {
        "ggWW_B6": [
            1.0, 
            1.0
        ], 
        "ggWW_B4": [
            1.0, 
            1.0
        ], 
        "ggWW_B5": [
            1.0, 
            1.0
        ], 
        "ggWW_B2": [
            1.0, 
            1.0
        ], 
        "ggWW_B3": [
            1.0, 
            1.0
        ], 
        "ggWW_B0": [
            1.0, 
            1.0
        ], 
        "ggWW_B1": [
            1.0, 
            1.0
        ], 
        "WW_B6": [
            0.9618480289125696, 
            1.032761530957993
        ], 
        "WW_B4": [
            0.9847834571564487, 
            1.0111102734828334
        ], 
        "WW_B5": [
            0.9819055075356788, 
            1.0138751773304537
        ], 
        "WW_B2": [
            0.9889361628678074, 
            1.007065235108111
        ], 
        "WW_B3": [
            0.9874404453002504, 
            1.0085097440683648
        ], 
        "WW_B0": [
            0.9939884935775019, 
            1.0022469795193938
        ], 
        "WW_B1": [
            0.9912278403887343, 
            1.0049135049778213
        ]
    }, 
    "CMS_hww_WWresum": {
        "WW_B6": [
            0.9999446357020647, 
            1.0001207505359515
        ], 
        "WW_B4": [
            0.8770070021602795, 
            1.3790672699847646
        ], 
        "WW_B5": [
            0.9972513647314035, 
            1.0053887384664852
        ], 
        "WW_B2": [
            0.9172600585140817, 
            1.227711102969264
        ], 
        "WW_B3": [
            0.881455418264073, 
            1.3616396807083524
        ], 
        "WW_B0": [
            1.0305083448991121, 
            0.9846576907248098
        ], 
        "WW_B1": [
            0.927293619398223, 
            1.1963393607973662
        ]
    }, 
    "CMS_hww_WWqscale": {
        "WW_B6": [
            1.07003330714943, 
            0.9247699478339666
        ], 
        "WW_B4": [
            1.0471794152638965, 
            0.9576549298893399
        ], 
        "WW_B5": [
            1.0523606259326392, 
            0.9488009545183782
        ], 
        "WW_B2": [
            1.0358716783375483, 
            0.9727274102588952
        ], 
        "WW_B3": [
            1.0458664403630504, 
            0.9598995617406315
        ], 
        "WW_B0": [
            0.9600932008780286, 
            1.0518050779509422
        ], 
        "WW_B1": [
            1.0330446959685289, 
            0.9763748641481068
        ]
    }, 
    "pdf_WW": {
        "WW_B6": [
            0.9911844105761436, 
            1.0089738082419146
        ], 
        "WW_B4": [
            0.9911007463865205, 
            1.009060517296053
        ], 
        "WW_B5": [
            0.9913627891492569, 
            1.0087890363713723
        ], 
        "WW_B2": [
            0.9900323777802202, 
            1.0101703710527576
        ], 
        "WW_B3": [
            0.9907354069340402, 
            1.009439499305585
        ], 
        "WW_B0": [
            0.9876358123091823, 
            1.0126776862760216
        ], 
        "WW_B1": [
            0.989402533486473, 
            1.0108269428419503
        ]
    }
}