{
    "PS_ISR": {
        "ggWW_B6": [
            0.921165215963461, 
            1.0735185628147204
        ], 
        "ggWW_B4": [
            0.9593228668199069, 
            1.0392319969641348
        ], 
        "ggWW_B5": [
            0.9471546419754409, 
            1.0502629236618093
        ], 
        "ggWW_B2": [
            0.9840229055763309, 
            1.0179583044121583
        ], 
        "ggWW_B3": [
            0.9722181599550304, 
            1.027976708825982
        ], 
        "ggWW_B0": [
            1.1068626939691952, 
            0.9229401730983955
        ], 
        "ggWW_B1": [
            1.0103514598789791, 
            0.9963548792269348
        ], 
        "WW_B6": [
            0.9939038291833635, 
            1.0047552581321402
        ], 
        "WW_B4": [
            0.9985247644628635, 
            1.0009446945011515
        ], 
        "WW_B5": [
            0.9969927480968711, 
            1.0020348438285298
        ], 
        "WW_B2": [
            1.0005680450212124, 
            0.9993191031861643
        ], 
        "WW_B3": [
            0.9989890845525442, 
            1.0005177837648718
        ], 
        "WW_B0": [
            1.0021489294085957, 
            0.9984935841901
        ], 
        "WW_B1": [
            1.0056809783597007, 
            0.9956615841002829
        ]
    }, 
    "PS_FSR": {
        "ggWW_B6": [
            1.000419875848765, 
            0.9995794680216995
        ], 
        "ggWW_B4": [
            0.9996384348185448, 
            1.000227253276717
        ], 
        "ggWW_B5": [
            1.0001153154569582, 
            0.9996240133571729
        ], 
        "ggWW_B2": [
            1.000762412879359, 
            0.9996433334944754
        ], 
        "ggWW_B3": [
            0.9986475277855538, 
            1.0005251288201513
        ], 
        "ggWW_B0": [
            1.0001852952978645, 
            0.9999466890550736
        ], 
        "ggWW_B1": [
            0.9996326451171045, 
            1.0004263192009928
        ], 
        "WW_B6": [
            1.00007528317902, 
            0.9996533439961641
        ], 
        "WW_B4": [
            1.0027353335738136, 
            0.9981112767339724
        ], 
        "WW_B5": [
            0.9997078902487659, 
            1.0007705888415934
        ], 
        "WW_B2": [
            1.0031058581954744, 
            0.9992524019706865
        ], 
        "WW_B3": [
            1.0044056878165104, 
            0.9977591826375409
        ], 
        "WW_B0": [
            1.000662012595991, 
            0.9995562304368033
        ], 
        "WW_B1": [
            0.999595648908645, 
            1.0003244428333864
        ]
    }, 
    "QCDscale_WW": {
        "ggWW_B6": [
            1.0, 
            1.0
        ], 
        "ggWW_B4": [
            1.0, 
            1.0
        ], 
        "ggWW_B5": [
            1.0, 
            1.0
        ], 
        "ggWW_B2": [
            1.0, 
            1.0
        ], 
        "ggWW_B3": [
            1.0, 
            1.0
        ], 
        "ggWW_B0": [
            1.0, 
            1.0
        ], 
        "ggWW_B1": [
            1.0, 
            1.0
        ], 
        "WW_B6": [
            0.9617969949598117, 
            1.0328044905537144
        ], 
        "WW_B4": [
            0.9851726965757414, 
            1.0107377112642317
        ], 
        "WW_B5": [
            0.9817650340564309, 
            1.0139650805198328
        ], 
        "WW_B2": [
            0.989064478841197, 
            1.0069635308172042
        ], 
        "WW_B3": [
            0.9871707625436159, 
            1.0087805912274244
        ], 
        "WW_B0": [
            0.9940172346485837, 
            1.0022241602517887
        ], 
        "WW_B1": [
            0.9911521187151815, 
            1.0049806195344018
        ]
    }, 
    "CMS_hww_WWresum": {
        "WW_B6": [
            0.9999422865385051, 
            1.0001245130234904
        ], 
        "WW_B4": [
            0.8767476291116083, 
            1.3802875682226234
        ], 
        "WW_B5": [
            0.9972391810148207, 
            1.005415440779048
        ], 
        "WW_B2": [
            0.9171544512252917, 
            1.2280521864112852
        ], 
        "WW_B3": [
            0.8815593135789161, 
            1.3612007271762299
        ], 
        "WW_B0": [
            1.0304508970142623, 
            0.9847626908537316
        ], 
        "WW_B1": [
            0.9272670328175168, 
            1.1964175002739044
        ]
    }, 
    "CMS_hww_WWqscale": {
        "WW_B6": [
            1.0700544901923281, 
            0.924741002519756
        ], 
        "WW_B4": [
            1.0471877303478785, 
            0.9576467038572012
        ], 
        "WW_B5": [
            1.0523488333182494, 
            0.9488067085692184
        ], 
        "WW_B2": [
            1.0359015013025221, 
            0.9726946173246048
        ], 
        "WW_B3": [
            1.0458071394255177, 
            0.959949165796883
        ], 
        "WW_B0": [
            0.9601583823295698, 
            1.0517535552527602
        ], 
        "WW_B1": [
            1.0330641767538717, 
            0.9763588679384013
        ]
    }, 
    "pdf_WW": {
        "WW_B6": [
            0.9912186750084525, 
            1.0089383053193126
        ], 
        "WW_B4": [
            0.9910413071277061, 
            1.0091221377328692
        ], 
        "WW_B5": [
            0.991339445008559, 
            1.0088132095635947
        ], 
        "WW_B2": [
            0.9899605735872837, 
            1.0102451370109353
        ], 
        "WW_B3": [
            0.9905513268340601, 
            1.0096306672197994
        ], 
        "WW_B0": [
            0.9876386348371556, 
            1.0126747188181389
        ], 
        "WW_B1": [
            0.9893141377243433, 
            1.010919224943462
        ]
    }
}