{
    "ww2l2v_13TeV_top_1j": {
        "Vg": {
            "Wg": 0.6473818517435757, 
            "Zg": 0.12307883062124593, 
            "ZgS": 0.09092986739929983, 
            "WgS": 0.1386094502358785
        }, 
        "Higgs": {
            "qqH_htt": 0.04466773039456972, 
            "qqH_hww": 0.08448860814962486, 
            "ggZH_hww": 0.005675163902289085, 
            "ggH_htt": 0.186037580957406, 
            "WH_hww": 0.11132660212653248, 
            "ggH_hww": 0.4067543930986298, 
            "ttH_hww": 0.161049921370948
        }
    }, 
    "ww2l2v_13TeV_sr_1j_B6": {
        "Vg": {
            "Wg": 0.6295451991030263, 
            "Zg": 0.03958889589871473, 
            "ZgS": 0.009770876305935747, 
            "WgS": 0.3210950286923231
        }, 
        "Higgs": {
            "qqH_htt": 0.0024247452109268696, 
            "qqH_hww": 0.1886055960022262, 
            "ggZH_hww": 0.003942735779208878, 
            "ggH_htt": 0.0071331163010643775, 
            "WH_hww": 0.06194136355504276, 
            "ggH_hww": 0.7329409916232555, 
            "ttH_hww": 0.0030114515282754434
        }
    }, 
    "ww2l2v_13TeV_sr_1j_B5": {
        "Vg": {
            "Wg": 0.6004181518704677, 
            "Zg": 0.022691022194970312, 
            "ZgS": 0.014829304634368875, 
            "WgS": 0.36206152130019326
        }, 
        "Higgs": {
            "qqH_htt": 0.0008905901549655984, 
            "qqH_hww": 0.08418626363813461, 
            "ggZH_hww": 0.001955921945980115, 
            "ggH_htt": 0.00368997418308947, 
            "WH_hww": 0.0716526644093032, 
            "ggH_hww": 0.836075543655933, 
            "ttH_hww": 0.0015490420125940907
        }
    }, 
    "ww2l2v_13TeV_sr_1j_B2": {
        "Vg": {
            "Wg": 0.6344104052259291, 
            "Zg": 0.07582159451554722, 
            "ZgS": 0.024929816196059662, 
            "WgS": 0.26483818406246407
        }, 
        "Higgs": {
            "qqH_htt": 1.0843059198134743e-08, 
            "qqH_hww": 0.0760973625556434, 
            "ggZH_hww": 0.0017368278953436233, 
            "ggH_htt": 0.01071601457923454, 
            "WH_hww": 0.08541178537241326, 
            "ggH_hww": 0.82341075855972, 
            "ttH_hww": 0.0026272401945858464
        }
    }, 
    "ww2l2v_13TeV_top_2j": {
        "Vg": {
            "Wg": 0.557628951667687, 
            "Zg": 0.16572373179524214, 
            "ZgS": 0.03714740554283107, 
            "WgS": 0.23949991099423967
        }, 
        "Higgs": {
            "qqH_htt": 0.005362022615440446, 
            "qqH_hww": 0.007018438717735314, 
            "ggZH_hww": 0.0028927941669085475, 
            "ggH_htt": 0.026967766399488464, 
            "WH_hww": 0.01849997765704584, 
            "ggH_hww": 0.040480768114377425, 
            "ttH_hww": 0.8987782323290041
        }
    }, 
    "ww2l2v_13TeV_sr_1j_B3": {
        "Vg": {
            "Wg": 0.5077168552265601, 
            "Zg": 0.042334231761668395, 
            "ZgS": -0.0046090649122222304, 
            "WgS": 0.45455797792399383
        }, 
        "Higgs": {
            "qqH_htt": 0.0008470161095402406, 
            "qqH_hww": 0.07123734787445625, 
            "ggZH_hww": 0.0018282648798479866, 
            "ggH_htt": 0.014389950753333347, 
            "WH_hww": 0.07366279951009001, 
            "ggH_hww": 0.8363727918461014, 
            "ttH_hww": 0.00166182902663074
        }
    }, 
    "ww2l2v_13TeV_sr_1j_B0": {
        "Vg": {
            "Wg": 0.6272977232984525, 
            "Zg": 0.1051427880851796, 
            "ZgS": 0.014259565514686639, 
            "WgS": 0.25329992310168137
        }, 
        "Higgs": {
            "qqH_htt": 0.0008937743179800111, 
            "qqH_hww": 0.08655732962769919, 
            "ggZH_hww": 0.001374526531076266, 
            "ggH_htt": 0.032271931867089695, 
            "WH_hww": 0.09709229446743205, 
            "ggH_hww": 0.7798180939819792, 
            "ttH_hww": 0.001992049206743541
        }
    }, 
    "ww2l2v_13TeV_top_0j": {
        "Vg": {
            "Wg": 0.33540984278445996, 
            "Zg": 0.13137438289066383, 
            "ZgS": -0.02916814237582971, 
            "WgS": 0.5623839167007059
        }, 
        "Higgs": {
            "qqH_htt": 0.0040712299197020315, 
            "qqH_hww": 0.019882093087202804, 
            "ggZH_hww": 0.0010597764228990787, 
            "ggH_htt": 0.05605429506182005, 
            "WH_hww": 0.23400024751576787, 
            "ggH_hww": 0.6714663032148339, 
            "ttH_hww": 0.013466054777774314
        }
    }, 
    "ww2l2v_13TeV_sr_1j_B1": {
        "Vg": {
            "Wg": 0.6557163450621336, 
            "Zg": 0.06673525606728631, 
            "ZgS": 0.02409419409433622, 
            "WgS": 0.2534542047762438
        }, 
        "Higgs": {
            "qqH_htt": 0.0014440005975008918, 
            "qqH_hww": 0.0749697967563172, 
            "ggZH_hww": 0.0017103616261951178, 
            "ggH_htt": 0.008326856091571974, 
            "WH_hww": 0.09028223461737239, 
            "ggH_hww": 0.8217098546617314, 
            "ttH_hww": 0.0015568956493110556
        }
    }, 
    "ww2l2v_13TeV_sr_0j_B6": {
        "Vg": {
            "Wg": 0.5780568228658308, 
            "Zg": 0.06947173030197763, 
            "ZgS": 0.03403738533969702, 
            "WgS": 0.3184340614924944
        }, 
        "Higgs": {
            "qqH_htt": 0.002493293201865909, 
            "qqH_hww": 0.22231109219426912, 
            "ggZH_hww": 0.0020433690316329625, 
            "ggH_htt": 0.004299637632840889, 
            "WH_hww": 0.03527117445106758, 
            "ggH_hww": 0.7322960911761749, 
            "ttH_hww": 0.0012853423121486297
        }
    }, 
    "ww2l2v_13TeV_sr_0j_B5": {
        "Vg": {
            "Wg": 0.5540113240250344, 
            "Zg": 0.10055810678219987, 
            "ZgS": 0.035257881238040696, 
            "WgS": 0.310172687954725
        }, 
        "Higgs": {
            "qqH_htt": 0.0004158158083404662, 
            "qqH_hww": 0.06719313197333615, 
            "ggZH_hww": 0.00167357409469111, 
            "ggH_htt": 0.006596627213915663, 
            "WH_hww": 0.03695484036016807, 
            "ggH_hww": 0.8865651012245904, 
            "ttH_hww": 0.0006009093249581971
        }
    }, 
    "ww2l2v_13TeV_sr_0j_B4": {
        "Vg": {
            "Wg": 0.5280649350582031, 
            "Zg": 0.06195378010678636, 
            "ZgS": 0.030303749227421198, 
            "WgS": 0.3796775356075893
        }, 
        "Higgs": {
            "qqH_htt": 0.0007465877097266809, 
            "qqH_hww": 0.04318286095456619, 
            "ggZH_hww": 0.0012478844380773388, 
            "ggH_htt": 0.005217867605097013, 
            "WH_hww": 0.036431393957222766, 
            "ggH_hww": 0.9129688753849047, 
            "ttH_hww": 0.00020452995040522084
        }
    }, 
    "ww2l2v_13TeV_sr_0j_B3": {
        "Vg": {
            "Wg": 0.6723307607663436, 
            "Zg": 0.03767008395529912, 
            "ZgS": 0.010764730520980275, 
            "WgS": 0.279234424757377
        }, 
        "Higgs": {
            "qqH_htt": 0.0006369016378618531, 
            "qqH_hww": 0.03158089892672625, 
            "ggZH_hww": 0.0012140477124746281, 
            "ggH_htt": 0.002175058474971677, 
            "WH_hww": 0.033241562683409484, 
            "ggH_hww": 0.9308967130118491, 
            "ttH_hww": 0.0002548175527070984
        }
    }, 
    "ww2l2v_13TeV_sr_0j_B2": {
        "Vg": {
            "Wg": 0.5544869062172592, 
            "Zg": 0.06802190973754055, 
            "ZgS": 0.026633855608517536, 
            "WgS": 0.3508573284366827
        }, 
        "Higgs": {
            "qqH_htt": 0.000522954039179392, 
            "qqH_hww": 0.022810218606205607, 
            "ggZH_hww": 0.0012151746655006646, 
            "ggH_htt": 0.0030875578946419676, 
            "WH_hww": 0.031395943797077684, 
            "ggH_hww": 0.9409271243719576,