{
    "ww2l2v_13TeV_top_1j": {
        "Vg": {
            "Wg": 0.6659016437453328, 
            "Zg": 0.10689646023649693, 
            "ZgS": 0.13488477050858064, 
            "WgS": 0.09231712550958958
        }, 
        "Higgs": {
            "qqH_htt": 0.03736429396791315, 
            "qqH_hww": 0.08275724462702747, 
            "ggZH_hww": 0.005567908342390003, 
            "WH_htt": 0.0517270447396411, 
            "ggH_htt": 0.11781030333843323, 
            "WH_hww": 0.10460894737788524, 
            "ggH_hww": 0.39242098647914314, 
            "ttH_hww": 0.15385641977699746, 
            "ZH_htt": 0.020665875646094484, 
            "ZH_hww": 0.033220975704474666
        }
    }, 
    "ww2l2v_13TeV_sr_1j_B6": {
        "Vg": {
            "Wg": 0.5425569748396283, 
            "Zg": 0.025615982509951174, 
            "ZgS": 0.008306683114937926, 
            "WgS": 0.42352035953548256
        }, 
        "Higgs": {
            "qqH_htt": 0.0018725199728129758, 
            "qqH_hww": 0.18653447705520668, 
            "ggZH_hww": 0.003941901731625867, 
            "WH_htt": 0.00965158521037463, 
            "ggH_htt": 0.005453217982568074, 
            "WH_hww": 0.0601204259113124, 
            "ggH_hww": 0.7114039637699404, 
            "ttH_hww": 0.002796531392769508, 
            "ZH_htt": 0.0013355981565900373, 
            "ZH_hww": 0.01688977881679937
        }
    }, 
    "ww2l2v_13TeV_sr_1j_B5": {
        "Vg": {
            "Wg": 0.404150026010196, 
            "Zg": 0.024364529447296578, 
            "ZgS": 0.008203597601856164, 
            "WgS": 0.5632818469406512
        }, 
        "Higgs": {
            "qqH_htt": 0.0007234463163182882, 
            "qqH_hww": 0.08163158036765651, 
            "ggZH_hww": 0.0020489066210975485, 
            "WH_htt": 0.013200865163816194, 
            "ggH_htt": 0.003405145061314582, 
            "WH_hww": 0.07138013550918527, 
            "ggH_hww": 0.8082772148167334, 
            "ttH_hww": 0.0012692380184261298, 
            "ZH_htt": 0.001640898480998291, 
            "ZH_hww": 0.016422569644453693
        }
    }, 
    "ww2l2v_13TeV_sr_1j_B2": {
        "Vg": {
            "Wg": 0.6064815181349686, 
            "Zg": 0.02809474910186302, 
            "ZgS": 0.032009507763045175, 
            "WgS": 0.3334142250001232
        }, 
        "Higgs": {
            "qqH_htt": 0.0, 
            "qqH_hww": 0.07122946930222208, 
            "ggZH_hww": 0.0019102820907716807, 
            "WH_htt": 0.017276367964124205, 
            "ggH_htt": 0.009504128606377808, 
            "WH_hww": 0.08538953669830239, 
            "ggH_hww": 0.793254548361089, 
            "ttH_hww": 0.003118016704194829, 
            "ZH_htt": 0.0026460397741116123, 
            "ZH_hww": 0.015671610498806384
        }
    }, 
    "ww2l2v_13TeV_top_2j": {
        "Vg": {
            "Wg": 0.5431061054664561, 
            "Zg": 0.1616838746335343, 
            "ZgS": 0.031119735701200517, 
            "WgS": 0.26409028419880914
        }, 
        "Higgs": {
            "qqH_htt": 0.004140216392707613, 
            "qqH_hww": 0.006748959739769971, 
            "ggZH_hww": 0.0029269348311439067, 
            "WH_htt": 0.007091249557085688, 
            "ggH_htt": 0.020387355416552563, 
            "WH_hww": 0.018709270688561, 
            "ggH_hww": 0.04115756847665371, 
            "ttH_hww": 0.884913987579195, 
            "ZH_htt": 0.004691542618350567, 
            "ZH_hww": 0.009232914699979949
        }
    }, 
    "ww2l2v_13TeV_sr_1j_B3": {
        "Vg": {
            "Wg": 0.2241898388450317, 
            "Zg": -0.01999304091508341, 
            "ZgS": 0.009431836503996, 
            "WgS": 0.7863713655660557
        }, 
        "Higgs": {
            "qqH_htt": 0.0002155411404912814, 
            "qqH_hww": 0.06892457865762122, 
            "ggZH_hww": 0.0020253660242808428, 
            "WH_htt": 0.017212473661958067, 
            "ggH_htt": 0.013141829994510513, 
            "WH_hww": 0.07293336205463506, 
            "ggH_hww": 0.8035538727643473, 
            "ttH_hww": 0.0018594156413721701, 
            "ZH_htt": 0.0024438202312667286, 
            "ZH_hww": 0.017689739829516708
        }
    }, 
    "ww2l2v_13TeV_sr_2j_B3": {
        "Vg": {
            "Wg": 0.0016908913335492515, 
            "Zg": 0.28413517008788614, 
            "ZgS": 0.1979821115654513, 
            "WgS": 0.5161918270131134
        }, 
        "Higgs": {
            "qqH_htt": 0.0010465750300390736, 
            "qqH_hww": 0.10151424121328569, 
            "ggZH_hww": 0.007083242822512009, 
            "WH_htt": 0.02260656615370472, 
            "ggH_htt": 0.0, 
            "WH_hww": 0.17816809146802806, 
            "ggH_hww": 0.5631556416887675, 
            "ttH_hww": 0.060631641862807444, 
            "ZH_htt": 0.005200886939370713, 
            "ZH_hww": 0.06059311282148482
        }
    }, 
    "ww2l2v_13TeV_top_0j": {
        "Vg": {
            "Wg": 0.1960691634346586, 
            "Zg": 0.07276069596143578, 
            "ZgS": 0.021713739366262155, 
            "WgS": 0.7094564012376435
        }, 
        "Higgs": {
            "qqH_htt": 0.00425994697902869, 
            "qqH_hww": 0.015747158183237187, 
            "ggZH_hww": 0.0011039763263824137, 
            "WH_htt": 0.09421943769091412, 
            "ggH_htt": 0.02994427458799856, 
            "WH_hww": 0.20184154076314262, 
            "ggH_hww": 0.6097985902983211, 
            "ttH_hww": 0.013091411899376803, 
            "ZH_htt": 0.008350654701113165, 
            "ZH_hww": 0.02164300857048534
        }
    }, 
    "ww2l2v_13TeV_sr_2j_B2": {
        "Vg": {
            "Wg": 0.540504519945574, 
            "Zg": 0.05093263361189042, 
            "ZgS": 0.09708824324225462, 
            "WgS": 0.3114746032002811
        }, 
        "Higgs": {
            "qqH_htt": 0.0, 
            "qqH_hww": 0.11140477472258692, 
            "ggZH_hww": 0.005427957200514618, 
            "WH_htt": 0.021893684007684492, 
            "ggH_htt": 0.0, 
            "WH_hww": 0.20344029486503476, 
            "ggH_hww": 0.515375444935102, 
            "ttH_hww": 0.07189059496799843, 
            "ZH_htt": 0.006127051835216432, 
            "ZH_hww": 0.06444019746586235
        }
    }, 
    "ww2l2v_13TeV_sr_0j_B6": {
        "Vg": {
            "Wg": 0.5146136729894806, 
            "Zg": 0.0591177873577065, 
            "ZgS": 0.04328507708309476, 
            "WgS": 0.38298346256971805
        }, 
        "Higgs": {
            "qqH_htt": 0.0025078919150792714, 
            "qqH_hww": 0.23203100435260013, 
            "ggZH_hww": 0.002085482247685725, 
            "WH_htt": 0.004983386509365058, 
            "ggH_htt": 0.0037434862908272233, 
            "WH_hww": 0.03307300792318126, 
            "ggH_hww": 0.7119864969052734, 
            "ttH_hww": 0.0010971616011934493, 
            "ZH_htt": 0.0010135191119303865, 
            "ZH_hww": 0.007478563142864142
        }
    }, 
    "ww2l2v_13TeV_sr_0j_B5": {
        "Vg": {
            "Wg": 0.4847935650195594, 
            "Zg": 0.03992309489775471, 
            "ZgS": 0.057361840726338265, 
            "WgS": 0.41792149935634765
        }, 
        "Higgs": {
            "qqH_htt": 0.00037614287981248235, 
            "qqH_hww": 0.06877019576062386, 
            "ggZH_hww": 0.0018287078483747296, 
            "WH_htt": 0.005933942475991411, 
            "ggH_htt": 0.00499183032322555, 
            "WH_hww": 0.03667874169769815, 
            "ggH_hww": 0.8693475577209426, 
            "ttH_hww": 0.0005153102244503955, 
            "ZH_htt": 0.0013271496631946313, 
            "ZH_hww": 0.010230421405686111
        }
    }, 
    "ww2l2v_13TeV_sr_0j_B4": {
        "Vg": {
            "Wg": 0.4075982704096844, 
            "Zg": 0.045260048163150275, 
            "ZgS": 0.042612654924838685, 
            "WgS": 0.5045290265023266
        }, 
        "Higgs": {
            "qqH_htt": 0.0005873958265062107,