{
    "PS_ISR": {
        "ggWW_B6": [
            0.9210376848506903, 
            1.073636279082663
        ], 
        "ggWW_B4": [
            0.9595980895780838, 
            1.0390203921528562
        ], 
        "ggWW_B5": [
            0.9471695489723282, 
            1.0502606740118805
        ], 
        "ggWW_B2": [
            0.9839975966760659, 
            1.0180047802367513
        ], 
        "ggWW_B3": [
            0.972029992292669, 
            1.0281017253539042
        ], 
        "ggWW_B0": [
            1.1067902056674153, 
            0.9229875994926547
        ], 
        "ggWW_B1": [
            1.0101399309694212, 
            0.9965269897126273
        ], 
        "WW_B6": [
            0.9937908633172913, 
            1.0048508553719222
        ], 
        "WW_B4": [
            0.9973822833575227, 
            1.001731064306736
        ], 
        "WW_B5": [
            0.997243582393496, 
            1.0020223873521268
        ], 
        "WW_B2": [
            1.001032383281201, 
            0.9990193256037214
        ], 
        "WW_B3": [
            1.0002374481558038, 
            0.9995981970439415
        ], 
        "WW_B0": [
            1.002195587130396, 
            0.9984588896147747
        ], 
        "WW_B1": [
            1.0055033891187741, 
            0.9957202249845505
        ]
    }, 
    "PS_FSR": {
        "ggWW_B6": [
            1.0007834726384415, 
            0.9996482422655202
        ], 
        "ggWW_B4": [
            0.9992818810035452, 
            0.9999420121898916
        ], 
        "ggWW_B5": [
            1.0019696433942307, 
            0.9988522376596854
        ], 
        "ggWW_B2": [
            0.9994135077144926, 
            1.0003031776215836
        ], 
        "ggWW_B3": [
            1.0000554737628182, 
            1.0004287107115262
        ], 
        "ggWW_B0": [
            0.999455784630026, 
            1.000155855015746
        ], 
        "ggWW_B1": [
            1.0003784685949015, 
            0.9998737120672304
        ], 
        "WW_B6": [
            1.0000550695330264, 
            0.9995487001203656
        ], 
        "WW_B4": [
            0.9991248787738269, 
            1.0006182060237498
        ], 
        "WW_B5": [
            0.9939553501740326, 
            1.0013934458619596
        ], 
        "WW_B2": [
            0.9988446016035041, 
            1.0003149287893789
        ], 
        "WW_B3": [
            1.004674526075768, 
            0.9981607761235188
        ], 
        "WW_B0": [
            0.9999602196998078, 
            1.0000273532574242
        ], 
        "WW_B1": [
            1.003730091953828, 
            0.9984728492745065
        ]
    }, 
    "QCDscale_WW": {
        "ggWW_B6": [
            1.0, 
            1.0
        ], 
        "ggWW_B4": [
            1.0, 
            1.0
        ], 
        "ggWW_B5": [
            1.0, 
            1.0
        ], 
        "ggWW_B2": [
            1.0, 
            1.0
        ], 
        "ggWW_B3": [
            1.0, 
            1.0
        ], 
        "ggWW_B0": [
            1.0, 
            1.0
        ], 
        "ggWW_B1": [
            1.0, 
            1.0
        ], 
        "WW_B6": [
            0.9617647369755602, 
            1.0328459361250768
        ], 
        "WW_B4": [
            0.9847001812495553, 
            1.0111294950209997
        ], 
        "WW_B5": [
            0.9818702522661317, 
            1.013902567450781
        ], 
        "WW_B2": [
            0.9887514331123671, 
            1.0072616396011584
        ], 
        "WW_B3": [
            0.9866543403640069, 
            1.0092319341358866
        ], 
        "WW_B0": [
            0.9940907366629536, 
            1.0021576110022106
        ], 
        "WW_B1": [
            0.9909068536088145, 
            1.0051819767801005
        ]
    }, 
    "CMS_hww_WWresum": {
        "WW_B6": [
            0.9999394550670829, 
            1.0001289854566437
        ], 
        "WW_B4": [
            0.8766297697981045, 
            1.3808471230914716
        ], 
        "WW_B5": [
            0.9973550161922222, 
            1.0051819490997194
        ], 
        "WW_B2": [
            0.9172332258420582, 
            1.227778013467037
        ], 
        "WW_B3": [
            0.88155836046396, 
            1.361207397372158
        ], 
        "WW_B0": [
            1.0307016335942378, 
            0.984384189236353
        ], 
        "WW_B1": [
            0.9272397796422758, 
            1.1964863390351939
        ]
    }, 
    "CMS_hww_WWqscale": {
        "WW_B6": [
            1.0700762123422072, 
            0.9247392657762373
        ], 
        "WW_B4": [
            1.0472103102995058, 
            0.957630084140287
        ], 
        "WW_B5": [
            1.0523537349015393, 
            0.9487925500249558
        ], 
        "WW_B2": [
            1.0358781747497845, 
            0.9727126973939038
        ], 
        "WW_B3": [
            1.0457941991127082, 
            0.9599470646295561
        ], 
        "WW_B0": [
            0.9599146867273795, 
            1.0519888533634048
        ], 
        "WW_B1": [
            1.0330982021213202, 
            0.9763282697394555
        ]
    }, 
    "pdf_WW": {
        "WW_B6": [
            0.9912520240053583, 
            1.0089037556764817
        ], 
        "WW_B4": [
            0.9911170001153637, 
            1.0090436697187735
        ], 
        "WW_B5": [
            0.9916366153548178, 
            1.0085056568042092
        ], 
        "WW_B2": [
            0.9901391028040301, 
            1.0100592843333218
        ], 
        "WW_B3": [
            0.9907836947957452, 
            1.0093893759124275
        ], 
        "WW_B0": [
            0.9876162227710528, 
            1.0126982826356474
        ], 
        "WW_B1": [
            0.9895375677063469, 
            1.0106860361531325
        ]
    }
}