{
    "PS_ISR": {
        "ggWW_B6": [
            0.9211673713031042, 
            1.0735443770418112
        ], 
        "ggWW_B4": [
            0.9596976951154035, 
            1.0389757825806765
        ], 
        "ggWW_B5": [
            0.9471682234130759, 
            1.0502995153654455
        ], 
        "ggWW_B2": [
            0.9841383836967478, 
            1.0178597579628297
        ], 
        "ggWW_B3": [
            0.9717541595853917, 
            1.0283060657973595
        ], 
        "ggWW_B0": [
            1.1067206907716183, 
            0.9230143204941296
        ], 
        "ggWW_B1": [
            1.0099066300780384, 
            0.9966994224089267
        ], 
        "WW_B6": [
            0.9938025258306667, 
            1.0047825024340686
        ], 
        "WW_B4": [
            0.9962528350214033, 
            1.0026243215644983
        ], 
        "WW_B5": [
            0.9978371795553016, 
            1.001511284526537
        ], 
        "WW_B2": [
            1.000185127374617, 
            0.9996850858564117
        ], 
        "WW_B3": [
            0.9993575581501324, 
            1.0002846351658086
        ], 
        "WW_B0": [
            1.0022833535881153, 
            0.9984139745862896
        ], 
        "WW_B1": [
            1.006388451261811, 
            0.9950007678890791
        ]
    }, 
    "PS_FSR": {
        "ggWW_B6": [
            1.0010823963637268, 
            0.9994108512792618
        ], 
        "ggWW_B4": [
            0.9991659728435272, 
            1.00002951086977
        ], 
        "ggWW_B5": [
            1.0023140314973857, 
            0.9986973180119311
        ], 
        "ggWW_B2": [
            0.9998309700836696, 
            1.00036054922371
        ], 
        "ggWW_B3": [
            0.9984961891840095, 
            1.0009662155572407
        ], 
        "ggWW_B0": [
            0.9991363156781128, 
            1.000240793130079
        ], 
        "ggWW_B1": [
            1.0003565594225619, 
            0.9998493235418929
        ], 
        "WW_B6": [
            1.0016720531335428, 
            0.9992647364800117
        ], 
        "WW_B4": [
            1.002924139774249, 
            0.9991534840595485
        ], 
        "WW_B5": [
            0.9921690341646501, 
            1.0017711766336244
        ], 
        "WW_B2": [
            0.9977651173464092, 
            1.0005977184983463
        ], 
        "WW_B3": [
            1.0034486259881374, 
            0.9986213057271157
        ], 
        "WW_B0": [
            1.0007273936673955, 
            0.9996363503037367
        ], 
        "WW_B1": [
            1.0007205205798106, 
            0.9998298325984649
        ]
    }, 
    "QCDscale_WW": {
        "ggWW_B6": [
            1.0, 
            1.0
        ], 
        "ggWW_B4": [
            1.0, 
            1.0
        ], 
        "ggWW_B5": [
            1.0, 
            1.0
        ], 
        "ggWW_B2": [
            1.0, 
            1.0
        ], 
        "ggWW_B3": [
            1.0, 
            1.0
        ], 
        "ggWW_B0": [
            1.0, 
            1.0
        ], 
        "ggWW_B1": [
            1.0, 
            1.0
        ], 
        "WW_B6": [
            0.9619422655343766, 
            1.032675842702247
        ], 
        "WW_B4": [
            0.9842410531015962, 
            1.011527300133803
        ], 
        "WW_B5": [
            0.9819252534920033, 
            1.0138514499910842
        ], 
        "WW_B2": [
            0.9890357984183694, 
            1.0069739421478219
        ], 
        "WW_B3": [
            0.9869225554516547, 
            1.0089940778725437
        ], 
        "WW_B0": [
            0.9942186312825878, 
            1.0020467398879729
        ], 
        "WW_B1": [
            0.9906576406401604, 
            1.0054197310992856
        ]
    }, 
    "CMS_hww_WWresum": {
        "WW_B6": [
            0.99993471220465, 
            1.0001387738625884
        ], 
        "WW_B4": [
            0.8765328573133987, 
            1.3813019285074069
        ], 
        "WW_B5": [
            0.9972482366114634, 
            1.005387564480366
        ], 
        "WW_B2": [
            0.9172267568822092, 
            1.2278032577621811
        ], 
        "WW_B3": [
            0.881585335462614, 
            1.3610842752619416
        ], 
        "WW_B0": [
            1.0307820310231237, 
            0.9842611890576408
        ], 
        "WW_B1": [
            0.9272836288258886, 
            1.1963552735851637
        ]
    }, 
    "CMS_hww_WWqscale": {
        "WW_B6": [
            1.070026612453094, 
            0.9248077315501355
        ], 
        "WW_B4": [
            1.0472198230715815, 
            0.9576229162257209
        ], 
        "WW_B5": [
            1.0523617744563922, 
            0.9487866125423363
        ], 
        "WW_B2": [
            1.0358597627123967, 
            0.972720371713054
        ], 
        "WW_B3": [
            1.0457995405766554, 
            0.9599544307165528
        ], 
        "WW_B0": [
            0.9598342116675778, 
            1.0520662740975886
        ], 
        "WW_B1": [
            1.0330870124348965, 
            0.9763466204000854
        ]
    }, 
    "pdf_WW": {
        "WW_B6": [
            0.9909561887674714, 
            1.0092104055712516
        ], 
        "WW_B4": [
            0.9911820610608072, 
            1.0089762428621158
        ], 
        "WW_B5": [
            0.9916773789955056, 
            1.0084634979765568
        ], 
        "WW_B2": [
            0.990431274023504, 
            1.009755419855257
        ], 
        "WW_B3": [
            0.9904814311844964, 
            1.0097032917153623
        ], 
        "WW_B0": [
            0.9876520309851456, 
            1.0126606352791243
        ], 
        "WW_B1": [
            0.9895242121090769, 
            1.010699969104479
        ]
    }
}