{
    "PS_ISR": {
        "ggWW_B6": [
            0.9210376848487675, 
            1.0736362790803795
        ], 
        "ggWW_B4": [
            0.9595980895765517, 
            1.0390203921511871
        ], 
        "ggWW_B5": [
            0.9471695489716847, 
            1.050260674011184
        ], 
        "ggWW_B2": [
            0.9839975966755521, 
            1.018004780236224
        ], 
        "ggWW_B3": [
            0.9720299922924756, 
            1.028101725353698
        ], 
        "ggWW_B0": [
            1.1067902056663603, 
            0.9229875994917764
        ], 
        "ggWW_B1": [
            1.0101399309691452, 
            0.9965269897123632
        ], 
        "WW_B6": [
            0.9937908633173134, 
            1.0048508553719462
        ], 
        "WW_B4": [
            0.9973822833575221, 
            1.001731064306735
        ], 
        "WW_B5": [
            0.997243582393497, 
            1.0020223873521301
        ], 
        "WW_B2": [
            1.001032383281205, 
            0.9990193256037241
        ], 
        "WW_B3": [
            1.000237448155803, 
            0.9995981970439436
        ], 
        "WW_B0": [
            1.0021955871303936, 
            0.9984588896147729
        ], 
        "WW_B1": [
            1.0055033891187763, 
            0.9957202249845502
        ]
    }, 
    "PS_FSR": {
        "ggWW_B6": [
            1.0007834726363471, 
            0.9996482422634424
        ], 
        "ggWW_B4": [
            0.9992818810019599, 
            0.9999420121882956
        ], 
        "ggWW_B5": [
            1.0019696433935665, 
            0.9988522376590211
        ], 
        "ggWW_B2": [
            0.9994135077139771, 
            1.000303177621065
        ], 
        "ggWW_B3": [
            1.0000554737626188, 
            1.0004287107113297
        ], 
        "ggWW_B0": [
            0.9994557846290703, 
            1.000155855014796
        ], 
        "ggWW_B1": [
            1.000378468594633, 
            0.9998737120669685
        ], 
        "WW_B6": [
            1.0000550695330446, 
            0.999548700120384
        ], 
        "WW_B4": [
            0.9991248787738298, 
            1.0006182060237514
        ], 
        "WW_B5": [
            0.9939553501740358, 
            1.001393445861958
        ], 
        "WW_B2": [
            0.9988446016035082, 
            1.0003149287893802
        ], 
        "WW_B3": [
            1.0046745260757683, 
            0.9981607761235212
        ], 
        "WW_B0": [
            0.9999602196998117, 
            1.0000273532574233
        ], 
        "WW_B1": [
            1.0037300919538295, 
            0.9984728492745061
        ]
    }, 
    "QCDscale_WW": {
        "ggWW_B6": [
            1.0, 
            1.0
        ], 
        "ggWW_B4": [
            1.0, 
            1.0
        ], 
        "ggWW_B5": [
            1.0, 
            1.0
        ], 
        "ggWW_B2": [
            1.0, 
            1.0
        ], 
        "ggWW_B3": [
            1.0, 
            1.0
        ], 
        "ggWW_B0": [
            1.0, 
            1.0
        ], 
        "ggWW_B1": [
            1.0, 
            1.0
        ], 
        "WW_B6": [
            0.9617647369755846, 
            1.0328459361251012
        ], 
        "WW_B4": [
            0.9847001812495554, 
            1.0111294950209964
        ], 
        "WW_B5": [
            0.9818702522661297, 
            1.0139025674507824
        ], 
        "WW_B2": [
            0.9887514331123702, 
            1.0072616396011616
        ], 
        "WW_B3": [
            0.986654340364009, 
            1.0092319341358875
        ], 
        "WW_B0": [
            0.9940907366629538, 
            1.002157611002209
        ], 
        "WW_B1": [
            0.990906853608813, 
            1.0051819767801
        ]
    }, 
    "CMS_hww_WWresum": {
        "WW_B6": [
            0.999939455067083, 
            1.0001289854566437
        ], 
        "WW_B4": [
            0.8766297697981068, 
            1.3808471230914705
        ], 
        "WW_B5": [
            0.9973550161922222, 
            1.0051819490997191
        ], 
        "WW_B2": [
            0.917233225842059, 
            1.22777801346704
        ], 
        "WW_B3": [
            0.8815583604639616, 
            1.3612073973721635
        ], 
        "WW_B0": [
            1.030701633594237, 
            0.9843841892363516
        ], 
        "WW_B1": [
            0.9272397796422774, 
            1.1964863390351974
        ]
    }, 
    "CMS_hww_WWqscale": {
        "WW_B6": [
            1.0700762123422205, 
            0.9247392657762592
        ], 
        "WW_B4": [
            1.0472103102995056, 
            0.9576300841402876
        ], 
        "WW_B5": [
            1.05235373490154, 
            0.9487925500249579
        ], 
        "WW_B2": [
            1.0358781747497883, 
            0.9727126973939066
        ], 
        "WW_B3": [
            1.0457941991127075, 
            0.9599470646295575
        ], 
        "WW_B0": [
            0.9599146867273797, 
            1.051988853363402
        ], 
        "WW_B1": [
            1.0330982021213209, 
            0.9763282697394593
        ]
    }, 
    "pdf_WW": {
        "WW_B6": [
            0.9910618491072165, 
            1.0091008402597694
        ], 
        "WW_B4": [
            0.9910743788039916, 
            1.0090878506202527
        ], 
        "WW_B5": [
            0.9915860120502836, 
            1.0085580017977156
        ], 
        "WW_B2": [
            0.9900884994044409, 
            1.0101119497882565
        ], 
        "WW_B3": [
            0.9906855601021363, 
            1.0094912512770147
        ], 
        "WW_B0": [
            0.987609483960991, 
            1.0127053681753244
        ], 
        "WW_B1": [
            0.9895126178239317, 
            1.0107120652197779
        ]
    }
}